ISO-10303-21;
HEADER;
/* Generated by software containing ST-Developer
 * from STEP Tools, Inc. (www.steptools.com) 
 */

FILE_DESCRIPTION(
/* description */ (''),
/* implementation_level */ '2;1');

FILE_NAME(
/* name */ 'Lab6.step',
/* time_stamp */ '2026-02-11T23:21:12-08:00',
/* author */ (''),
/* organization */ (''),
/* preprocessor_version */ 'ST-DEVELOPER v20.1',
/* originating_system */ 'Autodesk Translation Framework v14.24.0.0',
/* authorisation */ '');

FILE_SCHEMA (('AUTOMOTIVE_DESIGN { 1 0 10303 214 3 1 1 }'));
ENDSEC;

DATA;
#10=MECHANICAL_DESIGN_GEOMETRIC_PRESENTATION_REPRESENTATION('',(#9203,#9204,
#9205,#9206,#9207,#9208,#9209,#9210,#9211,#9212,#9213,#9214,#9215,#9216,
#9217,#9218,#9219,#9220,#9221,#9222,#9223,#9224,#9225,#9226,#9227,#9228,
#9229,#9230,#9231,#9232,#9233,#9234,#9235,#9236,#9237,#9238,#9239,#9240,
#9241,#9242,#9243,#9244,#9245,#9246,#9247,#9248,#9249,#9250,#9251,#9252,
#9253,#9254,#9255,#9256,#9257,#9258,#9259,#9260,#9261,#9262,#9263,#9264,
#9265,#9266,#9267,#9268,#9269,#9270,#9271,#9272,#9273,#9274,#9275,#9276,
#9277,#9278,#9279,#9280,#9281,#9282,#9283,#9284),#17668);
#11=B_SPLINE_CURVE_WITH_KNOTS('',3,(#13847,#13848,#13849,#13850,#13851),
 .UNSPECIFIED.,.F.,.F.,(4,1,4),(0.,0.00800019872090697,0.015577784872498),
 .UNSPECIFIED.);
#12=B_SPLINE_CURVE_WITH_KNOTS('',3,(#13855,#13856,#13857,#13858,#13859),
 .UNSPECIFIED.,.F.,.F.,(4,1,4),(0.,0.00800019872090697,0.015577784872498),
 .UNSPECIFIED.);
#13=B_SPLINE_CURVE_WITH_KNOTS('',3,(#13872,#13873,#13874,#13875,#13876),
 .UNSPECIFIED.,.F.,.F.,(4,1,4),(0.,0.00607385577454082,0.0135627206577029),
 .UNSPECIFIED.);
#14=B_SPLINE_CURVE_WITH_KNOTS('',3,(#13879,#13880,#13881,#13882,#13883),
 .UNSPECIFIED.,.F.,.F.,(4,1,4),(0.,0.00607385577454082,0.0135627206577029),
 .UNSPECIFIED.);
#15=B_SPLINE_CURVE_WITH_KNOTS('',3,(#13913,#13914,#13915,#13916,#13917),
 .UNSPECIFIED.,.F.,.F.,(4,1,4),(0.,0.0128647426229543,0.0290282722884257),
 .UNSPECIFIED.);
#16=B_SPLINE_CURVE_WITH_KNOTS('',3,(#13920,#13921,#13922,#13923,#13924),
 .UNSPECIFIED.,.F.,.F.,(4,1,4),(0.,0.0128647426229543,0.0290282722884257),
 .UNSPECIFIED.);
#17=B_SPLINE_CURVE_WITH_KNOTS('',3,(#13936,#13937,#13938,#13939,#13940),
 .UNSPECIFIED.,.F.,.F.,(4,1,4),(0.,0.00939662111196145,0.0201700556568669),
 .UNSPECIFIED.);
#18=B_SPLINE_CURVE_WITH_KNOTS('',3,(#13943,#13944,#13945,#13946,#13947),
 .UNSPECIFIED.,.F.,.F.,(4,1,4),(0.,0.00939662111196145,0.0201700556568669),
 .UNSPECIFIED.);
#19=B_SPLINE_CURVE_WITH_KNOTS('',3,(#13959,#13960,#13961,#13962,#13963),
 .UNSPECIFIED.,.F.,.F.,(4,1,4),(0.,0.00696829408215241,0.015010482534642),
 .UNSPECIFIED.);
#20=B_SPLINE_CURVE_WITH_KNOTS('',3,(#13966,#13967,#13968,#13969,#13970),
 .UNSPECIFIED.,.F.,.F.,(4,1,4),(0.,0.00696829408215241,0.015010482534642),
 .UNSPECIFIED.);
#21=B_SPLINE_CURVE_WITH_KNOTS('',3,(#13982,#13983,#13984,#13985,#13986),
 .UNSPECIFIED.,.F.,.F.,(4,1,4),(0.,0.0026984671979395,0.00799269114456182),
 .UNSPECIFIED.);
#22=B_SPLINE_CURVE_WITH_KNOTS('',3,(#13989,#13990,#13991,#13992,#13993),
 .UNSPECIFIED.,.F.,.F.,(4,1,4),(0.,0.0026984671979395,0.00799269114456182),
 .UNSPECIFIED.);
#23=B_SPLINE_CURVE_WITH_KNOTS('',3,(#14005,#14006,#14007,#14008,#14009),
 .UNSPECIFIED.,.F.,.F.,(4,1,4),(0.,0.00818843697911763,0.0178188780340456),
 .UNSPECIFIED.);
#24=B_SPLINE_CURVE_WITH_KNOTS('',3,(#14012,#14013,#14014,#14015,#14016),
 .UNSPECIFIED.,.F.,.F.,(4,1,4),(0.,0.00818843697911763,0.0178188780340456),
 .UNSPECIFIED.);
#25=B_SPLINE_CURVE_WITH_KNOTS('',3,(#14028,#14029,#14030,#14031,#14032),
 .UNSPECIFIED.,.F.,.F.,(4,1,4),(0.,0.00699190573690023,0.0141862688334975),
 .UNSPECIFIED.);
#26=B_SPLINE_CURVE_WITH_KNOTS('',3,(#14035,#14036,#14037,#14038,#14039),
 .UNSPECIFIED.,.F.,.F.,(4,1,4),(0.,0.00699190573690023,0.0141862688334975),
 .UNSPECIFIED.);
#27=B_SPLINE_CURVE_WITH_KNOTS('',3,(#14051,#14052,#14053,#14054,#14055),
 .UNSPECIFIED.,.F.,.F.,(4,1,4),(0.,0.00815821805003488,0.0155492301240119),
 .UNSPECIFIED.);
#28=B_SPLINE_CURVE_WITH_KNOTS('',3,(#14058,#14059,#14060,#14061,#14062),
 .UNSPECIFIED.,.F.,.F.,(4,1,4),(0.,0.00815821805003488,0.0155492301240119),
 .UNSPECIFIED.);
#29=B_SPLINE_CURVE_WITH_KNOTS('',3,(#14074,#14075,#14076,#14077,#14078),
 .UNSPECIFIED.,.F.,.F.,(4,1,4),(0.,0.010389999834622,0.0195884276188355),
 .UNSPECIFIED.);
#30=B_SPLINE_CURVE_WITH_KNOTS('',3,(#14081,#14082,#14083,#14084,#14085),
 .UNSPECIFIED.,.F.,.F.,(4,1,4),(0.,0.010389999834622,0.0195884276188355),
 .UNSPECIFIED.);
#31=B_SPLINE_CURVE_WITH_KNOTS('',3,(#14115,#14116,#14117,#14118,#14119),
 .UNSPECIFIED.,.F.,.F.,(4,1,4),(0.,0.0187466364920834,0.0409888154432016),
 .UNSPECIFIED.);
#32=B_SPLINE_CURVE_WITH_KNOTS('',3,(#14122,#14123,#14124,#14125,#14126),
 .UNSPECIFIED.,.F.,.F.,(4,1,4),(0.,0.0187466364920834,0.0409888154432016),
 .UNSPECIFIED.);
#33=B_SPLINE_CURVE_WITH_KNOTS('',3,(#14138,#14139,#14140,#14141,#14142),
 .UNSPECIFIED.,.F.,.F.,(4,1,4),(0.,0.0223523767363645,0.0407467966962482),
 .UNSPECIFIED.);
#34=B_SPLINE_CURVE_WITH_KNOTS('',3,(#14145,#14146,#14147,#14148,#14149),
 .UNSPECIFIED.,.F.,.F.,(4,1,4),(0.,0.0223523767363645,0.0407467966962482),
 .UNSPECIFIED.);
#35=B_SPLINE_CURVE_WITH_KNOTS('',3,(#14161,#14162,#14163,#14164,#14165),
 .UNSPECIFIED.,.F.,.F.,(4,1,4),(0.,0.00666425804946036,0.0131801833071615),
 .UNSPECIFIED.);
#36=B_SPLINE_CURVE_WITH_KNOTS('',3,(#14168,#14169,#14170,#14171,#14172),
 .UNSPECIFIED.,.F.,.F.,(4,1,4),(0.,0.00666425804946036,0.0131801833071615),
 .UNSPECIFIED.);
#37=B_SPLINE_CURVE_WITH_KNOTS('',3,(#14184,#14185,#14186,#14187,#14188),
 .UNSPECIFIED.,.F.,.F.,(4,1,4),(0.,0.00673313861581466,0.0136128795319733),
 .UNSPECIFIED.);
#38=B_SPLINE_CURVE_WITH_KNOTS('',3,(#14191,#14192,#14193,#14194,#14195),
 .UNSPECIFIED.,.F.,.F.,(4,1,4),(0.,0.00673313861581466,0.0136128795319733),
 .UNSPECIFIED.);
#39=B_SPLINE_CURVE_WITH_KNOTS('',3,(#14207,#14208,#14209,#14210,#14211),
 .UNSPECIFIED.,.F.,.F.,(4,1,4),(0.,0.00661884604695471,0.0133571670162085),
 .UNSPECIFIED.);
#40=B_SPLINE_CURVE_WITH_KNOTS('',3,(#14214,#14215,#14216,#14217,#14218),
 .UNSPECIFIED.,.F.,.F.,(4,1,4),(0.,0.00661884604695471,0.0133571670162085),
 .UNSPECIFIED.);
#41=B_SPLINE_CURVE_WITH_KNOTS('',3,(#14230,#14231,#14232,#14233,#14234),
 .UNSPECIFIED.,.F.,.F.,(4,1,4),(0.,0.00624870691790607,0.0126954365835484),
 .UNSPECIFIED.);
#42=B_SPLINE_CURVE_WITH_KNOTS('',3,(#14237,#14238,#14239,#14240,#14241),
 .UNSPECIFIED.,.F.,.F.,(4,1,4),(0.,0.00624870691790607,0.0126954365835484),
 .UNSPECIFIED.);
#43=B_SPLINE_CURVE_WITH_KNOTS('',3,(#14253,#14254,#14255,#14256,#14257),
 .UNSPECIFIED.,.F.,.F.,(4,1,4),(0.,0.00536724925041199,0.0107344686985016),
 .UNSPECIFIED.);
#44=B_SPLINE_CURVE_WITH_KNOTS('',3,(#14269,#14270,#14271,#14272,#14273),
 .UNSPECIFIED.,.F.,.F.,(4,1,4),(0.,0.00531960868596552,0.0104870711095405),
 .UNSPECIFIED.);
#45=B_SPLINE_CURVE_WITH_KNOTS('',3,(#14276,#14277,#14278,#14279,#14280),
 .UNSPECIFIED.,.F.,.F.,(4,1,4),(0.,0.00531960868596552,0.0104870711095405),
 .UNSPECIFIED.);
#46=B_SPLINE_CURVE_WITH_KNOTS('',3,(#14370,#14371,#14372,#14373,#14374),
 .UNSPECIFIED.,.F.,.F.,(4,1,4),(0.,0.00800019872090697,0.015577784872498),
 .UNSPECIFIED.);
#47=B_SPLINE_CURVE_WITH_KNOTS('',3,(#14378,#14379,#14380,#14381,#14382),
 .UNSPECIFIED.,.F.,.F.,(4,1,4),(0.,0.00800019872090697,0.015577784872498),
 .UNSPECIFIED.);
#48=B_SPLINE_CURVE_WITH_KNOTS('',3,(#14395,#14396,#14397,#14398,#14399),
 .UNSPECIFIED.,.F.,.F.,(4,1,4),(0.,0.00607385508170422,0.0135627216515935),
 .UNSPECIFIED.);
#49=B_SPLINE_CURVE_WITH_KNOTS('',3,(#14402,#14403,#14404,#14405,#14406),
 .UNSPECIFIED.,.F.,.F.,(4,1,4),(0.,0.00607385508170422,0.0135627216515935),
 .UNSPECIFIED.);
#50=B_SPLINE_CURVE_WITH_KNOTS('',3,(#14436,#14437,#14438,#14439,#14440),
 .UNSPECIFIED.,.F.,.F.,(4,1,4),(0.,0.0128647818877248,0.0290283115531961),
 .UNSPECIFIED.);
#51=B_SPLINE_CURVE_WITH_KNOTS('',3,(#14443,#14444,#14445,#14446,#14447),
 .UNSPECIFIED.,.F.,.F.,(4,1,4),(0.,0.0128647818877248,0.0290283115531961),
 .UNSPECIFIED.);
#52=B_SPLINE_CURVE_WITH_KNOTS('',3,(#14459,#14460,#14461,#14462,#14463),
 .UNSPECIFIED.,.F.,.F.,(4,1,4),(0.,0.00939666501253499,0.0201700323541938),
 .UNSPECIFIED.);
#53=B_SPLINE_CURVE_WITH_KNOTS('',3,(#14466,#14467,#14468,#14469,#14470),
 .UNSPECIFIED.,.F.,.F.,(4,1,4),(0.,0.00939666501253499,0.0201700323541938),
 .UNSPECIFIED.);
#54=B_SPLINE_CURVE_WITH_KNOTS('',3,(#14482,#14483,#14484,#14485,#14486),
 .UNSPECIFIED.,.F.,.F.,(4,1,4),(0.,0.00696829408215241,0.015010482534642),
 .UNSPECIFIED.);
#55=B_SPLINE_CURVE_WITH_KNOTS('',3,(#14489,#14490,#14491,#14492,#14493),
 .UNSPECIFIED.,.F.,.F.,(4,1,4),(0.,0.00696829408215241,0.015010482534642),
 .UNSPECIFIED.);
#56=B_SPLINE_CURVE_WITH_KNOTS('',3,(#14505,#14506,#14507,#14508,#14509),
 .UNSPECIFIED.,.F.,.F.,(4,1,4),(0.,0.0026984671979395,0.00799263230851052),
 .UNSPECIFIED.);
#57=B_SPLINE_CURVE_WITH_KNOTS('',3,(#14512,#14513,#14514,#14515,#14516),
 .UNSPECIFIED.,.F.,.F.,(4,1,4),(0.,0.0026984671979395,0.00799263230851052),
 .UNSPECIFIED.);
#58=B_SPLINE_CURVE_WITH_KNOTS('',3,(#14528,#14529,#14530,#14531,#14532),
 .UNSPECIFIED.,.F.,.F.,(4,1,4),(0.,0.00818837940420558,0.0178189987916676),
 .UNSPECIFIED.);
#59=B_SPLINE_CURVE_WITH_KNOTS('',3,(#14535,#14536,#14537,#14538,#14539),
 .UNSPECIFIED.,.F.,.F.,(4,1,4),(0.,0.00818837940420558,0.0178189987916676),
 .UNSPECIFIED.);
#60=B_SPLINE_CURVE_WITH_KNOTS('',3,(#14551,#14552,#14553,#14554,#14555),
 .UNSPECIFIED.,.F.,.F.,(4,1,4),(0.,0.00699182265605277,0.01418618575265),
 .UNSPECIFIED.);
#61=B_SPLINE_CURVE_WITH_KNOTS('',3,(#14558,#14559,#14560,#14561,#14562),
 .UNSPECIFIED.,.F.,.F.,(4,1,4),(0.,0.00699182265605277,0.01418618575265),
 .UNSPECIFIED.);
#62=B_SPLINE_CURVE_WITH_KNOTS('',3,(#14574,#14575,#14576,#14577,#14578),
 .UNSPECIFIED.,.F.,.F.,(4,1,4),(0.,0.00815825107216439,0.0155492631461414),
 .UNSPECIFIED.);
#63=B_SPLINE_CURVE_WITH_KNOTS('',3,(#14581,#14582,#14583,#14584,#14585),
 .UNSPECIFIED.,.F.,.F.,(4,1,4),(0.,0.00815825107216439,0.0155492631461414),
 .UNSPECIFIED.);
#64=B_SPLINE_CURVE_WITH_KNOTS('',3,(#14597,#14598,#14599,#14600,#14601),
 .UNSPECIFIED.,.F.,.F.,(4,1,4),(0.,0.0103899974039706,0.0195884334255121),
 .UNSPECIFIED.);
#65=B_SPLINE_CURVE_WITH_KNOTS('',3,(#14604,#14605,#14606,#14607,#14608),
 .UNSPECIFIED.,.F.,.F.,(4,1,4),(0.,0.0103899974039706,0.0195884334255121),
 .UNSPECIFIED.);
#66=B_SPLINE_CURVE_WITH_KNOTS('',3,(#14638,#14639,#14640,#14641,#14642),
 .UNSPECIFIED.,.F.,.F.,(4,1,4),(0.,0.0187466654577474,0.0409888444088656),
 .UNSPECIFIED.);
#67=B_SPLINE_CURVE_WITH_KNOTS('',3,(#14645,#14646,#14647,#14648,#14649),
 .UNSPECIFIED.,.F.,.F.,(4,1,4),(0.,0.0187466654577474,0.0409888444088656),
 .UNSPECIFIED.);
#68=B_SPLINE_CURVE_WITH_KNOTS('',3,(#14661,#14662,#14663,#14664,#14665),
 .UNSPECIFIED.,.F.,.F.,(4,1,4),(0.,0.0223523177925438,0.0407468379841373),
 .UNSPECIFIED.);
#69=B_SPLINE_CURVE_WITH_KNOTS('',3,(#14668,#14669,#14670,#14671,#14672),
 .UNSPECIFIED.,.F.,.F.,(4,1,4),(0.,0.0223523177925438,0.0407468379841373),
 .UNSPECIFIED.);
#70=B_SPLINE_CURVE_WITH_KNOTS('',3,(#14684,#14685,#14686,#14687,#14688),
 .UNSPECIFIED.,.F.,.F.,(4,1,4),(0.,0.00666425804946036,0.0131801833071615),
 .UNSPECIFIED.);
#71=B_SPLINE_CURVE_WITH_KNOTS('',3,(#14691,#14692,#14693,#14694,#14695),
 .UNSPECIFIED.,.F.,.F.,(4,1,4),(0.,0.00666425804946036,0.0131801833071615),
 .UNSPECIFIED.);
#72=B_SPLINE_CURVE_WITH_KNOTS('',3,(#14707,#14708,#14709,#14710,#14711),
 .UNSPECIFIED.,.F.,.F.,(4,1,4),(0.,0.00673313861581466,0.0136127657273373),
 .UNSPECIFIED.);
#73=B_SPLINE_CURVE_WITH_KNOTS('',3,(#14714,#14715,#14716,#14717,#14718),
 .UNSPECIFIED.,.F.,.F.,(4,1,4),(0.,0.00673313861581466,0.0136127657273373),
 .UNSPECIFIED.);
#74=B_SPLINE_CURVE_WITH_KNOTS('',3,(#14730,#14731,#14732,#14733,#14734),
 .UNSPECIFIED.,.F.,.F.,(4,1,4),(0.,0.00661884604695471,0.0133572669665005),
 .UNSPECIFIED.);
#75=B_SPLINE_CURVE_WITH_KNOTS('',3,(#14737,#14738,#14739,#14740,#14741),
 .UNSPECIFIED.,.F.,.F.,(4,1,4),(0.,0.00661884604695471,0.0133572669665005),
 .UNSPECIFIED.);
#76=B_SPLINE_CURVE_WITH_KNOTS('',3,(#14753,#14754,#14755,#14756,#14757),
 .UNSPECIFIED.,.F.,.F.,(4,1,4),(0.,0.00624870691790607,0.0126953556183315),
 .UNSPECIFIED.);
#77=B_SPLINE_CURVE_WITH_KNOTS('',3,(#14760,#14761,#14762,#14763,#14764),
 .UNSPECIFIED.,.F.,.F.,(4,1,4),(0.,0.00624870691790607,0.0126953556183315),
 .UNSPECIFIED.);
#78=B_SPLINE_CURVE_WITH_KNOTS('',3,(#14776,#14777,#14778,#14779,#14780),
 .UNSPECIFIED.,.F.,.F.,(4,1,4),(0.,0.00536724925041199,0.0107344686985016),
 .UNSPECIFIED.);
#79=B_SPLINE_CURVE_WITH_KNOTS('',3,(#14792,#14793,#14794,#14795,#14796),
 .UNSPECIFIED.,.F.,.F.,(4,1,4),(0.,0.0053195976089533,0.0104870600325282),
 .UNSPECIFIED.);
#80=B_SPLINE_CURVE_WITH_KNOTS('',3,(#14799,#14800,#14801,#14802,#14803),
 .UNSPECIFIED.,.F.,.F.,(4,1,4),(0.,0.0053195976089533,0.0104870600325282),
 .UNSPECIFIED.);
#81=B_SPLINE_CURVE_WITH_KNOTS('',3,(#14828,#14829,#14830,#14831,#14832),
 .UNSPECIFIED.,.F.,.F.,(4,1,4),(0.,0.00834227884862054,0.0169110764047469),
 .UNSPECIFIED.);
#82=B_SPLINE_CURVE_WITH_KNOTS('',3,(#14835,#14836,#14837,#14838,#14839),
 .UNSPECIFIED.,.F.,.F.,(4,1,4),(0.,0.00834227884862054,0.0169110764047469),
 .UNSPECIFIED.);
#83=B_SPLINE_CURVE_WITH_KNOTS('',3,(#14851,#14852,#14853,#14854,#14855),
 .UNSPECIFIED.,.F.,.F.,(4,1,4),(0.,0.00771814439827516,0.0155083239118544),
 .UNSPECIFIED.);
#84=B_SPLINE_CURVE_WITH_KNOTS('',3,(#14858,#14859,#14860,#14861,#14862),
 .UNSPECIFIED.,.F.,.F.,(4,1,4),(0.,0.00771814439827516,0.0155083239118544),
 .UNSPECIFIED.);
#85=B_SPLINE_CURVE_WITH_KNOTS('',3,(#14874,#14875,#14876,#14877,#14878),
 .UNSPECIFIED.,.F.,.F.,(4,1,4),(0.,0.00803242871562469,0.0156860178150343),
 .UNSPECIFIED.);
#86=B_SPLINE_CURVE_WITH_KNOTS('',3,(#14881,#14882,#14883,#14884,#14885),
 .UNSPECIFIED.,.F.,.F.,(4,1,4),(0.,0.00803242871562469,0.0156860178150343),
 .UNSPECIFIED.);
#87=B_SPLINE_CURVE_WITH_KNOTS('',3,(#14897,#14898,#14899,#14900,#14901),
 .UNSPECIFIED.,.F.,.F.,(4,1,4),(0.,0.0095011803064227,0.0179439860206311),
 .UNSPECIFIED.);
#88=B_SPLINE_CURVE_WITH_KNOTS('',3,(#14904,#14905,#14906,#14907,#14908),
 .UNSPECIFIED.,.F.,.F.,(4,1,4),(0.,0.0095011803064227,0.0179439860206311),
 .UNSPECIFIED.);
#89=B_SPLINE_CURVE_WITH_KNOTS('',3,(#14920,#14921,#14922,#14923,#14924),
 .UNSPECIFIED.,.F.,.F.,(4,1,4),(0.,0.00571289657800196,0.0113696392437723),
 .UNSPECIFIED.);
#90=B_SPLINE_CURVE_WITH_KNOTS('',3,(#14927,#14928,#14929,#14930,#14931),
 .UNSPECIFIED.,.F.,.F.,(4,1,4),(0.,0.00571289657800196,0.0113696392437723),
 .UNSPECIFIED.);
#91=B_SPLINE_CURVE_WITH_KNOTS('',3,(#14943,#14944,#14945,#14946,#14947),
 .UNSPECIFIED.,.F.,.F.,(4,1,4),(0.,0.0053383734345033,0.010787633373065),
 .UNSPECIFIED.);
#92=B_SPLINE_CURVE_WITH_KNOTS('',3,(#14950,#14951,#14952,#14953,#14954),
 .UNSPECIFIED.,.F.,.F.,(4,1,4),(0.,0.0053383734345033,0.010787633373065),
 .UNSPECIFIED.);
#93=B_SPLINE_CURVE_WITH_KNOTS('',3,(#14966,#14967,#14968,#14969,#14970),
 .UNSPECIFIED.,.F.,.F.,(4,1,4),(0.,0.00528347185493591,0.0106455699651031),
 .UNSPECIFIED.);
#94=B_SPLINE_CURVE_WITH_KNOTS('',3,(#14973,#14974,#14975,#14976,#14977),
 .UNSPECIFIED.,.F.,.F.,(4,1,4),(0.,0.00528347185493591,0.0106455699651031),
 .UNSPECIFIED.);
#95=B_SPLINE_CURVE_WITH_KNOTS('',3,(#14989,#14990,#14991,#14992,#14993),
 .UNSPECIFIED.,.F.,.F.,(4,1,4),(0.,0.00610660068620797,0.0116695580411738),
 .UNSPECIFIED.);
#96=B_SPLINE_CURVE_WITH_KNOTS('',3,(#14996,#14997,#14998,#14999,#15000),
 .UNSPECIFIED.,.F.,.F.,(4,1,4),(0.,0.00610660068620797,0.0116695580411738),
 .UNSPECIFIED.);
#97=B_SPLINE_CURVE_WITH_KNOTS('',3,(#15012,#15013,#15014,#15015,#15016),
 .UNSPECIFIED.,.F.,.F.,(4,1,4),(0.,0.00841818986365758,0.017407115913109),
 .UNSPECIFIED.);
#98=B_SPLINE_CURVE_WITH_KNOTS('',3,(#15019,#15020,#15021,#15022,#15023),
 .UNSPECIFIED.,.F.,.F.,(4,1,4),(0.,0.00841818986365758,0.017407115913109),
 .UNSPECIFIED.);
#99=B_SPLINE_CURVE_WITH_KNOTS('',3,(#15035,#15036,#15037,#15038,#15039),
 .UNSPECIFIED.,.F.,.F.,(4,1,4),(0.,0.00956343374576524,0.0186738400538397),
 .UNSPECIFIED.);
#100=B_SPLINE_CURVE_WITH_KNOTS('',3,(#15042,#15043,#15044,#15045,#15046),
 .UNSPECIFIED.,.F.,.F.,(4,1,4),(0.,0.00956343374576524,0.0186738400538397),
 .UNSPECIFIED.);
#101=B_SPLINE_CURVE_WITH_KNOTS('',3,(#15058,#15059,#15060,#15061,#15062),
 .UNSPECIFIED.,.F.,.F.,(4,1,4),(0.,0.0103724984353614,0.0206521057747979),
 .UNSPECIFIED.);
#102=B_SPLINE_CURVE_WITH_KNOTS('',3,(#15065,#15066,#15067,#15068,#15069),
 .UNSPECIFIED.,.F.,.F.,(4,1,4),(0.,0.0103724984353614,0.0206521057747979),
 .UNSPECIFIED.);
#103=B_SPLINE_CURVE_WITH_KNOTS('',3,(#15081,#15082,#15083,#15084,#15085),
 .UNSPECIFIED.,.F.,.F.,(4,1,4),(0.,0.00798303934191581,0.0178200027457918),
 .UNSPECIFIED.);
#104=B_SPLINE_CURVE_WITH_KNOTS('',3,(#15088,#15089,#15090,#15091,#15092),
 .UNSPECIFIED.,.F.,.F.,(4,1,4),(0.,0.00798303934191581,0.0178200027457918),
 .UNSPECIFIED.);
#105=B_SPLINE_CURVE_WITH_KNOTS('',3,(#15108,#15109,#15110,#15111,#15112),
 .UNSPECIFIED.,.F.,.F.,(4,1,4),(0.,0.0137972274106861,0.0263004665025064),
 .UNSPECIFIED.);
#106=B_SPLINE_CURVE_WITH_KNOTS('',3,(#15116,#15117,#15118,#15119,#15120),
 .UNSPECIFIED.,.F.,.F.,(4,1,4),(0.,0.0137972274106861,0.0263004665025064),
 .UNSPECIFIED.);
#107=B_SPLINE_CURVE_WITH_KNOTS('',3,(#15133,#15134,#15135,#15136,#15137),
 .UNSPECIFIED.,.F.,.F.,(4,1,4),(0.,0.0135712794302316,0.0274836985049146),
 .UNSPECIFIED.);
#108=B_SPLINE_CURVE_WITH_KNOTS('',3,(#15140,#15141,#15142,#15143,#15144),
 .UNSPECIFIED.,.F.,.F.,(4,1,4),(0.,0.0135712794302316,0.0274836985049146),
 .UNSPECIFIED.);
#109=B_SPLINE_CURVE_WITH_KNOTS('',3,(#15156,#15157,#15158,#15159,#15160),
 .UNSPECIFIED.,.F.,.F.,(4,1,4),(0.,0.0124704596645674,0.0252614914707917),
 .UNSPECIFIED.);
#110=B_SPLINE_CURVE_WITH_KNOTS('',3,(#15163,#15164,#15165,#15166,#15167),
 .UNSPECIFIED.,.F.,.F.,(4,1,4),(0.,0.0124704596645674,0.0252614914707917),
 .UNSPECIFIED.);
#111=B_SPLINE_CURVE_WITH_KNOTS('',3,(#15179,#15180,#15181,#15182,#15183),
 .UNSPECIFIED.,.F.,.F.,(4,1,4),(0.,0.0144817014025355,0.0269114842350938),
 .UNSPECIFIED.);
#112=B_SPLINE_CURVE_WITH_KNOTS('',3,(#15186,#15187,#15188,#15189,#15190),
 .UNSPECIFIED.,.F.,.F.,(4,1,4),(0.,0.0144817014025355,0.0269114842350938),
 .UNSPECIFIED.);
#113=B_SPLINE_CURVE_WITH_KNOTS('',3,(#15202,#15203,#15204,#15205,#15206),
 .UNSPECIFIED.,.F.,.F.,(4,1,4),(0.,0.00837543195173706,0.0174614648415761),
 .UNSPECIFIED.);
#114=B_SPLINE_CURVE_WITH_KNOTS('',3,(#15209,#15210,#15211,#15212,#15213),
 .UNSPECIFIED.,.F.,.F.,(4,1,4),(0.,0.00837543195173706,0.0174614648415761),
 .UNSPECIFIED.);
#115=B_SPLINE_CURVE_WITH_KNOTS('',3,(#15225,#15226,#15227,#15228,#15229),
 .UNSPECIFIED.,.F.,.F.,(4,1,4),(0.,0.00794020213212436,0.0159128667695308),
 .UNSPECIFIED.);
#116=B_SPLINE_CURVE_WITH_KNOTS('',3,(#15232,#15233,#15234,#15235,#15236),
 .UNSPECIFIED.,.F.,.F.,(4,1,4),(0.,0.00794020213212436,0.0159128667695308),
 .UNSPECIFIED.);
#117=B_SPLINE_CURVE_WITH_KNOTS('',3,(#15248,#15249,#15250,#15251,#15252),
 .UNSPECIFIED.,.F.,.F.,(4,1,4),(0.,0.00829045808192511,0.016368849109959),
 .UNSPECIFIED.);
#118=B_SPLINE_CURVE_WITH_KNOTS('',3,(#15255,#15256,#15257,#15258,#15259),
 .UNSPECIFIED.,.F.,.F.,(4,1,4),(0.,0.00829045808192511,0.016368849109959),
 .UNSPECIFIED.);
#119=B_SPLINE_CURVE_WITH_KNOTS('',3,(#15271,#15272,#15273,#15274,#15275),
 .UNSPECIFIED.,.F.,.F.,(4,1,4),(0.,0.00863926358457428,0.0171879553597846),
 .UNSPECIFIED.);
#120=B_SPLINE_CURVE_WITH_KNOTS('',3,(#15278,#15279,#15280,#15281,#15282),
 .UNSPECIFIED.,.F.,.F.,(4,1,4),(0.,0.00863926358457428,0.0171879553597846),
 .UNSPECIFIED.);
#121=B_SPLINE_CURVE_WITH_KNOTS('',3,(#15294,#15295,#15296,#15297,#15298),
 .UNSPECIFIED.,.F.,.F.,(4,1,4),(0.,0.0129981500845845,0.0278957263082834),
 .UNSPECIFIED.);
#122=B_SPLINE_CURVE_WITH_KNOTS('',3,(#15301,#15302,#15303,#15304,#15305),
 .UNSPECIFIED.,.F.,.F.,(4,1,4),(0.,0.0129981500845845,0.0278957263082834),
 .UNSPECIFIED.);
#123=B_SPLINE_CURVE_WITH_KNOTS('',3,(#15317,#15318,#15319,#15320,#15321),
 .UNSPECIFIED.,.F.,.F.,(4,1,4),(0.,0.0145372465986067,0.0276167211553809),
 .UNSPECIFIED.);
#124=B_SPLINE_CURVE_WITH_KNOTS('',3,(#15324,#15325,#15326,#15327,#15328),
 .UNSPECIFIED.,.F.,.F.,(4,1,4),(0.,0.0145372465986067,0.0276167211553809),
 .UNSPECIFIED.);
#125=B_SPLINE_CURVE_WITH_KNOTS('',3,(#15346,#15347,#15348,#15349,#15350),
 .UNSPECIFIED.,.F.,.F.,(4,1,4),(0.,0.00558310886415948,0.0110214475344549),
 .UNSPECIFIED.);
#126=B_SPLINE_CURVE_WITH_KNOTS('',3,(#15353,#15354,#15355,#15356,#15357),
 .UNSPECIFIED.,.F.,.F.,(4,1,4),(0.,0.00558310886415948,0.0110214475344549),
 .UNSPECIFIED.);
#127=B_SPLINE_CURVE_WITH_KNOTS('',3,(#15369,#15370,#15371,#15372,#15373),
 .UNSPECIFIED.,.F.,.F.,(4,1,4),(0.,0.00507393169539729,0.0105488052793777),
 .UNSPECIFIED.);
#128=B_SPLINE_CURVE_WITH_KNOTS('',3,(#15376,#15377,#15378,#15379,#15380),
 .UNSPECIFIED.,.F.,.F.,(4,1,4),(0.,0.00507393169539729,0.0105488052793777),
 .UNSPECIFIED.);
#129=B_SPLINE_CURVE_WITH_KNOTS('',3,(#15398,#15399,#15400,#15401,#15402),
 .UNSPECIFIED.,.F.,.F.,(4,1,4),(0.,0.0075336699159673,0.0136659715808567),
 .UNSPECIFIED.);
#130=B_SPLINE_CURVE_WITH_KNOTS('',3,(#15405,#15406,#15407,#15408,#15409),
 .UNSPECIFIED.,.F.,.F.,(4,1,4),(0.,0.0075336699159673,0.0136659715808567),
 .UNSPECIFIED.);
#131=B_SPLINE_CURVE_WITH_KNOTS('',3,(#15421,#15422,#15423,#15424,#15425),
 .UNSPECIFIED.,.F.,.F.,(4,1,4),(0.,0.00784026698001642,0.0161138514402389),
 .UNSPECIFIED.);
#132=B_SPLINE_CURVE_WITH_KNOTS('',3,(#15428,#15429,#15430,#15431,#15432),
 .UNSPECIFIED.,.F.,.F.,(4,1,4),(0.,0.00784026698001642,0.0161138514402389),
 .UNSPECIFIED.);
#133=B_SPLINE_CURVE_WITH_KNOTS('',3,(#15450,#15451,#15452,#15453,#15454),
 .UNSPECIFIED.,.F.,.F.,(4,1,4),(0.,0.0100520843335445,0.0213946906979433),
 .UNSPECIFIED.);
#134=B_SPLINE_CURVE_WITH_KNOTS('',3,(#15457,#15458,#15459,#15460,#15461),
 .UNSPECIFIED.,.F.,.F.,(4,1,4),(0.,0.0100520843335445,0.0213946906979433),
 .UNSPECIFIED.);
#135=B_SPLINE_CURVE_WITH_KNOTS('',3,(#15473,#15474,#15475,#15476,#15477),
 .UNSPECIFIED.,.F.,.F.,(4,1,4),(0.,0.00869816487125328,0.0179044524090139),
 .UNSPECIFIED.);
#136=B_SPLINE_CURVE_WITH_KNOTS('',3,(#15480,#15481,#15482,#15483,#15484),
 .UNSPECIFIED.,.F.,.F.,(4,1,4),(0.,0.00869816487125328,0.0179044524090139),
 .UNSPECIFIED.);
#137=B_SPLINE_CURVE_WITH_KNOTS('',3,(#15496,#15497,#15498,#15499,#15500),
 .UNSPECIFIED.,.F.,.F.,(4,1,4),(0.,0.00914328915765115,0.0179440885997564),
 .UNSPECIFIED.);
#138=B_SPLINE_CURVE_WITH_KNOTS('',3,(#15503,#15504,#15505,#15506,#15507),
 .UNSPECIFIED.,.F.,.F.,(4,1,4),(0.,0.00914328915765115,0.0179440885997564),
 .UNSPECIFIED.);
#139=B_SPLINE_CURVE_WITH_KNOTS('',3,(#15519,#15520,#15521,#15522,#15523),
 .UNSPECIFIED.,.F.,.F.,(4,1,4),(0.,0.00941913094590774,0.0186349172604765),
 .UNSPECIFIED.);
#140=B_SPLINE_CURVE_WITH_KNOTS('',3,(#15526,#15527,#15528,#15529,#15530),
 .UNSPECIFIED.,.F.,.F.,(4,1,4),(0.,0.00941913094590774,0.0186349172604765),
 .UNSPECIFIED.);
#141=B_SPLINE_CURVE_WITH_KNOTS('',3,(#15542,#15543,#15544,#15545,#15546),
 .UNSPECIFIED.,.F.,.F.,(4,1,4),(0.,0.0273986636857213,0.060377288547747),
 .UNSPECIFIED.);
#142=B_SPLINE_CURVE_WITH_KNOTS('',3,(#15549,#15550,#15551,#15552,#15553),
 .UNSPECIFIED.,.F.,.F.,(4,1,4),(0.,0.0273986636857213,0.060377288547747),
 .UNSPECIFIED.);
#143=B_SPLINE_CURVE_WITH_KNOTS('',3,(#15571,#15572,#15573,#15574,#15575),
 .UNSPECIFIED.,.F.,.F.,(4,1,4),(0.,0.0220260150110944,0.0440718881434054),
 .UNSPECIFIED.);
#144=B_SPLINE_CURVE_WITH_KNOTS('',3,(#15578,#15579,#15580,#15581,#15582),
 .UNSPECIFIED.,.F.,.F.,(4,1,4),(0.,0.0220260150110944,0.0440718881434054),
 .UNSPECIFIED.);
#145=B_SPLINE_CURVE_WITH_KNOTS('',3,(#15594,#15595,#15596,#15597,#15598),
 .UNSPECIFIED.,.F.,.F.,(4,1,4),(0.,0.0270000630448698,0.0538213614538951),
 .UNSPECIFIED.);
#146=B_SPLINE_CURVE_WITH_KNOTS('',3,(#15601,#15602,#15603,#15604,#15605),
 .UNSPECIFIED.,.F.,.F.,(4,1,4),(0.,0.0270000630448698,0.0538213614538951),
 .UNSPECIFIED.);
#147=B_SPLINE_CURVE_WITH_KNOTS('',3,(#15636,#15637,#15638,#15639,#15640),
 .UNSPECIFIED.,.F.,.F.,(4,1,4),(0.,0.0189746682198615,0.0403753539237999),
 .UNSPECIFIED.);
#148=B_SPLINE_CURVE_WITH_KNOTS('',3,(#15643,#15644,#15645,#15646,#15647),
 .UNSPECIFIED.,.F.,.F.,(4,1,4),(0.,0.0189746682198615,0.0403753539237999),
 .UNSPECIFIED.);
#149=B_SPLINE_CURVE_WITH_KNOTS('',3,(#15659,#15660,#15661,#15662,#15663),
 .UNSPECIFIED.,.F.,.F.,(4,1,4),(0.,0.0162487156971895,0.0336522812693034),
 .UNSPECIFIED.);
#150=B_SPLINE_CURVE_WITH_KNOTS('',3,(#15666,#15667,#15668,#15669,#15670),
 .UNSPECIFIED.,.F.,.F.,(4,1,4),(0.,0.0162487156971895,0.0336522812693034),
 .UNSPECIFIED.);
#151=B_SPLINE_CURVE_WITH_KNOTS('',3,(#15682,#15683,#15684,#15685,#15686),
 .UNSPECIFIED.,.F.,.F.,(4,1,4),(0.,0.01544408738035,0.0310617424598485),
 .UNSPECIFIED.);
#152=B_SPLINE_CURVE_WITH_KNOTS('',3,(#15689,#15690,#15691,#15692,#15693),
 .UNSPECIFIED.,.F.,.F.,(4,1,4),(0.,0.01544408738035,0.0310617424598485),
 .UNSPECIFIED.);
#153=B_SPLINE_CURVE_WITH_KNOTS('',3,(#15705,#15706,#15707,#15708,#15709),
 .UNSPECIFIED.,.F.,.F.,(4,1,4),(0.,0.0153131462033254,0.0305439990401525),
 .UNSPECIFIED.);
#154=B_SPLINE_CURVE_WITH_KNOTS('',3,(#15712,#15713,#15714,#15715,#15716),
 .UNSPECIFIED.,.F.,.F.,(4,1,4),(0.,0.0153131462033254,0.0305439990401525),
 .UNSPECIFIED.);
#155=B_SPLINE_CURVE_WITH_KNOTS('',3,(#15728,#15729,#15730,#15731,#15732),
 .UNSPECIFIED.,.F.,.F.,(4,1,4),(0.,0.0154352855250342,0.030818777949076),
 .UNSPECIFIED.);
#156=B_SPLINE_CURVE_WITH_KNOTS('',3,(#15735,#15736,#15737,#15738,#15739),
 .UNSPECIFIED.,.F.,.F.,(4,1,4),(0.,0.0154352855250342,0.030818777949076),
 .UNSPECIFIED.);
#157=B_SPLINE_CURVE_WITH_KNOTS('',3,(#15751,#15752,#15753,#15754,#15755),
 .UNSPECIFIED.,.F.,.F.,(4,1,4),(0.,0.0157276893173661,0.0310453641063593),
 .UNSPECIFIED.);
#158=B_SPLINE_CURVE_WITH_KNOTS('',3,(#15758,#15759,#15760,#15761,#15762),
 .UNSPECIFIED.,.F.,.F.,(4,1,4),(0.,0.0157276893173661,0.0310453641063593),
 .UNSPECIFIED.);
#159=B_SPLINE_CURVE_WITH_KNOTS('',3,(#15774,#15775,#15776,#15777,#15778),
 .UNSPECIFIED.,.F.,.F.,(4,1,4),(0.,0.0174687775089881,0.0336276146919029),
 .UNSPECIFIED.);
#160=B_SPLINE_CURVE_WITH_KNOTS('',3,(#15781,#15782,#15783,#15784,#15785),
 .UNSPECIFIED.,.F.,.F.,(4,1,4),(0.,0.0174687775089881,0.0336276146919029),
 .UNSPECIFIED.);
#161=B_SPLINE_CURVE_WITH_KNOTS('',3,(#15797,#15798,#15799,#15800,#15801),
 .UNSPECIFIED.,.F.,.F.,(4,1,4),(0.,0.0213949756540363,0.0403115976554674),
 .UNSPECIFIED.);
#162=B_SPLINE_CURVE_WITH_KNOTS('',3,(#15804,#15805,#15806,#15807,#15808),
 .UNSPECIFIED.,.F.,.F.,(4,1,4),(0.,0.0213949756540363,0.0403115976554674),
 .UNSPECIFIED.);
#163=B_SPLINE_CURVE_WITH_KNOTS('',3,(#15838,#15839,#15840,#15841,#15842),
 .UNSPECIFIED.,.F.,.F.,(4,1,4),(0.,0.0192178854674237,0.0379263676025965),
 .UNSPECIFIED.);
#164=B_SPLINE_CURVE_WITH_KNOTS('',3,(#15845,#15846,#15847,#15848,#15849),
 .UNSPECIFIED.,.F.,.F.,(4,1,4),(0.,0.0192178854674237,0.0379263676025965),
 .UNSPECIFIED.);
#165=B_SPLINE_CURVE_WITH_KNOTS('',3,(#15861,#15862,#15863,#15864,#15865),
 .UNSPECIFIED.,.F.,.F.,(4,1,4),(0.,0.0193136483821235,0.0388614274746431),
 .UNSPECIFIED.);
#166=B_SPLINE_CURVE_WITH_KNOTS('',3,(#15868,#15869,#15870,#15871,#15872),
 .UNSPECIFIED.,.F.,.F.,(4,1,4),(0.,0.0193136483821235,0.0388614274746431),
 .UNSPECIFIED.);
#167=B_SPLINE_CURVE_WITH_KNOTS('',3,(#15884,#15885,#15886,#15887,#15888),
 .UNSPECIFIED.,.F.,.F.,(4,1,4),(0.,0.0202793283135296,0.040056708742069),
 .UNSPECIFIED.);
#168=B_SPLINE_CURVE_WITH_KNOTS('',3,(#15891,#15892,#15893,#15894,#15895),
 .UNSPECIFIED.,.F.,.F.,(4,1,4),(0.,0.0202793283135296,0.040056708742069),
 .UNSPECIFIED.);
#169=B_SPLINE_CURVE_WITH_KNOTS('',3,(#15907,#15908,#15909,#15910,#15911),
 .UNSPECIFIED.,.F.,.F.,(4,1,4),(0.,0.0236321497583912,0.0450724279688443),
 .UNSPECIFIED.);
#170=B_SPLINE_CURVE_WITH_KNOTS('',3,(#15914,#15915,#15916,#15917,#15918),
 .UNSPECIFIED.,.F.,.F.,(4,1,4),(0.,0.0236321497583912,0.0450724279688443),
 .UNSPECIFIED.);
#171=B_SPLINE_CURVE_WITH_KNOTS('',3,(#15930,#15931,#15932,#15933,#15934),
 .UNSPECIFIED.,.F.,.F.,(4,1,4),(0.,0.0213735480026265,0.0447948751215991),
 .UNSPECIFIED.);
#172=B_SPLINE_CURVE_WITH_KNOTS('',3,(#15937,#15938,#15939,#15940,#15941),
 .UNSPECIFIED.,.F.,.F.,(4,1,4),(0.,0.0213735480026265,0.0447948751215991),
 .UNSPECIFIED.);
#173=B_SPLINE_CURVE_WITH_KNOTS('',3,(#15953,#15954,#15955,#15956,#15957),
 .UNSPECIFIED.,.F.,.F.,(4,1,4),(0.,0.019676242087202,0.0400752315445976),
 .UNSPECIFIED.);
#174=B_SPLINE_CURVE_WITH_KNOTS('',3,(#15960,#15961,#15962,#15963,#15964),
 .UNSPECIFIED.,.F.,.F.,(4,1,4),(0.,0.019676242087202,0.0400752315445976),
 .UNSPECIFIED.);
#175=B_SPLINE_CURVE_WITH_KNOTS('',3,(#15976,#15977,#15978,#15979,#15980),
 .UNSPECIFIED.,.F.,.F.,(4,1,4),(0.,0.0195759496559171,0.0390096897833453),
 .UNSPECIFIED.);
#176=B_SPLINE_CURVE_WITH_KNOTS('',3,(#15983,#15984,#15985,#15986,#15987),
 .UNSPECIFIED.,.F.,.F.,(4,1,4),(0.,0.0195759496559171,0.0390096897833453),
 .UNSPECIFIED.);
#177=B_SPLINE_CURVE_WITH_KNOTS('',3,(#15999,#16000,#16001,#16002,#16003),
 .UNSPECIFIED.,.F.,.F.,(4,1,4),(0.,0.018708480897681,0.0379263735932079),
 .UNSPECIFIED.);
#178=B_SPLINE_CURVE_WITH_KNOTS('',3,(#16006,#16007,#16008,#16009,#16010),
 .UNSPECIFIED.,.F.,.F.,(4,1,4),(0.,0.018708480897681,0.0379263735932079),
 .UNSPECIFIED.);
#179=B_SPLINE_CURVE_WITH_KNOTS('',3,(#16033,#16034,#16035,#16036,#16037),
 .UNSPECIFIED.,.F.,.F.,(4,1,4),(0.,0.00959043353178279,0.0194799781109519),
 .UNSPECIFIED.);
#180=B_SPLINE_CURVE_WITH_KNOTS('',3,(#16041,#16042,#16043,#16044,#16045),
 .UNSPECIFIED.,.F.,.F.,(4,1,4),(0.,0.00959043353178279,0.0194799781109519),
 .UNSPECIFIED.);
#181=B_SPLINE_CURVE_WITH_KNOTS('',3,(#16058,#16059,#16060,#16061,#16062),
 .UNSPECIFIED.,.F.,.F.,(4,1,4),(0.,0.00993343058767628,0.0195399962877719),
 .UNSPECIFIED.);
#182=B_SPLINE_CURVE_WITH_KNOTS('',3,(#16065,#16066,#16067,#16068,#16069),
 .UNSPECIFIED.,.F.,.F.,(4,1,4),(0.,0.00993343058767628,0.0195399962877719),
 .UNSPECIFIED.);
#183=B_SPLINE_CURVE_WITH_KNOTS('',3,(#16081,#16082,#16083,#16084,#16085),
 .UNSPECIFIED.,.F.,.F.,(4,1,4),(0.,0.0109909549579123,0.0211104367318831),
 .UNSPECIFIED.);
#184=B_SPLINE_CURVE_WITH_KNOTS('',3,(#16088,#16089,#16090,#16091,#16092),
 .UNSPECIFIED.,.F.,.F.,(4,1,4),(0.,0.0109909549579123,0.0211104367318831),
 .UNSPECIFIED.);
#185=B_SPLINE_CURVE_WITH_KNOTS('',3,(#16104,#16105,#16106,#16107,#16108),
 .UNSPECIFIED.,.F.,.F.,(4,1,4),(0.,0.0103223136494689,0.0213835562005191),
 .UNSPECIFIED.);
#186=B_SPLINE_CURVE_WITH_KNOTS('',3,(#16111,#16112,#16113,#16114,#16115),
 .UNSPECIFIED.,.F.,.F.,(4,1,4),(0.,0.0103223136494689,0.0213835562005191),
 .UNSPECIFIED.);
#187=B_SPLINE_CURVE_WITH_KNOTS('',3,(#16127,#16128,#16129,#16130,#16131),
 .UNSPECIFIED.,.F.,.F.,(4,1,4),(0.,0.00955376250995013,0.0193039208114728),
 .UNSPECIFIED.);
#188=B_SPLINE_CURVE_WITH_KNOTS('',3,(#16134,#16135,#16136,#16137,#16138),
 .UNSPECIFIED.,.F.,.F.,(4,1,4),(0.,0.00955376250995013,0.0193039208114728),
 .UNSPECIFIED.);
#189=B_SPLINE_CURVE_WITH_KNOTS('',3,(#16150,#16151,#16152,#16153,#16154),
 .UNSPECIFIED.,.F.,.F.,(4,1,4),(0.,0.00994988716882531,0.0194567399040101),
 .UNSPECIFIED.);
#190=B_SPLINE_CURVE_WITH_KNOTS('',3,(#16157,#16158,#16159,#16160,#16161),
 .UNSPECIFIED.,.F.,.F.,(4,1,4),(0.,0.00994988716882531,0.0194567399040101),
 .UNSPECIFIED.);
#191=B_SPLINE_CURVE_WITH_KNOTS('',3,(#16173,#16174,#16175,#16176,#16177),
 .UNSPECIFIED.,.F.,.F.,(4,1,4),(0.,0.0106974729726895,0.0209745349612602),
 .UNSPECIFIED.);
#192=B_SPLINE_CURVE_WITH_KNOTS('',3,(#16180,#16181,#16182,#16183,#16184),
 .UNSPECIFIED.,.F.,.F.,(4,1,4),(0.,0.0106974729726895,0.0209745349612602),
 .UNSPECIFIED.);
#193=B_SPLINE_CURVE_WITH_KNOTS('',3,(#16196,#16197,#16198,#16199,#16200),
 .UNSPECIFIED.,.F.,.F.,(4,1,4),(0.,0.0102770619885707,0.0209745201069316),
 .UNSPECIFIED.);
#194=B_SPLINE_CURVE_WITH_KNOTS('',3,(#16203,#16204,#16205,#16206,#16207),
 .UNSPECIFIED.,.F.,.F.,(4,1,4),(0.,0.0102770619885707,0.0209745201069316),
 .UNSPECIFIED.);
#195=B_SPLINE_CURVE_WITH_KNOTS('',3,(#16219,#16220,#16221,#16222,#16223),
 .UNSPECIFIED.,.F.,.F.,(4,1,4),(0.,0.00950685273518476,0.0194567533360555),
 .UNSPECIFIED.);
#196=B_SPLINE_CURVE_WITH_KNOTS('',3,(#16226,#16227,#16228,#16229,#16230),
 .UNSPECIFIED.,.F.,.F.,(4,1,4),(0.,0.00950685273518476,0.0194567533360555),
 .UNSPECIFIED.);
#197=B_SPLINE_CURVE_WITH_KNOTS('',3,(#16242,#16243,#16244,#16245,#16246),
 .UNSPECIFIED.,.F.,.F.,(4,1,4),(0.,0.00964447574586714,0.0191513946746818),
 .UNSPECIFIED.);
#198=B_SPLINE_CURVE_WITH_KNOTS('',3,(#16249,#16250,#16251,#16252,#16253),
 .UNSPECIFIED.,.F.,.F.,(4,1,4),(0.,0.00964447574586714,0.0191513946746818),
 .UNSPECIFIED.);
#199=B_SPLINE_CURVE_WITH_KNOTS('',3,(#16265,#16266,#16267,#16268,#16269),
 .UNSPECIFIED.,.F.,.F.,(4,1,4),(0.,0.0110677767534141,0.0214529523456309),
 .UNSPECIFIED.);
#200=B_SPLINE_CURVE_WITH_KNOTS('',3,(#16272,#16273,#16274,#16275,#16276),
 .UNSPECIFIED.,.F.,.F.,(4,1,4),(0.,0.0110677767534141,0.0214529523456309),
 .UNSPECIFIED.);
#201=B_SPLINE_CURVE_WITH_KNOTS('',3,(#16288,#16289,#16290,#16291,#16292),
 .UNSPECIFIED.,.F.,.F.,(4,1,4),(0.,0.0101835958470912,0.0211811267689438),
 .UNSPECIFIED.);
#202=B_SPLINE_CURVE_WITH_KNOTS('',3,(#16295,#16296,#16297,#16298,#16299),
 .UNSPECIFIED.,.F.,.F.,(4,1,4),(0.,0.0101835958470912,0.0211811267689438),
 .UNSPECIFIED.);
#203=B_SPLINE_CURVE_WITH_KNOTS('',3,(#16311,#16312,#16313,#16314,#16315),
 .UNSPECIFIED.,.F.,.F.,(4,1,4),(0.,0.0095599906532293,0.0193897021309078),
 .UNSPECIFIED.);
#204=B_SPLINE_CURVE_WITH_KNOTS('',3,(#16318,#16319,#16320,#16321,#16322),
 .UNSPECIFIED.,.F.,.F.,(4,1,4),(0.,0.0095599906532293,0.0193897021309078),
 .UNSPECIFIED.);
#205=B_SPLINE_CURVE_WITH_KNOTS('',3,(#16334,#16335,#16336,#16337,#16338),
 .UNSPECIFIED.,.F.,.F.,(4,1,4),(0.,0.00988950786785808,0.0194800125030419),
 .UNSPECIFIED.);
#206=B_SPLINE_CURVE_WITH_KNOTS('',3,(#16341,#16342,#16343,#16344,#16345),
 .UNSPECIFIED.,.F.,.F.,(4,1,4),(0.,0.00988950786785808,0.0194800125030419),
 .UNSPECIFIED.);
#207=B_SPLINE_CURVE_WITH_KNOTS('',3,(#16357,#16358,#16359,#16360,#16361),
 .UNSPECIFIED.,.F.,.F.,(4,1,4),(0.,0.0107032800648688,0.0210348173175563),
 .UNSPECIFIED.);
#208=B_SPLINE_CURVE_WITH_KNOTS('',3,(#16364,#16365,#16366,#16367,#16368),
 .UNSPECIFIED.,.F.,.F.,(4,1,4),(0.,0.0107032800648688,0.0210348173175563),
 .UNSPECIFIED.);
#209=B_SPLINE_CURVE_WITH_KNOTS('',3,(#16379,#16380,#16381,#16382,#16383),
 .UNSPECIFIED.,.F.,.F.,(4,1,4),(0.,0.0103315198347048,0.0210348101249293),
 .UNSPECIFIED.);
#210=B_SPLINE_CURVE_WITH_KNOTS('',3,(#16384,#16385,#16386,#16387,#16388),
 .UNSPECIFIED.,.F.,.F.,(4,1,4),(0.,0.0103315198347048,0.0210348101249293),
 .UNSPECIFIED.);
#211=B_SPLINE_CURVE_WITH_KNOTS('',3,(#16401,#16402,#16403,#16404,#16405),
 .UNSPECIFIED.,.F.,.F.,(4,1,4),(0.,0.0131031274491861,0.0264640089570181),
 .UNSPECIFIED.);
#212=B_SPLINE_CURVE_WITH_KNOTS('',3,(#16409,#16410,#16411,#16412,#16413),
 .UNSPECIFIED.,.F.,.F.,(4,1,4),(0.,0.0131031274491861,0.0264640089570181),
 .UNSPECIFIED.);
#213=B_SPLINE_CURVE_WITH_KNOTS('',3,(#16426,#16427,#16428,#16429,#16430),
 .UNSPECIFIED.,.F.,.F.,(4,1,4),(0.,0.01354937331363,0.026707319707966),
 .UNSPECIFIED.);
#214=B_SPLINE_CURVE_WITH_KNOTS('',3,(#16433,#16434,#16435,#16436,#16437),
 .UNSPECIFIED.,.F.,.F.,(4,1,4),(0.,0.01354937331363,0.026707319707966),
 .UNSPECIFIED.);
#215=B_SPLINE_CURVE_WITH_KNOTS('',3,(#16449,#16450,#16451,#16452,#16453),
 .UNSPECIFIED.,.F.,.F.,(4,1,4),(0.,0.0148910470832007,0.0289000481269459),
 .UNSPECIFIED.);
#216=B_SPLINE_CURVE_WITH_KNOTS('',3,(#16456,#16457,#16458,#16459,#16460),
 .UNSPECIFIED.,.F.,.F.,(4,1,4),(0.,0.0148910470832007,0.0289000481269459),
 .UNSPECIFIED.);
#217=B_SPLINE_CURVE_WITH_KNOTS('',3,(#16472,#16473,#16474,#16475,#16476),
 .UNSPECIFIED.,.F.,.F.,(4,1,4),(0.,0.0141442505135469,0.0288946147408976),
 .UNSPECIFIED.);
#218=B_SPLINE_CURVE_WITH_KNOTS('',3,(#16479,#16480,#16481,#16482,#16483),
 .UNSPECIFIED.,.F.,.F.,(4,1,4),(0.,0.0141442505135469,0.0288946147408976),
 .UNSPECIFIED.);
#219=B_SPLINE_CURVE_WITH_KNOTS('',3,(#16495,#16496,#16497,#16498,#16499),
 .UNSPECIFIED.,.F.,.F.,(4,1,4),(0.,0.0131030992594838,0.0264640140839741),
 .UNSPECIFIED.);
#220=B_SPLINE_CURVE_WITH_KNOTS('',3,(#16502,#16503,#16504,#16505,#16506),
 .UNSPECIFIED.,.F.,.F.,(4,1,4),(0.,0.0131030992594838,0.0264640140839741),
 .UNSPECIFIED.);
#221=B_SPLINE_CURVE_WITH_KNOTS('',3,(#16518,#16519,#16520,#16521,#16522),
 .UNSPECIFIED.,.F.,.F.,(4,1,4),(0.,0.0134596653462615,0.02660740909789),
 .UNSPECIFIED.);
#222=B_SPLINE_CURVE_WITH_KNOTS('',3,(#16525,#16526,#16527,#16528,#16529),
 .UNSPECIFIED.,.F.,.F.,(4,1,4),(0.,0.0134596653462615,0.02660740909789),
 .UNSPECIFIED.);
#223=B_SPLINE_CURVE_WITH_KNOTS('',3,(#16541,#16542,#16543,#16544,#16545),
 .UNSPECIFIED.,.F.,.F.,(4,1,4),(0.,0.0144627489241087,0.0282764175393608),
 .UNSPECIFIED.);
#224=B_SPLINE_CURVE_WITH_KNOTS('',3,(#16548,#16549,#16550,#16551,#16552),
 .UNSPECIFIED.,.F.,.F.,(4,1,4),(0.,0.0144627489241087,0.0282764175393608),
 .UNSPECIFIED.);
#225=B_SPLINE_CURVE_WITH_KNOTS('',3,(#16564,#16565,#16566,#16567,#16568),
 .UNSPECIFIED.,.F.,.F.,(4,1,4),(0.,0.0138136542931768,0.0282764180607714),
 .UNSPECIFIED.);
#226=B_SPLINE_CURVE_WITH_KNOTS('',3,(#16571,#16572,#16573,#16574,#16575),
 .UNSPECIFIED.,.F.,.F.,(4,1,4),(0.,0.0138136542931768,0.0282764180607714),
 .UNSPECIFIED.);
#227=B_SPLINE_CURVE_WITH_KNOTS('',3,(#16587,#16588,#16589,#16590,#16591),
 .UNSPECIFIED.,.F.,.F.,(4,1,4),(0.,0.0131477207001661,0.0266074123165156),
 .UNSPECIFIED.);
#228=B_SPLINE_CURVE_WITH_KNOTS('',3,(#16594,#16595,#16596,#16597,#16598),
 .UNSPECIFIED.,.F.,.F.,(4,1,4),(0.,0.0131477207001661,0.0266074123165156),
 .UNSPECIFIED.);
#229=B_SPLINE_CURVE_WITH_KNOTS('',3,(#16610,#16611,#16612,#16613,#16614),
 .UNSPECIFIED.,.F.,.F.,(4,1,4),(0.,0.0134596493963882,0.0266074120373957),
 .UNSPECIFIED.);
#230=B_SPLINE_CURVE_WITH_KNOTS('',3,(#16617,#16618,#16619,#16620,#16621),
 .UNSPECIFIED.,.F.,.F.,(4,1,4),(0.,0.0134596493963882,0.0266074120373957),
 .UNSPECIFIED.);
#231=B_SPLINE_CURVE_WITH_KNOTS('',3,(#16633,#16634,#16635,#16636,#16637),
 .UNSPECIFIED.,.F.,.F.,(4,1,4),(0.,0.0147441081161899,0.0288295266880519),
 .UNSPECIFIED.);
#232=B_SPLINE_CURVE_WITH_KNOTS('',3,(#16640,#16641,#16642,#16643,#16644),
 .UNSPECIFIED.,.F.,.F.,(4,1,4),(0.,0.0147441081161899,0.0288295266880519),
 .UNSPECIFIED.);
#233=B_SPLINE_CURVE_WITH_KNOTS('',3,(#16656,#16657,#16658,#16659,#16660),
 .UNSPECIFIED.,.F.,.F.,(4,1,4),(0.,0.0139495987038422,0.0288344488050858),
 .UNSPECIFIED.);
#234=B_SPLINE_CURVE_WITH_KNOTS('',3,(#16663,#16664,#16665,#16666,#16667),
 .UNSPECIFIED.,.F.,.F.,(4,1,4),(0.,0.0139495987038422,0.0288344488050858),
 .UNSPECIFIED.);
#235=B_SPLINE_CURVE_WITH_KNOTS('',3,(#16679,#16680,#16681,#16682,#16683),
 .UNSPECIFIED.,.F.,.F.,(4,1,4),(0.,0.0132024978814568,0.0268491507227594),
 .UNSPECIFIED.);
#236=B_SPLINE_CURVE_WITH_KNOTS('',3,(#16686,#16687,#16688,#16689,#16690),
 .UNSPECIFIED.,.F.,.F.,(4,1,4),(0.,0.0132024978814568,0.0268491507227594),
 .UNSPECIFIED.);
#237=B_SPLINE_CURVE_WITH_KNOTS('',3,(#16702,#16703,#16704,#16705,#16706),
 .UNSPECIFIED.,.F.,.F.,(4,1,4),(0.,0.0133609627912556,0.0264639919380205),
 .UNSPECIFIED.);
#238=B_SPLINE_CURVE_WITH_KNOTS('',3,(#16709,#16710,#16711,#16712,#16713),
 .UNSPECIFIED.,.F.,.F.,(4,1,4),(0.,0.0133609627912556,0.0264639919380205),
 .UNSPECIFIED.);
#239=B_SPLINE_CURVE_WITH_KNOTS('',3,(#16725,#16726,#16727,#16728,#16729),
 .UNSPECIFIED.,.F.,.F.,(4,1,4),(0.,0.0144691376710217,0.0283428014164351),
 .UNSPECIFIED.);
#240=B_SPLINE_CURVE_WITH_KNOTS('',3,(#16732,#16733,#16734,#16735,#16736),
 .UNSPECIFIED.,.F.,.F.,(4,1,4),(0.,0.0144691376710217,0.0283428014164351),
 .UNSPECIFIED.);
#241=B_SPLINE_CURVE_WITH_KNOTS('',3,(#16747,#16748,#16749,#16750,#16751),
 .UNSPECIFIED.,.F.,.F.,(4,1,4),(0.,0.0138736780055397,0.0283428008396144),
 .UNSPECIFIED.);
#242=B_SPLINE_CURVE_WITH_KNOTS('',3,(#16752,#16753,#16754,#16755,#16756),
 .UNSPECIFIED.,.F.,.F.,(4,1,4),(0.,0.0138736780055397,0.0283428008396144),
 .UNSPECIFIED.);
#243=B_SPLINE_CURVE_WITH_KNOTS('',3,(#16795,#16796,#16797,#16798,#16799),
 .UNSPECIFIED.,.F.,.F.,(4,1,4),(0.,0.00497221002346283,0.0103194004846387),
 .UNSPECIFIED.);
#244=B_SPLINE_CURVE_WITH_KNOTS('',3,(#16803,#16804,#16805,#16806,#16807),
 .UNSPECIFIED.,.F.,.F.,(4,1,4),(0.,0.00497221002346283,0.0103194004846387),
 .UNSPECIFIED.);
#245=B_SPLINE_CURVE_WITH_KNOTS('',3,(#16820,#16821,#16822,#16823,#16824),
 .UNSPECIFIED.,.F.,.F.,(4,1,4),(0.,0.0053471987268769,0.0103192889585478),
 .UNSPECIFIED.);
#246=B_SPLINE_CURVE_WITH_KNOTS('',3,(#16827,#16828,#16829,#16830,#16831),
 .UNSPECIFIED.,.F.,.F.,(4,1,4),(0.,0.0053471987268769,0.0103192889585478),
 .UNSPECIFIED.);
#247=B_SPLINE_CURVE_WITH_KNOTS('',3,(#16843,#16844,#16845,#16846,#16847),
 .UNSPECIFIED.,.F.,.F.,(4,1,4),(0.,0.00547075386453045,0.0107674610191922),
 .UNSPECIFIED.);
#248=B_SPLINE_CURVE_WITH_KNOTS('',3,(#16850,#16851,#16852,#16853,#16854),
 .UNSPECIFIED.,.F.,.F.,(4,1,4),(0.,0.00547075386453045,0.0107674610191922),
 .UNSPECIFIED.);
#249=B_SPLINE_CURVE_WITH_KNOTS('',3,(#16866,#16867,#16868,#16869,#16870),
 .UNSPECIFIED.,.F.,.F.,(4,1,4),(0.,0.00546766192752843,0.011007742096706),
 .UNSPECIFIED.);
#250=B_SPLINE_CURVE_WITH_KNOTS('',3,(#16873,#16874,#16875,#16876,#16877),
 .UNSPECIFIED.,.F.,.F.,(4,1,4),(0.,0.00546766192752843,0.011007742096706),
 .UNSPECIFIED.);
#251=B_SPLINE_CURVE_WITH_KNOTS('',3,(#16889,#16890,#16891,#16892,#16893),
 .UNSPECIFIED.,.F.,.F.,(4,1,4),(0.,0.00495853121694245,0.0101911782079128),
 .UNSPECIFIED.);
#252=B_SPLINE_CURVE_WITH_KNOTS('',3,(#16896,#16897,#16898,#16899,#16900),
 .UNSPECIFIED.,.F.,.F.,(4,1,4),(0.,0.00495853121694245,0.0101911782079128),
 .UNSPECIFIED.);
#253=B_SPLINE_CURVE_WITH_KNOTS('',3,(#16912,#16913,#16914,#16915,#16916),
 .UNSPECIFIED.,.F.,.F.,(4,1,4),(0.,0.00523264306930776,0.0101912928139302),
 .UNSPECIFIED.);
#254=B_SPLINE_CURVE_WITH_KNOTS('',3,(#16919,#16920,#16921,#16922,#16923),
 .UNSPECIFIED.,.F.,.F.,(4,1,4),(0.,0.00523264306930776,0.0101912928139302),
 .UNSPECIFIED.);
#255=B_SPLINE_CURVE_WITH_KNOTS('',3,(#16935,#16936,#16937,#16938,#16939),
 .UNSPECIFIED.,.F.,.F.,(4,1,4),(0.,0.00554006554294309,0.0110076703055633),
 .UNSPECIFIED.);
#256=B_SPLINE_CURVE_WITH_KNOTS('',3,(#16942,#16943,#16944,#16945,#16946),
 .UNSPECIFIED.,.F.,.F.,(4,1,4),(0.,0.00554006554294309,0.0110076703055633),
 .UNSPECIFIED.);
#257=B_SPLINE_CURVE_WITH_KNOTS('',3,(#16957,#16958,#16959,#16960,#16961),
 .UNSPECIFIED.,.F.,.F.,(4,1,4),(0.,0.00529663562780024,0.0107673894923307),
 .UNSPECIFIED.);
#258=B_SPLINE_CURVE_WITH_KNOTS('',3,(#16962,#16963,#16964,#16965,#16966),
 .UNSPECIFIED.,.F.,.F.,(4,1,4),(0.,0.00529663562780024,0.0107673894923307),
 .UNSPECIFIED.);
#259=B_SPLINE_CURVE_WITH_KNOTS('',3,(#16980,#16981,#16982,#16983,#16984),
 .UNSPECIFIED.,.F.,.F.,(4,1,4),(0.,0.00798803534151734,0.0155606871566363),
 .UNSPECIFIED.);
#260=B_SPLINE_CURVE_WITH_KNOTS('',3,(#16988,#16989,#16990,#16991,#16992),
 .UNSPECIFIED.,.F.,.F.,(4,1,4),(0.,0.00798803534151734,0.0155606871566363),
 .UNSPECIFIED.);
#261=B_SPLINE_CURVE_WITH_KNOTS('',3,(#17005,#17006,#17007,#17008,#17009),
 .UNSPECIFIED.,.F.,.F.,(4,1,4),(0.,0.00607510258357916,0.0135729519135599),
 .UNSPECIFIED.);
#262=B_SPLINE_CURVE_WITH_KNOTS('',3,(#17012,#17013,#17014,#17015,#17016),
 .UNSPECIFIED.,.F.,.F.,(4,1,4),(0.,0.00607510258357916,0.0135729519135599),
 .UNSPECIFIED.);
#263=B_SPLINE_CURVE_WITH_KNOTS('',3,(#17046,#17047,#17048,#17049,#17050),
 .UNSPECIFIED.,.F.,.F.,(4,1,4),(0.,0.0128647426229543,0.029028262652713),
 .UNSPECIFIED.);
#264=B_SPLINE_CURVE_WITH_KNOTS('',3,(#17053,#17054,#17055,#17056,#17057),
 .UNSPECIFIED.,.F.,.F.,(4,1,4),(0.,0.0128647426229543,0.029028262652713),
 .UNSPECIFIED.);
#265=B_SPLINE_CURVE_WITH_KNOTS('',3,(#17069,#17070,#17071,#17072,#17073),
 .UNSPECIFIED.,.F.,.F.,(4,1,4),(0.,0.00924174265242103,0.0199754965610056),
 .UNSPECIFIED.);
#266=B_SPLINE_CURVE_WITH_KNOTS('',3,(#17076,#17077,#17078,#17079,#17080),
 .UNSPECIFIED.,.F.,.F.,(4,1,4),(0.,0.00924174265242103,0.0199754965610056),
 .UNSPECIFIED.);
#267=B_SPLINE_CURVE_WITH_KNOTS('',3,(#17092,#17093,#17094,#17095,#17096),
 .UNSPECIFIED.,.F.,.F.,(4,1,4),(0.,0.00703555775261019,0.0152607618178933),
 .UNSPECIFIED.);
#268=B_SPLINE_CURVE_WITH_KNOTS('',3,(#17099,#17100,#17101,#17102,#17103),
 .UNSPECIFIED.,.F.,.F.,(4,1,4),(0.,0.00703555775261019,0.0152607618178933),
 .UNSPECIFIED.);
#269=B_SPLINE_CURVE_WITH_KNOTS('',3,(#17115,#17116,#17117,#17118,#17119),
 .UNSPECIFIED.,.F.,.F.,(4,1,4),(0.,0.00269846563801251,0.00799274842070332),
 .UNSPECIFIED.);
#270=B_SPLINE_CURVE_WITH_KNOTS('',3,(#17122,#17123,#17124,#17125,#17126),
 .UNSPECIFIED.,.F.,.F.,(4,1,4),(0.,0.00269846563801251,0.00799274842070332),
 .UNSPECIFIED.);
#271=B_SPLINE_CURVE_WITH_KNOTS('',3,(#17138,#17139,#17140,#17141,#17142),
 .UNSPECIFIED.,.F.,.F.,(4,1,4),(0.,0.0140520705462756,0.0316763033959696),
 .UNSPECIFIED.);
#272=B_SPLINE_CURVE_WITH_KNOTS('',3,(#17145,#17146,#17147,#17148,#17149),
 .UNSPECIFIED.,.F.,.F.,(4,1,4),(0.,0.0140520705462756,0.0316763033959696),
 .UNSPECIFIED.);
#273=B_SPLINE_CURVE_WITH_KNOTS('',3,(#17161,#17162,#17163,#17164,#17165),
 .UNSPECIFIED.,.F.,.F.,(4,1,4),(0.,0.0195142911119789,0.0348184671191689),
 .UNSPECIFIED.);
#274=B_SPLINE_CURVE_WITH_KNOTS('',3,(#17168,#17169,#17170,#17171,#17172),
 .UNSPECIFIED.,.F.,.F.,(4,1,4),(0.,0.0195142911119789,0.0348184671191689),
 .UNSPECIFIED.);
#275=B_SPLINE_CURVE_WITH_KNOTS('',3,(#17202,#17203,#17204,#17205,#17206),
 .UNSPECIFIED.,.F.,.F.,(4,1,4),(0.,0.0185617857844689,0.040733996732076),
 .UNSPECIFIED.);
#276=B_SPLINE_CURVE_WITH_KNOTS('',3,(#17209,#17210,#17211,#17212,#17213),
 .UNSPECIFIED.,.F.,.F.,(4,1,4),(0.,0.0185617857844689,0.040733996732076),
 .UNSPECIFIED.);
#277=B_SPLINE_CURVE_WITH_KNOTS('',3,(#17225,#17226,#17227,#17228,#17229),
 .UNSPECIFIED.,.F.,.F.,(4,1,4),(0.,0.0223629130303815,0.0408728810992983),
 .UNSPECIFIED.);
#278=B_SPLINE_CURVE_WITH_KNOTS('',3,(#17232,#17233,#17234,#17235,#17236),
 .UNSPECIFIED.,.F.,.F.,(4,1,4),(0.,0.0223629130303815,0.0408728810992983),
 .UNSPECIFIED.);
#279=B_SPLINE_CURVE_WITH_KNOTS('',3,(#17248,#17249,#17250,#17251,#17252),
 .UNSPECIFIED.,.F.,.F.,(4,1,4),(0.,0.0068710008912238,0.0134573551365406),
 .UNSPECIFIED.);
#280=B_SPLINE_CURVE_WITH_KNOTS('',3,(#17255,#17256,#17257,#17258,#17259),
 .UNSPECIFIED.,.F.,.F.,(4,1,4),(0.,0.0068710008912238,0.0134573551365406),
 .UNSPECIFIED.);
#281=B_SPLINE_CURVE_WITH_KNOTS('',3,(#17271,#17272,#17273,#17274,#17275),
 .UNSPECIFIED.,.F.,.F.,(4,1,4),(0.,0.00675899912668094,0.0134587495161785),
 .UNSPECIFIED.);
#282=B_SPLINE_CURVE_WITH_KNOTS('',3,(#17278,#17279,#17280,#17281,#17282),
 .UNSPECIFIED.,.F.,.F.,(4,1,4),(0.,0.00675899912668094,0.0134587495161785),
 .UNSPECIFIED.);
#283=B_SPLINE_CURVE_WITH_KNOTS('',3,(#17294,#17295,#17296,#17297,#17298),
 .UNSPECIFIED.,.F.,.F.,(4,1,4),(0.,0.00657391797887463,0.0131991561794351),
 .UNSPECIFIED.);
#284=B_SPLINE_CURVE_WITH_KNOTS('',3,(#17301,#17302,#17303,#17304,#17305),
 .UNSPECIFIED.,.F.,.F.,(4,1,4),(0.,0.00657391797887463,0.0131991561794351),
 .UNSPECIFIED.);
#285=B_SPLINE_CURVE_WITH_KNOTS('',3,(#17317,#17318,#17319,#17320,#17321),
 .UNSPECIFIED.,.F.,.F.,(4,1,4),(0.,0.00624867323595276,0.0126953919647158),
 .UNSPECIFIED.);
#286=B_SPLINE_CURVE_WITH_KNOTS('',3,(#17324,#17325,#17326,#17327,#17328),
 .UNSPECIFIED.,.F.,.F.,(4,1,4),(0.,0.00624867323595276,0.0126953919647158),
 .UNSPECIFIED.);
#287=B_SPLINE_CURVE_WITH_KNOTS('',3,(#17346,#17347,#17348,#17349,#17350),
 .UNSPECIFIED.,.F.,.F.,(4,1,4),(0.,0.00515971996787247,0.0104567937363848),
 .UNSPECIFIED.);
#288=B_SPLINE_CURVE_WITH_KNOTS('',3,(#17353,#17354,#17355,#17356,#17357),
 .UNSPECIFIED.,.F.,.F.,(4,1,4),(0.,0.00515971996787247,0.0104567937363848),
 .UNSPECIFIED.);
#289=B_SPLINE_CURVE_WITH_KNOTS('',3,(#17369,#17370,#17371,#17372,#17373),
 .UNSPECIFIED.,.F.,.F.,(4,1,4),(0.,0.00538393454463405,0.0107530275590304),
 .UNSPECIFIED.);
#290=B_SPLINE_CURVE_WITH_KNOTS('',3,(#17376,#17377,#17378,#17379,#17380),
 .UNSPECIFIED.,.F.,.F.,(4,1,4),(0.,0.00538393454463405,0.0107530275590304),
 .UNSPECIFIED.);
#291=B_SPLINE_SURFACE_WITH_KNOTS('',3,1,((#13835,#13836),(#13837,#13838),
(#13839,#13840),(#13841,#13842),(#13843,#13844)),.UNSPECIFIED.,.F.,.F.,
 .F.,(4,1,4),(2,2),(0.,0.00800019872090697,0.015577784872498),(0.,0.02),
 .UNSPECIFIED.);
#292=B_SPLINE_SURFACE_WITH_KNOTS('',3,1,((#13861,#13862),(#13863,#13864),
(#13865,#13866),(#13867,#13868),(#13869,#13870)),.UNSPECIFIED.,.F.,.F.,
 .F.,(4,1,4),(2,2),(0.,0.00607385577454082,0.0135627206577029),(0.,0.02),
 .UNSPECIFIED.);
#293=B_SPLINE_SURFACE_WITH_KNOTS('',3,1,((#13902,#13903),(#13904,#13905),
(#13906,#13907),(#13908,#13909),(#13910,#13911)),.UNSPECIFIED.,.F.,.F.,
 .F.,(4,1,4),(2,2),(0.,0.0128647426229543,0.0290282722884257),(0.,0.02),
 .UNSPECIFIED.);
#294=B_SPLINE_SURFACE_WITH_KNOTS('',3,1,((#13925,#13926),(#13927,#13928),
(#13929,#13930),(#13931,#13932),(#13933,#13934)),.UNSPECIFIED.,.F.,.F.,
 .F.,(4,1,4),(2,2),(0.,0.00939662111196145,0.0201700556568669),(0.,0.02),
 .UNSPECIFIED.);
#295=B_SPLINE_SURFACE_WITH_KNOTS('',3,1,((#13948,#13949),(#13950,#13951),
(#13952,#13953),(#13954,#13955),(#13956,#13957)),.UNSPECIFIED.,.F.,.F.,
 .F.,(4,1,4),(2,2),(0.,0.00696829408215241,0.015010482534642),(0.,0.02),
 .UNSPECIFIED.);
#296=B_SPLINE_SURFACE_WITH_KNOTS('',3,1,((#13971,#13972),(#13973,#13974),
(#13975,#13976),(#13977,#13978),(#13979,#13980)),.UNSPECIFIED.,.F.,.F.,
 .F.,(4,1,4),(2,2),(0.,0.0026984671979395,0.00799269114456182),(0.,0.02),
 .UNSPECIFIED.);
#297=B_SPLINE_SURFACE_WITH_KNOTS('',3,1,((#13994,#13995),(#13996,#13997),
(#13998,#13999),(#14000,#14001),(#14002,#14003)),.UNSPECIFIED.,.F.,.F.,
 .F.,(4,1,4),(2,2),(0.,0.00818843697911763,0.0178188780340456),(0.,0.02),
 .UNSPECIFIED.);
#298=B_SPLINE_SURFACE_WITH_KNOTS('',3,1,((#14017,#14018),(#14019,#14020),
(#14021,#14022),(#14023,#14024),(#14025,#14026)),.UNSPECIFIED.,.F.,.F.,
 .F.,(4,1,4),(2,2),(0.,0.00699190573690023,0.0141862688334975),(0.,0.02),
 .UNSPECIFIED.);
#299=B_SPLINE_SURFACE_WITH_KNOTS('',3,1,((#14040,#14041),(#14042,#14043),
(#14044,#14045),(#14046,#14047),(#14048,#14049)),.UNSPECIFIED.,.F.,.F.,
 .F.,(4,1,4),(2,2),(0.,0.00815821805003488,0.0155492301240119),(0.,0.02),
 .UNSPECIFIED.);
#300=B_SPLINE_SURFACE_WITH_KNOTS('',3,1,((#14063,#14064),(#14065,#14066),
(#14067,#14068),(#14069,#14070),(#14071,#14072)),.UNSPECIFIED.,.F.,.F.,
 .F.,(4,1,4),(2,2),(0.,0.010389999834622,0.0195884276188355),(0.,0.02),
 .UNSPECIFIED.);
#301=B_SPLINE_SURFACE_WITH_KNOTS('',3,1,((#14104,#14105),(#14106,#14107),
(#14108,#14109),(#14110,#14111),(#14112,#14113)),.UNSPECIFIED.,.F.,.F.,
 .F.,(4,1,4),(2,2),(0.,0.0187466364920834,0.0409888154432016),(0.,0.02),
 .UNSPECIFIED.);
#302=B_SPLINE_SURFACE_WITH_KNOTS('',3,1,((#14127,#14128),(#14129,#14130),
(#14131,#14132),(#14133,#14134),(#14135,#14136)),.UNSPECIFIED.,.F.,.F.,
 .F.,(4,1,4),(2,2),(0.,0.0223523767363645,0.0407467966962482),(0.,0.02),
 .UNSPECIFIED.);
#303=B_SPLINE_SURFACE_WITH_KNOTS('',3,1,((#14150,#14151),(#14152,#14153),
(#14154,#14155),(#14156,#14157),(#14158,#14159)),.UNSPECIFIED.,.F.,.F.,
 .F.,(4,1,4),(2,2),(0.,0.00666425804946036,0.0131801833071615),(0.,0.02),
 .UNSPECIFIED.);
#304=B_SPLINE_SURFACE_WITH_KNOTS('',3,1,((#14173,#14174),(#14175,#14176),
(#14177,#14178),(#14179,#14180),(#14181,#14182)),.UNSPECIFIED.,.F.,.F.,
 .F.,(4,1,4),(2,2),(0.,0.00673313861581466,0.0136128795319733),(0.,0.02),
 .UNSPECIFIED.);
#305=B_SPLINE_SURFACE_WITH_KNOTS('',3,1,((#14196,#14197),(#14198,#14199),
(#14200,#14201),(#14202,#14203),(#14204,#14205)),.UNSPECIFIED.,.F.,.F.,
 .F.,(4,1,4),(2,2),(0.,0.00661884604695471,0.0133571670162085),(0.,0.02),
 .UNSPECIFIED.);
#306=B_SPLINE_SURFACE_WITH_KNOTS('',3,1,((#14219,#14220),(#14221,#14222),
(#14223,#14224),(#14225,#14226),(#14227,#14228)),.UNSPECIFIED.,.F.,.F.,
 .F.,(4,1,4),(2,2),(0.,0.00624870691790607,0.0126954365835484),(0.,0.02),
 .UNSPECIFIED.);
#307=B_SPLINE_SURFACE_WITH_KNOTS('',3,1,((#14258,#14259),(#14260,#14261),
(#14262,#14263),(#14264,#14265),(#14266,#14267)),.UNSPECIFIED.,.F.,.F.,
 .F.,(4,1,4),(2,2),(0.,0.00531960868596552,0.0104870711095405),(0.,0.02),
 .UNSPECIFIED.);
#308=B_SPLINE_SURFACE_WITH_KNOTS('',3,1,((#14358,#14359),(#14360,#14361),
(#14362,#14363),(#14364,#14365),(#14366,#14367)),.UNSPECIFIED.,.F.,.F.,
 .F.,(4,1,4),(2,2),(0.,0.00800019872090697,0.015577784872498),(0.,0.02),
 .UNSPECIFIED.);
#309=B_SPLINE_SURFACE_WITH_KNOTS('',3,1,((#14384,#14385),(#14386,#14387),
(#14388,#14389),(#14390,#14391),(#14392,#14393)),.UNSPECIFIED.,.F.,.F.,
 .F.,(4,1,4),(2,2),(0.,0.00607385508170422,0.0135627216515935),(0.,0.02),
 .UNSPECIFIED.);
#310=B_SPLINE_SURFACE_WITH_KNOTS('',3,1,((#14425,#14426),(#14427,#14428),
(#14429,#14430),(#14431,#14432),(#14433,#14434)),.UNSPECIFIED.,.F.,.F.,
 .F.,(4,1,4),(2,2),(0.,0.0128647818877248,0.0290283115531961),(0.,0.02),
 .UNSPECIFIED.);
#311=B_SPLINE_SURFACE_WITH_KNOTS('',3,1,((#14448,#14449),(#14450,#14451),
(#14452,#14453),(#14454,#14455),(#14456,#14457)),.UNSPECIFIED.,.F.,.F.,
 .F.,(4,1,4),(2,2),(0.,0.00939666501253499,0.0201700323541938),(0.,0.02),
 .UNSPECIFIED.);
#312=B_SPLINE_SURFACE_WITH_KNOTS('',3,1,((#14471,#14472),(#14473,#14474),
(#14475,#14476),(#14477,#14478),(#14479,#14480)),.UNSPECIFIED.,.F.,.F.,
 .F.,(4,1,4),(2,2),(0.,0.00696829408215241,0.015010482534642),(0.,0.02),
 .UNSPECIFIED.);
#313=B_SPLINE_SURFACE_WITH_KNOTS('',3,1,((#14494,#14495),(#14496,#14497),
(#14498,#14499),(#14500,#14501),(#14502,#14503)),.UNSPECIFIED.,.F.,.F.,
 .F.,(4,1,4),(2,2),(0.,0.0026984671979395,0.00799263230851052),(0.,0.02),
 .UNSPECIFIED.);
#314=B_SPLINE_SURFACE_WITH_KNOTS('',3,1,((#14517,#14518),(#14519,#14520),
(#14521,#14522),(#14523,#14524),(#14525,#14526)),.UNSPECIFIED.,.F.,.F.,
 .F.,(4,1,4),(2,2),(0.,0.00818837940420558,0.0178189987916676),(0.,0.02),
 .UNSPECIFIED.);
#315=B_SPLINE_SURFACE_WITH_KNOTS('',3,1,((#14540,#14541),(#14542,#14543),
(#14544,#14545),(#14546,#14547),(#14548,#14549)),.UNSPECIFIED.,.F.,.F.,
 .F.,(4,1,4),(2,2),(0.,0.00699182265605277,0.01418618575265),(0.,0.02),
 .UNSPECIFIED.);
#316=B_SPLINE_SURFACE_WITH_KNOTS('',3,1,((#14563,#14564),(#14565,#14566),
(#14567,#14568),(#14569,#14570),(#14571,#14572)),.UNSPECIFIED.,.F.,.F.,
 .F.,(4,1,4),(2,2),(0.,0.00815825107216439,0.0155492631461414),(0.,0.02),
 .UNSPECIFIED.);
#317=B_SPLINE_SURFACE_WITH_KNOTS('',3,1,((#14586,#14587),(#14588,#14589),
(#14590,#14591),(#14592,#14593),(#14594,#14595)),.UNSPECIFIED.,.F.,.F.,
 .F.,(4,1,4),(2,2),(0.,0.0103899974039706,0.0195884334255121),(0.,0.02),
 .UNSPECIFIED.);
#318=B_SPLINE_SURFACE_WITH_KNOTS('',3,1,((#14627,#14628),(#14629,#14630),
(#14631,#14632),(#14633,#14634),(#14635,#14636)),.UNSPECIFIED.,.F.,.F.,
 .F.,(4,1,4),(2,2),(0.,0.0187466654577474,0.0409888444088656),(0.,0.02),
 .UNSPECIFIED.);
#319=B_SPLINE_SURFACE_WITH_KNOTS('',3,1,((#14650,#14651),(#14652,#14653),
(#14654,#14655),(#14656,#14657),(#14658,#14659)),.UNSPECIFIED.,.F.,.F.,
 .F.,(4,1,4),(2,2),(0.,0.0223523177925438,0.0407468379841373),(0.,0.02),
 .UNSPECIFIED.);
#320=B_SPLINE_SURFACE_WITH_KNOTS('',3,1,((#14673,#14674),(#14675,#14676),
(#14677,#14678),(#14679,#14680),(#14681,#14682)),.UNSPECIFIED.,.F.,.F.,
 .F.,(4,1,4),(2,2),(0.,0.00666425804946036,0.0131801833071615),(0.,0.02),
 .UNSPECIFIED.);
#321=B_SPLINE_SURFACE_WITH_KNOTS('',3,1,((#14696,#14697),(#14698,#14699),
(#14700,#14701),(#14702,#14703),(#14704,#14705)),.UNSPECIFIED.,.F.,.F.,
 .F.,(4,1,4),(2,2),(0.,0.00673313861581466,0.0136127657273373),(0.,0.02),
 .UNSPECIFIED.);
#322=B_SPLINE_SURFACE_WITH_KNOTS('',3,1,((#14719,#14720),(#14721,#14722),
(#14723,#14724),(#14725,#14726),(#14727,#14728)),.UNSPECIFIED.,.F.,.F.,
 .F.,(4,1,4),(2,2),(0.,0.00661884604695471,0.0133572669665005),(0.,0.02),
 .UNSPECIFIED.);
#323=B_SPLINE_SURFACE_WITH_KNOTS('',3,1,((#14742,#14743),(#14744,#14745),
(#14746,#14747),(#14748,#14749),(#14750,#14751)),.UNSPECIFIED.,.F.,.F.,
 .F.,(4,1,4),(2,2),(0.,0.00624870691790607,0.0126953556183315),(0.,0.02),
 .UNSPECIFIED.);
#324=B_SPLINE_SURFACE_WITH_KNOTS('',3,1,((#14781,#14782),(#14783,#14784),
(#14785,#14786),(#14787,#14788),(#14789,#14790)),.UNSPECIFIED.,.F.,.F.,
 .F.,(4,1,4),(2,2),(0.,0.0053195976089533,0.0104870600325282),(0.,0.02),
 .UNSPECIFIED.);
#325=B_SPLINE_SURFACE_WITH_KNOTS('',3,1,((#14817,#14818),(#14819,#14820),
(#14821,#14822),(#14823,#14824),(#14825,#14826)),.UNSPECIFIED.,.F.,.F.,
 .F.,(4,1,4),(2,2),(0.,0.00834227884862054,0.0169110764047469),(0.,0.02),
 .UNSPECIFIED.);
#326=B_SPLINE_SURFACE_WITH_KNOTS('',3,1,((#14840,#14841),(#14842,#14843),
(#14844,#14845),(#14846,#14847),(#14848,#14849)),.UNSPECIFIED.,.F.,.F.,
 .F.,(4,1,4),(2,2),(0.,0.00771814439827516,0.0155083239118544),(0.,0.02),
 .UNSPECIFIED.);
#327=B_SPLINE_SURFACE_WITH_KNOTS('',3,1,((#14863,#14864),(#14865,#14866),
(#14867,#14868),(#14869,#14870),(#14871,#14872)),.UNSPECIFIED.,.F.,.F.,
 .F.,(4,1,4),(2,2),(0.,0.00803242871562469,0.0156860178150343),(0.,0.02),
 .UNSPECIFIED.);
#328=B_SPLINE_SURFACE_WITH_KNOTS('',3,1,((#14886,#14887),(#14888,#14889),
(#14890,#14891),(#14892,#14893),(#14894,#14895)),.UNSPECIFIED.,.F.,.F.,
 .F.,(4,1,4),(2,2),(0.,0.0095011803064227,0.0179439860206311),(0.,0.02),
 .UNSPECIFIED.);
#329=B_SPLINE_SURFACE_WITH_KNOTS('',3,1,((#14909,#14910),(#14911,#14912),
(#14913,#14914),(#14915,#14916),(#14917,#14918)),.UNSPECIFIED.,.F.,.F.,
 .F.,(4,1,4),(2,2),(0.,0.00571289657800196,0.0113696392437723),(0.,0.02),
 .UNSPECIFIED.);
#330=B_SPLINE_SURFACE_WITH_KNOTS('',3,1,((#14932,#14933),(#14934,#14935),
(#14936,#14937),(#14938,#14939),(#14940,#14941)),.UNSPECIFIED.,.F.,.F.,
 .F.,(4,1,4),(2,2),(0.,0.0053383734345033,0.010787633373065),(0.,0.02),
 .UNSPECIFIED.);
#331=B_SPLINE_SURFACE_WITH_KNOTS('',3,1,((#14955,#14956),(#14957,#14958),
(#14959,#14960),(#14961,#14962),(#14963,#14964)),.UNSPECIFIED.,.F.,.F.,
 .F.,(4,1,4),(2,2),(0.,0.00528347185493591,0.0106455699651031),(0.,0.02),
 .UNSPECIFIED.);
#332=B_SPLINE_SURFACE_WITH_KNOTS('',3,1,((#14978,#14979),(#14980,#14981),
(#14982,#14983),(#14984,#14985),(#14986,#14987)),.UNSPECIFIED.,.F.,.F.,
 .F.,(4,1,4),(2,2),(0.,0.00610660068620797,0.0116695580411738),(0.,0.02),
 .UNSPECIFIED.);
#333=B_SPLINE_SURFACE_WITH_KNOTS('',3,1,((#15001,#15002),(#15003,#15004),
(#15005,#15006),(#15007,#15008),(#15009,#15010)),.UNSPECIFIED.,.F.,.F.,
 .F.,(4,1,4),(2,2),(0.,0.00841818986365758,0.017407115913109),(0.,0.02),
 .UNSPECIFIED.);
#334=B_SPLINE_SURFACE_WITH_KNOTS('',3,1,((#15024,#15025),(#15026,#15027),
(#15028,#15029),(#15030,#15031),(#15032,#15033)),.UNSPECIFIED.,.F.,.F.,
 .F.,(4,1,4),(2,2),(0.,0.00956343374576524,0.0186738400538397),(0.,0.02),
 .UNSPECIFIED.);
#335=B_SPLINE_SURFACE_WITH_KNOTS('',3,1,((#15047,#15048),(#15049,#15050),
(#15051,#15052),(#15053,#15054),(#15055,#15056)),.UNSPECIFIED.,.F.,.F.,
 .F.,(4,1,4),(2,2),(0.,0.0103724984353614,0.0206521057747979),(0.,0.02),
 .UNSPECIFIED.);
#336=B_SPLINE_SURFACE_WITH_KNOTS('',3,1,((#15070,#15071),(#15072,#15073),
(#15074,#15075),(#15076,#15077),(#15078,#15079)),.UNSPECIFIED.,.F.,.F.,
 .F.,(4,1,4),(2,2),(0.,0.00798303934191581,0.0178200027457918),(0.,0.02),
 .UNSPECIFIED.);
#337=B_SPLINE_SURFACE_WITH_KNOTS('',3,1,((#15096,#15097),(#15098,#15099),
(#15100,#15101),(#15102,#15103),(#15104,#15105)),.UNSPECIFIED.,.F.,.F.,
 .F.,(4,1,4),(2,2),(0.,0.0137972274106861,0.0263004665025064),(0.,0.02),
 .UNSPECIFIED.);
#338=B_SPLINE_SURFACE_WITH_KNOTS('',3,1,((#15122,#15123),(#15124,#15125),
(#15126,#15127),(#15128,#15129),(#15130,#15131)),.UNSPECIFIED.,.F.,.F.,
 .F.,(4,1,4),(2,2),(0.,0.0135712794302316,0.0274836985049146),(0.,0.02),
 .UNSPECIFIED.);
#339=B_SPLINE_SURFACE_WITH_KNOTS('',3,1,((#15145,#15146),(#15147,#15148),
(#15149,#15150),(#15151,#15152),(#15153,#15154)),.UNSPECIFIED.,.F.,.F.,
 .F.,(4,1,4),(2,2),(0.,0.0124704596645674,0.0252614914707917),(0.,0.02),
 .UNSPECIFIED.);
#340=B_SPLINE_SURFACE_WITH_KNOTS('',3,1,((#15168,#15169),(#15170,#15171),
(#15172,#15173),(#15174,#15175),(#15176,#15177)),.UNSPECIFIED.,.F.,.F.,
 .F.,(4,1,4),(2,2),(0.,0.0144817014025355,0.0269114842350938),(0.,0.02),
 .UNSPECIFIED.);
#341=B_SPLINE_SURFACE_WITH_KNOTS('',3,1,((#15191,#15192),(#15193,#15194),
(#15195,#15196),(#15197,#15198),(#15199,#15200)),.UNSPECIFIED.,.F.,.F.,
 .F.,(4,1,4),(2,2),(0.,0.00837543195173706,0.0174614648415761),(0.,0.02),
 .UNSPECIFIED.);
#342=B_SPLINE_SURFACE_WITH_KNOTS('',3,1,((#15214,#15215),(#15216,#15217),
(#15218,#15219),(#15220,#15221),(#15222,#15223)),.UNSPECIFIED.,.F.,.F.,
 .F.,(4,1,4),(2,2),(0.,0.00794020213212436,0.0159128667695308),(0.,0.02),
 .UNSPECIFIED.);
#343=B_SPLINE_SURFACE_WITH_KNOTS('',3,1,((#15237,#15238),(#15239,#15240),
(#15241,#15242),(#15243,#15244),(#15245,#15246)),.UNSPECIFIED.,.F.,.F.,
 .F.,(4,1,4),(2,2),(0.,0.00829045808192511,0.016368849109959),(0.,0.02),
 .UNSPECIFIED.);
#344=B_SPLINE_SURFACE_WITH_KNOTS('',3,1,((#15260,#15261),(#15262,#15263),
(#15264,#15265),(#15266,#15267),(#15268,#15269)),.UNSPECIFIED.,.F.,.F.,
 .F.,(4,1,4),(2,2),(0.,0.00863926358457428,0.0171879553597846),(0.,0.02),
 .UNSPECIFIED.);
#345=B_SPLINE_SURFACE_WITH_KNOTS('',3,1,((#15283,#15284),(#15285,#15286),
(#15287,#15288),(#15289,#15290),(#15291,#15292)),.UNSPECIFIED.,.F.,.F.,
 .F.,(4,1,4),(2,2),(0.,0.0129981500845845,0.0278957263082834),(0.,0.02),
 .UNSPECIFIED.);
#346=B_SPLINE_SURFACE_WITH_KNOTS('',3,1,((#15306,#15307),(#15308,#15309),
(#15310,#15311),(#15312,#15313),(#15314,#15315)),.UNSPECIFIED.,.F.,.F.,
 .F.,(4,1,4),(2,2),(0.,0.0145372465986067,0.0276167211553809),(0.,0.02),
 .UNSPECIFIED.);
#347=B_SPLINE_SURFACE_WITH_KNOTS('',3,1,((#15335,#15336),(#15337,#15338),
(#15339,#15340),(#15341,#15342),(#15343,#15344)),.UNSPECIFIED.,.F.,.F.,
 .F.,(4,1,4),(2,2),(0.,0.00558310886415948,0.0110214475344549),(0.,0.02),
 .UNSPECIFIED.);
#348=B_SPLINE_SURFACE_WITH_KNOTS('',3,1,((#15358,#15359),(#15360,#15361),
(#15362,#15363),(#15364,#15365),(#15366,#15367)),.UNSPECIFIED.,.F.,.F.,
 .F.,(4,1,4),(2,2),(0.,0.00507393169539729,0.0105488052793777),(0.,0.02),
 .UNSPECIFIED.);
#349=B_SPLINE_SURFACE_WITH_KNOTS('',3,1,((#15387,#15388),(#15389,#15390),
(#15391,#15392),(#15393,#15394),(#15395,#15396)),.UNSPECIFIED.,.F.,.F.,
 .F.,(4,1,4),(2,2),(0.,0.0075336699159673,0.0136659715808567),(0.,0.02),
 .UNSPECIFIED.);
#350=B_SPLINE_SURFACE_WITH_KNOTS('',3,1,((#15410,#15411),(#15412,#15413),
(#15414,#15415),(#15416,#15417),(#15418,#15419)),.UNSPECIFIED.,.F.,.F.,
 .F.,(4,1,4),(2,2),(0.,0.00784026698001642,0.0161138514402389),(0.,0.02),
 .UNSPECIFIED.);
#351=B_SPLINE_SURFACE_WITH_KNOTS('',3,1,((#15439,#15440),(#15441,#15442),
(#15443,#15444),(#15445,#15446),(#15447,#15448)),.UNSPECIFIED.,.F.,.F.,
 .F.,(4,1,4),(2,2),(0.,0.0100520843335445,0.0213946906979433),(0.,0.02),
 .UNSPECIFIED.);
#352=B_SPLINE_SURFACE_WITH_KNOTS('',3,1,((#15462,#15463),(#15464,#15465),
(#15466,#15467),(#15468,#15469),(#15470,#15471)),.UNSPECIFIED.,.F.,.F.,
 .F.,(4,1,4),(2,2),(0.,0.00869816487125328,0.0179044524090139),(0.,0.02),
 .UNSPECIFIED.);
#353=B_SPLINE_SURFACE_WITH_KNOTS('',3,1,((#15485,#15486),(#15487,#15488),
(#15489,#15490),(#15491,#15492),(#15493,#15494)),.UNSPECIFIED.,.F.,.F.,
 .F.,(4,1,4),(2,2),(0.,0.00914328915765115,0.0179440885997564),(0.,0.02),
 .UNSPECIFIED.);
#354=B_SPLINE_SURFACE_WITH_KNOTS('',3,1,((#15508,#15509),(#15510,#15511),
(#15512,#15513),(#15514,#15515),(#15516,#15517)),.UNSPECIFIED.,.F.,.F.,
 .F.,(4,1,4),(2,2),(0.,0.00941913094590774,0.0186349172604765),(0.,0.02),
 .UNSPECIFIED.);
#355=B_SPLINE_SURFACE_WITH_KNOTS('',3,1,((#15531,#15532),(#15533,#15534),
(#15535,#15536),(#15537,#15538),(#15539,#15540)),.UNSPECIFIED.,.F.,.F.,
 .F.,(4,1,4),(2,2),(0.,0.0273986636857213,0.060377288547747),(0.,0.02),
 .UNSPECIFIED.);
#356=B_SPLINE_SURFACE_WITH_KNOTS('',3,1,((#15560,#15561),(#15562,#15563),
(#15564,#15565),(#15566,#15567),(#15568,#15569)),.UNSPECIFIED.,.F.,.F.,
 .F.,(4,1,4),(2,2),(0.,0.0220260150110944,0.0440718881434054),(0.,0.02),
 .UNSPECIFIED.);
#357=B_SPLINE_SURFACE_WITH_KNOTS('',3,1,((#15583,#15584),(#15585,#15586),
(#15587,#15588),(#15589,#15590),(#15591,#15592)),.UNSPECIFIED.,.F.,.F.,
 .F.,(4,1,4),(2,2),(0.,0.0270000630448698,0.0538213614538951),(0.,0.02),
 .UNSPECIFIED.);
#358=B_SPLINE_SURFACE_WITH_KNOTS('',3,1,((#15625,#15626),(#15627,#15628),
(#15629,#15630),(#15631,#15632),(#15633,#15634)),.UNSPECIFIED.,.F.,.F.,
 .F.,(4,1,4),(2,2),(0.,0.0189746682198615,0.0403753539237999),(0.,0.02),
 .UNSPECIFIED.);
#359=B_SPLINE_SURFACE_WITH_KNOTS('',3,1,((#15648,#15649),(#15650,#15651),
(#15652,#15653),(#15654,#15655),(#15656,#15657)),.UNSPECIFIED.,.F.,.F.,
 .F.,(4,1,4),(2,2),(0.,0.0162487156971895,0.0336522812693034),(0.,0.02),
 .UNSPECIFIED.);
#360=B_SPLINE_SURFACE_WITH_KNOTS('',3,1,((#15671,#15672),(#15673,#15674),
(#15675,#15676),(#15677,#15678),(#15679,#15680)),.UNSPECIFIED.,.F.,.F.,
 .F.,(4,1,4),(2,2),(0.,0.01544408738035,0.0310617424598485),(0.,0.02),
 .UNSPECIFIED.);
#361=B_SPLINE_SURFACE_WITH_KNOTS('',3,1,((#15694,#15695),(#15696,#15697),
(#15698,#15699),(#15700,#15701),(#15702,#15703)),.UNSPECIFIED.,.F.,.F.,
 .F.,(4,1,4),(2,2),(0.,0.0153131462033254,0.0305439990401525),(0.,0.02),
 .UNSPECIFIED.);
#362=B_SPLINE_SURFACE_WITH_KNOTS('',3,1,((#15717,#15718),(#15719,#15720),
(#15721,#15722),(#15723,#15724),(#15725,#15726)),.UNSPECIFIED.,.F.,.F.,
 .F.,(4,1,4),(2,2),(0.,0.0154352855250342,0.030818777949076),(0.,0.02),
 .UNSPECIFIED.);
#363=B_SPLINE_SURFACE_WITH_KNOTS('',3,1,((#15740,#15741),(#15742,#15743),
(#15744,#15745),(#15746,#15747),(#15748,#15749)),.UNSPECIFIED.,.F.,.F.,
 .F.,(4,1,4),(2,2),(0.,0.0157276893173661,0.0310453641063593),(0.,0.02),
 .UNSPECIFIED.);
#364=B_SPLINE_SURFACE_WITH_KNOTS('',3,1,((#15763,#15764),(#15765,#15766),
(#15767,#15768),(#15769,#15770),(#15771,#15772)),.UNSPECIFIED.,.F.,.F.,
 .F.,(4,1,4),(2,2),(0.,0.0174687775089881,0.0336276146919029),(0.,0.02),
 .UNSPECIFIED.);
#365=B_SPLINE_SURFACE_WITH_KNOTS('',3,1,((#15786,#15787),(#15788,#15789),
(#15790,#15791),(#15792,#15793),(#15794,#15795)),.UNSPECIFIED.,.F.,.F.,
 .F.,(4,1,4),(2,2),(0.,0.0213949756540363,0.0403115976554674),(0.,0.02),
 .UNSPECIFIED.);
#366=B_SPLINE_SURFACE_WITH_KNOTS('',3,1,((#15827,#15828),(#15829,#15830),
(#15831,#15832),(#15833,#15834),(#15835,#15836)),.UNSPECIFIED.,.F.,.F.,
 .F.,(4,1,4),(2,2),(0.,0.0192178854674237,0.0379263676025965),(0.,0.02),
 .UNSPECIFIED.);
#367=B_SPLINE_SURFACE_WITH_KNOTS('',3,1,((#15850,#15851),(#15852,#15853),
(#15854,#15855),(#15856,#15857),(#15858,#15859)),.UNSPECIFIED.,.F.,.F.,
 .F.,(4,1,4),(2,2),(0.,0.0193136483821235,0.0388614274746431),(0.,0.02),
 .UNSPECIFIED.);
#368=B_SPLINE_SURFACE_WITH_KNOTS('',3,1,((#15873,#15874),(#15875,#15876),
(#15877,#15878),(#15879,#15880),(#15881,#15882)),.UNSPECIFIED.,.F.,.F.,
 .F.,(4,1,4),(2,2),(0.,0.0202793283135296,0.040056708742069),(0.,0.02),
 .UNSPECIFIED.);
#369=B_SPLINE_SURFACE_WITH_KNOTS('',3,1,((#15896,#15897),(#15898,#15899),
(#15900,#15901),(#15902,#15903),(#15904,#15905)),.UNSPECIFIED.,.F.,.F.,
 .F.,(4,1,4),(2,2),(0.,0.0236321497583912,0.0450724279688443),(0.,0.02),
 .UNSPECIFIED.);
#370=B_SPLINE_SURFACE_WITH_KNOTS('',3,1,((#15919,#15920),(#15921,#15922),
(#15923,#15924),(#15925,#15926),(#15927,#15928)),.UNSPECIFIED.,.F.,.F.,
 .F.,(4,1,4),(2,2),(0.,0.0213735480026265,0.0447948751215991),(0.,0.02),
 .UNSPECIFIED.);
#371=B_SPLINE_SURFACE_WITH_KNOTS('',3,1,((#15942,#15943),(#15944,#15945),
(#15946,#15947),(#15948,#15949),(#15950,#15951)),.UNSPECIFIED.,.F.,.F.,
 .F.,(4,1,4),(2,2),(0.,0.019676242087202,0.0400752315445976),(0.,0.02),
 .UNSPECIFIED.);
#372=B_SPLINE_SURFACE_WITH_KNOTS('',3,1,((#15965,#15966),(#15967,#15968),
(#15969,#15970),(#15971,#15972),(#15973,#15974)),.UNSPECIFIED.,.F.,.F.,
 .F.,(4,1,4),(2,2),(0.,0.0195759496559171,0.0390096897833453),(0.,0.02),
 .UNSPECIFIED.);
#373=B_SPLINE_SURFACE_WITH_KNOTS('',3,1,((#15988,#15989),(#15990,#15991),
(#15992,#15993),(#15994,#15995),(#15996,#15997)),.UNSPECIFIED.,.F.,.F.,
 .F.,(4,1,4),(2,2),(0.,0.018708480897681,0.0379263735932079),(0.,0.02),
 .UNSPECIFIED.);
#374=B_SPLINE_SURFACE_WITH_KNOTS('',3,1,((#16021,#16022),(#16023,#16024),
(#16025,#16026),(#16027,#16028),(#16029,#16030)),.UNSPECIFIED.,.F.,.F.,
 .F.,(4,1,4),(2,2),(0.,0.00959043353178279,0.0194799781109519),(0.,0.02),
 .UNSPECIFIED.);
#375=B_SPLINE_SURFACE_WITH_KNOTS('',3,1,((#16047,#16048),(#16049,#16050),
(#16051,#16052),(#16053,#16054),(#16055,#16056)),.UNSPECIFIED.,.F.,.F.,
 .F.,(4,1,4),(2,2),(0.,0.00993343058767628,0.0195399962877719),(0.,0.02),
 .UNSPECIFIED.);
#376=B_SPLINE_SURFACE_WITH_KNOTS('',3,1,((#16070,#16071),(#16072,#16073),
(#16074,#16075),(#16076,#16077),(#16078,#16079)),.UNSPECIFIED.,.F.,.F.,
 .F.,(4,1,4),(2,2),(0.,0.0109909549579123,0.0211104367318831),(0.,0.02),
 .UNSPECIFIED.);
#377=B_SPLINE_SURFACE_WITH_KNOTS('',3,1,((#16093,#16094),(#16095,#16096),
(#16097,#16098),(#16099,#16100),(#16101,#16102)),.UNSPECIFIED.,.F.,.F.,
 .F.,(4,1,4),(2,2),(0.,0.0103223136494689,0.0213835562005191),(0.,0.02),
 .UNSPECIFIED.);
#378=B_SPLINE_SURFACE_WITH_KNOTS('',3,1,((#16116,#16117),(#16118,#16119),
(#16120,#16121),(#16122,#16123),(#16124,#16125)),.UNSPECIFIED.,.F.,.F.,
 .F.,(4,1,4),(2,2),(0.,0.00955376250995013,0.0193039208114728),(0.,0.02),
 .UNSPECIFIED.);
#379=B_SPLINE_SURFACE_WITH_KNOTS('',3,1,((#16139,#16140),(#16141,#16142),
(#16143,#16144),(#16145,#16146),(#16147,#16148)),.UNSPECIFIED.,.F.,.F.,
 .F.,(4,1,4),(2,2),(0.,0.00994988716882531,0.0194567399040101),(0.,0.02),
 .UNSPECIFIED.);
#380=B_SPLINE_SURFACE_WITH_KNOTS('',3,1,((#16162,#16163),(#16164,#16165),
(#16166,#16167),(#16168,#16169),(#16170,#16171)),.UNSPECIFIED.,.F.,.F.,
 .F.,(4,1,4),(2,2),(0.,0.0106974729726895,0.0209745349612602),(0.,0.02),
 .UNSPECIFIED.);
#381=B_SPLINE_SURFACE_WITH_KNOTS('',3,1,((#16185,#16186),(#16187,#16188),
(#16189,#16190),(#16191,#16192),(#16193,#16194)),.UNSPECIFIED.,.F.,.F.,
 .F.,(4,1,4),(2,2),(0.,0.0102770619885707,0.0209745201069316),(0.,0.02),
 .UNSPECIFIED.);
#382=B_SPLINE_SURFACE_WITH_KNOTS('',3,1,((#16208,#16209),(#16210,#16211),
(#16212,#16213),(#16214,#16215),(#16216,#16217)),.UNSPECIFIED.,.F.,.F.,
 .F.,(4,1,4),(2,2),(0.,0.00950685273518476,0.0194567533360555),(0.,0.02),
 .UNSPECIFIED.);
#383=B_SPLINE_SURFACE_WITH_KNOTS('',3,1,((#16231,#16232),(#16233,#16234),
(#16235,#16236),(#16237,#16238),(#16239,#16240)),.UNSPECIFIED.,.F.,.F.,
 .F.,(4,1,4),(2,2),(0.,0.00964447574586714,0.0191513946746818),(0.,0.02),
 .UNSPECIFIED.);
#384=B_SPLINE_SURFACE_WITH_KNOTS('',3,1,((#16254,#16255),(#16256,#16257),
(#16258,#16259),(#16260,#16261),(#16262,#16263)),.UNSPECIFIED.,.F.,.F.,
 .F.,(4,1,4),(2,2),(0.,0.0110677767534141,0.0214529523456309),(0.,0.02),
 .UNSPECIFIED.);
#385=B_SPLINE_SURFACE_WITH_KNOTS('',3,1,((#16277,#16278),(#16279,#16280),
(#16281,#16282),(#16283,#16284),(#16285,#16286)),.UNSPECIFIED.,.F.,.F.,
 .F.,(4,1,4),(2,2),(0.,0.0101835958470912,0.0211811267689438),(0.,0.02),
 .UNSPECIFIED.);
#386=B_SPLINE_SURFACE_WITH_KNOTS('',3,1,((#16300,#16301),(#16302,#16303),
(#16304,#16305),(#16306,#16307),(#16308,#16309)),.UNSPECIFIED.,.F.,.F.,
 .F.,(4,1,4),(2,2),(0.,0.0095599906532293,0.0193897021309078),(0.,0.02),
 .UNSPECIFIED.);
#387=B_SPLINE_SURFACE_WITH_KNOTS('',3,1,((#16323,#16324),(#16325,#16326),
(#16327,#16328),(#16329,#16330),(#16331,#16332)),.UNSPECIFIED.,.F.,.F.,
 .F.,(4,1,4),(2,2),(0.,0.00988950786785808,0.0194800125030419),(0.,0.02),
 .UNSPECIFIED.);
#388=B_SPLINE_SURFACE_WITH_KNOTS('',3,1,((#16346,#16347),(#16348,#16349),
(#16350,#16351),(#16352,#16353),(#16354,#16355)),.UNSPECIFIED.,.F.,.F.,
 .F.,(4,1,4),(2,2),(0.,0.0107032800648688,0.0210348173175563),(0.,0.02),
 .UNSPECIFIED.);
#389=B_SPLINE_SURFACE_WITH_KNOTS('',3,1,((#16369,#16370),(#16371,#16372),
(#16373,#16374),(#16375,#16376),(#16377,#16378)),.UNSPECIFIED.,.F.,.F.,
 .F.,(4,1,4),(2,2),(0.,0.0103315198347048,0.0210348101249293),(0.,0.02),
 .UNSPECIFIED.);
#390=B_SPLINE_SURFACE_WITH_KNOTS('',3,1,((#16389,#16390),(#16391,#16392),
(#16393,#16394),(#16395,#16396),(#16397,#16398)),.UNSPECIFIED.,.F.,.F.,
 .F.,(4,1,4),(2,2),(0.,0.0131031274491861,0.0264640089570181),(0.,0.02),
 .UNSPECIFIED.);
#391=B_SPLINE_SURFACE_WITH_KNOTS('',3,1,((#16415,#16416),(#16417,#16418),
(#16419,#16420),(#16421,#16422),(#16423,#16424)),.UNSPECIFIED.,.F.,.F.,
 .F.,(4,1,4),(2,2),(0.,0.01354937331363,0.026707319707966),(0.,0.02),
 .UNSPECIFIED.);
#392=B_SPLINE_SURFACE_WITH_KNOTS('',3,1,((#16438,#16439),(#16440,#16441),
(#16442,#16443),(#16444,#16445),(#16446,#16447)),.UNSPECIFIED.,.F.,.F.,
 .F.,(4,1,4),(2,2),(0.,0.0148910470832007,0.0289000481269459),(0.,0.02),
 .UNSPECIFIED.);
#393=B_SPLINE_SURFACE_WITH_KNOTS('',3,1,((#16461,#16462),(#16463,#16464),
(#16465,#16466),(#16467,#16468),(#16469,#16470)),.UNSPECIFIED.,.F.,.F.,
 .F.,(4,1,4),(2,2),(0.,0.0141442505135469,0.0288946147408976),(0.,0.02),
 .UNSPECIFIED.);
#394=B_SPLINE_SURFACE_WITH_KNOTS('',3,1,((#16484,#16485),(#16486,#16487),
(#16488,#16489),(#16490,#16491),(#16492,#16493)),.UNSPECIFIED.,.F.,.F.,
 .F.,(4,1,4),(2,2),(0.,0.0131030992594838,0.0264640140839741),(0.,0.02),
 .UNSPECIFIED.);
#395=B_SPLINE_SURFACE_WITH_KNOTS('',3,1,((#16507,#16508),(#16509,#16510),
(#16511,#16512),(#16513,#16514),(#16515,#16516)),.UNSPECIFIED.,.F.,.F.,
 .F.,(4,1,4),(2,2),(0.,0.0134596653462615,0.02660740909789),(0.,0.02),
 .UNSPECIFIED.);
#396=B_SPLINE_SURFACE_WITH_KNOTS('',3,1,((#16530,#16531),(#16532,#16533),
(#16534,#16535),(#16536,#16537),(#16538,#16539)),.UNSPECIFIED.,.F.,.F.,
 .F.,(4,1,4),(2,2),(0.,0.0144627489241087,0.0282764175393608),(0.,0.02),
 .UNSPECIFIED.);
#397=B_SPLINE_SURFACE_WITH_KNOTS('',3,1,((#16553,#16554),(#16555,#16556),
(#16557,#16558),(#16559,#16560),(#16561,#16562)),.UNSPECIFIED.,.F.,.F.,
 .F.,(4,1,4),(2,2),(0.,0.0138136542931768,0.0282764180607714),(0.,0.02),
 .UNSPECIFIED.);
#398=B_SPLINE_SURFACE_WITH_KNOTS('',3,1,((#16576,#16577),(#16578,#16579),
(#16580,#16581),(#16582,#16583),(#16584,#16585)),.UNSPECIFIED.,.F.,.F.,
 .F.,(4,1,4),(2,2),(0.,0.0131477207001661,0.0266074123165156),(0.,0.02),
 .UNSPECIFIED.);
#399=B_SPLINE_SURFACE_WITH_KNOTS('',3,1,((#16599,#16600),(#16601,#16602),
(#16603,#16604),(#16605,#16606),(#16607,#16608)),.UNSPECIFIED.,.F.,.F.,
 .F.,(4,1,4),(2,2),(0.,0.0134596493963882,0.0266074120373957),(0.,0.02),
 .UNSPECIFIED.);
#400=B_SPLINE_SURFACE_WITH_KNOTS('',3,1,((#16622,#16623),(#16624,#16625),
(#16626,#16627),(#16628,#16629),(#16630,#16631)),.UNSPECIFIED.,.F.,.F.,
 .F.,(4,1,4),(2,2),(0.,0.0147441081161899,0.0288295266880519),(0.,0.02),
 .UNSPECIFIED.);
#401=B_SPLINE_SURFACE_WITH_KNOTS('',3,1,((#16645,#16646),(#16647,#16648),
(#16649,#16650),(#16651,#16652),(#16653,#16654)),.UNSPECIFIED.,.F.,.F.,
 .F.,(4,1,4),(2,2),(0.,0.0139495987038422,0.0288344488050858),(0.,0.02),
 .UNSPECIFIED.);
#402=B_SPLINE_SURFACE_WITH_KNOTS('',3,1,((#16668,#16669),(#16670,#16671),
(#16672,#16673),(#16674,#16675),(#16676,#16677)),.UNSPECIFIED.,.F.,.F.,
 .F.,(4,1,4),(2,2),(0.,0.0132024978814568,0.0268491507227594),(0.,0.02),
 .UNSPECIFIED.);
#403=B_SPLINE_SURFACE_WITH_KNOTS('',3,1,((#16691,#16692),(#16693,#16694),
(#16695,#16696),(#16697,#16698),(#16699,#16700)),.UNSPECIFIED.,.F.,.F.,
 .F.,(4,1,4),(2,2),(0.,0.0133609627912556,0.0264639919380205),(0.,0.02),
 .UNSPECIFIED.);
#404=B_SPLINE_SURFACE_WITH_KNOTS('',3,1,((#16714,#16715),(#16716,#16717),
(#16718,#16719),(#16720,#16721),(#16722,#16723)),.UNSPECIFIED.,.F.,.F.,
 .F.,(4,1,4),(2,2),(0.,0.0144691376710217,0.0283428014164351),(0.,0.02),
 .UNSPECIFIED.);
#405=B_SPLINE_SURFACE_WITH_KNOTS('',3,1,((#16737,#16738),(#16739,#16740),
(#16741,#16742),(#16743,#16744),(#16745,#16746)),.UNSPECIFIED.,.F.,.F.,
 .F.,(4,1,4),(2,2),(0.,0.0138736780055397,0.0283428008396144),(0.,0.02),
 .UNSPECIFIED.);
#406=B_SPLINE_SURFACE_WITH_KNOTS('',3,1,((#16783,#16784),(#16785,#16786),
(#16787,#16788),(#16789,#16790),(#16791,#16792)),.UNSPECIFIED.,.F.,.F.,
 .F.,(4,1,4),(2,2),(0.,0.00497221002346283,0.0103194004846387),(0.,0.02),
 .UNSPECIFIED.);
#407=B_SPLINE_SURFACE_WITH_KNOTS('',3,1,((#16809,#16810),(#16811,#16812),
(#16813,#16814),(#16815,#16816),(#16817,#16818)),.UNSPECIFIED.,.F.,.F.,
 .F.,(4,1,4),(2,2),(0.,0.0053471987268769,0.0103192889585478),(0.,0.02),
 .UNSPECIFIED.);
#408=B_SPLINE_SURFACE_WITH_KNOTS('',3,1,((#16832,#16833),(#16834,#16835),
(#16836,#16837),(#16838,#16839),(#16840,#16841)),.UNSPECIFIED.,.F.,.F.,
 .F.,(4,1,4),(2,2),(0.,0.00547075386453045,0.0107674610191922),(0.,0.02),
 .UNSPECIFIED.);
#409=B_SPLINE_SURFACE_WITH_KNOTS('',3,1,((#16855,#16856),(#16857,#16858),
(#16859,#16860),(#16861,#16862),(#16863,#16864)),.UNSPECIFIED.,.F.,.F.,
 .F.,(4,1,4),(2,2),(0.,0.00546766192752843,0.011007742096706),(0.,0.02),
 .UNSPECIFIED.);
#410=B_SPLINE_SURFACE_WITH_KNOTS('',3,1,((#16878,#16879),(#16880,#16881),
(#16882,#16883),(#16884,#16885),(#16886,#16887)),.UNSPECIFIED.,.F.,.F.,
 .F.,(4,1,4),(2,2),(0.,0.00495853121694245,0.0101911782079128),(0.,0.02),
 .UNSPECIFIED.);
#411=B_SPLINE_SURFACE_WITH_KNOTS('',3,1,((#16901,#16902),(#16903,#16904),
(#16905,#16906),(#16907,#16908),(#16909,#16910)),.UNSPECIFIED.,.F.,.F.,
 .F.,(4,1,4),(2,2),(0.,0.00523264306930776,0.0101912928139302),(0.,0.02),
 .UNSPECIFIED.);
#412=B_SPLINE_SURFACE_WITH_KNOTS('',3,1,((#16924,#16925),(#16926,#16927),
(#16928,#16929),(#16930,#16931),(#16932,#16933)),.UNSPECIFIED.,.F.,.F.,
 .F.,(4,1,4),(2,2),(0.,0.00554006554294309,0.0110076703055633),(0.,0.02),
 .UNSPECIFIED.);
#413=B_SPLINE_SURFACE_WITH_KNOTS('',3,1,((#16947,#16948),(#16949,#16950),
(#16951,#16952),(#16953,#16954),(#16955,#16956)),.UNSPECIFIED.,.F.,.F.,
 .F.,(4,1,4),(2,2),(0.,0.00529663562780024,0.0107673894923307),(0.,0.02),
 .UNSPECIFIED.);
#414=B_SPLINE_SURFACE_WITH_KNOTS('',3,1,((#16968,#16969),(#16970,#16971),
(#16972,#16973),(#16974,#16975),(#16976,#16977)),.UNSPECIFIED.,.F.,.F.,
 .F.,(4,1,4),(2,2),(0.,0.00798803534151734,0.0155606871566363),(0.,0.02),
 .UNSPECIFIED.);
#415=B_SPLINE_SURFACE_WITH_KNOTS('',3,1,((#16994,#16995),(#16996,#16997),
(#16998,#16999),(#17000,#17001),(#17002,#17003)),.UNSPECIFIED.,.F.,.F.,
 .F.,(4,1,4),(2,2),(0.,0.00607510258357916,0.0135729519135599),(0.,0.02),
 .UNSPECIFIED.);
#416=B_SPLINE_SURFACE_WITH_KNOTS('',3,1,((#17035,#17036),(#17037,#17038),
(#17039,#17040),(#17041,#17042),(#17043,#17044)),.UNSPECIFIED.,.F.,.F.,
 .F.,(4,1,4),(2,2),(0.,0.0128647426229543,0.029028262652713),(0.,0.02),
 .UNSPECIFIED.);
#417=B_SPLINE_SURFACE_WITH_KNOTS('',3,1,((#17058,#17059),(#17060,#17061),
(#17062,#17063),(#17064,#17065),(#17066,#17067)),.UNSPECIFIED.,.F.,.F.,
 .F.,(4,1,4),(2,2),(0.,0.00924174265242103,0.0199754965610056),(0.,0.02),
 .UNSPECIFIED.);
#418=B_SPLINE_SURFACE_WITH_KNOTS('',3,1,((#17081,#17082),(#17083,#17084),
(#17085,#17086),(#17087,#17088),(#17089,#17090)),.UNSPECIFIED.,.F.,.F.,
 .F.,(4,1,4),(2,2),(0.,0.00703555775261019,0.0152607618178933),(0.,0.02),
 .UNSPECIFIED.);
#419=B_SPLINE_SURFACE_WITH_KNOTS('',3,1,((#17104,#17105),(#17106,#17107),
(#17108,#17109),(#17110,#17111),(#17112,#17113)),.UNSPECIFIED.,.F.,.F.,
 .F.,(4,1,4),(2,2),(0.,0.00269846563801251,0.00799274842070332),(0.,0.02),
 .UNSPECIFIED.);
#420=B_SPLINE_SURFACE_WITH_KNOTS('',3,1,((#17127,#17128),(#17129,#17130),
(#17131,#17132),(#17133,#17134),(#17135,#17136)),.UNSPECIFIED.,.F.,.F.,
 .F.,(4,1,4),(2,2),(0.,0.0140520705462756,0.0316763033959696),(0.,0.02),
 .UNSPECIFIED.);
#421=B_SPLINE_SURFACE_WITH_KNOTS('',3,1,((#17150,#17151),(#17152,#17153),
(#17154,#17155),(#17156,#17157),(#17158,#17159)),.UNSPECIFIED.,.F.,.F.,
 .F.,(4,1,4),(2,2),(0.,0.0195142911119789,0.0348184671191689),(0.,0.02),
 .UNSPECIFIED.);
#422=B_SPLINE_SURFACE_WITH_KNOTS('',3,1,((#17191,#17192),(#17193,#17194),
(#17195,#17196),(#17197,#17198),(#17199,#17200)),.UNSPECIFIED.,.F.,.F.,
 .F.,(4,1,4),(2,2),(0.,0.0185617857844689,0.040733996732076),(0.,0.02),
 .UNSPECIFIED.);
#423=B_SPLINE_SURFACE_WITH_KNOTS('',3,1,((#17214,#17215),(#17216,#17217),
(#17218,#17219),(#17220,#17221),(#17222,#17223)),.UNSPECIFIED.,.F.,.F.,
 .F.,(4,1,4),(2,2),(0.,0.0223629130303815,0.0408728810992983),(0.,0.02),
 .UNSPECIFIED.);
#424=B_SPLINE_SURFACE_WITH_KNOTS('',3,1,((#17237,#17238),(#17239,#17240),
(#17241,#17242),(#17243,#17244),(#17245,#17246)),.UNSPECIFIED.,.F.,.F.,
 .F.,(4,1,4),(2,2),(0.,0.0068710008912238,0.0134573551365406),(0.,0.02),
 .UNSPECIFIED.);
#425=B_SPLINE_SURFACE_WITH_KNOTS('',3,1,((#17260,#17261),(#17262,#17263),
(#17264,#17265),(#17266,#17267),(#17268,#17269)),.UNSPECIFIED.,.F.,.F.,
 .F.,(4,1,4),(2,2),(0.,0.00675899912668094,0.0134587495161785),(0.,0.02),
 .UNSPECIFIED.);
#426=B_SPLINE_SURFACE_WITH_KNOTS('',3,1,((#17283,#17284),(#17285,#17286),
(#17287,#17288),(#17289,#17290),(#17291,#17292)),.UNSPECIFIED.,.F.,.F.,
 .F.,(4,1,4),(2,2),(0.,0.00657391797887463,0.0131991561794351),(0.,0.02),
 .UNSPECIFIED.);
#427=B_SPLINE_SURFACE_WITH_KNOTS('',3,1,((#17306,#17307),(#17308,#17309),
(#17310,#17311),(#17312,#17313),(#17314,#17315)),.UNSPECIFIED.,.F.,.F.,
 .F.,(4,1,4),(2,2),(0.,0.00624867323595276,0.0126953919647158),(0.,0.02),
 .UNSPECIFIED.);
#428=B_SPLINE_SURFACE_WITH_KNOTS('',3,1,((#17335,#17336),(#17337,#17338),
(#17339,#17340),(#17341,#17342),(#17343,#17344)),.UNSPECIFIED.,.F.,.F.,
 .F.,(4,1,4),(2,2),(0.,0.00515971996787247,0.0104567937363848),(0.,0.02),
 .UNSPECIFIED.);
#429=B_SPLINE_SURFACE_WITH_KNOTS('',3,1,((#17358,#17359),(#17360,#17361),
(#17362,#17363),(#17364,#17365),(#17366,#17367)),.UNSPECIFIED.,.F.,.F.,
 .F.,(4,1,4),(2,2),(0.,0.00538393454463405,0.0107530275590304),(0.,0.02),
 .UNSPECIFIED.);
#430=TOROIDAL_SURFACE('',#10085,4.,1.);
#431=TOROIDAL_SURFACE('',#10091,4.,1.);
#432=TOROIDAL_SURFACE('',#10097,4.,1.);
#433=TOROIDAL_SURFACE('',#10103,4.,1.);
#434=TOROIDAL_SURFACE('',#10339,3.,2.);
#435=TOROIDAL_SURFACE('',#10344,3.,2.);
#436=TOROIDAL_SURFACE('',#10349,3.,2.);
#437=TOROIDAL_SURFACE('',#10354,3.,2.);
#438=ITEM_DEFINED_TRANSFORMATION($,$,#9871,#9938);
#439=ITEM_DEFINED_TRANSFORMATION($,$,#9940,#9983);
#440=ITEM_DEFINED_TRANSFORMATION($,$,#9870,#10078);
#441=ITEM_DEFINED_TRANSFORMATION($,$,#9939,#10079);
#442=ITEM_DEFINED_TRANSFORMATION($,$,#9984,#10080);
#443=ITEM_DEFINED_TRANSFORMATION($,$,#9869,#10383);
#444=ITEM_DEFINED_TRANSFORMATION($,$,#10081,#10384);
#445=ITEM_DEFINED_TRANSFORMATION($,$,#10223,#10385);
#446=ITEM_DEFINED_TRANSFORMATION($,$,#10366,#10386);
#447=ITEM_DEFINED_TRANSFORMATION($,$,#9868,#10387);
#448=(
REPRESENTATION_RELATIONSHIP($,$,#17709,#17708)
REPRESENTATION_RELATIONSHIP_WITH_TRANSFORMATION(#438)
SHAPE_REPRESENTATION_RELATIONSHIP()
);
#449=(
REPRESENTATION_RELATIONSHIP($,$,#17711,#17710)
REPRESENTATION_RELATIONSHIP_WITH_TRANSFORMATION(#439)
SHAPE_REPRESENTATION_RELATIONSHIP()
);
#450=(
REPRESENTATION_RELATIONSHIP($,$,#17708,#17707)
REPRESENTATION_RELATIONSHIP_WITH_TRANSFORMATION(#440)
SHAPE_REPRESENTATION_RELATIONSHIP()
);
#451=(
REPRESENTATION_RELATIONSHIP($,$,#17710,#17707)
REPRESENTATION_RELATIONSHIP_WITH_TRANSFORMATION(#441)
SHAPE_REPRESENTATION_RELATIONSHIP()
);
#452=(
REPRESENTATION_RELATIONSHIP($,$,#17712,#17707)
REPRESENTATION_RELATIONSHIP_WITH_TRANSFORMATION(#442)
SHAPE_REPRESENTATION_RELATIONSHIP()
);
#453=(
REPRESENTATION_RELATIONSHIP($,$,#17707,#17706)
REPRESENTATION_RELATIONSHIP_WITH_TRANSFORMATION(#443)
SHAPE_REPRESENTATION_RELATIONSHIP()
);
#454=(
REPRESENTATION_RELATIONSHIP($,$,#17713,#17706)
REPRESENTATION_RELATIONSHIP_WITH_TRANSFORMATION(#444)
SHAPE_REPRESENTATION_RELATIONSHIP()
);
#455=(
REPRESENTATION_RELATIONSHIP($,$,#17714,#17706)
REPRESENTATION_RELATIONSHIP_WITH_TRANSFORMATION(#445)
SHAPE_REPRESENTATION_RELATIONSHIP()
);
#456=(
REPRESENTATION_RELATIONSHIP($,$,#17715,#17706)
REPRESENTATION_RELATIONSHIP_WITH_TRANSFORMATION(#446)
SHAPE_REPRESENTATION_RELATIONSHIP()
);
#457=(
REPRESENTATION_RELATIONSHIP($,$,#17706,#17705)
REPRESENTATION_RELATIONSHIP_WITH_TRANSFORMATION(#447)
SHAPE_REPRESENTATION_RELATIONSHIP()
);
#458=CONTEXT_DEPENDENT_SHAPE_REPRESENTATION(#448,#17689);
#459=CONTEXT_DEPENDENT_SHAPE_REPRESENTATION(#449,#17692);
#460=CONTEXT_DEPENDENT_SHAPE_REPRESENTATION(#450,#17694);
#461=CONTEXT_DEPENDENT_SHAPE_REPRESENTATION(#451,#17695);
#462=CONTEXT_DEPENDENT_SHAPE_REPRESENTATION(#452,#17696);
#463=CONTEXT_DEPENDENT_SHAPE_REPRESENTATION(#453,#17700);
#464=CONTEXT_DEPENDENT_SHAPE_REPRESENTATION(#454,#17701);
#465=CONTEXT_DEPENDENT_SHAPE_REPRESENTATION(#455,#17702);
#466=CONTEXT_DEPENDENT_SHAPE_REPRESENTATION(#456,#17703);
#467=CONTEXT_DEPENDENT_SHAPE_REPRESENTATION(#457,#17704);
#468=NEXT_ASSEMBLY_USAGE_OCCURRENCE('SOLID:1','SOLID:1','SOLID:1',#17720,
#17721,'SOLID:1');
#469=NEXT_ASSEMBLY_USAGE_OCCURRENCE('SOLID (1):1','SOLID (1):1',
'SOLID (1):1',#17722,#17723,'SOLID (1):1');
#470=NEXT_ASSEMBLY_USAGE_OCCURRENCE('LED_0805_2012Metric:1',
'LED_0805_2012Metric:1','LED_0805_2012Metric:1',#17719,#17720,
'LED_0805_2012Metric:1');
#471=NEXT_ASSEMBLY_USAGE_OCCURRENCE('R_0805_2012Metric:1',
'R_0805_2012Metric:1','R_0805_2012Metric:1',#17719,#17722,
'R_0805_2012Metric:1');
#472=NEXT_ASSEMBLY_USAGE_OCCURRENCE('lightboard PCB:1',
'lightboard PCB:1','lightboard PCB:1',#17719,#17724,'lightboard PCB:1');
#473=NEXT_ASSEMBLY_USAGE_OCCURRENCE('lightboard:1','lightboard:1',
'lightboard:1',#17718,#17719,'lightboard:1');
#474=NEXT_ASSEMBLY_USAGE_OCCURRENCE('Bottom:1','Bottom:1','Bottom:1',#17718,
#17725,'Bottom:1');
#475=NEXT_ASSEMBLY_USAGE_OCCURRENCE('Lid:1','Lid:1','Lid:1',#17718,#17726,
'Lid:1');
#476=NEXT_ASSEMBLY_USAGE_OCCURRENCE('LED:1','LED:1','LED:1',#17718,#17727,
'LED:1');
#477=NEXT_ASSEMBLY_USAGE_OCCURRENCE('Lab6:1','Lab6:1','Lab6:1',#17717,#17718,
'Lab6:1');
#478=SHAPE_REPRESENTATION_RELATIONSHIP('SRR','None',#17709,#484);
#479=SHAPE_REPRESENTATION_RELATIONSHIP('SRR','None',#17711,#485);
#480=SHAPE_REPRESENTATION_RELATIONSHIP('SRR','None',#17712,#486);
#481=SHAPE_REPRESENTATION_RELATIONSHIP('SRR','None',#17713,#487);
#482=SHAPE_REPRESENTATION_RELATIONSHIP('SRR','None',#17714,#488);
#483=SHAPE_REPRESENTATION_RELATIONSHIP('SRR','None',#17715,#489);
#484=ADVANCED_BREP_SHAPE_REPRESENTATION('',(#490),#17661);
#485=ADVANCED_BREP_SHAPE_REPRESENTATION('',(#491),#17663);
#486=ADVANCED_BREP_SHAPE_REPRESENTATION('',(#492),#17664);
#487=ADVANCED_BREP_SHAPE_REPRESENTATION('',(#493),#17665);
#488=ADVANCED_BREP_SHAPE_REPRESENTATION('',(#494),#17666);
#489=ADVANCED_BREP_SHAPE_REPRESENTATION('',(#495),#17667);
#490=MANIFOLD_SOLID_BREP('Body1',#9794);
#491=MANIFOLD_SOLID_BREP('Body1',#9795);
#492=MANIFOLD_SOLID_BREP('Body1',#9796);
#493=MANIFOLD_SOLID_BREP('Body2',#9797);
#494=MANIFOLD_SOLID_BREP('Body1',#9798);
#495=MANIFOLD_SOLID_BREP('Body1',#9799);
#496=FACE_BOUND('',#1253,.T.);
#497=FACE_BOUND('',#1330,.T.);
#498=FACE_BOUND('',#1332,.T.);
#499=FACE_BOUND('',#1333,.T.);
#500=FACE_BOUND('',#1334,.T.);
#501=FACE_BOUND('',#1335,.T.);
#502=FACE_BOUND('',#1336,.T.);
#503=FACE_BOUND('',#1341,.T.);
#504=FACE_BOUND('',#1342,.T.);
#505=FACE_BOUND('',#1343,.T.);
#506=FACE_BOUND('',#1344,.T.);
#507=FACE_BOUND('',#1417,.T.);
#508=FACE_BOUND('',#1418,.T.);
#509=FACE_BOUND('',#1422,.T.);
#510=FACE_BOUND('',#1423,.T.);
#511=FACE_BOUND('',#1424,.T.);
#512=FACE_BOUND('',#1425,.T.);
#513=FACE_BOUND('',#1426,.T.);
#514=FACE_BOUND('',#1516,.T.);
#515=FACE_BOUND('',#1517,.T.);
#516=FACE_BOUND('',#1518,.T.);
#517=FACE_BOUND('',#1519,.T.);
#518=FACE_BOUND('',#1520,.T.);
#519=FACE_BOUND('',#1630,.T.);
#520=FACE_BOUND('',#1654,.T.);
#521=FACE_BOUND('',#1688,.T.);
#522=FACE_BOUND('',#1739,.T.);
#523=FACE_BOUND('',#1740,.T.);
#524=FACE_BOUND('',#1741,.T.);
#525=FACE_BOUND('',#1742,.T.);
#526=FACE_BOUND('',#1743,.T.);
#527=FACE_BOUND('',#1744,.T.);
#528=FACE_BOUND('',#1745,.T.);
#529=FACE_BOUND('',#1746,.T.);
#530=FACE_BOUND('',#1747,.T.);
#531=FACE_BOUND('',#1748,.T.);
#532=FACE_BOUND('',#1749,.T.);
#533=FACE_BOUND('',#1750,.T.);
#534=FACE_BOUND('',#1751,.T.);
#535=FACE_BOUND('',#1752,.T.);
#536=FACE_BOUND('',#1753,.T.);
#537=FACE_BOUND('',#1754,.T.);
#538=FACE_BOUND('',#1785,.T.);
#539=FACE_BOUND('',#1786,.T.);
#540=FACE_BOUND('',#1787,.T.);
#541=FACE_BOUND('',#1788,.T.);
#542=FACE_BOUND('',#1789,.T.);
#543=FACE_BOUND('',#1790,.T.);
#544=CIRCLE('',#9880,0.035);
#545=CIRCLE('',#9881,0.035);
#546=CIRCLE('',#9884,0.035);
#547=CIRCLE('',#9885,0.035);
#548=CIRCLE('',#9888,0.035);
#549=CIRCLE('',#9889,0.035);
#550=CIRCLE('',#9893,0.035);
#551=CIRCLE('',#9894,0.035);
#552=CIRCLE('',#9903,0.035);
#553=CIRCLE('',#9907,0.035);
#554=CIRCLE('',#9909,0.035);
#555=CIRCLE('',#9911,0.035);
#556=CIRCLE('',#9916,0.035);
#557=CIRCLE('',#9918,0.035);
#558=CIRCLE('',#9926,0.035);
#559=CIRCLE('',#9929,0.035);
#560=CIRCLE('',#9943,0.045);
#561=CIRCLE('',#9944,0.045);
#562=CIRCLE('',#9945,0.045);
#563=CIRCLE('',#9946,0.045);
#564=CIRCLE('',#9948,0.045);
#565=CIRCLE('',#9950,0.045);
#566=CIRCLE('',#9952,0.045);
#567=CIRCLE('',#9953,0.045);
#568=CIRCLE('',#9962,0.045);
#569=CIRCLE('',#9963,0.045);
#570=CIRCLE('',#9964,0.045);
#571=CIRCLE('',#9965,0.045);
#572=CIRCLE('',#9969,0.045);
#573=CIRCLE('',#9970,0.045);
#574=CIRCLE('',#9971,0.045);
#575=CIRCLE('',#9972,0.045);
#576=CIRCLE('',#9986,3.67562715901066);
#577=CIRCLE('',#9987,3.67562715901066);
#578=CIRCLE('',#9991,0.999999999999979);
#579=CIRCLE('',#9992,0.999999999999979);
#580=CIRCLE('',#9995,0.999999999999996);
#581=CIRCLE('',#9996,0.999999999999996);
#582=CIRCLE('',#9999,0.999999999999996);
#583=CIRCLE('',#10000,0.999999999999996);
#584=CIRCLE('',#10003,0.999999999999996);
#585=CIRCLE('',#10004,0.999999999999996);
#586=CIRCLE('',#10007,1.25);
#587=CIRCLE('',#10008,0.375);
#588=CIRCLE('',#10009,0.375);
#589=CIRCLE('',#10010,1.25);
#590=CIRCLE('',#10015,1.25);
#591=CIRCLE('',#10016,0.375);
#592=CIRCLE('',#10017,0.375);
#593=CIRCLE('',#10018,1.25);
#594=CIRCLE('',#10083,1.);
#595=CIRCLE('',#10084,0.999999999999996);
#596=CIRCLE('',#10086,0.999999999999996);
#597=CIRCLE('',#10087,4.);
#598=CIRCLE('',#10088,5.);
#599=CIRCLE('',#10090,0.999999999999996);
#600=CIRCLE('',#10092,0.999999999999999);
#601=CIRCLE('',#10093,4.);
#602=CIRCLE('',#10094,5.);
#603=CIRCLE('',#10096,0.999999999999999);
#604=CIRCLE('',#10098,0.999999999999999);
#605=CIRCLE('',#10099,4.);
#606=CIRCLE('',#10100,5.);
#607=CIRCLE('',#10102,0.999999999999999);
#608=CIRCLE('',#10104,4.);
#609=CIRCLE('',#10105,5.);
#610=CIRCLE('',#10107,5.);
#611=CIRCLE('',#10110,5.);
#612=CIRCLE('',#10113,0.374999999999996);
#613=CIRCLE('',#10114,0.374999999999996);
#614=CIRCLE('',#10116,1.25);
#615=CIRCLE('',#10118,1.25);
#616=CIRCLE('',#10120,0.374999999999996);
#617=CIRCLE('',#10121,1.25);
#618=CIRCLE('',#10122,1.25);
#619=CIRCLE('',#10123,0.374999999999996);
#620=CIRCLE('',#10125,0.999999999999996);
#621=CIRCLE('',#10127,0.999999999999996);
#622=CIRCLE('',#10129,0.999999977648258);
#623=CIRCLE('',#10131,0.999999999999996);
#624=CIRCLE('',#10181,5.);
#625=CIRCLE('',#10198,0.999999999999996);
#626=CIRCLE('',#10215,0.999999977648258);
#627=CIRCLE('',#10217,0.999999999999996);
#628=CIRCLE('',#10219,0.999999999999996);
#629=CIRCLE('',#10221,5.);
#630=CIRCLE('',#10300,3.);
#631=CIRCLE('',#10301,3.);
#632=CIRCLE('',#10302,3.);
#633=CIRCLE('',#10303,3.);
#634=CIRCLE('',#10304,0.999999999999996);
#635=CIRCLE('',#10305,0.999999977648258);
#636=CIRCLE('',#10306,0.999999999999996);
#637=CIRCLE('',#10307,0.999999999999996);
#638=CIRCLE('',#10308,4.);
#639=CIRCLE('',#10309,3.7);
#640=CIRCLE('',#10310,3.);
#641=CIRCLE('',#10311,3.);
#642=CIRCLE('',#10312,3.);
#643=CIRCLE('',#10313,3.);
#644=CIRCLE('',#10317,3.);
#645=CIRCLE('',#10320,3.);
#646=CIRCLE('',#10322,3.);
#647=CIRCLE('',#10325,3.);
#648=CIRCLE('',#10329,3.7);
#649=CIRCLE('',#10334,4.);
#650=CIRCLE('',#10337,2.);
#651=CIRCLE('',#10338,2.);
#652=CIRCLE('',#10340,5.);
#653=CIRCLE('',#10341,1.99999999999999);
#654=CIRCLE('',#10343,2.);
#655=CIRCLE('',#10345,5.);
#656=CIRCLE('',#10346,2.);
#657=CIRCLE('',#10348,2.);
#658=CIRCLE('',#10350,5.);
#659=CIRCLE('',#10351,2.);
#660=CIRCLE('',#10353,2.);
#661=CIRCLE('',#10355,5.);
#662=CIRCLE('',#10358,0.999999999999996);
#663=CIRCLE('',#10360,0.999999999999996);
#664=CIRCLE('',#10362,0.999999977648258);
#665=CIRCLE('',#10364,0.999999999999996);
#666=CIRCLE('',#10369,3.00000000000001);
#667=CIRCLE('',#10370,3.00000000000001);
#668=CIRCLE('',#10372,3.);
#669=CIRCLE('',#10373,3.);
#670=CIRCLE('',#10376,2.99999999999998);
#671=CIRCLE('',#10377,2.99999999999998);
#672=CIRCLE('',#10379,3.00000000000001);
#673=CIRCLE('',#10380,3.00000000000001);
#674=CYLINDRICAL_SURFACE('',#9879,0.035);
#675=CYLINDRICAL_SURFACE('',#9892,0.035);
#676=CYLINDRICAL_SURFACE('',#9902,0.035);
#677=CYLINDRICAL_SURFACE('',#9906,0.035);
#678=CYLINDRICAL_SURFACE('',#9910,0.035);
#679=CYLINDRICAL_SURFACE('',#9917,0.035);
#680=CYLINDRICAL_SURFACE('',#9925,0.035);
#681=CYLINDRICAL_SURFACE('',#9928,0.035);
#682=CYLINDRICAL_SURFACE('',#9947,0.045);
#683=CYLINDRICAL_SURFACE('',#9949,0.045);
#684=CYLINDRICAL_SURFACE('',#9955,0.045);
#685=CYLINDRICAL_SURFACE('',#9958,0.045);
#686=CYLINDRICAL_SURFACE('',#9974,0.045);
#687=CYLINDRICAL_SURFACE('',#9976,0.045);
#688=CYLINDRICAL_SURFACE('',#9978,0.045);
#689=CYLINDRICAL_SURFACE('',#9980,0.045);
#690=CYLINDRICAL_SURFACE('',#9985,3.67562715901066);
#691=CYLINDRICAL_SURFACE('',#9990,0.999999999999979);
#692=CYLINDRICAL_SURFACE('',#9994,0.999999999999996);
#693=CYLINDRICAL_SURFACE('',#9998,0.999999999999996);
#694=CYLINDRICAL_SURFACE('',#10002,0.999999999999996);
#695=CYLINDRICAL_SURFACE('',#10074,1.25);
#696=CYLINDRICAL_SURFACE('',#10075,0.375);
#697=CYLINDRICAL_SURFACE('',#10076,0.375);
#698=CYLINDRICAL_SURFACE('',#10077,1.25);
#699=CYLINDRICAL_SURFACE('',#10082,1.);
#700=CYLINDRICAL_SURFACE('',#10089,1.);
#701=CYLINDRICAL_SURFACE('',#10095,1.);
#702=CYLINDRICAL_SURFACE('',#10101,1.);
#703=CYLINDRICAL_SURFACE('',#10106,5.);
#704=CYLINDRICAL_SURFACE('',#10109,5.);
#705=CYLINDRICAL_SURFACE('',#10132,0.374999999999996);
#706=CYLINDRICAL_SURFACE('',#10133,1.25);
#707=CYLINDRICAL_SURFACE('',#10134,1.25);
#708=CYLINDRICAL_SURFACE('',#10135,0.374999999999996);
#709=CYLINDRICAL_SURFACE('',#10180,5.);
#710=CYLINDRICAL_SURFACE('',#10197,0.999999999999996);
#711=CYLINDRICAL_SURFACE('',#10214,0.999999977648258);
#712=CYLINDRICAL_SURFACE('',#10216,0.999999999999996);
#713=CYLINDRICAL_SURFACE('',#10218,0.999999999999996);
#714=CYLINDRICAL_SURFACE('',#10220,5.);
#715=CYLINDRICAL_SURFACE('',#10316,3.);
#716=CYLINDRICAL_SURFACE('',#10319,3.);
#717=CYLINDRICAL_SURFACE('',#10321,3.);
#718=CYLINDRICAL_SURFACE('',#10324,3.);
#719=CYLINDRICAL_SURFACE('',#10328,3.7);
#720=CYLINDRICAL_SURFACE('',#10333,4.);
#721=CYLINDRICAL_SURFACE('',#10336,2.);
#722=CYLINDRICAL_SURFACE('',#10342,2.);
#723=CYLINDRICAL_SURFACE('',#10347,2.);
#724=CYLINDRICAL_SURFACE('',#10352,2.);
#725=CYLINDRICAL_SURFACE('',#10357,0.999999999999996);
#726=CYLINDRICAL_SURFACE('',#10359,0.999999999999996);
#727=CYLINDRICAL_SURFACE('',#10361,0.999999977648258);
#728=CYLINDRICAL_SURFACE('',#10363,0.999999999999996);
#729=CYLINDRICAL_SURFACE('',#10368,3.00000000000001);
#730=CYLINDRICAL_SURFACE('',#10371,3.);
#731=CYLINDRICAL_SURFACE('',#10375,2.99999999999998);
#732=CYLINDRICAL_SURFACE('',#10378,3.00000000000001);
#733=FACE_OUTER_BOUND('',#1242,.T.);
#734=FACE_OUTER_BOUND('',#1243,.T.);
#735=FACE_OUTER_BOUND('',#1244,.T.);
#736=FACE_OUTER_BOUND('',#1245,.T.);
#737=FACE_OUTER_BOUND('',#1246,.T.);
#738=FACE_OUTER_BOUND('',#1247,.T.);
#739=FACE_OUTER_BOUND('',#1248,.T.);
#740=FACE_OUTER_BOUND('',#1249,.T.);
#741=FACE_OUTER_BOUND('',#1250,.T.);
#742=FACE_OUTER_BOUND('',#1251,.T.);
#743=FACE_OUTER_BOUND('',#1252,.T.);
#744=FACE_OUTER_BOUND('',#1254,.T.);
#745=FACE_OUTER_BOUND('',#1255,.T.);
#746=FACE_OUTER_BOUND('',#1256,.T.);
#747=FACE_OUTER_BOUND('',#1257,.T.);
#748=FACE_OUTER_BOUND('',#1258,.T.);
#749=FACE_OUTER_BOUND('',#1259,.T.);
#750=FACE_OUTER_BOUND('',#1260,.T.);
#751=FACE_OUTER_BOUND('',#1261,.T.);
#752=FACE_OUTER_BOUND('',#1262,.T.);
#753=FACE_OUTER_BOUND('',#1263,.T.);
#754=FACE_OUTER_BOUND('',#1264,.T.);
#755=FACE_OUTER_BOUND('',#1265,.T.);
#756=FACE_OUTER_BOUND('',#1266,.T.);
#757=FACE_OUTER_BOUND('',#1267,.T.);
#758=FACE_OUTER_BOUND('',#1268,.T.);
#759=FACE_OUTER_BOUND('',#1269,.T.);
#760=FACE_OUTER_BOUND('',#1270,.T.);
#761=FACE_OUTER_BOUND('',#1271,.T.);
#762=FACE_OUTER_BOUND('',#1272,.T.);
#763=FACE_OUTER_BOUND('',#1273,.T.);
#764=FACE_OUTER_BOUND('',#1274,.T.);
#765=FACE_OUTER_BOUND('',#1275,.T.);
#766=FACE_OUTER_BOUND('',#1276,.T.);
#767=FACE_OUTER_BOUND('',#1277,.T.);
#768=FACE_OUTER_BOUND('',#1278,.T.);
#769=FACE_OUTER_BOUND('',#1279,.T.);
#770=FACE_OUTER_BOUND('',#1280,.T.);
#771=FACE_OUTER_BOUND('',#1281,.T.);
#772=FACE_OUTER_BOUND('',#1282,.T.);
#773=FACE_OUTER_BOUND('',#1283,.T.);
#774=FACE_OUTER_BOUND('',#1284,.T.);
#775=FACE_OUTER_BOUND('',#1285,.T.);
#776=FACE_OUTER_BOUND('',#1286,.T.);
#777=FACE_OUTER_BOUND('',#1287,.T.);
#778=FACE_OUTER_BOUND('',#1288,.T.);
#779=FACE_OUTER_BOUND('',#1289,.T.);
#780=FACE_OUTER_BOUND('',#1290,.T.);
#781=FACE_OUTER_BOUND('',#1291,.T.);
#782=FACE_OUTER_BOUND('',#1292,.T.);
#783=FACE_OUTER_BOUND('',#1293,.T.);
#784=FACE_OUTER_BOUND('',#1294,.T.);
#785=FACE_OUTER_BOUND('',#1295,.T.);
#786=FACE_OUTER_BOUND('',#1296,.T.);
#787=FACE_OUTER_BOUND('',#1297,.T.);
#788=FACE_OUTER_BOUND('',#1298,.T.);
#789=FACE_OUTER_BOUND('',#1299,.T.);
#790=FACE_OUTER_BOUND('',#1300,.T.);
#791=FACE_OUTER_BOUND('',#1301,.T.);
#792=FACE_OUTER_BOUND('',#1302,.T.);
#793=FACE_OUTER_BOUND('',#1303,.T.);
#794=FACE_OUTER_BOUND('',#1304,.T.);
#795=FACE_OUTER_BOUND('',#1305,.T.);
#796=FACE_OUTER_BOUND('',#1306,.T.);
#797=FACE_OUTER_BOUND('',#1307,.T.);
#798=FACE_OUTER_BOUND('',#1308,.T.);
#799=FACE_OUTER_BOUND('',#1309,.T.);
#800=FACE_OUTER_BOUND('',#1310,.T.);
#801=FACE_OUTER_BOUND('',#1311,.T.);
#802=FACE_OUTER_BOUND('',#1312,.T.);
#803=FACE_OUTER_BOUND('',#1313,.T.);
#804=FACE_OUTER_BOUND('',#1314,.T.);
#805=FACE_OUTER_BOUND('',#1315,.T.);
#806=FACE_OUTER_BOUND('',#1316,.T.);
#807=FACE_OUTER_BOUND('',#1317,.T.);
#808=FACE_OUTER_BOUND('',#1318,.T.);
#809=FACE_OUTER_BOUND('',#1319,.T.);
#810=FACE_OUTER_BOUND('',#1320,.T.);
#811=FACE_OUTER_BOUND('',#1321,.T.);
#812=FACE_OUTER_BOUND('',#1322,.T.);
#813=FACE_OUTER_BOUND('',#1323,.T.);
#814=FACE_OUTER_BOUND('',#1324,.T.);
#815=FACE_OUTER_BOUND('',#1325,.T.);
#816=FACE_OUTER_BOUND('',#1326,.T.);
#817=FACE_OUTER_BOUND('',#1327,.T.);
#818=FACE_OUTER_BOUND('',#1328,.T.);
#819=FACE_OUTER_BOUND('',#1329,.T.);
#820=FACE_OUTER_BOUND('',#1331,.T.);
#821=FACE_OUTER_BOUND('',#1337,.T.);
#822=FACE_OUTER_BOUND('',#1338,.T.);
#823=FACE_OUTER_BOUND('',#1339,.T.);
#824=FACE_OUTER_BOUND('',#1340,.T.);
#825=FACE_OUTER_BOUND('',#1345,.T.);
#826=FACE_OUTER_BOUND('',#1346,.T.);
#827=FACE_OUTER_BOUND('',#1347,.T.);
#828=FACE_OUTER_BOUND('',#1348,.T.);
#829=FACE_OUTER_BOUND('',#1349,.T.);
#830=FACE_OUTER_BOUND('',#1350,.T.);
#831=FACE_OUTER_BOUND('',#1351,.T.);
#832=FACE_OUTER_BOUND('',#1352,.T.);
#833=FACE_OUTER_BOUND('',#1353,.T.);
#834=FACE_OUTER_BOUND('',#1354,.T.);
#835=FACE_OUTER_BOUND('',#1355,.T.);
#836=FACE_OUTER_BOUND('',#1356,.T.);
#837=FACE_OUTER_BOUND('',#1357,.T.);
#838=FACE_OUTER_BOUND('',#1358,.T.);
#839=FACE_OUTER_BOUND('',#1359,.T.);
#840=FACE_OUTER_BOUND('',#1360,.T.);
#841=FACE_OUTER_BOUND('',#1361,.T.);
#842=FACE_OUTER_BOUND('',#1362,.T.);
#843=FACE_OUTER_BOUND('',#1363,.T.);
#844=FACE_OUTER_BOUND('',#1364,.T.);
#845=FACE_OUTER_BOUND('',#1365,.T.);
#846=FACE_OUTER_BOUND('',#1366,.T.);
#847=FACE_OUTER_BOUND('',#1367,.T.);
#848=FACE_OUTER_BOUND('',#1368,.T.);
#849=FACE_OUTER_BOUND('',#1369,.T.);
#850=FACE_OUTER_BOUND('',#1370,.T.);
#851=FACE_OUTER_BOUND('',#1371,.T.);
#852=FACE_OUTER_BOUND('',#1372,.T.);
#853=FACE_OUTER_BOUND('',#1373,.T.);
#854=FACE_OUTER_BOUND('',#1374,.T.);
#855=FACE_OUTER_BOUND('',#1375,.T.);
#856=FACE_OUTER_BOUND('',#1376,.T.);
#857=FACE_OUTER_BOUND('',#1377,.T.);
#858=FACE_OUTER_BOUND('',#1378,.T.);
#859=FACE_OUTER_BOUND('',#1379,.T.);
#860=FACE_OUTER_BOUND('',#1380,.T.);
#861=FACE_OUTER_BOUND('',#1381,.T.);
#862=FACE_OUTER_BOUND('',#1382,.T.);
#863=FACE_OUTER_BOUND('',#1383,.T.);
#864=FACE_OUTER_BOUND('',#1384,.T.);
#865=FACE_OUTER_BOUND('',#1385,.T.);
#866=FACE_OUTER_BOUND('',#1386,.T.);
#867=FACE_OUTER_BOUND('',#1387,.T.);
#868=FACE_OUTER_BOUND('',#1388,.T.);
#869=FACE_OUTER_BOUND('',#1389,.T.);
#870=FACE_OUTER_BOUND('',#1390,.T.);
#871=FACE_OUTER_BOUND('',#1391,.T.);
#872=FACE_OUTER_BOUND('',#1392,.T.);
#873=FACE_OUTER_BOUND('',#1393,.T.);
#874=FACE_OUTER_BOUND('',#1394,.T.);
#875=FACE_OUTER_BOUND('',#1395,.T.);
#876=FACE_OUTER_BOUND('',#1396,.T.);
#877=FACE_OUTER_BOUND('',#1397,.T.);
#878=FACE_OUTER_BOUND('',#1398,.T.);
#879=FACE_OUTER_BOUND('',#1399,.T.);
#880=FACE_OUTER_BOUND('',#1400,.T.);
#881=FACE_OUTER_BOUND('',#1401,.T.);
#882=FACE_OUTER_BOUND('',#1402,.T.);
#883=FACE_OUTER_BOUND('',#1403,.T.);
#884=FACE_OUTER_BOUND('',#1404,.T.);
#885=FACE_OUTER_BOUND('',#1405,.T.);
#886=FACE_OUTER_BOUND('',#1406,.T.);
#887=FACE_OUTER_BOUND('',#1407,.T.);
#888=FACE_OUTER_BOUND('',#1408,.T.);
#889=FACE_OUTER_BOUND('',#1409,.T.);
#890=FACE_OUTER_BOUND('',#1410,.T.);
#891=FACE_OUTER_BOUND('',#1411,.T.);
#892=FACE_OUTER_BOUND('',#1412,.T.);
#893=FACE_OUTER_BOUND('',#1413,.T.);
#894=FACE_OUTER_BOUND('',#1414,.T.);
#895=FACE_OUTER_BOUND('',#1415,.T.);
#896=FACE_OUTER_BOUND('',#1416,.T.);
#897=FACE_OUTER_BOUND('',#1419,.T.);
#898=FACE_OUTER_BOUND('',#1420,.T.);
#899=FACE_OUTER_BOUND('',#1421,.T.);
#900=FACE_OUTER_BOUND('',#1427,.T.);
#901=FACE_OUTER_BOUND('',#1428,.T.);
#902=FACE_OUTER_BOUND('',#1429,.T.);
#903=FACE_OUTER_BOUND('',#1430,.T.);
#904=FACE_OUTER_BOUND('',#1431,.T.);
#905=FACE_OUTER_BOUND('',#1432,.T.);
#906=FACE_OUTER_BOUND('',#1433,.T.);
#907=FACE_OUTER_BOUND('',#1434,.T.);
#908=FACE_OUTER_BOUND('',#1435,.T.);
#909=FACE_OUTER_BOUND('',#1436,.T.);
#910=FACE_OUTER_BOUND('',#1437,.T.);
#911=FACE_OUTER_BOUND('',#1438,.T.);
#912=FACE_OUTER_BOUND('',#1439,.T.);
#913=FACE_OUTER_BOUND('',#1440,.T.);
#914=FACE_OUTER_BOUND('',#1441,.T.);
#915=FACE_OUTER_BOUND('',#1442,.T.);
#916=FACE_OUTER_BOUND('',#1443,.T.);
#917=FACE_OUTER_BOUND('',#1444,.T.);
#918=FACE_OUTER_BOUND('',#1445,.T.);
#919=FACE_OUTER_BOUND('',#1446,.T.);
#920=FACE_OUTER_BOUND('',#1447,.T.);
#921=FACE_OUTER_BOUND('',#1448,.T.);
#922=FACE_OUTER_BOUND('',#1449,.T.);
#923=FACE_OUTER_BOUND('',#1450,.T.);
#924=FACE_OUTER_BOUND('',#1451,.T.);
#925=FACE_OUTER_BOUND('',#1452,.T.);
#926=FACE_OUTER_BOUND('',#1453,.T.);
#927=FACE_OUTER_BOUND('',#1454,.T.);
#928=FACE_OUTER_BOUND('',#1455,.T.);
#929=FACE_OUTER_BOUND('',#1456,.T.);
#930=FACE_OUTER_BOUND('',#1457,.T.);
#931=FACE_OUTER_BOUND('',#1458,.T.);
#932=FACE_OUTER_BOUND('',#1459,.T.);
#933=FACE_OUTER_BOUND('',#1460,.T.);
#934=FACE_OUTER_BOUND('',#1461,.T.);
#935=FACE_OUTER_BOUND('',#1462,.T.);
#936=FACE_OUTER_BOUND('',#1463,.T.);
#937=FACE_OUTER_BOUND('',#1464,.T.);
#938=FACE_OUTER_BOUND('',#1465,.T.);
#939=FACE_OUTER_BOUND('',#1466,.T.);
#940=FACE_OUTER_BOUND('',#1467,.T.);
#941=FACE_OUTER_BOUND('',#1468,.T.);
#942=FACE_OUTER_BOUND('',#1469,.T.);
#943=FACE_OUTER_BOUND('',#1470,.T.);
#944=FACE_OUTER_BOUND('',#1471,.T.);
#945=FACE_OUTER_BOUND('',#1472,.T.);
#946=FACE_OUTER_BOUND('',#1473,.T.);
#947=FACE_OUTER_BOUND('',#1474,.T.);
#948=FACE_OUTER_BOUND('',#1475,.T.);
#949=FACE_OUTER_BOUND('',#1476,.T.);
#950=FACE_OUTER_BOUND('',#1477,.T.);
#951=FACE_OUTER_BOUND('',#1478,.T.);
#952=FACE_OUTER_BOUND('',#1479,.T.);
#953=FACE_OUTER_BOUND('',#1480,.T.);
#954=FACE_OUTER_BOUND('',#1481,.T.);
#955=FACE_OUTER_BOUND('',#1482,.T.);
#956=FACE_OUTER_BOUND('',#1483,.T.);
#957=FACE_OUTER_BOUND('',#1484,.T.);
#958=FACE_OUTER_BOUND('',#1485,.T.);
#959=FACE_OUTER_BOUND('',#1486,.T.);
#960=FACE_OUTER_BOUND('',#1487,.T.);
#961=FACE_OUTER_BOUND('',#1488,.T.);
#962=FACE_OUTER_BOUND('',#1489,.T.);
#963=FACE_OUTER_BOUND('',#1490,.T.);
#964=FACE_OUTER_BOUND('',#1491,.T.);
#965=FACE_OUTER_BOUND('',#1492,.T.);
#966=FACE_OUTER_BOUND('',#1493,.T.);
#967=FACE_OUTER_BOUND('',#1494,.T.);
#968=FACE_OUTER_BOUND('',#1495,.T.);
#969=FACE_OUTER_BOUND('',#1496,.T.);
#970=FACE_OUTER_BOUND('',#1497,.T.);
#971=FACE_OUTER_BOUND('',#1498,.T.);
#972=FACE_OUTER_BOUND('',#1499,.T.);
#973=FACE_OUTER_BOUND('',#1500,.T.);
#974=FACE_OUTER_BOUND('',#1501,.T.);
#975=FACE_OUTER_BOUND('',#1502,.T.);
#976=FACE_OUTER_BOUND('',#1503,.T.);
#977=FACE_OUTER_BOUND('',#1504,.T.);
#978=FACE_OUTER_BOUND('',#1505,.T.);
#979=FACE_OUTER_BOUND('',#1506,.T.);
#980=FACE_OUTER_BOUND('',#1507,.T.);
#981=FACE_OUTER_BOUND('',#1508,.T.);
#982=FACE_OUTER_BOUND('',#1509,.T.);
#983=FACE_OUTER_BOUND('',#1510,.T.);
#984=FACE_OUTER_BOUND('',#1511,.T.);
#985=FACE_OUTER_BOUND('',#1512,.T.);
#986=FACE_OUTER_BOUND('',#1513,.T.);
#987=FACE_OUTER_BOUND('',#1514,.T.);
#988=FACE_OUTER_BOUND('',#1515,.T.);
#989=FACE_OUTER_BOUND('',#1521,.T.);
#990=FACE_OUTER_BOUND('',#1522,.T.);
#991=FACE_OUTER_BOUND('',#1523,.T.);
#992=FACE_OUTER_BOUND('',#1524,.T.);
#993=FACE_OUTER_BOUND('',#1525,.T.);
#994=FACE_OUTER_BOUND('',#1526,.T.);
#995=FACE_OUTER_BOUND('',#1527,.T.);
#996=FACE_OUTER_BOUND('',#1528,.T.);
#997=FACE_OUTER_BOUND('',#1529,.T.);
#998=FACE_OUTER_BOUND('',#1530,.T.);
#999=FACE_OUTER_BOUND('',#1531,.T.);
#1000=FACE_OUTER_BOUND('',#1532,.T.);
#1001=FACE_OUTER_BOUND('',#1533,.T.);
#1002=FACE_OUTER_BOUND('',#1534,.T.);
#1003=FACE_OUTER_BOUND('',#1535,.T.);
#1004=FACE_OUTER_BOUND('',#1536,.T.);
#1005=FACE_OUTER_BOUND('',#1537,.T.);
#1006=FACE_OUTER_BOUND('',#1538,.T.);
#1007=FACE_OUTER_BOUND('',#1539,.T.);
#1008=FACE_OUTER_BOUND('',#1540,.T.);
#1009=FACE_OUTER_BOUND('',#1541,.T.);
#1010=FACE_OUTER_BOUND('',#1542,.T.);
#1011=FACE_OUTER_BOUND('',#1543,.T.);
#1012=FACE_OUTER_BOUND('',#1544,.T.);
#1013=FACE_OUTER_BOUND('',#1545,.T.);
#1014=FACE_OUTER_BOUND('',#1546,.T.);
#1015=FACE_OUTER_BOUND('',#1547,.T.);
#1016=FACE_OUTER_BOUND('',#1548,.T.);
#1017=FACE_OUTER_BOUND('',#1549,.T.);
#1018=FACE_OUTER_BOUND('',#1550,.T.);
#1019=FACE_OUTER_BOUND('',#1551,.T.);
#1020=FACE_OUTER_BOUND('',#1552,.T.);
#1021=FACE_OUTER_BOUND('',#1553,.T.);
#1022=FACE_OUTER_BOUND('',#1554,.T.);
#1023=FACE_OUTER_BOUND('',#1555,.T.);
#1024=FACE_OUTER_BOUND('',#1556,.T.);
#1025=FACE_OUTER_BOUND('',#1557,.T.);
#1026=FACE_OUTER_BOUND('',#1558,.T.);
#1027=FACE_OUTER_BOUND('',#1559,.T.);
#1028=FACE_OUTER_BOUND('',#1560,.T.);
#1029=FACE_OUTER_BOUND('',#1561,.T.);
#1030=FACE_OUTER_BOUND('',#1562,.T.);
#1031=FACE_OUTER_BOUND('',#1563,.T.);
#1032=FACE_OUTER_BOUND('',#1564,.T.);
#1033=FACE_OUTER_BOUND('',#1565,.T.);
#1034=FACE_OUTER_BOUND('',#1566,.T.);
#1035=FACE_OUTER_BOUND('',#1567,.T.);
#1036=FACE_OUTER_BOUND('',#1568,.T.);
#1037=FACE_OUTER_BOUND('',#1569,.T.);
#1038=FACE_OUTER_BOUND('',#1570,.T.);
#1039=FACE_OUTER_BOUND('',#1571,.T.);
#1040=FACE_OUTER_BOUND('',#1572,.T.);
#1041=FACE_OUTER_BOUND('',#1573,.T.);
#1042=FACE_OUTER_BOUND('',#1574,.T.);
#1043=FACE_OUTER_BOUND('',#1575,.T.);
#1044=FACE_OUTER_BOUND('',#1576,.T.);
#1045=FACE_OUTER_BOUND('',#1577,.T.);
#1046=FACE_OUTER_BOUND('',#1578,.T.);
#1047=FACE_OUTER_BOUND('',#1579,.T.);
#1048=FACE_OUTER_BOUND('',#1580,.T.);
#1049=FACE_OUTER_BOUND('',#1581,.T.);
#1050=FACE_OUTER_BOUND('',#1582,.T.);
#1051=FACE_OUTER_BOUND('',#1583,.T.);
#1052=FACE_OUTER_BOUND('',#1584,.T.);
#1053=FACE_OUTER_BOUND('',#1585,.T.);
#1054=FACE_OUTER_BOUND('',#1586,.T.);
#1055=FACE_OUTER_BOUND('',#1587,.T.);
#1056=FACE_OUTER_BOUND('',#1588,.T.);
#1057=FACE_OUTER_BOUND('',#1589,.T.);
#1058=FACE_OUTER_BOUND('',#1590,.T.);
#1059=FACE_OUTER_BOUND('',#1591,.T.);
#1060=FACE_OUTER_BOUND('',#1592,.T.);
#1061=FACE_OUTER_BOUND('',#1593,.T.);
#1062=FACE_OUTER_BOUND('',#1594,.T.);
#1063=FACE_OUTER_BOUND('',#1595,.T.);
#1064=FACE_OUTER_BOUND('',#1596,.T.);
#1065=FACE_OUTER_BOUND('',#1597,.T.);
#1066=FACE_OUTER_BOUND('',#1598,.T.);
#1067=FACE_OUTER_BOUND('',#1599,.T.);
#1068=FACE_OUTER_BOUND('',#1600,.T.);
#1069=FACE_OUTER_BOUND('',#1601,.T.);
#1070=FACE_OUTER_BOUND('',#1602,.T.);
#1071=FACE_OUTER_BOUND('',#1603,.T.);
#1072=FACE_OUTER_BOUND('',#1604,.T.);
#1073=FACE_OUTER_BOUND('',#1605,.T.);
#1074=FACE_OUTER_BOUND('',#1606,.T.);
#1075=FACE_OUTER_BOUND('',#1607,.T.);
#1076=FACE_OUTER_BOUND('',#1608,.T.);
#1077=FACE_OUTER_BOUND('',#1609,.T.);
#1078=FACE_OUTER_BOUND('',#1610,.T.);
#1079=FACE_OUTER_BOUND('',#1611,.T.);
#1080=FACE_OUTER_BOUND('',#1612,.T.);
#1081=FACE_OUTER_BOUND('',#1613,.T.);
#1082=FACE_OUTER_BOUND('',#1614,.T.);
#1083=FACE_OUTER_BOUND('',#1615,.T.);
#1084=FACE_OUTER_BOUND('',#1616,.T.);
#1085=FACE_OUTER_BOUND('',#1617,.T.);
#1086=FACE_OUTER_BOUND('',#1618,.T.);
#1087=FACE_OUTER_BOUND('',#1619,.T.);
#1088=FACE_OUTER_BOUND('',#1620,.T.);
#1089=FACE_OUTER_BOUND('',#1621,.T.);
#1090=FACE_OUTER_BOUND('',#1622,.T.);
#1091=FACE_OUTER_BOUND('',#1623,.T.);
#1092=FACE_OUTER_BOUND('',#1624,.T.);
#1093=FACE_OUTER_BOUND('',#1625,.T.);
#1094=FACE_OUTER_BOUND('',#1626,.T.);
#1095=FACE_OUTER_BOUND('',#1627,.T.);
#1096=FACE_OUTER_BOUND('',#1628,.T.);
#1097=FACE_OUTER_BOUND('',#1629,.T.);
#1098=FACE_OUTER_BOUND('',#1631,.T.);
#1099=FACE_OUTER_BOUND('',#1632,.T.);
#1100=FACE_OUTER_BOUND('',#1633,.T.);
#1101=FACE_OUTER_BOUND('',#1634,.T.);
#1102=FACE_OUTER_BOUND('',#1635,.T.);
#1103=FACE_OUTER_BOUND('',#1636,.T.);
#1104=FACE_OUTER_BOUND('',#1637,.T.);
#1105=FACE_OUTER_BOUND('',#1638,.T.);
#1106=FACE_OUTER_BOUND('',#1639,.T.);
#1107=FACE_OUTER_BOUND('',#1640,.T.);
#1108=FACE_OUTER_BOUND('',#1641,.T.);
#1109=FACE_OUTER_BOUND('',#1642,.T.);
#1110=FACE_OUTER_BOUND('',#1643,.T.);
#1111=FACE_OUTER_BOUND('',#1644,.T.);
#1112=FACE_OUTER_BOUND('',#1645,.T.);
#1113=FACE_OUTER_BOUND('',#1646,.T.);
#1114=FACE_OUTER_BOUND('',#1647,.T.);
#1115=FACE_OUTER_BOUND('',#1648,.T.);
#1116=FACE_OUTER_BOUND('',#1649,.T.);
#1117=FACE_OUTER_BOUND('',#1650,.T.);
#1118=FACE_OUTER_BOUND('',#1651,.T.);
#1119=FACE_OUTER_BOUND('',#1652,.T.);
#1120=FACE_OUTER_BOUND('',#1653,.T.);
#1121=FACE_OUTER_BOUND('',#1655,.T.);
#1122=FACE_OUTER_BOUND('',#1656,.T.);
#1123=FACE_OUTER_BOUND('',#1657,.T.);
#1124=FACE_OUTER_BOUND('',#1658,.T.);
#1125=FACE_OUTER_BOUND('',#1659,.T.);
#1126=FACE_OUTER_BOUND('',#1660,.T.);
#1127=FACE_OUTER_BOUND('',#1661,.T.);
#1128=FACE_OUTER_BOUND('',#1662,.T.);
#1129=FACE_OUTER_BOUND('',#1663,.T.);
#1130=FACE_OUTER_BOUND('',#1664,.T.);
#1131=FACE_OUTER_BOUND('',#1665,.T.);
#1132=FACE_OUTER_BOUND('',#1666,.T.);
#1133=FACE_OUTER_BOUND('',#1667,.T.);
#1134=FACE_OUTER_BOUND('',#1668,.T.);
#1135=FACE_OUTER_BOUND('',#1669,.T.);
#1136=FACE_OUTER_BOUND('',#1670,.T.);
#1137=FACE_OUTER_BOUND('',#1671,.T.);
#1138=FACE_OUTER_BOUND('',#1672,.T.);
#1139=FACE_OUTER_BOUND('',#1673,.T.);
#1140=FACE_OUTER_BOUND('',#1674,.T.);
#1141=FACE_OUTER_BOUND('',#1675,.T.);
#1142=FACE_OUTER_BOUND('',#1676,.T.);
#1143=FACE_OUTER_BOUND('',#1677,.T.);
#1144=FACE_OUTER_BOUND('',#1678,.T.);
#1145=FACE_OUTER_BOUND('',#1679,.T.);
#1146=FACE_OUTER_BOUND('',#1680,.T.);
#1147=FACE_OUTER_BOUND('',#1681,.T.);
#1148=FACE_OUTER_BOUND('',#1682,.T.);
#1149=FACE_OUTER_BOUND('',#1683,.T.);
#1150=FACE_OUTER_BOUND('',#1684,.T.);
#1151=FACE_OUTER_BOUND('',#1685,.T.);
#1152=FACE_OUTER_BOUND('',#1686,.T.);
#1153=FACE_OUTER_BOUND('',#1687,.T.);
#1154=FACE_OUTER_BOUND('',#1689,.T.);
#1155=FACE_OUTER_BOUND('',#1690,.T.);
#1156=FACE_OUTER_BOUND('',#1691,.T.);
#1157=FACE_OUTER_BOUND('',#1692,.T.);
#1158=FACE_OUTER_BOUND('',#1693,.T.);
#1159=FACE_OUTER_BOUND('',#1694,.T.);
#1160=FACE_OUTER_BOUND('',#1695,.T.);
#1161=FACE_OUTER_BOUND('',#1696,.T.);
#1162=FACE_OUTER_BOUND('',#1697,.T.);
#1163=FACE_OUTER_BOUND('',#1698,.T.);
#1164=FACE_OUTER_BOUND('',#1699,.T.);
#1165=FACE_OUTER_BOUND('',#1700,.T.);
#1166=FACE_OUTER_BOUND('',#1701,.T.);
#1167=FACE_OUTER_BOUND('',#1702,.T.);
#1168=FACE_OUTER_BOUND('',#1703,.T.);
#1169=FACE_OUTER_BOUND('',#1704,.T.);
#1170=FACE_OUTER_BOUND('',#1705,.T.);
#1171=FACE_OUTER_BOUND('',#1706,.T.);
#1172=FACE_OUTER_BOUND('',#1707,.T.);
#1173=FACE_OUTER_BOUND('',#1708,.T.);
#1174=FACE_OUTER_BOUND('',#1709,.T.);
#1175=FACE_OUTER_BOUND('',#1710,.T.);
#1176=FACE_OUTER_BOUND('',#1711,.T.);
#1177=FACE_OUTER_BOUND('',#1712,.T.);
#1178=FACE_OUTER_BOUND('',#1713,.T.);
#1179=FACE_OUTER_BOUND('',#1714,.T.);
#1180=FACE_OUTER_BOUND('',#1715,.T.);
#1181=FACE_OUTER_BOUND('',#1716,.T.);
#1182=FACE_OUTER_BOUND('',#1717,.T.);
#1183=FACE_OUTER_BOUND('',#1718,.T.);
#1184=FACE_OUTER_BOUND('',#1719,.T.);
#1185=FACE_OUTER_BOUND('',#1720,.T.);
#1186=FACE_OUTER_BOUND('',#1721,.T.);
#1187=FACE_OUTER_BOUND('',#1722,.T.);
#1188=FACE_OUTER_BOUND('',#1723,.T.);
#1189=FACE_OUTER_BOUND('',#1724,.T.);
#1190=FACE_OUTER_BOUND('',#1725,.T.);
#1191=FACE_OUTER_BOUND('',#1726,.T.);
#1192=FACE_OUTER_BOUND('',#1727,.T.);
#1193=FACE_OUTER_BOUND('',#1728,.T.);
#1194=FACE_OUTER_BOUND('',#1729,.T.);
#1195=FACE_OUTER_BOUND('',#1730,.T.);
#1196=FACE_OUTER_BOUND('',#1731,.T.);
#1197=FACE_OUTER_BOUND('',#1732,.T.);
#1198=FACE_OUTER_BOUND('',#1733,.T.);
#1199=FACE_OUTER_BOUND('',#1734,.T.);
#1200=FACE_OUTER_BOUND('',#1735,.T.);
#1201=FACE_OUTER_BOUND('',#1736,.T.);
#1202=FACE_OUTER_BOUND('',#1737,.T.);
#1203=FACE_OUTER_BOUND('',#1738,.T.);
#1204=FACE_OUTER_BOUND('',#1755,.T.);
#1205=FACE_OUTER_BOUND('',#1756,.T.);
#1206=FACE_OUTER_BOUND('',#1757,.T.);
#1207=FACE_OUTER_BOUND('',#1758,.T.);
#1208=FACE_OUTER_BOUND('',#1759,.T.);
#1209=FACE_OUTER_BOUND('',#1760,.T.);
#1210=FACE_OUTER_BOUND('',#1761,.T.);
#1211=FACE_OUTER_BOUND('',#1762,.T.);
#1212=FACE_OUTER_BOUND('',#1763,.T.);
#1213=FACE_OUTER_BOUND('',#1764,.T.);
#1214=FACE_OUTER_BOUND('',#1765,.T.);
#1215=FACE_OUTER_BOUND('',#1766,.T.);
#1216=FACE_OUTER_BOUND('',#1767,.T.);
#1217=FACE_OUTER_BOUND('',#1768,.T.);
#1218=FACE_OUTER_BOUND('',#1769,.T.);
#1219=FACE_OUTER_BOUND('',#1770,.T.);
#1220=FACE_OUTER_BOUND('',#1771,.T.);
#1221=FACE_OUTER_BOUND('',#1772,.T.);
#1222=FACE_OUTER_BOUND('',#1773,.T.);
#1223=FACE_OUTER_BOUND('',#1774,.T.);
#1224=FACE_OUTER_BOUND('',#1775,.T.);
#1225=FACE_OUTER_BOUND('',#1776,.T.);
#1226=FACE_OUTER_BOUND('',#1777,.T.);
#1227=FACE_OUTER_BOUND('',#1778,.T.);
#1228=FACE_OUTER_BOUND('',#1779,.T.);
#1229=FACE_OUTER_BOUND('',#1780,.T.);
#1230=FACE_OUTER_BOUND('',#1781,.T.);
#1231=FACE_OUTER_BOUND('',#1782,.T.);
#1232=FACE_OUTER_BOUND('',#1783,.T.);
#1233=FACE_OUTER_BOUND('',#1784,.T.);
#1234=FACE_OUTER_BOUND('',#1791,.T.);
#1235=FACE_OUTER_BOUND('',#1792,.T.);
#1236=FACE_OUTER_BOUND('',#1793,.T.);
#1237=FACE_OUTER_BOUND('',#1794,.T.);
#1238=FACE_OUTER_BOUND('',#1795,.T.);
#1239=FACE_OUTER_BOUND('',#1796,.T.);
#1240=FACE_OUTER_BOUND('',#1797,.T.);
#1241=FACE_OUTER_BOUND('',#1798,.T.);
#1242=EDGE_LOOP('',(#6102,#6103,#6104,#6105));
#1243=EDGE_LOOP('',(#6106,#6107,#6108,#6109,#6110,#6111));
#1244=EDGE_LOOP('',(#6112,#6113,#6114,#6115,#6116,#6117,#6118,#6119,#6120,
#6121));
#1245=EDGE_LOOP('',(#6122,#6123,#6124,#6125));
#1246=EDGE_LOOP('',(#6126,#6127,#6128,#6129,#6130,#6131));
#1247=EDGE_LOOP('',(#6132,#6133,#6134,#6135));
#1248=EDGE_LOOP('',(#6136,#6137,#6138,#6139));
#1249=EDGE_LOOP('',(#6140,#6141,#6142,#6143));
#1250=EDGE_LOOP('',(#6144,#6145,#6146,#6147));
#1251=EDGE_LOOP('',(#6148,#6149,#6150,#6151,#6152,#6153,#6154,#6155,#6156,
#6157));
#1252=EDGE_LOOP('',(#6158,#6159,#6160,#6161,#6162,#6163,#6164,#6165,#6166,
#6167,#6168,#6169));
#1253=EDGE_LOOP('',(#6170,#6171,#6172));
#1254=EDGE_LOOP('',(#6173,#6174,#6175,#6176,#6177,#6178,#6179,#6180,#6181,
#6182));
#1255=EDGE_LOOP('',(#6183,#6184,#6185,#6186));
#1256=EDGE_LOOP('',(#6187,#6188,#6189,#6190));
#1257=EDGE_LOOP('',(#6191,#6192,#6193,#6194));
#1258=EDGE_LOOP('',(#6195,#6196,#6197,#6198,#6199,#6200,#6201,#6202,#6203,
#6204));
#1259=EDGE_LOOP('',(#6205,#6206,#6207,#6208));
#1260=EDGE_LOOP('',(#6209,#6210,#6211,#6212));
#1261=EDGE_LOOP('',(#6213,#6214,#6215,#6216));
#1262=EDGE_LOOP('',(#6217,#6218,#6219,#6220,#6221,#6222,#6223,#6224));
#1263=EDGE_LOOP('',(#6225,#6226,#6227,#6228));
#1264=EDGE_LOOP('',(#6229,#6230,#6231,#6232,#6233,#6234,#6235,#6236));
#1265=EDGE_LOOP('',(#6237,#6238,#6239,#6240));
#1266=EDGE_LOOP('',(#6241,#6242,#6243,#6244));
#1267=EDGE_LOOP('',(#6245,#6246,#6247,#6248));
#1268=EDGE_LOOP('',(#6249,#6250,#6251,#6252));
#1269=EDGE_LOOP('',(#6253,#6254,#6255,#6256));
#1270=EDGE_LOOP('',(#6257,#6258,#6259,#6260));
#1271=EDGE_LOOP('',(#6261,#6262,#6263,#6264));
#1272=EDGE_LOOP('',(#6265,#6266,#6267,#6268));
#1273=EDGE_LOOP('',(#6269,#6270,#6271,#6272));
#1274=EDGE_LOOP('',(#6273,#6274,#6275,#6276));
#1275=EDGE_LOOP('',(#6277,#6278,#6279,#6280));
#1276=EDGE_LOOP('',(#6281,#6282,#6283,#6284));
#1277=EDGE_LOOP('',(#6285,#6286,#6287,#6288));
#1278=EDGE_LOOP('',(#6289,#6290,#6291,#6292));
#1279=EDGE_LOOP('',(#6293,#6294,#6295,#6296));
#1280=EDGE_LOOP('',(#6297,#6298,#6299,#6300));
#1281=EDGE_LOOP('',(#6301,#6302,#6303,#6304,#6305,#6306,#6307,#6308));
#1282=EDGE_LOOP('',(#6309,#6310,#6311,#6312));
#1283=EDGE_LOOP('',(#6313,#6314,#6315,#6316));
#1284=EDGE_LOOP('',(#6317,#6318,#6319,#6320));
#1285=EDGE_LOOP('',(#6321,#6322,#6323,#6324,#6325,#6326,#6327,#6328));
#1286=EDGE_LOOP('',(#6329,#6330,#6331,#6332));
#1287=EDGE_LOOP('',(#6333,#6334,#6335,#6336));
#1288=EDGE_LOOP('',(#6337,#6338,#6339,#6340));
#1289=EDGE_LOOP('',(#6341,#6342,#6343,#6344));
#1290=EDGE_LOOP('',(#6345,#6346,#6347,#6348,#6349,#6350,#6351,#6352,#6353,
#6354));
#1291=EDGE_LOOP('',(#6355,#6356,#6357,#6358,#6359,#6360,#6361,#6362,#6363,
#6364));
#1292=EDGE_LOOP('',(#6365,#6366,#6367));
#1293=EDGE_LOOP('',(#6368,#6369,#6370,#6371));
#1294=EDGE_LOOP('',(#6372,#6373,#6374,#6375,#6376,#6377,#6378,#6379,#6380,
#6381));
#1295=EDGE_LOOP('',(#6382,#6383,#6384,#6385));
#1296=EDGE_LOOP('',(#6386,#6387,#6388,#6389));
#1297=EDGE_LOOP('',(#6390,#6391,#6392,#6393,#6394,#6395,#6396,#6397,#6398,
#6399));
#1298=EDGE_LOOP('',(#6400,#6401,#6402,#6403));
#1299=EDGE_LOOP('',(#6404,#6405,#6406,#6407));
#1300=EDGE_LOOP('',(#6408,#6409,#6410,#6411,#6412,#6413,#6414,#6415));
#1301=EDGE_LOOP('',(#6416,#6417,#6418,#6419));
#1302=EDGE_LOOP('',(#6420,#6421,#6422,#6423));
#1303=EDGE_LOOP('',(#6424,#6425,#6426,#6427,#6428,#6429,#6430,#6431));
#1304=EDGE_LOOP('',(#6432,#6433,#6434,#6435));
#1305=EDGE_LOOP('',(#6436,#6437,#6438,#6439,#6440,#6441,#6442,#6443,#6444,
#6445));
#1306=EDGE_LOOP('',(#6446,#6447,#6448,#6449));
#1307=EDGE_LOOP('',(#6450,#6451,#6452,#6453));
#1308=EDGE_LOOP('',(#6454,#6455,#6456,#6457,#6458,#6459,#6460,#6461,#6462,
#6463));
#1309=EDGE_LOOP('',(#6464,#6465,#6466,#6467));
#1310=EDGE_LOOP('',(#6468,#6469,#6470,#6471));
#1311=EDGE_LOOP('',(#6472,#6473,#6474,#6475));
#1312=EDGE_LOOP('',(#6476,#6477,#6478,#6479));
#1313=EDGE_LOOP('',(#6480,#6481,#6482,#6483));
#1314=EDGE_LOOP('',(#6484,#6485,#6486,#6487));
#1315=EDGE_LOOP('',(#6488,#6489,#6490,#6491));
#1316=EDGE_LOOP('',(#6492,#6493,#6494,#6495));
#1317=EDGE_LOOP('',(#6496,#6497,#6498,#6499));
#1318=EDGE_LOOP('',(#6500,#6501,#6502,#6503));
#1319=EDGE_LOOP('',(#6504,#6505,#6506,#6507));
#1320=EDGE_LOOP('',(#6508));
#1321=EDGE_LOOP('',(#6509,#6510,#6511,#6512));
#1322=EDGE_LOOP('',(#6513,#6514,#6515,#6516));
#1323=EDGE_LOOP('',(#6517,#6518,#6519,#6520));
#1324=EDGE_LOOP('',(#6521,#6522,#6523,#6524));
#1325=EDGE_LOOP('',(#6525,#6526,#6527,#6528));
#1326=EDGE_LOOP('',(#6529,#6530,#6531,#6532));
#1327=EDGE_LOOP('',(#6533,#6534,#6535,#6536));
#1328=EDGE_LOOP('',(#6537,#6538,#6539,#6540));
#1329=EDGE_LOOP('',(#6541,#6542,#6543,#6544,#6545,#6546,#6547,#6548));
#1330=EDGE_LOOP('',(#6549));
#1331=EDGE_LOOP('',(#6550,#6551,#6552,#6553,#6554,#6555,#6556,#6557,#6558,
#6559,#6560,#6561,#6562,#6563,#6564,#6565,#6566,#6567,#6568,#6569,#6570,
#6571,#6572,#6573,#6574,#6575,#6576,#6577,#6578,#6579,#6580,#6581,#6582,
#6583,#6584,#6585,#6586,#6587,#6588,#6589,#6590,#6591,#6592,#6593,#6594,
#6595,#6596,#6597,#6598,#6599,#6600,#6601,#6602,#6603,#6604,#6605,#6606,
#6607));
#1332=EDGE_LOOP('',(#6608));
#1333=EDGE_LOOP('',(#6609));
#1334=EDGE_LOOP('',(#6610));
#1335=EDGE_LOOP('',(#6611));
#1336=EDGE_LOOP('',(#6612,#6613,#6614,#6615,#6616,#6617,#6618,#6619));
#1337=EDGE_LOOP('',(#6620,#6621,#6622,#6623));
#1338=EDGE_LOOP('',(#6624,#6625,#6626,#6627));
#1339=EDGE_LOOP('',(#6628,#6629,#6630,#6631));
#1340=EDGE_LOOP('',(#6632,#6633,#6634,#6635,#6636,#6637,#6638,#6639,#6640,
#6641,#6642,#6643,#6644,#6645,#6646,#6647,#6648,#6649,#6650,#6651,#6652,
#6653,#6654,#6655,#6656,#6657,#6658,#6659,#6660,#6661,#6662,#6663,#6664,
#6665,#6666,#6667,#6668,#6669,#6670,#6671,#6672,#6673,#6674,#6675,#6676,
#6677,#6678,#6679,#6680,#6681,#6682,#6683,#6684,#6685,#6686,#6687,#6688,
#6689));
#1341=EDGE_LOOP('',(#6690));
#1342=EDGE_LOOP('',(#6691));
#1343=EDGE_LOOP('',(#6692));
#1344=EDGE_LOOP('',(#6693));
#1345=EDGE_LOOP('',(#6694,#6695,#6696,#6697));
#1346=EDGE_LOOP('',(#6698,#6699,#6700,#6701));
#1347=EDGE_LOOP('',(#6702,#6703,#6704,#6705));
#1348=EDGE_LOOP('',(#6706,#6707,#6708,#6709));
#1349=EDGE_LOOP('',(#6710,#6711,#6712,#6713));
#1350=EDGE_LOOP('',(#6714,#6715,#6716,#6717));
#1351=EDGE_LOOP('',(#6718,#6719,#6720,#6721));
#1352=EDGE_LOOP('',(#6722,#6723,#6724,#6725));
#1353=EDGE_LOOP('',(#6726,#6727,#6728,#6729));
#1354=EDGE_LOOP('',(#6730,#6731,#6732,#6733));
#1355=EDGE_LOOP('',(#6734,#6735,#6736,#6737));
#1356=EDGE_LOOP('',(#6738,#6739,#6740,#6741));
#1357=EDGE_LOOP('',(#6742,#6743,#6744,#6745));
#1358=EDGE_LOOP('',(#6746,#6747,#6748,#6749));
#1359=EDGE_LOOP('',(#6750,#6751,#6752,#6753));
#1360=EDGE_LOOP('',(#6754,#6755,#6756,#6757));
#1361=EDGE_LOOP('',(#6758,#6759,#6760,#6761));
#1362=EDGE_LOOP('',(#6762,#6763,#6764,#6765));
#1363=EDGE_LOOP('',(#6766,#6767,#6768,#6769));
#1364=EDGE_LOOP('',(#6770,#6771,#6772,#6773));
#1365=EDGE_LOOP('',(#6774,#6775,#6776,#6777));
#1366=EDGE_LOOP('',(#6778,#6779,#6780,#6781));
#1367=EDGE_LOOP('',(#6782,#6783,#6784,#6785));
#1368=EDGE_LOOP('',(#6786,#6787,#6788,#6789));
#1369=EDGE_LOOP('',(#6790,#6791,#6792,#6793));
#1370=EDGE_LOOP('',(#6794,#6795,#6796,#6797));
#1371=EDGE_LOOP('',(#6798,#6799,#6800,#6801));
#1372=EDGE_LOOP('',(#6802,#6803,#6804,#6805));
#1373=EDGE_LOOP('',(#6806,#6807,#6808,#6809));
#1374=EDGE_LOOP('',(#6810,#6811,#6812,#6813));
#1375=EDGE_LOOP('',(#6814,#6815,#6816,#6817));
#1376=EDGE_LOOP('',(#6818,#6819,#6820,#6821));
#1377=EDGE_LOOP('',(#6822,#6823,#6824,#6825));
#1378=EDGE_LOOP('',(#6826,#6827,#6828,#6829));
#1379=EDGE_LOOP('',(#6830,#6831,#6832,#6833));
#1380=EDGE_LOOP('',(#6834,#6835,#6836,#6837));
#1381=EDGE_LOOP('',(#6838,#6839,#6840,#6841));
#1382=EDGE_LOOP('',(#6842,#6843,#6844,#6845));
#1383=EDGE_LOOP('',(#6846,#6847,#6848,#6849));
#1384=EDGE_LOOP('',(#6850,#6851,#6852,#6853));
#1385=EDGE_LOOP('',(#6854,#6855,#6856,#6857));
#1386=EDGE_LOOP('',(#6858,#6859,#6860,#6861));
#1387=EDGE_LOOP('',(#6862,#6863,#6864,#6865));
#1388=EDGE_LOOP('',(#6866,#6867,#6868,#6869));
#1389=EDGE_LOOP('',(#6870,#6871,#6872,#6873));
#1390=EDGE_LOOP('',(#6874,#6875,#6876,#6877));
#1391=EDGE_LOOP('',(#6878,#6879,#6880,#6881));
#1392=EDGE_LOOP('',(#6882,#6883,#6884,#6885));
#1393=EDGE_LOOP('',(#6886,#6887,#6888,#6889));
#1394=EDGE_LOOP('',(#6890,#6891,#6892,#6893));
#1395=EDGE_LOOP('',(#6894,#6895,#6896,#6897));
#1396=EDGE_LOOP('',(#6898,#6899,#6900,#6901));
#1397=EDGE_LOOP('',(#6902,#6903,#6904,#6905));
#1398=EDGE_LOOP('',(#6906,#6907,#6908,#6909));
#1399=EDGE_LOOP('',(#6910,#6911,#6912,#6913));
#1400=EDGE_LOOP('',(#6914,#6915,#6916,#6917));
#1401=EDGE_LOOP('',(#6918,#6919,#6920,#6921));
#1402=EDGE_LOOP('',(#6922,#6923,#6924,#6925));
#1403=EDGE_LOOP('',(#6926,#6927,#6928,#6929));
#1404=EDGE_LOOP('',(#6930,#6931,#6932,#6933));
#1405=EDGE_LOOP('',(#6934,#6935,#6936,#6937));
#1406=EDGE_LOOP('',(#6938,#6939,#6940,#6941));
#1407=EDGE_LOOP('',(#6942,#6943,#6944,#6945));
#1408=EDGE_LOOP('',(#6946,#6947,#6948,#6949));
#1409=EDGE_LOOP('',(#6950,#6951,#6952,#6953));
#1410=EDGE_LOOP('',(#6954,#6955,#6956,#6957));
#1411=EDGE_LOOP('',(#6958,#6959,#6960,#6961));
#1412=EDGE_LOOP('',(#6962,#6963,#6964,#6965));
#1413=EDGE_LOOP('',(#6966,#6967,#6968,#6969));
#1414=EDGE_LOOP('',(#6970,#6971,#6972,#6973));
#1415=EDGE_LOOP('',(#6974,#6975,#6976,#6977));
#1416=EDGE_LOOP('',(#6978,#6979,#6980,#6981,#6982,#6983,#6984,#6985));
#1417=EDGE_LOOP('',(#6986));
#1418=EDGE_LOOP('',(#6987));
#1419=EDGE_LOOP('',(#6988));
#1420=EDGE_LOOP('',(#6989));
#1421=EDGE_LOOP('',(#6990,#6991,#6992,#6993,#6994,#6995,#6996,#6997,#6998,
#6999,#7000,#7001,#7002,#7003,#7004,#7005,#7006,#7007,#7008,#7009,#7010,
#7011,#7012,#7013,#7014,#7015,#7016,#7017,#7018));
#1422=EDGE_LOOP('',(#7019,#7020,#7021,#7022,#7023,#7024,#7025,#7026,#7027,
#7028,#7029,#7030,#7031,#7032,#7033,#7034,#7035,#7036,#7037,#7038,#7039,
#7040,#7041,#7042,#7043,#7044,#7045,#7046,#7047,#7048,#7049,#7050,#7051,
#7052,#7053,#7054,#7055,#7056,#7057,#7058,#7059,#7060));
#1423=EDGE_LOOP('',(#7061));
#1424=EDGE_LOOP('',(#7062));
#1425=EDGE_LOOP('',(#7063));
#1426=EDGE_LOOP('',(#7064));
#1427=EDGE_LOOP('',(#7065));
#1428=EDGE_LOOP('',(#7066));
#1429=EDGE_LOOP('',(#7067));
#1430=EDGE_LOOP('',(#7068));
#1431=EDGE_LOOP('',(#7069,#7070,#7071,#7072));
#1432=EDGE_LOOP('',(#7073,#7074,#7075,#7076));
#1433=EDGE_LOOP('',(#7077,#7078,#7079,#7080));
#1434=EDGE_LOOP('',(#7081,#7082,#7083,#7084));
#1435=EDGE_LOOP('',(#7085,#7086,#7087,#7088));
#1436=EDGE_LOOP('',(#7089,#7090,#7091,#7092));
#1437=EDGE_LOOP('',(#7093,#7094,#7095,#7096));
#1438=EDGE_LOOP('',(#7097,#7098,#7099,#7100));
#1439=EDGE_LOOP('',(#7101,#7102,#7103,#7104));
#1440=EDGE_LOOP('',(#7105,#7106,#7107,#7108));
#1441=EDGE_LOOP('',(#7109,#7110,#7111,#7112));
#1442=EDGE_LOOP('',(#7113,#7114,#7115,#7116));
#1443=EDGE_LOOP('',(#7117,#7118,#7119,#7120));
#1444=EDGE_LOOP('',(#7121,#7122,#7123,#7124));
#1445=EDGE_LOOP('',(#7125,#7126,#7127,#7128));
#1446=EDGE_LOOP('',(#7129,#7130,#7131,#7132));
#1447=EDGE_LOOP('',(#7133,#7134,#7135,#7136));
#1448=EDGE_LOOP('',(#7137,#7138,#7139,#7140));
#1449=EDGE_LOOP('',(#7141,#7142,#7143,#7144));
#1450=EDGE_LOOP('',(#7145,#7146,#7147,#7148));
#1451=EDGE_LOOP('',(#7149,#7150,#7151,#7152));
#1452=EDGE_LOOP('',(#7153,#7154,#7155,#7156));
#1453=EDGE_LOOP('',(#7157,#7158,#7159,#7160));
#1454=EDGE_LOOP('',(#7161,#7162,#7163,#7164));
#1455=EDGE_LOOP('',(#7165,#7166,#7167,#7168));
#1456=EDGE_LOOP('',(#7169,#7170,#7171,#7172));
#1457=EDGE_LOOP('',(#7173,#7174,#7175,#7176));
#1458=EDGE_LOOP('',(#7177,#7178,#7179,#7180));
#1459=EDGE_LOOP('',(#7181,#7182,#7183,#7184));
#1460=EDGE_LOOP('',(#7185,#7186,#7187,#7188));
#1461=EDGE_LOOP('',(#7189,#7190,#7191,#7192));
#1462=EDGE_LOOP('',(#7193,#7194,#7195,#7196));
#1463=EDGE_LOOP('',(#7197,#7198,#7199,#7200));
#1464=EDGE_LOOP('',(#7201,#7202,#7203,#7204));
#1465=EDGE_LOOP('',(#7205,#7206,#7207,#7208));
#1466=EDGE_LOOP('',(#7209,#7210,#7211,#7212));
#1467=EDGE_LOOP('',(#7213,#7214,#7215,#7216));
#1468=EDGE_LOOP('',(#7217,#7218,#7219,#7220));
#1469=EDGE_LOOP('',(#7221,#7222,#7223,#7224));
#1470=EDGE_LOOP('',(#7225,#7226,#7227,#7228));
#1471=EDGE_LOOP('',(#7229,#7230,#7231,#7232));
#1472=EDGE_LOOP('',(#7233,#7234,#7235,#7236));
#1473=EDGE_LOOP('',(#7237,#7238,#7239,#7240));
#1474=EDGE_LOOP('',(#7241,#7242,#7243,#7244));
#1475=EDGE_LOOP('',(#7245,#7246,#7247,#7248));
#1476=EDGE_LOOP('',(#7249,#7250,#7251,#7252));
#1477=EDGE_LOOP('',(#7253,#7254,#7255,#7256,#7257,#7258,#7259,#7260,#7261,
#7262,#7263,#7264,#7265,#7266,#7267,#7268,#7269,#7270,#7271,#7272,#7273,
#7274,#7275,#7276,#7277,#7278,#7279,#7280,#7281,#7282,#7283,#7284,#7285,
#7286,#7287,#7288,#7289,#7290,#7291,#7292,#7293,#7294));
#1478=EDGE_LOOP('',(#7295,#7296,#7297,#7298));
#1479=EDGE_LOOP('',(#7299,#7300,#7301,#7302));
#1480=EDGE_LOOP('',(#7303,#7304,#7305,#7306));
#1481=EDGE_LOOP('',(#7307,#7308,#7309,#7310));
#1482=EDGE_LOOP('',(#7311,#7312,#7313,#7314));
#1483=EDGE_LOOP('',(#7315,#7316,#7317,#7318));
#1484=EDGE_LOOP('',(#7319,#7320,#7321,#7322));
#1485=EDGE_LOOP('',(#7323,#7324,#7325,#7326));
#1486=EDGE_LOOP('',(#7327,#7328,#7329,#7330));
#1487=EDGE_LOOP('',(#7331,#7332,#7333,#7334));
#1488=EDGE_LOOP('',(#7335,#7336,#7337,#7338));
#1489=EDGE_LOOP('',(#7339,#7340,#7341,#7342));
#1490=EDGE_LOOP('',(#7343,#7344,#7345,#7346));
#1491=EDGE_LOOP('',(#7347,#7348,#7349,#7350));
#1492=EDGE_LOOP('',(#7351,#7352,#7353,#7354));
#1493=EDGE_LOOP('',(#7355,#7356,#7357,#7358));
#1494=EDGE_LOOP('',(#7359,#7360,#7361,#7362));
#1495=EDGE_LOOP('',(#7363,#7364,#7365,#7366));
#1496=EDGE_LOOP('',(#7367,#7368,#7369,#7370));
#1497=EDGE_LOOP('',(#7371,#7372,#7373,#7374));
#1498=EDGE_LOOP('',(#7375,#7376,#7377,#7378));
#1499=EDGE_LOOP('',(#7379,#7380,#7381,#7382));
#1500=EDGE_LOOP('',(#7383,#7384,#7385,#7386));
#1501=EDGE_LOOP('',(#7387,#7388,#7389,#7390));
#1502=EDGE_LOOP('',(#7391,#7392,#7393,#7394));
#1503=EDGE_LOOP('',(#7395,#7396,#7397,#7398));
#1504=EDGE_LOOP('',(#7399,#7400,#7401,#7402));
#1505=EDGE_LOOP('',(#7403,#7404,#7405,#7406));
#1506=EDGE_LOOP('',(#7407,#7408,#7409,#7410));
#1507=EDGE_LOOP('',(#7411,#7412,#7413,#7414));
#1508=EDGE_LOOP('',(#7415,#7416,#7417,#7418));
#1509=EDGE_LOOP('',(#7419,#7420,#7421,#7422));
#1510=EDGE_LOOP('',(#7423,#7424,#7425,#7426));
#1511=EDGE_LOOP('',(#7427,#7428,#7429,#7430));
#1512=EDGE_LOOP('',(#7431,#7432,#7433,#7434));
#1513=EDGE_LOOP('',(#7435,#7436,#7437,#7438));
#1514=EDGE_LOOP('',(#7439,#7440,#7441,#7442));
#1515=EDGE_LOOP('',(#7443,#7444,#7445,#7446,#7447,#7448,#7449,#7450));
#1516=EDGE_LOOP('',(#7451));
#1517=EDGE_LOOP('',(#7452));
#1518=EDGE_LOOP('',(#7453));
#1519=EDGE_LOOP('',(#7454,#7455,#7456,#7457,#7458,#7459,#7460,#7461,#7462,
#7463,#7464,#7465,#7466,#7467,#7468,#7469,#7470,#7471,#7472,#7473,#7474,
#7475,#7476,#7477,#7478,#7479,#7480,#7481,#7482));
#1520=EDGE_LOOP('',(#7483));
#1521=EDGE_LOOP('',(#7484,#7485,#7486,#7487));
#1522=EDGE_LOOP('',(#7488,#7489,#7490,#7491));
#1523=EDGE_LOOP('',(#7492,#7493,#7494,#7495));
#1524=EDGE_LOOP('',(#7496,#7497,#7498,#7499));
#1525=EDGE_LOOP('',(#7500,#7501,#7502,#7503));
#1526=EDGE_LOOP('',(#7504,#7505,#7506,#7507));
#1527=EDGE_LOOP('',(#7508,#7509,#7510,#7511));
#1528=EDGE_LOOP('',(#7512,#7513,#7514,#7515));
#1529=EDGE_LOOP('',(#7516,#7517,#7518,#7519));
#1530=EDGE_LOOP('',(#7520,#7521,#7522,#7523));
#1531=EDGE_LOOP('',(#7524,#7525,#7526,#7527));
#1532=EDGE_LOOP('',(#7528,#7529,#7530,#7531));
#1533=EDGE_LOOP('',(#7532,#7533,#7534,#7535));
#1534=EDGE_LOOP('',(#7536,#7537,#7538,#7539));
#1535=EDGE_LOOP('',(#7540,#7541,#7542,#7543));
#1536=EDGE_LOOP('',(#7544,#7545,#7546,#7547));
#1537=EDGE_LOOP('',(#7548,#7549,#7550,#7551));
#1538=EDGE_LOOP('',(#7552,#7553,#7554,#7555));
#1539=EDGE_LOOP('',(#7556,#7557,#7558,#7559));
#1540=EDGE_LOOP('',(#7560,#7561,#7562,#7563));
#1541=EDGE_LOOP('',(#7564,#7565,#7566,#7567));
#1542=EDGE_LOOP('',(#7568,#7569,#7570,#7571));
#1543=EDGE_LOOP('',(#7572,#7573,#7574,#7575));
#1544=EDGE_LOOP('',(#7576,#7577,#7578,#7579));
#1545=EDGE_LOOP('',(#7580,#7581,#7582,#7583));
#1546=EDGE_LOOP('',(#7584,#7585,#7586,#7587));
#1547=EDGE_LOOP('',(#7588,#7589,#7590,#7591,#7592,#7593,#7594,#7595,#7596,
#7597,#7598,#7599,#7600,#7601,#7602,#7603,#7604,#7605,#7606,#7607,#7608,
#7609,#7610,#7611,#7612,#7613));
#1548=EDGE_LOOP('',(#7614,#7615,#7616,#7617));
#1549=EDGE_LOOP('',(#7618,#7619,#7620,#7621));
#1550=EDGE_LOOP('',(#7622,#7623,#7624,#7625));
#1551=EDGE_LOOP('',(#7626,#7627,#7628,#7629));
#1552=EDGE_LOOP('',(#7630,#7631,#7632,#7633));
#1553=EDGE_LOOP('',(#7634,#7635,#7636,#7637));
#1554=EDGE_LOOP('',(#7638,#7639,#7640,#7641));
#1555=EDGE_LOOP('',(#7642,#7643,#7644,#7645));
#1556=EDGE_LOOP('',(#7646,#7647,#7648,#7649));
#1557=EDGE_LOOP('',(#7650,#7651,#7652,#7653));
#1558=EDGE_LOOP('',(#7654,#7655,#7656,#7657));
#1559=EDGE_LOOP('',(#7658,#7659,#7660,#7661));
#1560=EDGE_LOOP('',(#7662,#7663,#7664,#7665,#7666,#7667,#7668,#7669,#7670,
#7671,#7672,#7673));
#1561=EDGE_LOOP('',(#7674,#7675,#7676,#7677));
#1562=EDGE_LOOP('',(#7678,#7679,#7680,#7681));
#1563=EDGE_LOOP('',(#7682,#7683,#7684,#7685));
#1564=EDGE_LOOP('',(#7686,#7687,#7688,#7689));
#1565=EDGE_LOOP('',(#7690,#7691,#7692,#7693));
#1566=EDGE_LOOP('',(#7694,#7695,#7696,#7697));
#1567=EDGE_LOOP('',(#7698,#7699,#7700,#7701));
#1568=EDGE_LOOP('',(#7702,#7703,#7704,#7705));
#1569=EDGE_LOOP('',(#7706,#7707,#7708,#7709));
#1570=EDGE_LOOP('',(#7710,#7711,#7712,#7713));
#1571=EDGE_LOOP('',(#7714,#7715,#7716,#7717));
#1572=EDGE_LOOP('',(#7718,#7719,#7720,#7721));
#1573=EDGE_LOOP('',(#7722,#7723,#7724,#7725));
#1574=EDGE_LOOP('',(#7726,#7727,#7728,#7729));
#1575=EDGE_LOOP('',(#7730,#7731,#7732,#7733));
#1576=EDGE_LOOP('',(#7734,#7735,#7736,#7737));
#1577=EDGE_LOOP('',(#7738,#7739,#7740,#7741));
#1578=EDGE_LOOP('',(#7742,#7743,#7744,#7745));
#1579=EDGE_LOOP('',(#7746,#7747,#7748,#7749));
#1580=EDGE_LOOP('',(#7750,#7751,#7752,#7753));
#1581=EDGE_LOOP('',(#7754,#7755,#7756,#7757));
#1582=EDGE_LOOP('',(#7758,#7759,#7760,#7761));
#1583=EDGE_LOOP('',(#7762,#7763,#7764,#7765));
#1584=EDGE_LOOP('',(#7766,#7767,#7768,#7769));
#1585=EDGE_LOOP('',(#7770,#7771,#7772,#7773));
#1586=EDGE_LOOP('',(#7774,#7775,#7776,#7777));
#1587=EDGE_LOOP('',(#7778,#7779,#7780,#7781,#7782,#7783,#7784,#7785,#7786,
#7787,#7788,#7789,#7790,#7791,#7792,#7793,#7794,#7795,#7796,#7797,#7798,
#7799,#7800,#7801,#7802,#7803));
#1588=EDGE_LOOP('',(#7804,#7805,#7806,#7807));
#1589=EDGE_LOOP('',(#7808,#7809,#7810,#7811));
#1590=EDGE_LOOP('',(#7812,#7813,#7814,#7815));
#1591=EDGE_LOOP('',(#7816,#7817,#7818,#7819));
#1592=EDGE_LOOP('',(#7820,#7821,#7822,#7823));
#1593=EDGE_LOOP('',(#7824,#7825,#7826,#7827));
#1594=EDGE_LOOP('',(#7828,#7829,#7830,#7831));
#1595=EDGE_LOOP('',(#7832,#7833,#7834,#7835));
#1596=EDGE_LOOP('',(#7836,#7837,#7838,#7839));
#1597=EDGE_LOOP('',(#7840,#7841,#7842,#7843));
#1598=EDGE_LOOP('',(#7844,#7845,#7846,#7847));
#1599=EDGE_LOOP('',(#7848,#7849,#7850,#7851));
#1600=EDGE_LOOP('',(#7852,#7853,#7854,#7855));
#1601=EDGE_LOOP('',(#7856,#7857,#7858,#7859));
#1602=EDGE_LOOP('',(#7860,#7861,#7862,#7863));
#1603=EDGE_LOOP('',(#7864,#7865,#7866,#7867));
#1604=EDGE_LOOP('',(#7868,#7869,#7870,#7871));
#1605=EDGE_LOOP('',(#7872,#7873,#7874,#7875));
#1606=EDGE_LOOP('',(#7876,#7877,#7878,#7879));
#1607=EDGE_LOOP('',(#7880,#7881,#7882,#7883));
#1608=EDGE_LOOP('',(#7884,#7885,#7886,#7887));
#1609=EDGE_LOOP('',(#7888,#7889,#7890,#7891));
#1610=EDGE_LOOP('',(#7892,#7893,#7894,#7895));
#1611=EDGE_LOOP('',(#7896,#7897,#7898,#7899));
#1612=EDGE_LOOP('',(#7900,#7901,#7902,#7903));
#1613=EDGE_LOOP('',(#7904,#7905,#7906,#7907));
#1614=EDGE_LOOP('',(#7908,#7909,#7910,#7911));
#1615=EDGE_LOOP('',(#7912,#7913,#7914,#7915));
#1616=EDGE_LOOP('',(#7916,#7917,#7918,#7919));
#1617=EDGE_LOOP('',(#7920,#7921,#7922,#7923));
#1618=EDGE_LOOP('',(#7924,#7925,#7926,#7927));
#1619=EDGE_LOOP('',(#7928,#7929,#7930,#7931));
#1620=EDGE_LOOP('',(#7932,#7933,#7934,#7935));
#1621=EDGE_LOOP('',(#7936,#7937,#7938,#7939));
#1622=EDGE_LOOP('',(#7940,#7941,#7942,#7943));
#1623=EDGE_LOOP('',(#7944,#7945,#7946,#7947));
#1624=EDGE_LOOP('',(#7948,#7949,#7950,#7951));
#1625=EDGE_LOOP('',(#7952,#7953,#7954,#7955));
#1626=EDGE_LOOP('',(#7956,#7957,#7958,#7959));
#1627=EDGE_LOOP('',(#7960,#7961,#7962,#7963));
#1628=EDGE_LOOP('',(#7964,#7965,#7966,#7967));
#1629=EDGE_LOOP('',(#7968,#7969,#7970,#7971,#7972,#7973,#7974,#7975,#7976,
#7977,#7978,#7979,#7980,#7981,#7982,#7983,#7984,#7985,#7986,#7987,#7988,
#7989,#7990,#7991,#7992,#7993,#7994));
#1630=EDGE_LOOP('',(#7995,#7996,#7997,#7998,#7999,#8000,#8001,#8002,#8003,
#8004,#8005,#8006,#8007,#8008));
#1631=EDGE_LOOP('',(#8009,#8010,#8011,#8012));
#1632=EDGE_LOOP('',(#8013,#8014,#8015,#8016));
#1633=EDGE_LOOP('',(#8017,#8018,#8019,#8020));
#1634=EDGE_LOOP('',(#8021,#8022,#8023,#8024));
#1635=EDGE_LOOP('',(#8025,#8026,#8027,#8028));
#1636=EDGE_LOOP('',(#8029,#8030,#8031,#8032));
#1637=EDGE_LOOP('',(#8033,#8034,#8035,#8036));
#1638=EDGE_LOOP('',(#8037,#8038,#8039,#8040));
#1639=EDGE_LOOP('',(#8041,#8042,#8043,#8044));
#1640=EDGE_LOOP('',(#8045,#8046,#8047,#8048));
#1641=EDGE_LOOP('',(#8049,#8050,#8051,#8052));
#1642=EDGE_LOOP('',(#8053,#8054,#8055,#8056));
#1643=EDGE_LOOP('',(#8057,#8058,#8059,#8060));
#1644=EDGE_LOOP('',(#8061,#8062,#8063,#8064));
#1645=EDGE_LOOP('',(#8065,#8066,#8067,#8068));
#1646=EDGE_LOOP('',(#8069,#8070,#8071,#8072));
#1647=EDGE_LOOP('',(#8073,#8074,#8075,#8076));
#1648=EDGE_LOOP('',(#8077,#8078,#8079,#8080));
#1649=EDGE_LOOP('',(#8081,#8082,#8083,#8084));
#1650=EDGE_LOOP('',(#8085,#8086,#8087,#8088));
#1651=EDGE_LOOP('',(#8089,#8090,#8091,#8092));
#1652=EDGE_LOOP('',(#8093,#8094,#8095,#8096));
#1653=EDGE_LOOP('',(#8097,#8098,#8099,#8100,#8101,#8102,#8103,#8104,#8105,
#8106,#8107));
#1654=EDGE_LOOP('',(#8108,#8109,#8110,#8111,#8112,#8113,#8114,#8115,#8116,
#8117,#8118));
#1655=EDGE_LOOP('',(#8119,#8120,#8121,#8122));
#1656=EDGE_LOOP('',(#8123,#8124,#8125,#8126));
#1657=EDGE_LOOP('',(#8127,#8128,#8129,#8130));
#1658=EDGE_LOOP('',(#8131,#8132,#8133,#8134));
#1659=EDGE_LOOP('',(#8135,#8136,#8137,#8138));
#1660=EDGE_LOOP('',(#8139,#8140,#8141,#8142));
#1661=EDGE_LOOP('',(#8143,#8144,#8145,#8146));
#1662=EDGE_LOOP('',(#8147,#8148,#8149,#8150));
#1663=EDGE_LOOP('',(#8151,#8152,#8153,#8154));
#1664=EDGE_LOOP('',(#8155,#8156,#8157,#8158));
#1665=EDGE_LOOP('',(#8159,#8160,#8161,#8162));
#1666=EDGE_LOOP('',(#8163,#8164,#8165,#8166));
#1667=EDGE_LOOP('',(#8167,#8168,#8169,#8170));
#1668=EDGE_LOOP('',(#8171,#8172,#8173,#8174));
#1669=EDGE_LOOP('',(#8175,#8176,#8177,#8178));
#1670=EDGE_LOOP('',(#8179,#8180,#8181,#8182));
#1671=EDGE_LOOP('',(#8183,#8184,#8185,#8186));
#1672=EDGE_LOOP('',(#8187,#8188,#8189,#8190));
#1673=EDGE_LOOP('',(#8191,#8192,#8193,#8194));
#1674=EDGE_LOOP('',(#8195,#8196,#8197,#8198));
#1675=EDGE_LOOP('',(#8199,#8200,#8201,#8202));
#1676=EDGE_LOOP('',(#8203,#8204,#8205,#8206));
#1677=EDGE_LOOP('',(#8207,#8208,#8209,#8210));
#1678=EDGE_LOOP('',(#8211,#8212,#8213,#8214));
#1679=EDGE_LOOP('',(#8215,#8216,#8217,#8218));
#1680=EDGE_LOOP('',(#8219,#8220,#8221,#8222));
#1681=EDGE_LOOP('',(#8223,#8224,#8225,#8226));
#1682=EDGE_LOOP('',(#8227,#8228,#8229,#8230));
#1683=EDGE_LOOP('',(#8231,#8232,#8233,#8234));
#1684=EDGE_LOOP('',(#8235,#8236,#8237,#8238));
#1685=EDGE_LOOP('',(#8239,#8240,#8241,#8242));
#1686=EDGE_LOOP('',(#8243,#8244,#8245,#8246));
#1687=EDGE_LOOP('',(#8247,#8248,#8249,#8250,#8251,#8252,#8253,#8254,#8255,
#8256,#8257,#8258,#8259,#8260,#8261,#8262));
#1688=EDGE_LOOP('',(#8263,#8264,#8265,#8266,#8267,#8268,#8269,#8270,#8271,
#8272,#8273,#8274,#8275,#8276,#8277,#8278));
#1689=EDGE_LOOP('',(#8279,#8280,#8281,#8282));
#1690=EDGE_LOOP('',(#8283,#8284,#8285,#8286));
#1691=EDGE_LOOP('',(#8287,#8288,#8289,#8290));
#1692=EDGE_LOOP('',(#8291,#8292,#8293,#8294));
#1693=EDGE_LOOP('',(#8295,#8296,#8297,#8298));
#1694=EDGE_LOOP('',(#8299,#8300,#8301,#8302));
#1695=EDGE_LOOP('',(#8303,#8304,#8305,#8306));
#1696=EDGE_LOOP('',(#8307,#8308,#8309,#8310));
#1697=EDGE_LOOP('',(#8311,#8312,#8313,#8314));
#1698=EDGE_LOOP('',(#8315,#8316,#8317,#8318));
#1699=EDGE_LOOP('',(#8319,#8320,#8321,#8322));
#1700=EDGE_LOOP('',(#8323,#8324,#8325,#8326));
#1701=EDGE_LOOP('',(#8327,#8328,#8329,#8330));
#1702=EDGE_LOOP('',(#8331,#8332,#8333,#8334,#8335,#8336,#8337,#8338));
#1703=EDGE_LOOP('',(#8339,#8340,#8341,#8342));
#1704=EDGE_LOOP('',(#8343,#8344,#8345,#8346));
#1705=EDGE_LOOP('',(#8347,#8348,#8349,#8350));
#1706=EDGE_LOOP('',(#8351,#8352,#8353,#8354));
#1707=EDGE_LOOP('',(#8355,#8356,#8357,#8358));
#1708=EDGE_LOOP('',(#8359,#8360,#8361,#8362));
#1709=EDGE_LOOP('',(#8363,#8364,#8365,#8366));
#1710=EDGE_LOOP('',(#8367,#8368,#8369,#8370));
#1711=EDGE_LOOP('',(#8371,#8372,#8373,#8374));
#1712=EDGE_LOOP('',(#8375,#8376,#8377,#8378));
#1713=EDGE_LOOP('',(#8379,#8380,#8381,#8382));
#1714=EDGE_LOOP('',(#8383,#8384,#8385,#8386));
#1715=EDGE_LOOP('',(#8387,#8388,#8389,#8390));
#1716=EDGE_LOOP('',(#8391,#8392,#8393,#8394));
#1717=EDGE_LOOP('',(#8395,#8396,#8397,#8398));
#1718=EDGE_LOOP('',(#8399,#8400,#8401,#8402));
#1719=EDGE_LOOP('',(#8403,#8404,#8405,#8406));
#1720=EDGE_LOOP('',(#8407,#8408,#8409,#8410));
#1721=EDGE_LOOP('',(#8411,#8412,#8413,#8414));
#1722=EDGE_LOOP('',(#8415,#8416,#8417,#8418));
#1723=EDGE_LOOP('',(#8419,#8420,#8421,#8422));
#1724=EDGE_LOOP('',(#8423,#8424,#8425,#8426));
#1725=EDGE_LOOP('',(#8427,#8428,#8429,#8430));
#1726=EDGE_LOOP('',(#8431,#8432,#8433,#8434));
#1727=EDGE_LOOP('',(#8435,#8436,#8437,#8438,#8439,#8440,#8441,#8442,#8443,
#8444,#8445,#8446,#8447,#8448,#8449,#8450,#8451,#8452,#8453,#8454,#8455,
#8456,#8457,#8458));
#1728=EDGE_LOOP('',(#8459,#8460,#8461,#8462));
#1729=EDGE_LOOP('',(#8463,#8464,#8465,#8466));
#1730=EDGE_LOOP('',(#8467,#8468,#8469,#8470));
#1731=EDGE_LOOP('',(#8471,#8472,#8473,#8474));
#1732=EDGE_LOOP('',(#8475,#8476,#8477,#8478));
#1733=EDGE_LOOP('',(#8479,#8480,#8481,#8482));
#1734=EDGE_LOOP('',(#8483,#8484,#8485,#8486));
#1735=EDGE_LOOP('',(#8487,#8488,#8489,#8490));
#1736=EDGE_LOOP('',(#8491,#8492,#8493,#8494));
#1737=EDGE_LOOP('',(#8495,#8496,#8497,#8498,#8499,#8500,#8501,#8502,#8503));
#1738=EDGE_LOOP('',(#8504,#8505,#8506,#8507,#8508,#8509,#8510,#8511));
#1739=EDGE_LOOP('',(#8512));
#1740=EDGE_LOOP('',(#8513));
#1741=EDGE_LOOP('',(#8514));
#1742=EDGE_LOOP('',(#8515));
#1743=EDGE_LOOP('',(#8516,#8517,#8518,#8519,#8520,#8521,#8522,#8523));
#1744=EDGE_LOOP('',(#8524,#8525,#8526,#8527,#8528,#8529));
#1745=EDGE_LOOP('',(#8530,#8531,#8532,#8533,#8534,#8535,#8536,#8537,#8538));
#1746=EDGE_LOOP('',(#8539,#8540,#8541,#8542,#8543,#8544,#8545,#8546,#8547,
#8548,#8549,#8550,#8551,#8552,#8553,#8554,#8555,#8556,#8557,#8558,#8559,
#8560,#8561,#8562));
#1747=EDGE_LOOP('',(#8563,#8564,#8565,#8566,#8567,#8568,#8569,#8570));
#1748=EDGE_LOOP('',(#8571,#8572,#8573,#8574));
#1749=EDGE_LOOP('',(#8575,#8576,#8577,#8578,#8579,#8580,#8581,#8582,#8583,
#8584,#8585,#8586,#8587,#8588,#8589,#8590));
#1750=EDGE_LOOP('',(#8591,#8592,#8593,#8594,#8595,#8596,#8597,#8598,#8599,
#8600,#8601));
#1751=EDGE_LOOP('',(#8602,#8603,#8604,#8605,#8606,#8607,#8608,#8609,#8610,
#8611,#8612,#8613,#8614,#8615,#8616,#8617,#8618,#8619,#8620,#8621,#8622,
#8623,#8624,#8625,#8626,#8627,#8628));
#1752=EDGE_LOOP('',(#8629,#8630,#8631,#8632,#8633,#8634,#8635,#8636,#8637,
#8638,#8639,#8640,#8641,#8642,#8643,#8644,#8645,#8646,#8647,#8648,#8649,
#8650,#8651,#8652,#8653,#8654));
#1753=EDGE_LOOP('',(#8655,#8656,#8657,#8658,#8659,#8660,#8661,#8662,#8663,
#8664,#8665,#8666));
#1754=EDGE_LOOP('',(#8667,#8668,#8669,#8670,#8671,#8672,#8673,#8674,#8675,
#8676,#8677,#8678,#8679,#8680,#8681,#8682,#8683,#8684,#8685,#8686,#8687,
#8688,#8689,#8690,#8691,#8692));
#1755=EDGE_LOOP('',(#8693,#8694,#8695,#8696,#8697,#8698,#8699,#8700,#8701,
#8702,#8703,#8704,#8705,#8706,#8707,#8708));
#1756=EDGE_LOOP('',(#8709,#8710,#8711,#8712,#8713,#8714,#8715,#8716,#8717,
#8718,#8719));
#1757=EDGE_LOOP('',(#8720,#8721,#8722,#8723));
#1758=EDGE_LOOP('',(#8724,#8725,#8726,#8727));
#1759=EDGE_LOOP('',(#8728,#8729,#8730,#8731));
#1760=EDGE_LOOP('',(#8732,#8733,#8734,#8735));
#1761=EDGE_LOOP('',(#8736,#8737,#8738,#8739));
#1762=EDGE_LOOP('',(#8740,#8741,#8742,#8743));
#1763=EDGE_LOOP('',(#8744,#8745,#8746,#8747));
#1764=EDGE_LOOP('',(#8748,#8749,#8750,#8751));
#1765=EDGE_LOOP('',(#8752,#8753,#8754,#8755));
#1766=EDGE_LOOP('',(#8756,#8757,#8758,#8759));
#1767=EDGE_LOOP('',(#8760,#8761,#8762,#8763));
#1768=EDGE_LOOP('',(#8764,#8765,#8766,#8767));
#1769=EDGE_LOOP('',(#8768,#8769,#8770,#8771));
#1770=EDGE_LOOP('',(#8772,#8773,#8774,#8775));
#1771=EDGE_LOOP('',(#8776,#8777,#8778,#8779));
#1772=EDGE_LOOP('',(#8780,#8781,#8782,#8783));
#1773=EDGE_LOOP('',(#8784,#8785,#8786,#8787));
#1774=EDGE_LOOP('',(#8788,#8789,#8790,#8791));
#1775=EDGE_LOOP('',(#8792,#8793,#8794,#8795));
#1776=EDGE_LOOP('',(#8796,#8797,#8798,#8799));
#1777=EDGE_LOOP('',(#8800,#8801,#8802,#8803));
#1778=EDGE_LOOP('',(#8804,#8805,#8806,#8807));
#1779=EDGE_LOOP('',(#8808,#8809,#8810,#8811,#8812,#8813,#8814,#8815,#8816,
#8817,#8818,#8819,#8820,#8821));
#1780=EDGE_LOOP('',(#8822,#8823,#8824,#8825));
#1781=EDGE_LOOP('',(#8826,#8827,#8828,#8829));
#1782=EDGE_LOOP('',(#8830,#8831,#8832,#8833));
#1783=EDGE_LOOP('',(#8834,#8835,#8836,#8837));
#1784=EDGE_LOOP('',(#8838,#8839,#8840,#8841,#8842,#8843,#8844,#8845));
#1785=EDGE_LOOP('',(#8846,#8847,#8848,#8849,#8850,#8851));
#1786=EDGE_LOOP('',(#8852,#8853,#8854,#8855,#8856,#8857,#8858,#8859));
#1787=EDGE_LOOP('',(#8860));
#1788=EDGE_LOOP('',(#8861));
#1789=EDGE_LOOP('',(#8862));
#1790=EDGE_LOOP('',(#8863));
#1791=EDGE_LOOP('',(#8864,#8865,#8866,#8867));
#1792=EDGE_LOOP('',(#8868,#8869,#8870,#8871));
#1793=EDGE_LOOP('',(#8872,#8873,#8874,#8875));
#1794=EDGE_LOOP('',(#8876,#8877,#8878,#8879));
#1795=EDGE_LOOP('',(#8880,#8881,#8882,#8883));
#1796=EDGE_LOOP('',(#8884,#8885,#8886,#8887));
#1797=EDGE_LOOP('',(#8888,#8889,#8890,#8891,#8892,#8893));
#1798=EDGE_LOOP('',(#8894,#8895,#8896,#8897,#8898,#8899));
#1799=LINE('',#12427,#2788);
#1800=LINE('',#12429,#2789);
#1801=LINE('',#12431,#2790);
#1802=LINE('',#12432,#2791);
#1803=LINE('',#12436,#2792);
#1804=LINE('',#12438,#2793);
#1805=LINE('',#12439,#2794);
#1806=LINE('',#12441,#2795);
#1807=LINE('',#12442,#2796);
#1808=LINE('',#12446,#2797);
#1809=LINE('',#12448,#2798);
#1810=LINE('',#12450,#2799);
#1811=LINE('',#12452,#2800);
#1812=LINE('',#12454,#2801);
#1813=LINE('',#12455,#2802);
#1814=LINE('',#12457,#2803);
#1815=LINE('',#12459,#2804);
#1816=LINE('',#12460,#2805);
#1817=LINE('',#12463,#2806);
#1818=LINE('',#12464,#2807);
#1819=LINE('',#12467,#2808);
#1820=LINE('',#12469,#2809);
#1821=LINE('',#12471,#2810);
#1822=LINE('',#12472,#2811);
#1823=LINE('',#12475,#2812);
#1824=LINE('',#12477,#2813);
#1825=LINE('',#12478,#2814);
#1826=LINE('',#12480,#2815);
#1827=LINE('',#12485,#2816);
#1828=LINE('',#12489,#2817);
#1829=LINE('',#12490,#2818);
#1830=LINE('',#12494,#2819);
#1831=LINE('',#12495,#2820);
#1832=LINE('',#12497,#2821);
#1833=LINE('',#12499,#2822);
#1834=LINE('',#12503,#2823);
#1835=LINE('',#12507,#2824);
#1836=LINE('',#12509,#2825);
#1837=LINE('',#12511,#2826);
#1838=LINE('',#12513,#2827);
#1839=LINE('',#12515,#2828);
#1840=LINE('',#12517,#2829);
#1841=LINE('',#12519,#2830);
#1842=LINE('',#12521,#2831);
#1843=LINE('',#12523,#2832);
#1844=LINE('',#12525,#2833);
#1845=LINE('',#12526,#2834);
#1846=LINE('',#12529,#2835);
#1847=LINE('',#12531,#2836);
#1848=LINE('',#12532,#2837);
#1849=LINE('',#12536,#2838);
#1850=LINE('',#12540,#2839);
#1851=LINE('',#12544,#2840);
#1852=LINE('',#12545,#2841);
#1853=LINE('',#12546,#2842);
#1854=LINE('',#12549,#2843);
#1855=LINE('',#12550,#2844);
#1856=LINE('',#12553,#2845);
#1857=LINE('',#12555,#2846);
#1858=LINE('',#12556,#2847);
#1859=LINE('',#12561,#2848);
#1860=LINE('',#12565,#2849);
#1861=LINE('',#12567,#2850);
#1862=LINE('',#12568,#2851);
#1863=LINE('',#12570,#2852);
#1864=LINE('',#12572,#2853);
#1865=LINE('',#12573,#2854);
#1866=LINE('',#12576,#2855);
#1867=LINE('',#12577,#2856);
#1868=LINE('',#12580,#2857);
#1869=LINE('',#12581,#2858);
#1870=LINE('',#12584,#2859);
#1871=LINE('',#12585,#2860);
#1872=LINE('',#12588,#2861);
#1873=LINE('',#12589,#2862);
#1874=LINE('',#12590,#2863);
#1875=LINE('',#12595,#2864);
#1876=LINE('',#12597,#2865);
#1877=LINE('',#12599,#2866);
#1878=LINE('',#12601,#2867);
#1879=LINE('',#12603,#2868);
#1880=LINE('',#12604,#2869);
#1881=LINE('',#12605,#2870);
#1882=LINE('',#12608,#2871);
#1883=LINE('',#12611,#2872);
#1884=LINE('',#12614,#2873);
#1885=LINE('',#12615,#2874);
#1886=LINE('',#12623,#2875);
#1887=LINE('',#12625,#2876);
#1888=LINE('',#12628,#2877);
#1889=LINE('',#12630,#2878);
#1890=LINE('',#12631,#2879);
#1891=LINE('',#12634,#2880);
#1892=LINE('',#12638,#2881);
#1893=LINE('',#12642,#2882);
#1894=LINE('',#12643,#2883);
#1895=LINE('',#12645,#2884);
#1896=LINE('',#12648,#2885);
#1897=LINE('',#12650,#2886);
#1898=LINE('',#12651,#2887);
#1899=LINE('',#12654,#2888);
#1900=LINE('',#12655,#2889);
#1901=LINE('',#12657,#2890);
#1902=LINE('',#12660,#2891);
#1903=LINE('',#12661,#2892);
#1904=LINE('',#12665,#2893);
#1905=LINE('',#12668,#2894);
#1906=LINE('',#12669,#2895);
#1907=LINE('',#12673,#2896);
#1908=LINE('',#12676,#2897);
#1909=LINE('',#12678,#2898);
#1910=LINE('',#12679,#2899);
#1911=LINE('',#12681,#2900);
#1912=LINE('',#12682,#2901);
#1913=LINE('',#12684,#2902);
#1914=LINE('',#12687,#2903);
#1915=LINE('',#12688,#2904);
#1916=LINE('',#12699,#2905);
#1917=LINE('',#12701,#2906);
#1918=LINE('',#12703,#2907);
#1919=LINE('',#12704,#2908);
#1920=LINE('',#12708,#2909);
#1921=LINE('',#12712,#2910);
#1922=LINE('',#12714,#2911);
#1923=LINE('',#12716,#2912);
#1924=LINE('',#12720,#2913);
#1925=LINE('',#12726,#2914);
#1926=LINE('',#12729,#2915);
#1927=LINE('',#12733,#2916);
#1928=LINE('',#12735,#2917);
#1929=LINE('',#12739,#2918);
#1930=LINE('',#12741,#2919);
#1931=LINE('',#12743,#2920);
#1932=LINE('',#12746,#2921);
#1933=LINE('',#12748,#2922);
#1934=LINE('',#12751,#2923);
#1935=LINE('',#12753,#2924);
#1936=LINE('',#12755,#2925);
#1937=LINE('',#12757,#2926);
#1938=LINE('',#12758,#2927);
#1939=LINE('',#12760,#2928);
#1940=LINE('',#12762,#2929);
#1941=LINE('',#12765,#2930);
#1942=LINE('',#12767,#2931);
#1943=LINE('',#12769,#2932);
#1944=LINE('',#12771,#2933);
#1945=LINE('',#12772,#2934);
#1946=LINE('',#12774,#2935);
#1947=LINE('',#12778,#2936);
#1948=LINE('',#12782,#2937);
#1949=LINE('',#12786,#2938);
#1950=LINE('',#12791,#2939);
#1951=LINE('',#12793,#2940);
#1952=LINE('',#12794,#2941);
#1953=LINE('',#12797,#2942);
#1954=LINE('',#12798,#2943);
#1955=LINE('',#12802,#2944);
#1956=LINE('',#12807,#2945);
#1957=LINE('',#12811,#2946);
#1958=LINE('',#12815,#2947);
#1959=LINE('',#12816,#2948);
#1960=LINE('',#12818,#2949);
#1961=LINE('',#12820,#2950);
#1962=LINE('',#12822,#2951);
#1963=LINE('',#12824,#2952);
#1964=LINE('',#12826,#2953);
#1965=LINE('',#12828,#2954);
#1966=LINE('',#12830,#2955);
#1967=LINE('',#12832,#2956);
#1968=LINE('',#12840,#2957);
#1969=LINE('',#12846,#2958);
#1970=LINE('',#12848,#2959);
#1971=LINE('',#12850,#2960);
#1972=LINE('',#12851,#2961);
#1973=LINE('',#12857,#2962);
#1974=LINE('',#12860,#2963);
#1975=LINE('',#12862,#2964);
#1976=LINE('',#12863,#2965);
#1977=LINE('',#12869,#2966);
#1978=LINE('',#12872,#2967);
#1979=LINE('',#12874,#2968);
#1980=LINE('',#12875,#2969);
#1981=LINE('',#12881,#2970);
#1982=LINE('',#12884,#2971);
#1983=LINE('',#12886,#2972);
#1984=LINE('',#12887,#2973);
#1985=LINE('',#12895,#2974);
#1986=LINE('',#12897,#2975);
#1987=LINE('',#12899,#2976);
#1988=LINE('',#12901,#2977);
#1989=LINE('',#12903,#2978);
#1990=LINE('',#12905,#2979);
#1991=LINE('',#12907,#2980);
#1992=LINE('',#12909,#2981);
#1993=LINE('',#12911,#2982);
#1994=LINE('',#12913,#2983);
#1995=LINE('',#12915,#2984);
#1996=LINE('',#12917,#2985);
#1997=LINE('',#12919,#2986);
#1998=LINE('',#12921,#2987);
#1999=LINE('',#12923,#2988);
#2000=LINE('',#12925,#2989);
#2001=LINE('',#12927,#2990);
#2002=LINE('',#12929,#2991);
#2003=LINE('',#12931,#2992);
#2004=LINE('',#12933,#2993);
#2005=LINE('',#12935,#2994);
#2006=LINE('',#12937,#2995);
#2007=LINE('',#12939,#2996);
#2008=LINE('',#12941,#2997);
#2009=LINE('',#12943,#2998);
#2010=LINE('',#12945,#2999);
#2011=LINE('',#12947,#3000);
#2012=LINE('',#12949,#3001);
#2013=LINE('',#12951,#3002);
#2014=LINE('',#12953,#3003);
#2015=LINE('',#12955,#3004);
#2016=LINE('',#12957,#3005);
#2017=LINE('',#12959,#3006);
#2018=LINE('',#12961,#3007);
#2019=LINE('',#12963,#3008);
#2020=LINE('',#12965,#3009);
#2021=LINE('',#12967,#3010);
#2022=LINE('',#12969,#3011);
#2023=LINE('',#12971,#3012);
#2024=LINE('',#12973,#3013);
#2025=LINE('',#12975,#3014);
#2026=LINE('',#12977,#3015);
#2027=LINE('',#12979,#3016);
#2028=LINE('',#12981,#3017);
#2029=LINE('',#12983,#3018);
#2030=LINE('',#12985,#3019);
#2031=LINE('',#12987,#3020);
#2032=LINE('',#12989,#3021);
#2033=LINE('',#12991,#3022);
#2034=LINE('',#12993,#3023);
#2035=LINE('',#12995,#3024);
#2036=LINE('',#12997,#3025);
#2037=LINE('',#12999,#3026);
#2038=LINE('',#13001,#3027);
#2039=LINE('',#13003,#3028);
#2040=LINE('',#13005,#3029);
#2041=LINE('',#13007,#3030);
#2042=LINE('',#13008,#3031);
#2043=LINE('',#13019,#3032);
#2044=LINE('',#13021,#3033);
#2045=LINE('',#13022,#3034);
#2046=LINE('',#13025,#3035);
#2047=LINE('',#13026,#3036);
#2048=LINE('',#13029,#3037);
#2049=LINE('',#13030,#3038);
#2050=LINE('',#13033,#3039);
#2051=LINE('',#13035,#3040);
#2052=LINE('',#13037,#3041);
#2053=LINE('',#13039,#3042);
#2054=LINE('',#13041,#3043);
#2055=LINE('',#13043,#3044);
#2056=LINE('',#13045,#3045);
#2057=LINE('',#13047,#3046);
#2058=LINE('',#13049,#3047);
#2059=LINE('',#13051,#3048);
#2060=LINE('',#13053,#3049);
#2061=LINE('',#13055,#3050);
#2062=LINE('',#13057,#3051);
#2063=LINE('',#13059,#3052);
#2064=LINE('',#13061,#3053);
#2065=LINE('',#13063,#3054);
#2066=LINE('',#13065,#3055);
#2067=LINE('',#13067,#3056);
#2068=LINE('',#13069,#3057);
#2069=LINE('',#13071,#3058);
#2070=LINE('',#13073,#3059);
#2071=LINE('',#13075,#3060);
#2072=LINE('',#13077,#3061);
#2073=LINE('',#13079,#3062);
#2074=LINE('',#13081,#3063);
#2075=LINE('',#13083,#3064);
#2076=LINE('',#13085,#3065);
#2077=LINE('',#13087,#3066);
#2078=LINE('',#13089,#3067);
#2079=LINE('',#13091,#3068);
#2080=LINE('',#13093,#3069);
#2081=LINE('',#13095,#3070);
#2082=LINE('',#13097,#3071);
#2083=LINE('',#13099,#3072);
#2084=LINE('',#13101,#3073);
#2085=LINE('',#13103,#3074);
#2086=LINE('',#13105,#3075);
#2087=LINE('',#13107,#3076);
#2088=LINE('',#13109,#3077);
#2089=LINE('',#13111,#3078);
#2090=LINE('',#13113,#3079);
#2091=LINE('',#13115,#3080);
#2092=LINE('',#13117,#3081);
#2093=LINE('',#13119,#3082);
#2094=LINE('',#13121,#3083);
#2095=LINE('',#13123,#3084);
#2096=LINE('',#13125,#3085);
#2097=LINE('',#13127,#3086);
#2098=LINE('',#13129,#3087);
#2099=LINE('',#13131,#3088);
#2100=LINE('',#13133,#3089);
#2101=LINE('',#13135,#3090);
#2102=LINE('',#13137,#3091);
#2103=LINE('',#13139,#3092);
#2104=LINE('',#13140,#3093);
#2105=LINE('',#13150,#3094);
#2106=LINE('',#13152,#3095);
#2107=LINE('',#13154,#3096);
#2108=LINE('',#13156,#3097);
#2109=LINE('',#13158,#3098);
#2110=LINE('',#13160,#3099);
#2111=LINE('',#13162,#3100);
#2112=LINE('',#13164,#3101);
#2113=LINE('',#13166,#3102);
#2114=LINE('',#13168,#3103);
#2115=LINE('',#13170,#3104);
#2116=LINE('',#13172,#3105);
#2117=LINE('',#13174,#3106);
#2118=LINE('',#13176,#3107);
#2119=LINE('',#13178,#3108);
#2120=LINE('',#13180,#3109);
#2121=LINE('',#13182,#3110);
#2122=LINE('',#13184,#3111);
#2123=LINE('',#13186,#3112);
#2124=LINE('',#13188,#3113);
#2125=LINE('',#13190,#3114);
#2126=LINE('',#13192,#3115);
#2127=LINE('',#13194,#3116);
#2128=LINE('',#13196,#3117);
#2129=LINE('',#13198,#3118);
#2130=LINE('',#13200,#3119);
#2131=LINE('',#13202,#3120);
#2132=LINE('',#13204,#3121);
#2133=LINE('',#13206,#3122);
#2134=LINE('',#13208,#3123);
#2135=LINE('',#13210,#3124);
#2136=LINE('',#13212,#3125);
#2137=LINE('',#13214,#3126);
#2138=LINE('',#13216,#3127);
#2139=LINE('',#13218,#3128);
#2140=LINE('',#13220,#3129);
#2141=LINE('',#13222,#3130);
#2142=LINE('',#13224,#3131);
#2143=LINE('',#13226,#3132);
#2144=LINE('',#13228,#3133);
#2145=LINE('',#13230,#3134);
#2146=LINE('',#13232,#3135);
#2147=LINE('',#13234,#3136);
#2148=LINE('',#13236,#3137);
#2149=LINE('',#13238,#3138);
#2150=LINE('',#13240,#3139);
#2151=LINE('',#13242,#3140);
#2152=LINE('',#13244,#3141);
#2153=LINE('',#13246,#3142);
#2154=LINE('',#13248,#3143);
#2155=LINE('',#13250,#3144);
#2156=LINE('',#13252,#3145);
#2157=LINE('',#13254,#3146);
#2158=LINE('',#13256,#3147);
#2159=LINE('',#13259,#3148);
#2160=LINE('',#13261,#3149);
#2161=LINE('',#13263,#3150);
#2162=LINE('',#13265,#3151);
#2163=LINE('',#13275,#3152);
#2164=LINE('',#13278,#3153);
#2165=LINE('',#13289,#3154);
#2166=LINE('',#13290,#3155);
#2167=LINE('',#13301,#3156);
#2168=LINE('',#13302,#3157);
#2169=LINE('',#13313,#3158);
#2170=LINE('',#13314,#3159);
#2171=LINE('',#13320,#3160);
#2172=LINE('',#13323,#3161);
#2173=LINE('',#13326,#3162);
#2174=LINE('',#13327,#3163);
#2175=LINE('',#13330,#3164);
#2176=LINE('',#13334,#3165);
#2177=LINE('',#13335,#3166);
#2178=LINE('',#13350,#3167);
#2179=LINE('',#13352,#3168);
#2180=LINE('',#13354,#3169);
#2181=LINE('',#13356,#3170);
#2182=LINE('',#13358,#3171);
#2183=LINE('',#13360,#3172);
#2184=LINE('',#13362,#3173);
#2185=LINE('',#13364,#3174);
#2186=LINE('',#13366,#3175);
#2187=LINE('',#13368,#3176);
#2188=LINE('',#13370,#3177);
#2189=LINE('',#13372,#3178);
#2190=LINE('',#13374,#3179);
#2191=LINE('',#13376,#3180);
#2192=LINE('',#13378,#3181);
#2193=LINE('',#13380,#3182);
#2194=LINE('',#13382,#3183);
#2195=LINE('',#13384,#3184);
#2196=LINE('',#13386,#3185);
#2197=LINE('',#13388,#3186);
#2198=LINE('',#13390,#3187);
#2199=LINE('',#13392,#3188);
#2200=LINE('',#13394,#3189);
#2201=LINE('',#13396,#3190);
#2202=LINE('',#13398,#3191);
#2203=LINE('',#13400,#3192);
#2204=LINE('',#13402,#3193);
#2205=LINE('',#13404,#3194);
#2206=LINE('',#13405,#3195);
#2207=LINE('',#13408,#3196);
#2208=LINE('',#13410,#3197);
#2209=LINE('',#13412,#3198);
#2210=LINE('',#13414,#3199);
#2211=LINE('',#13416,#3200);
#2212=LINE('',#13418,#3201);
#2213=LINE('',#13420,#3202);
#2214=LINE('',#13422,#3203);
#2215=LINE('',#13424,#3204);
#2216=LINE('',#13426,#3205);
#2217=LINE('',#13428,#3206);
#2218=LINE('',#13430,#3207);
#2219=LINE('',#13432,#3208);
#2220=LINE('',#13434,#3209);
#2221=LINE('',#13436,#3210);
#2222=LINE('',#13438,#3211);
#2223=LINE('',#13440,#3212);
#2224=LINE('',#13442,#3213);
#2225=LINE('',#13444,#3214);
#2226=LINE('',#13446,#3215);
#2227=LINE('',#13448,#3216);
#2228=LINE('',#13450,#3217);
#2229=LINE('',#13452,#3218);
#2230=LINE('',#13454,#3219);
#2231=LINE('',#13456,#3220);
#2232=LINE('',#13458,#3221);
#2233=LINE('',#13460,#3222);
#2234=LINE('',#13462,#3223);
#2235=LINE('',#13464,#3224);
#2236=LINE('',#13466,#3225);
#2237=LINE('',#13468,#3226);
#2238=LINE('',#13470,#3227);
#2239=LINE('',#13472,#3228);
#2240=LINE('',#13474,#3229);
#2241=LINE('',#13476,#3230);
#2242=LINE('',#13478,#3231);
#2243=LINE('',#13480,#3232);
#2244=LINE('',#13482,#3233);
#2245=LINE('',#13484,#3234);
#2246=LINE('',#13486,#3235);
#2247=LINE('',#13488,#3236);
#2248=LINE('',#13489,#3237);
#2249=LINE('',#13511,#3238);
#2250=LINE('',#13513,#3239);
#2251=LINE('',#13515,#3240);
#2252=LINE('',#13517,#3241);
#2253=LINE('',#13520,#3242);
#2254=LINE('',#13522,#3243);
#2255=LINE('',#13523,#3244);
#2256=LINE('',#13526,#3245);
#2257=LINE('',#13527,#3246);
#2258=LINE('',#13530,#3247);
#2259=LINE('',#13531,#3248);
#2260=LINE('',#13534,#3249);
#2261=LINE('',#13535,#3250);
#2262=LINE('',#13538,#3251);
#2263=LINE('',#13539,#3252);
#2264=LINE('',#13542,#3253);
#2265=LINE('',#13543,#3254);
#2266=LINE('',#13546,#3255);
#2267=LINE('',#13547,#3256);
#2268=LINE('',#13550,#3257);
#2269=LINE('',#13551,#3258);
#2270=LINE('',#13554,#3259);
#2271=LINE('',#13555,#3260);
#2272=LINE('',#13558,#3261);
#2273=LINE('',#13559,#3262);
#2274=LINE('',#13562,#3263);
#2275=LINE('',#13563,#3264);
#2276=LINE('',#13566,#3265);
#2277=LINE('',#13567,#3266);
#2278=LINE('',#13570,#3267);
#2279=LINE('',#13571,#3268);
#2280=LINE('',#13574,#3269);
#2281=LINE('',#13575,#3270);
#2282=LINE('',#13578,#3271);
#2283=LINE('',#13579,#3272);
#2284=LINE('',#13582,#3273);
#2285=LINE('',#13583,#3274);
#2286=LINE('',#13586,#3275);
#2287=LINE('',#13587,#3276);
#2288=LINE('',#13590,#3277);
#2289=LINE('',#13591,#3278);
#2290=LINE('',#13594,#3279);
#2291=LINE('',#13595,#3280);
#2292=LINE('',#13598,#3281);
#2293=LINE('',#13599,#3282);
#2294=LINE('',#13602,#3283);
#2295=LINE('',#13603,#3284);
#2296=LINE('',#13606,#3285);
#2297=LINE('',#13607,#3286);
#2298=LINE('',#13610,#3287);
#2299=LINE('',#13611,#3288);
#2300=LINE('',#13614,#3289);
#2301=LINE('',#13615,#3290);
#2302=LINE('',#13618,#3291);
#2303=LINE('',#13619,#3292);
#2304=LINE('',#13622,#3293);
#2305=LINE('',#13623,#3294);
#2306=LINE('',#13626,#3295);
#2307=LINE('',#13627,#3296);
#2308=LINE('',#13630,#3297);
#2309=LINE('',#13631,#3298);
#2310=LINE('',#13634,#3299);
#2311=LINE('',#13635,#3300);
#2312=LINE('',#13638,#3301);
#2313=LINE('',#13639,#3302);
#2314=LINE('',#13642,#3303);
#2315=LINE('',#13643,#3304);
#2316=LINE('',#13646,#3305);
#2317=LINE('',#13647,#3306);
#2318=LINE('',#13650,#3307);
#2319=LINE('',#13651,#3308);
#2320=LINE('',#13654,#3309);
#2321=LINE('',#13655,#3310);
#2322=LINE('',#13658,#3311);
#2323=LINE('',#13659,#3312);
#2324=LINE('',#13662,#3313);
#2325=LINE('',#13663,#3314);
#2326=LINE('',#13666,#3315);
#2327=LINE('',#13667,#3316);
#2328=LINE('',#13670,#3317);
#2329=LINE('',#13671,#3318);
#2330=LINE('',#13674,#3319);
#2331=LINE('',#13675,#3320);
#2332=LINE('',#13678,#3321);
#2333=LINE('',#13679,#3322);
#2334=LINE('',#13682,#3323);
#2335=LINE('',#13683,#3324);
#2336=LINE('',#13685,#3325);
#2337=LINE('',#13689,#3326);
#2338=LINE('',#13691,#3327);
#2339=LINE('',#13692,#3328);
#2340=LINE('',#13695,#3329);
#2341=LINE('',#13698,#3330);
#2342=LINE('',#13701,#3331);
#2343=LINE('',#13703,#3332);
#2344=LINE('',#13704,#3333);
#2345=LINE('',#13707,#3334);
#2346=LINE('',#13708,#3335);
#2347=LINE('',#13711,#3336);
#2348=LINE('',#13712,#3337);
#2349=LINE('',#13715,#3338);
#2350=LINE('',#13716,#3339);
#2351=LINE('',#13719,#3340);
#2352=LINE('',#13720,#3341);
#2353=LINE('',#13723,#3342);
#2354=LINE('',#13724,#3343);
#2355=LINE('',#13727,#3344);
#2356=LINE('',#13728,#3345);
#2357=LINE('',#13731,#3346);
#2358=LINE('',#13732,#3347);
#2359=LINE('',#13735,#3348);
#2360=LINE('',#13736,#3349);
#2361=LINE('',#13739,#3350);
#2362=LINE('',#13740,#3351);
#2363=LINE('',#13743,#3352);
#2364=LINE('',#13744,#3353);
#2365=LINE('',#13747,#3354);
#2366=LINE('',#13748,#3355);
#2367=LINE('',#13751,#3356);
#2368=LINE('',#13752,#3357);
#2369=LINE('',#13755,#3358);
#2370=LINE('',#13756,#3359);
#2371=LINE('',#13760,#3360);
#2372=LINE('',#13763,#3361);
#2373=LINE('',#13764,#3362);
#2374=LINE('',#13767,#3363);
#2375=LINE('',#13768,#3364);
#2376=LINE('',#13771,#3365);
#2377=LINE('',#13772,#3366);
#2378=LINE('',#13775,#3367);
#2379=LINE('',#13776,#3368);
#2380=LINE('',#13779,#3369);
#2381=LINE('',#13780,#3370);
#2382=LINE('',#13783,#3371);
#2383=LINE('',#13784,#3372);
#2384=LINE('',#13787,#3373);
#2385=LINE('',#13788,#3374);
#2386=LINE('',#13791,#3375);
#2387=LINE('',#13792,#3376);
#2388=LINE('',#13795,#3377);
#2389=LINE('',#13796,#3378);
#2390=LINE('',#13799,#3379);
#2391=LINE('',#13800,#3380);
#2392=LINE('',#13803,#3381);
#2393=LINE('',#13804,#3382);
#2394=LINE('',#13807,#3383);
#2395=LINE('',#13808,#3384);
#2396=LINE('',#13811,#3385);
#2397=LINE('',#13812,#3386);
#2398=LINE('',#13815,#3387);
#2399=LINE('',#13816,#3388);
#2400=LINE('',#13818,#3389);
#2401=LINE('',#13822,#3390);
#2402=LINE('',#13826,#3391);
#2403=LINE('',#13830,#3392);
#2404=LINE('',#13853,#3393);
#2405=LINE('',#13860,#3394);
#2406=LINE('',#13878,#3395);
#2407=LINE('',#13886,#3396);
#2408=LINE('',#13888,#3397);
#2409=LINE('',#13889,#3398);
#2410=LINE('',#13892,#3399);
#2411=LINE('',#13894,#3400);
#2412=LINE('',#13895,#3401);
#2413=LINE('',#13898,#3402);
#2414=LINE('',#13900,#3403);
#2415=LINE('',#13901,#3404);
#2416=LINE('',#13919,#3405);
#2417=LINE('',#13942,#3406);
#2418=LINE('',#13965,#3407);
#2419=LINE('',#13988,#3408);
#2420=LINE('',#14011,#3409);
#2421=LINE('',#14034,#3410);
#2422=LINE('',#14057,#3411);
#2423=LINE('',#14080,#3412);
#2424=LINE('',#14088,#3413);
#2425=LINE('',#14090,#3414);
#2426=LINE('',#14091,#3415);
#2427=LINE('',#14094,#3416);
#2428=LINE('',#14096,#3417);
#2429=LINE('',#14097,#3418);
#2430=LINE('',#14100,#3419);
#2431=LINE('',#14102,#3420);
#2432=LINE('',#14103,#3421);
#2433=LINE('',#14121,#3422);
#2434=LINE('',#14144,#3423);
#2435=LINE('',#14167,#3424);
#2436=LINE('',#14190,#3425);
#2437=LINE('',#14213,#3426);
#2438=LINE('',#14236,#3427);
#2439=LINE('',#14244,#3428);
#2440=LINE('',#14246,#3429);
#2441=LINE('',#14247,#3430);
#2442=LINE('',#14250,#3431);
#2443=LINE('',#14252,#3432);
#2444=LINE('',#14275,#3433);
#2445=LINE('',#14282,#3434);
#2446=LINE('',#14283,#3435);
#2447=LINE('',#14288,#3436);
#2448=LINE('',#14290,#3437);
#2449=LINE('',#14292,#3438);
#2450=LINE('',#14293,#3439);
#2451=LINE('',#14296,#3440);
#2452=LINE('',#14298,#3441);
#2453=LINE('',#14299,#3442);
#2454=LINE('',#14302,#3443);
#2455=LINE('',#14304,#3444);
#2456=LINE('',#14305,#3445);
#2457=LINE('',#14308,#3446);
#2458=LINE('',#14310,#3447);
#2459=LINE('',#14311,#3448);
#2460=LINE('',#14314,#3449);
#2461=LINE('',#14316,#3450);
#2462=LINE('',#14317,#3451);
#2463=LINE('',#14320,#3452);
#2464=LINE('',#14322,#3453);
#2465=LINE('',#14323,#3454);
#2466=LINE('',#14326,#3455);
#2467=LINE('',#14328,#3456);
#2468=LINE('',#14329,#3457);
#2469=LINE('',#14332,#3458);
#2470=LINE('',#14334,#3459);
#2471=LINE('',#14335,#3460);
#2472=LINE('',#14338,#3461);
#2473=LINE('',#14340,#3462);
#2474=LINE('',#14341,#3463);
#2475=LINE('',#14344,#3464);
#2476=LINE('',#14346,#3465);
#2477=LINE('',#14347,#3466);
#2478=LINE('',#14350,#3467);
#2479=LINE('',#14352,#3468);
#2480=LINE('',#14353,#3469);
#2481=LINE('',#14355,#3470);
#2482=LINE('',#14356,#3471);
#2483=LINE('',#14376,#3472);
#2484=LINE('',#14383,#3473);
#2485=LINE('',#14401,#3474);
#2486=LINE('',#14409,#3475);
#2487=LINE('',#14411,#3476);
#2488=LINE('',#14412,#3477);
#2489=LINE('',#14415,#3478);
#2490=LINE('',#14417,#3479);
#2491=LINE('',#14418,#3480);
#2492=LINE('',#14421,#3481);
#2493=LINE('',#14423,#3482);
#2494=LINE('',#14424,#3483);
#2495=LINE('',#14442,#3484);
#2496=LINE('',#14465,#3485);
#2497=LINE('',#14488,#3486);
#2498=LINE('',#14511,#3487);
#2499=LINE('',#14534,#3488);
#2500=LINE('',#14557,#3489);
#2501=LINE('',#14580,#3490);
#2502=LINE('',#14603,#3491);
#2503=LINE('',#14611,#3492);
#2504=LINE('',#14613,#3493);
#2505=LINE('',#14614,#3494);
#2506=LINE('',#14617,#3495);
#2507=LINE('',#14619,#3496);
#2508=LINE('',#14620,#3497);
#2509=LINE('',#14623,#3498);
#2510=LINE('',#14625,#3499);
#2511=LINE('',#14626,#3500);
#2512=LINE('',#14644,#3501);
#2513=LINE('',#14667,#3502);
#2514=LINE('',#14690,#3503);
#2515=LINE('',#14713,#3504);
#2516=LINE('',#14736,#3505);
#2517=LINE('',#14759,#3506);
#2518=LINE('',#14767,#3507);
#2519=LINE('',#14769,#3508);
#2520=LINE('',#14770,#3509);
#2521=LINE('',#14773,#3510);
#2522=LINE('',#14775,#3511);
#2523=LINE('',#14798,#3512);
#2524=LINE('',#14805,#3513);
#2525=LINE('',#14806,#3514);
#2526=LINE('',#14811,#3515);
#2527=LINE('',#14813,#3516);
#2528=LINE('',#14815,#3517);
#2529=LINE('',#14816,#3518);
#2530=LINE('',#14834,#3519);
#2531=LINE('',#14857,#3520);
#2532=LINE('',#14880,#3521);
#2533=LINE('',#14903,#3522);
#2534=LINE('',#14926,#3523);
#2535=LINE('',#14949,#3524);
#2536=LINE('',#14972,#3525);
#2537=LINE('',#14995,#3526);
#2538=LINE('',#15018,#3527);
#2539=LINE('',#15041,#3528);
#2540=LINE('',#15064,#3529);
#2541=LINE('',#15087,#3530);
#2542=LINE('',#15094,#3531);
#2543=LINE('',#15095,#3532);
#2544=LINE('',#15114,#3533);
#2545=LINE('',#15121,#3534);
#2546=LINE('',#15139,#3535);
#2547=LINE('',#15162,#3536);
#2548=LINE('',#15185,#3537);
#2549=LINE('',#15208,#3538);
#2550=LINE('',#15231,#3539);
#2551=LINE('',#15254,#3540);
#2552=LINE('',#15277,#3541);
#2553=LINE('',#15300,#3542);
#2554=LINE('',#15323,#3543);
#2555=LINE('',#15331,#3544);
#2556=LINE('',#15333,#3545);
#2557=LINE('',#15334,#3546);
#2558=LINE('',#15352,#3547);
#2559=LINE('',#15375,#3548);
#2560=LINE('',#15383,#3549);
#2561=LINE('',#15385,#3550);
#2562=LINE('',#15386,#3551);
#2563=LINE('',#15404,#3552);
#2564=LINE('',#15427,#3553);
#2565=LINE('',#15435,#3554);
#2566=LINE('',#15437,#3555);
#2567=LINE('',#15438,#3556);
#2568=LINE('',#15456,#3557);
#2569=LINE('',#15479,#3558);
#2570=LINE('',#15502,#3559);
#2571=LINE('',#15525,#3560);
#2572=LINE('',#15548,#3561);
#2573=LINE('',#15556,#3562);
#2574=LINE('',#15558,#3563);
#2575=LINE('',#15559,#3564);
#2576=LINE('',#15577,#3565);
#2577=LINE('',#15600,#3566);
#2578=LINE('',#15608,#3567);
#2579=LINE('',#15610,#3568);
#2580=LINE('',#15611,#3569);
#2581=LINE('',#15613,#3570);
#2582=LINE('',#15614,#3571);
#2583=LINE('',#15619,#3572);
#2584=LINE('',#15621,#3573);
#2585=LINE('',#15623,#3574);
#2586=LINE('',#15624,#3575);
#2587=LINE('',#15642,#3576);
#2588=LINE('',#15665,#3577);
#2589=LINE('',#15688,#3578);
#2590=LINE('',#15711,#3579);
#2591=LINE('',#15734,#3580);
#2592=LINE('',#15757,#3581);
#2593=LINE('',#15780,#3582);
#2594=LINE('',#15803,#3583);
#2595=LINE('',#15811,#3584);
#2596=LINE('',#15813,#3585);
#2597=LINE('',#15814,#3586);
#2598=LINE('',#15816,#3587);
#2599=LINE('',#15817,#3588);
#2600=LINE('',#15821,#3589);
#2601=LINE('',#15823,#3590);
#2602=LINE('',#15825,#3591);
#2603=LINE('',#15826,#3592);
#2604=LINE('',#15844,#3593);
#2605=LINE('',#15867,#3594);
#2606=LINE('',#15890,#3595);
#2607=LINE('',#15913,#3596);
#2608=LINE('',#15936,#3597);
#2609=LINE('',#15959,#3598);
#2610=LINE('',#15982,#3599);
#2611=LINE('',#16005,#3600);
#2612=LINE('',#16013,#3601);
#2613=LINE('',#16015,#3602);
#2614=LINE('',#16016,#3603);
#2615=LINE('',#16018,#3604);
#2616=LINE('',#16019,#3605);
#2617=LINE('',#16039,#3606);
#2618=LINE('',#16046,#3607);
#2619=LINE('',#16064,#3608);
#2620=LINE('',#16087,#3609);
#2621=LINE('',#16110,#3610);
#2622=LINE('',#16133,#3611);
#2623=LINE('',#16156,#3612);
#2624=LINE('',#16179,#3613);
#2625=LINE('',#16202,#3614);
#2626=LINE('',#16225,#3615);
#2627=LINE('',#16248,#3616);
#2628=LINE('',#16271,#3617);
#2629=LINE('',#16294,#3618);
#2630=LINE('',#16317,#3619);
#2631=LINE('',#16340,#3620);
#2632=LINE('',#16363,#3621);
#2633=LINE('',#16407,#3622);
#2634=LINE('',#16414,#3623);
#2635=LINE('',#16432,#3624);
#2636=LINE('',#16455,#3625);
#2637=LINE('',#16478,#3626);
#2638=LINE('',#16501,#3627);
#2639=LINE('',#16524,#3628);
#2640=LINE('',#16547,#3629);
#2641=LINE('',#16570,#3630);
#2642=LINE('',#16593,#3631);
#2643=LINE('',#16616,#3632);
#2644=LINE('',#16639,#3633);
#2645=LINE('',#16662,#3634);
#2646=LINE('',#16685,#3635);
#2647=LINE('',#16708,#3636);
#2648=LINE('',#16731,#3637);
#2649=LINE('',#16761,#3638);
#2650=LINE('',#16763,#3639);
#2651=LINE('',#16765,#3640);
#2652=LINE('',#16766,#3641);
#2653=LINE('',#16769,#3642);
#2654=LINE('',#16771,#3643);
#2655=LINE('',#16772,#3644);
#2656=LINE('',#16775,#3645);
#2657=LINE('',#16777,#3646);
#2658=LINE('',#16778,#3647);
#2659=LINE('',#16780,#3648);
#2660=LINE('',#16781,#3649);
#2661=LINE('',#16801,#3650);
#2662=LINE('',#16808,#3651);
#2663=LINE('',#16826,#3652);
#2664=LINE('',#16849,#3653);
#2665=LINE('',#16872,#3654);
#2666=LINE('',#16895,#3655);
#2667=LINE('',#16918,#3656);
#2668=LINE('',#16941,#3657);
#2669=LINE('',#16986,#3658);
#2670=LINE('',#16993,#3659);
#2671=LINE('',#17011,#3660);
#2672=LINE('',#17019,#3661);
#2673=LINE('',#17021,#3662);
#2674=LINE('',#17022,#3663);
#2675=LINE('',#17025,#3664);
#2676=LINE('',#17027,#3665);
#2677=LINE('',#17028,#3666);
#2678=LINE('',#17031,#3667);
#2679=LINE('',#17033,#3668);
#2680=LINE('',#17034,#3669);
#2681=LINE('',#17052,#3670);
#2682=LINE('',#17075,#3671);
#2683=LINE('',#17098,#3672);
#2684=LINE('',#17121,#3673);
#2685=LINE('',#17144,#3674);
#2686=LINE('',#17167,#3675);
#2687=LINE('',#17175,#3676);
#2688=LINE('',#17177,#3677);
#2689=LINE('',#17178,#3678);
#2690=LINE('',#17181,#3679);
#2691=LINE('',#17183,#3680);
#2692=LINE('',#17184,#3681);
#2693=LINE('',#17187,#3682);
#2694=LINE('',#17189,#3683);
#2695=LINE('',#17190,#3684);
#2696=LINE('',#17208,#3685);
#2697=LINE('',#17231,#3686);
#2698=LINE('',#17254,#3687);
#2699=LINE('',#17277,#3688);
#2700=LINE('',#17300,#3689);
#2701=LINE('',#17323,#3690);
#2702=LINE('',#17331,#3691);
#2703=LINE('',#17333,#3692);
#2704=LINE('',#17334,#3693);
#2705=LINE('',#17352,#3694);
#2706=LINE('',#17375,#3695);
#2707=LINE('',#17382,#3696);
#2708=LINE('',#17383,#3697);
#2709=LINE('',#17388,#3698);
#2710=LINE('',#17390,#3699);
#2711=LINE('',#17392,#3700);
#2712=LINE('',#17393,#3701);
#2713=LINE('',#17396,#3702);
#2714=LINE('',#17398,#3703);
#2715=LINE('',#17399,#3704);
#2716=LINE('',#17402,#3705);
#2717=LINE('',#17404,#3706);
#2718=LINE('',#17405,#3707);
#2719=LINE('',#17408,#3708);
#2720=LINE('',#17410,#3709);
#2721=LINE('',#17411,#3710);
#2722=LINE('',#17414,#3711);
#2723=LINE('',#17416,#3712);
#2724=LINE('',#17417,#3713);
#2725=LINE('',#17420,#3714);
#2726=LINE('',#17422,#3715);
#2727=LINE('',#17423,#3716);
#2728=LINE('',#17426,#3717);
#2729=LINE('',#17428,#3718);
#2730=LINE('',#17429,#3719);
#2731=LINE('',#17432,#3720);
#2732=LINE('',#17434,#3721);
#2733=LINE('',#17435,#3722);
#2734=LINE('',#17437,#3723);
#2735=LINE('',#17438,#3724);
#2736=LINE('',#17443,#3725);
#2737=LINE('',#17447,#3726);
#2738=LINE('',#17451,#3727);
#2739=LINE('',#17455,#3728);
#2740=LINE('',#17467,#3729);
#2741=LINE('',#17469,#3730);
#2742=LINE('',#17473,#3731);
#2743=LINE('',#17475,#3732);
#2744=LINE('',#17477,#3733);
#2745=LINE('',#17480,#3734);
#2746=LINE('',#17487,#3735);
#2747=LINE('',#17492,#3736);
#2748=LINE('',#17499,#3737);
#2749=LINE('',#17500,#3738);
#2750=LINE('',#17503,#3739);
#2751=LINE('',#17504,#3740);
#2752=LINE('',#17508,#3741);
#2753=LINE('',#17512,#3742);
#2754=LINE('',#17515,#3743);
#2755=LINE('',#17516,#3744);
#2756=LINE('',#17522,#3745);
#2757=LINE('',#17523,#3746);
#2758=LINE('',#17524,#3747);
#2759=LINE('',#17527,#3748);
#2760=LINE('',#17528,#3749);
#2761=LINE('',#17532,#3750);
#2762=LINE('',#17535,#3751);
#2763=LINE('',#17536,#3752);
#2764=LINE('',#17539,#3753);
#2765=LINE('',#17540,#3754);
#2766=LINE('',#17543,#3755);
#2767=LINE('',#17544,#3756);
#2768=LINE('',#17548,#3757);
#2769=LINE('',#17550,#3758);
#2770=LINE('',#17555,#3759);
#2771=LINE('',#17563,#3760);
#2772=LINE('',#17571,#3761);
#2773=LINE('',#17579,#3762);
#2774=LINE('',#17586,#3763);
#2775=LINE('',#17590,#3764);
#2776=LINE('',#17594,#3765);
#2777=LINE('',#17598,#3766);
#2778=LINE('',#17605,#3767);
#2779=LINE('',#17607,#3768);
#2780=LINE('',#17609,#3769);
#2781=LINE('',#17610,#3770);
#2782=LINE('',#17616,#3771);
#2783=LINE('',#17622,#3772);
#2784=LINE('',#17625,#3773);
#2785=LINE('',#17627,#3774);
#2786=LINE('',#17628,#3775);
#2787=LINE('',#17634,#3776);
#2788=VECTOR('',#10400,0.999999999999558);
#2789=VECTOR('',#10401,1.);
#2790=VECTOR('',#10402,0.999999999999558);
#2791=VECTOR('',#10403,1.);
#2792=VECTOR('',#10406,1.);
#2793=VECTOR('',#10407,1.);
#2794=VECTOR('',#10408,1.);
#2795=VECTOR('',#10409,1.);
#2796=VECTOR('',#10410,0.999999999999558);
#2797=VECTOR('',#10413,1.);
#2798=VECTOR('',#10414,1.);
#2799=VECTOR('',#10415,1.);
#2800=VECTOR('',#10416,1.);
#2801=VECTOR('',#10417,1.);
#2802=VECTOR('',#10418,1.);
#2803=VECTOR('',#10419,1.);
#2804=VECTOR('',#10420,1.);
#2805=VECTOR('',#10421,1.);
#2806=VECTOR('',#10424,1.);
#2807=VECTOR('',#10425,1.);
#2808=VECTOR('',#10428,1.);
#2809=VECTOR('',#10429,1.);
#2810=VECTOR('',#10430,1.);
#2811=VECTOR('',#10431,0.999999999999558);
#2812=VECTOR('',#10434,1.);
#2813=VECTOR('',#10435,1.);
#2814=VECTOR('',#10436,1.);
#2815=VECTOR('',#10439,1.);
#2816=VECTOR('',#10444,1.);
#2817=VECTOR('',#10449,1.);
#2818=VECTOR('',#10450,1.);
#2819=VECTOR('',#10453,1.);
#2820=VECTOR('',#10454,1.);
#2821=VECTOR('',#10455,1.);
#2822=VECTOR('',#10456,1.);
#2823=VECTOR('',#10459,1.);
#2824=VECTOR('',#10464,1.);
#2825=VECTOR('',#10465,1.);
#2826=VECTOR('',#10466,1.);
#2827=VECTOR('',#10467,1.);
#2828=VECTOR('',#10468,1.);
#2829=VECTOR('',#10469,1.);
#2830=VECTOR('',#10470,1.);
#2831=VECTOR('',#10471,1.);
#2832=VECTOR('',#10472,1.);
#2833=VECTOR('',#10473,1.);
#2834=VECTOR('',#10474,1.);
#2835=VECTOR('',#10475,1.);
#2836=VECTOR('',#10476,0.99999999999962);
#2837=VECTOR('',#10477,0.99999999999962);
#2838=VECTOR('',#10480,1.);
#2839=VECTOR('',#10483,1.);
#2840=VECTOR('',#10486,1.);
#2841=VECTOR('',#10487,1.);
#2842=VECTOR('',#10488,1.);
#2843=VECTOR('',#10491,1.);
#2844=VECTOR('',#10492,1.);
#2845=VECTOR('',#10495,1.);
#2846=VECTOR('',#10496,1.);
#2847=VECTOR('',#10497,1.);
#2848=VECTOR('',#10502,1.);
#2849=VECTOR('',#10507,1.);
#2850=VECTOR('',#10508,1.);
#2851=VECTOR('',#10509,1.);
#2852=VECTOR('',#10510,1.);
#2853=VECTOR('',#10511,1.);
#2854=VECTOR('',#10512,1.);
#2855=VECTOR('',#10515,1.);
#2856=VECTOR('',#10516,1.);
#2857=VECTOR('',#10519,1.);
#2858=VECTOR('',#10520,1.);
#2859=VECTOR('',#10523,1.);
#2860=VECTOR('',#10524,1.);
#2861=VECTOR('',#10527,1.);
#2862=VECTOR('',#10528,1.);
#2863=VECTOR('',#10529,1.);
#2864=VECTOR('',#10534,1.);
#2865=VECTOR('',#10535,1.);
#2866=VECTOR('',#10536,1.);
#2867=VECTOR('',#10537,1.);
#2868=VECTOR('',#10538,1.);
#2869=VECTOR('',#10539,1.);
#2870=VECTOR('',#10540,1.);
#2871=VECTOR('',#10543,1.);
#2872=VECTOR('',#10548,1.);
#2873=VECTOR('',#10551,1.);
#2874=VECTOR('',#10552,1.);
#2875=VECTOR('',#10567,1.);
#2876=VECTOR('',#10570,1.);
#2877=VECTOR('',#10573,1.);
#2878=VECTOR('',#10574,1.);
#2879=VECTOR('',#10575,1.);
#2880=VECTOR('',#10578,1.);
#2881=VECTOR('',#10583,1.);
#2882=VECTOR('',#10588,1.);
#2883=VECTOR('',#10589,1.);
#2884=VECTOR('',#10592,1.);
#2885=VECTOR('',#10595,1.);
#2886=VECTOR('',#10596,1.);
#2887=VECTOR('',#10597,1.);
#2888=VECTOR('',#10600,1.);
#2889=VECTOR('',#10601,0.99999999999962);
#2890=VECTOR('',#10604,0.99999999999962);
#2891=VECTOR('',#10607,1.);
#2892=VECTOR('',#10608,1.);
#2893=VECTOR('',#10613,1.);
#2894=VECTOR('',#10616,1.);
#2895=VECTOR('',#10617,1.);
#2896=VECTOR('',#10622,1.);
#2897=VECTOR('',#10625,1.);
#2898=VECTOR('',#10626,1.);
#2899=VECTOR('',#10627,1.);
#2900=VECTOR('',#10628,1.);
#2901=VECTOR('',#10629,1.);
#2902=VECTOR('',#10632,1.);
#2903=VECTOR('',#10637,1.);
#2904=VECTOR('',#10638,1.);
#2905=VECTOR('',#10655,1.);
#2906=VECTOR('',#10656,1.);
#2907=VECTOR('',#10657,1.);
#2908=VECTOR('',#10658,1.);
#2909=VECTOR('',#10661,1.);
#2910=VECTOR('',#10664,1.);
#2911=VECTOR('',#10665,1.);
#2912=VECTOR('',#10666,1.);
#2913=VECTOR('',#10669,1.);
#2914=VECTOR('',#10678,1.);
#2915=VECTOR('',#10681,1.);
#2916=VECTOR('',#10686,1.);
#2917=VECTOR('',#10687,1.);
#2918=VECTOR('',#10690,1.);
#2919=VECTOR('',#10691,1.);
#2920=VECTOR('',#10692,1.);
#2921=VECTOR('',#10697,1.);
#2922=VECTOR('',#10700,1.);
#2923=VECTOR('',#10703,1.);
#2924=VECTOR('',#10704,1.);
#2925=VECTOR('',#10705,1.);
#2926=VECTOR('',#10706,1.);
#2927=VECTOR('',#10707,1.);
#2928=VECTOR('',#10710,1.);
#2929=VECTOR('',#10713,1.);
#2930=VECTOR('',#10716,1.);
#2931=VECTOR('',#10717,1.);
#2932=VECTOR('',#10718,1.);
#2933=VECTOR('',#10719,1.);
#2934=VECTOR('',#10720,1.);
#2935=VECTOR('',#10723,1.);
#2936=VECTOR('',#10726,1.);
#2937=VECTOR('',#10729,1.);
#2938=VECTOR('',#10732,1.);
#2939=VECTOR('',#10739,1.);
#2940=VECTOR('',#10740,1.);
#2941=VECTOR('',#10741,1.);
#2942=VECTOR('',#10744,1.);
#2943=VECTOR('',#10745,1.);
#2944=VECTOR('',#10748,1.);
#2945=VECTOR('',#10753,1.);
#2946=VECTOR('',#10756,1.);
#2947=VECTOR('',#10761,1.);
#2948=VECTOR('',#10762,1.);
#2949=VECTOR('',#10765,1.);
#2950=VECTOR('',#10768,1.);
#2951=VECTOR('',#10771,1.);
#2952=VECTOR('',#10774,1.);
#2953=VECTOR('',#10777,1.);
#2954=VECTOR('',#10780,1.);
#2955=VECTOR('',#10783,1.);
#2956=VECTOR('',#10786,1.);
#2957=VECTOR('',#10797,3.67562715901066);
#2958=VECTOR('',#10804,10.);
#2959=VECTOR('',#10805,10.);
#2960=VECTOR('',#10806,10.);
#2961=VECTOR('',#10807,10.);
#2962=VECTOR('',#10814,10.);
#2963=VECTOR('',#10817,10.);
#2964=VECTOR('',#10818,10.);
#2965=VECTOR('',#10819,10.);
#2966=VECTOR('',#10826,10.);
#2967=VECTOR('',#10829,10.);
#2968=VECTOR('',#10830,10.);
#2969=VECTOR('',#10831,10.);
#2970=VECTOR('',#10838,10.);
#2971=VECTOR('',#10841,10.);
#2972=VECTOR('',#10842,10.);
#2973=VECTOR('',#10843,10.);
#2974=VECTOR('',#10854,0.999999999999544);
#2975=VECTOR('',#10855,0.999999999999672);
#2976=VECTOR('',#10856,1.);
#2977=VECTOR('',#10857,0.999999999999672);
#2978=VECTOR('',#10858,0.999999999999544);
#2979=VECTOR('',#10859,0.999999999999953);
#2980=VECTOR('',#10860,0.999999999999846);
#2981=VECTOR('',#10861,1.00000000000064);
#2982=VECTOR('',#10862,0.999999999999846);
#2983=VECTOR('',#10863,0.999999999999953);
#2984=VECTOR('',#10864,1.00000000000051);
#2985=VECTOR('',#10865,0.999999999999672);
#2986=VECTOR('',#10866,1.);
#2987=VECTOR('',#10867,0.999999999999545);
#2988=VECTOR('',#10868,1.00000000000012);
#2989=VECTOR('',#10869,1.00000000000017);
#2990=VECTOR('',#10870,1.00000000000025);
#2991=VECTOR('',#10871,1.00000000000038);
#2992=VECTOR('',#10872,1.00000000000032);
#2993=VECTOR('',#10873,1.00000000000059);
#2994=VECTOR('',#10874,1.00000000000041);
#2995=VECTOR('',#10875,0.999999999999587);
#2996=VECTOR('',#10876,0.999999999999587);
#2997=VECTOR('',#10877,1.00000000000041);
#2998=VECTOR('',#10878,1.00000000000059);
#2999=VECTOR('',#10879,1.00000000000032);
#3000=VECTOR('',#10880,1.00000000000038);
#3001=VECTOR('',#10881,1.00000000000025);
#3002=VECTOR('',#10882,1.00000000000017);
#3003=VECTOR('',#10883,1.00000000000012);
#3004=VECTOR('',#10884,0.999999999999545);
#3005=VECTOR('',#10885,1.);
#3006=VECTOR('',#10886,0.999999999999545);
#3007=VECTOR('',#10887,1.00000000000012);
#3008=VECTOR('',#10888,1.00000000000017);
#3009=VECTOR('',#10889,1.00000000000025);
#3010=VECTOR('',#10890,1.00000000000038);
#3011=VECTOR('',#10891,1.00000000000032);
#3012=VECTOR('',#10892,1.00000000000059);
#3013=VECTOR('',#10893,1.00000000000041);
#3014=VECTOR('',#10894,0.999999999999587);
#3015=VECTOR('',#10895,0.999999999999587);
#3016=VECTOR('',#10896,1.00000000000041);
#3017=VECTOR('',#10897,1.00000000000059);
#3018=VECTOR('',#10898,1.00000000000032);
#3019=VECTOR('',#10899,1.00000000000038);
#3020=VECTOR('',#10900,1.00000000000025);
#3021=VECTOR('',#10901,1.00000000000017);
#3022=VECTOR('',#10902,1.00000000000012);
#3023=VECTOR('',#10903,0.999999999999545);
#3024=VECTOR('',#10904,1.);
#3025=VECTOR('',#10905,0.999999999999672);
#3026=VECTOR('',#10906,1.00000000000051);
#3027=VECTOR('',#10907,0.999999999999953);
#3028=VECTOR('',#10908,0.999999999999846);
#3029=VECTOR('',#10909,1.00000000000064);
#3030=VECTOR('',#10910,0.999999999999846);
#3031=VECTOR('',#10911,0.999999999999953);
#3032=VECTOR('',#10922,1.);
#3033=VECTOR('',#10923,1.);
#3034=VECTOR('',#10924,0.999999999999544);
#3035=VECTOR('',#10927,1.);
#3036=VECTOR('',#10928,0.999999999999672);
#3037=VECTOR('',#10931,1.);
#3038=VECTOR('',#10932,0.999999999999953);
#3039=VECTOR('',#10935,0.999999999999846);
#3040=VECTOR('',#10936,1.00000000000064);
#3041=VECTOR('',#10937,0.999999999999846);
#3042=VECTOR('',#10938,0.999999999999953);
#3043=VECTOR('',#10939,1.00000000000051);
#3044=VECTOR('',#10940,0.999999999999672);
#3045=VECTOR('',#10941,1.);
#3046=VECTOR('',#10942,0.999999999999545);
#3047=VECTOR('',#10943,1.00000000000012);
#3048=VECTOR('',#10944,1.00000000000017);
#3049=VECTOR('',#10945,1.00000000000025);
#3050=VECTOR('',#10946,1.00000000000038);
#3051=VECTOR('',#10947,1.00000000000032);
#3052=VECTOR('',#10948,1.00000000000059);
#3053=VECTOR('',#10949,1.00000000000041);
#3054=VECTOR('',#10950,0.999999999999587);
#3055=VECTOR('',#10951,0.999999999999587);
#3056=VECTOR('',#10952,1.00000000000041);
#3057=VECTOR('',#10953,1.00000000000059);
#3058=VECTOR('',#10954,1.00000000000032);
#3059=VECTOR('',#10955,1.00000000000038);
#3060=VECTOR('',#10956,1.00000000000025);
#3061=VECTOR('',#10957,1.00000000000017);
#3062=VECTOR('',#10958,1.00000000000012);
#3063=VECTOR('',#10959,0.999999999999545);
#3064=VECTOR('',#10960,1.);
#3065=VECTOR('',#10961,0.999999999999545);
#3066=VECTOR('',#10962,1.00000000000012);
#3067=VECTOR('',#10963,1.00000000000017);
#3068=VECTOR('',#10964,1.00000000000025);
#3069=VECTOR('',#10965,1.00000000000038);
#3070=VECTOR('',#10966,1.00000000000032);
#3071=VECTOR('',#10967,1.00000000000059);
#3072=VECTOR('',#10968,1.00000000000041);
#3073=VECTOR('',#10969,0.999999999999587);
#3074=VECTOR('',#10970,0.999999999999587);
#3075=VECTOR('',#10971,1.00000000000041);
#3076=VECTOR('',#10972,1.00000000000059);
#3077=VECTOR('',#10973,1.00000000000032);
#3078=VECTOR('',#10974,1.00000000000038);
#3079=VECTOR('',#10975,1.00000000000025);
#3080=VECTOR('',#10976,1.00000000000017);
#3081=VECTOR('',#10977,1.00000000000012);
#3082=VECTOR('',#10978,0.999999999999545);
#3083=VECTOR('',#10979,1.);
#3084=VECTOR('',#10980,0.999999999999672);
#3085=VECTOR('',#10981,1.00000000000051);
#3086=VECTOR('',#10982,0.999999999999953);
#3087=VECTOR('',#10983,0.999999999999846);
#3088=VECTOR('',#10984,1.00000000000064);
#3089=VECTOR('',#10985,0.999999999999846);
#3090=VECTOR('',#10986,0.999999999999953);
#3091=VECTOR('',#10987,0.999999999999544);
#3092=VECTOR('',#10988,0.999999999999672);
#3093=VECTOR('',#10989,1.);
#3094=VECTOR('',#11000,1.);
#3095=VECTOR('',#11003,1.);
#3096=VECTOR('',#11006,1.);
#3097=VECTOR('',#11009,1.);
#3098=VECTOR('',#11012,1.);
#3099=VECTOR('',#11015,1.);
#3100=VECTOR('',#11018,1.);
#3101=VECTOR('',#11021,1.);
#3102=VECTOR('',#11024,1.);
#3103=VECTOR('',#11027,1.);
#3104=VECTOR('',#11030,1.);
#3105=VECTOR('',#11033,1.);
#3106=VECTOR('',#11036,1.);
#3107=VECTOR('',#11039,1.);
#3108=VECTOR('',#11042,1.);
#3109=VECTOR('',#11045,1.);
#3110=VECTOR('',#11048,1.);
#3111=VECTOR('',#11051,1.);
#3112=VECTOR('',#11054,1.);
#3113=VECTOR('',#11057,1.);
#3114=VECTOR('',#11060,1.);
#3115=VECTOR('',#11063,1.);
#3116=VECTOR('',#11066,1.);
#3117=VECTOR('',#11069,1.);
#3118=VECTOR('',#11072,1.);
#3119=VECTOR('',#11075,1.);
#3120=VECTOR('',#11078,1.);
#3121=VECTOR('',#11081,1.);
#3122=VECTOR('',#11084,1.);
#3123=VECTOR('',#11087,1.);
#3124=VECTOR('',#11090,1.);
#3125=VECTOR('',#11093,1.);
#3126=VECTOR('',#11096,1.);
#3127=VECTOR('',#11099,1.);
#3128=VECTOR('',#11102,1.);
#3129=VECTOR('',#11105,1.);
#3130=VECTOR('',#11108,1.);
#3131=VECTOR('',#11111,1.);
#3132=VECTOR('',#11114,1.);
#3133=VECTOR('',#11117,1.);
#3134=VECTOR('',#11120,1.);
#3135=VECTOR('',#11123,1.);
#3136=VECTOR('',#11126,1.);
#3137=VECTOR('',#11129,1.);
#3138=VECTOR('',#11132,1.);
#3139=VECTOR('',#11135,1.);
#3140=VECTOR('',#11138,1.);
#3141=VECTOR('',#11141,1.);
#3142=VECTOR('',#11144,1.);
#3143=VECTOR('',#11147,1.);
#3144=VECTOR('',#11150,1.);
#3145=VECTOR('',#11153,1.);
#3146=VECTOR('',#11156,1.);
#3147=VECTOR('',#11159,1.);
#3148=VECTOR('',#11164,1.25);
#3149=VECTOR('',#11167,0.375);
#3150=VECTOR('',#11170,0.375);
#3151=VECTOR('',#11173,1.25);
#3152=VECTOR('',#11186,10.);
#3153=VECTOR('',#11189,10.);
#3154=VECTOR('',#11202,10.);
#3155=VECTOR('',#11203,10.);
#3156=VECTOR('',#11216,10.);
#3157=VECTOR('',#11217,10.);
#3158=VECTOR('',#11230,10.);
#3159=VECTOR('',#11231,10.);
#3160=VECTOR('',#11240,10.);
#3161=VECTOR('',#11243,10.);
#3162=VECTOR('',#11246,10.);
#3163=VECTOR('',#11247,10.);
#3164=VECTOR('',#11250,10.);
#3165=VECTOR('',#11255,10.);
#3166=VECTOR('',#11256,10.);
#3167=VECTOR('',#11273,10.);
#3168=VECTOR('',#11274,10.);
#3169=VECTOR('',#11275,10.);
#3170=VECTOR('',#11276,10.);
#3171=VECTOR('',#11277,10.);
#3172=VECTOR('',#11278,10.);
#3173=VECTOR('',#11279,10.);
#3174=VECTOR('',#11280,10.);
#3175=VECTOR('',#11281,10.);
#3176=VECTOR('',#11282,10.);
#3177=VECTOR('',#11283,10.);
#3178=VECTOR('',#11284,10.);
#3179=VECTOR('',#11285,10.);
#3180=VECTOR('',#11286,10.);
#3181=VECTOR('',#11287,10.);
#3182=VECTOR('',#11288,10.);
#3183=VECTOR('',#11289,10.);
#3184=VECTOR('',#11290,10.);
#3185=VECTOR('',#11291,10.);
#3186=VECTOR('',#11292,10.);
#3187=VECTOR('',#11293,10.);
#3188=VECTOR('',#11294,10.);
#3189=VECTOR('',#11295,10.);
#3190=VECTOR('',#11296,10.);
#3191=VECTOR('',#11297,10.);
#3192=VECTOR('',#11298,10.);
#3193=VECTOR('',#11299,10.);
#3194=VECTOR('',#11300,10.);
#3195=VECTOR('',#11301,10.);
#3196=VECTOR('',#11302,10.);
#3197=VECTOR('',#11303,10.);
#3198=VECTOR('',#11304,10.);
#3199=VECTOR('',#11305,10.);
#3200=VECTOR('',#11306,10.);
#3201=VECTOR('',#11307,10.);
#3202=VECTOR('',#11308,10.);
#3203=VECTOR('',#11309,10.);
#3204=VECTOR('',#11310,10.);
#3205=VECTOR('',#11311,10.);
#3206=VECTOR('',#11312,10.);
#3207=VECTOR('',#11313,10.);
#3208=VECTOR('',#11314,10.);
#3209=VECTOR('',#11315,10.);
#3210=VECTOR('',#11316,10.);
#3211=VECTOR('',#11317,10.);
#3212=VECTOR('',#11318,10.);
#3213=VECTOR('',#11319,10.);
#3214=VECTOR('',#11320,10.);
#3215=VECTOR('',#11321,10.);
#3216=VECTOR('',#11322,10.);
#3217=VECTOR('',#11323,10.);
#3218=VECTOR('',#11324,10.);
#3219=VECTOR('',#11325,10.);
#3220=VECTOR('',#11326,10.);
#3221=VECTOR('',#11327,10.);
#3222=VECTOR('',#11328,10.);
#3223=VECTOR('',#11329,10.);
#3224=VECTOR('',#11330,10.);
#3225=VECTOR('',#11331,10.);
#3226=VECTOR('',#11332,10.);
#3227=VECTOR('',#11333,10.);
#3228=VECTOR('',#11334,10.);
#3229=VECTOR('',#11335,10.);
#3230=VECTOR('',#11336,10.);
#3231=VECTOR('',#11337,10.);
#3232=VECTOR('',#11338,10.);
#3233=VECTOR('',#11339,10.);
#3234=VECTOR('',#11340,10.);
#3235=VECTOR('',#11341,10.);
#3236=VECTOR('',#11342,10.);
#3237=VECTOR('',#11343,10.);
#3238=VECTOR('',#11370,0.374999999999996);
#3239=VECTOR('',#11373,1.25);
#3240=VECTOR('',#11376,1.25);
#3241=VECTOR('',#11379,0.374999999999996);
#3242=VECTOR('',#11382,10.);
#3243=VECTOR('',#11383,10.);
#3244=VECTOR('',#11384,10.);
#3245=VECTOR('',#11387,10.);
#3246=VECTOR('',#11388,10.);
#3247=VECTOR('',#11391,10.);
#3248=VECTOR('',#11392,10.);
#3249=VECTOR('',#11395,10.);
#3250=VECTOR('',#11396,10.);
#3251=VECTOR('',#11399,10.);
#3252=VECTOR('',#11400,10.);
#3253=VECTOR('',#11403,10.);
#3254=VECTOR('',#11404,10.);
#3255=VECTOR('',#11407,10.);
#3256=VECTOR('',#11408,10.);
#3257=VECTOR('',#11411,10.);
#3258=VECTOR('',#11412,10.);
#3259=VECTOR('',#11415,10.);
#3260=VECTOR('',#11416,10.);
#3261=VECTOR('',#11419,10.);
#3262=VECTOR('',#11420,10.);
#3263=VECTOR('',#11423,10.);
#3264=VECTOR('',#11424,10.);
#3265=VECTOR('',#11427,10.);
#3266=VECTOR('',#11428,10.);
#3267=VECTOR('',#11431,10.);
#3268=VECTOR('',#11432,10.);
#3269=VECTOR('',#11435,10.);
#3270=VECTOR('',#11436,10.);
#3271=VECTOR('',#11439,10.);
#3272=VECTOR('',#11440,10.);
#3273=VECTOR('',#11443,10.);
#3274=VECTOR('',#11444,10.);
#3275=VECTOR('',#11447,10.);
#3276=VECTOR('',#11448,10.);
#3277=VECTOR('',#11451,10.);
#3278=VECTOR('',#11452,10.);
#3279=VECTOR('',#11455,10.);
#3280=VECTOR('',#11456,10.);
#3281=VECTOR('',#11459,10.);
#3282=VECTOR('',#11460,10.);
#3283=VECTOR('',#11463,10.);
#3284=VECTOR('',#11464,10.);
#3285=VECTOR('',#11467,10.);
#3286=VECTOR('',#11468,10.);
#3287=VECTOR('',#11471,10.);
#3288=VECTOR('',#11472,10.);
#3289=VECTOR('',#11475,10.);
#3290=VECTOR('',#11476,10.);
#3291=VECTOR('',#11479,10.);
#3292=VECTOR('',#11480,10.);
#3293=VECTOR('',#11483,10.);
#3294=VECTOR('',#11484,10.);
#3295=VECTOR('',#11487,10.);
#3296=VECTOR('',#11488,10.);
#3297=VECTOR('',#11491,10.);
#3298=VECTOR('',#11492,10.);
#3299=VECTOR('',#11495,10.);
#3300=VECTOR('',#11496,10.);
#3301=VECTOR('',#11499,10.);
#3302=VECTOR('',#11500,10.);
#3303=VECTOR('',#11503,10.);
#3304=VECTOR('',#11504,10.);
#3305=VECTOR('',#11507,10.);
#3306=VECTOR('',#11508,10.);
#3307=VECTOR('',#11511,10.);
#3308=VECTOR('',#11512,10.);
#3309=VECTOR('',#11515,10.);
#3310=VECTOR('',#11516,10.);
#3311=VECTOR('',#11519,10.);
#3312=VECTOR('',#11520,10.);
#3313=VECTOR('',#11523,10.);
#3314=VECTOR('',#11524,10.);
#3315=VECTOR('',#11527,10.);
#3316=VECTOR('',#11528,10.);
#3317=VECTOR('',#11531,10.);
#3318=VECTOR('',#11532,10.);
#3319=VECTOR('',#11535,10.);
#3320=VECTOR('',#11536,10.);
#3321=VECTOR('',#11539,10.);
#3322=VECTOR('',#11540,10.);
#3323=VECTOR('',#11543,10.);
#3324=VECTOR('',#11544,10.);
#3325=VECTOR('',#11547,10.);
#3326=VECTOR('',#11552,10.);
#3327=VECTOR('',#11553,10.);
#3328=VECTOR('',#11554,10.);
#3329=VECTOR('',#11557,10.);
#3330=VECTOR('',#11562,10.);
#3331=VECTOR('',#11565,10.);
#3332=VECTOR('',#11566,10.);
#3333=VECTOR('',#11567,10.);
#3334=VECTOR('',#11570,10.);
#3335=VECTOR('',#11571,10.);
#3336=VECTOR('',#11574,10.);
#3337=VECTOR('',#11575,10.);
#3338=VECTOR('',#11578,10.);
#3339=VECTOR('',#11579,10.);
#3340=VECTOR('',#11582,10.);
#3341=VECTOR('',#11583,10.);
#3342=VECTOR('',#11586,10.);
#3343=VECTOR('',#11587,10.);
#3344=VECTOR('',#11590,10.);
#3345=VECTOR('',#11591,10.);
#3346=VECTOR('',#11594,10.);
#3347=VECTOR('',#11595,10.);
#3348=VECTOR('',#11598,10.);
#3349=VECTOR('',#11599,10.);
#3350=VECTOR('',#11602,10.);
#3351=VECTOR('',#11603,10.);
#3352=VECTOR('',#11606,10.);
#3353=VECTOR('',#11607,10.);
#3354=VECTOR('',#11610,10.);
#3355=VECTOR('',#11611,10.);
#3356=VECTOR('',#11614,10.);
#3357=VECTOR('',#11615,10.);
#3358=VECTOR('',#11618,10.);
#3359=VECTOR('',#11619,10.);
#3360=VECTOR('',#11624,0.999999999999996);
#3361=VECTOR('',#11627,10.);
#3362=VECTOR('',#11628,10.);
#3363=VECTOR('',#11631,10.);
#3364=VECTOR('',#11632,10.);
#3365=VECTOR('',#11635,10.);
#3366=VECTOR('',#11636,10.);
#3367=VECTOR('',#11639,10.);
#3368=VECTOR('',#11640,10.);
#3369=VECTOR('',#11643,10.);
#3370=VECTOR('',#11644,10.);
#3371=VECTOR('',#11647,10.);
#3372=VECTOR('',#11648,10.);
#3373=VECTOR('',#11651,10.);
#3374=VECTOR('',#11652,10.);
#3375=VECTOR('',#11655,10.);
#3376=VECTOR('',#11656,10.);
#3377=VECTOR('',#11659,10.);
#3378=VECTOR('',#11660,10.);
#3379=VECTOR('',#11663,10.);
#3380=VECTOR('',#11664,10.);
#3381=VECTOR('',#11667,10.);
#3382=VECTOR('',#11668,10.);
#3383=VECTOR('',#11671,10.);
#3384=VECTOR('',#11672,10.);
#3385=VECTOR('',#11675,10.);
#3386=VECTOR('',#11676,10.);
#3387=VECTOR('',#11679,10.);
#3388=VECTOR('',#11680,10.);
#3389=VECTOR('',#11683,10.);
#3390=VECTOR('',#11688,0.999999977648258);
#3391=VECTOR('',#11693,0.999999999999996);
#3392=VECTOR('',#11698,0.999999999999996);
#3393=VECTOR('',#11707,10.);
#3394=VECTOR('',#11708,10.);
#3395=VECTOR('',#11709,10.);
#3396=VECTOR('',#11712,10.);
#3397=VECTOR('',#11713,10.);
#3398=VECTOR('',#11714,10.);
#3399=VECTOR('',#11717,10.);
#3400=VECTOR('',#11718,10.);
#3401=VECTOR('',#11719,10.);
#3402=VECTOR('',#11722,10.);
#3403=VECTOR('',#11723,10.);
#3404=VECTOR('',#11724,10.);
#3405=VECTOR('',#11725,10.);
#3406=VECTOR('',#11726,10.);
#3407=VECTOR('',#11727,10.);
#3408=VECTOR('',#11728,10.);
#3409=VECTOR('',#11729,10.);
#3410=VECTOR('',#11730,10.);
#3411=VECTOR('',#11731,10.);
#3412=VECTOR('',#11732,10.);
#3413=VECTOR('',#11735,10.);
#3414=VECTOR('',#11736,10.);
#3415=VECTOR('',#11737,10.);
#3416=VECTOR('',#11740,10.);
#3417=VECTOR('',#11741,10.);
#3418=VECTOR('',#11742,10.);
#3419=VECTOR('',#11745,10.);
#3420=VECTOR('',#11746,10.);
#3421=VECTOR('',#11747,10.);
#3422=VECTOR('',#11748,10.);
#3423=VECTOR('',#11749,10.);
#3424=VECTOR('',#11750,10.);
#3425=VECTOR('',#11751,10.);
#3426=VECTOR('',#11752,10.);
#3427=VECTOR('',#11753,10.);
#3428=VECTOR('',#11756,10.);
#3429=VECTOR('',#11757,10.);
#3430=VECTOR('',#11758,10.);
#3431=VECTOR('',#11761,10.);
#3432=VECTOR('',#11762,10.);
#3433=VECTOR('',#11763,10.);
#3434=VECTOR('',#11766,10.);
#3435=VECTOR('',#11767,10.);
#3436=VECTOR('',#11772,10.);
#3437=VECTOR('',#11773,10.);
#3438=VECTOR('',#11774,10.);
#3439=VECTOR('',#11775,10.);
#3440=VECTOR('',#11778,10.);
#3441=VECTOR('',#11779,10.);
#3442=VECTOR('',#11780,10.);
#3443=VECTOR('',#11783,10.);
#3444=VECTOR('',#11784,10.);
#3445=VECTOR('',#11785,10.);
#3446=VECTOR('',#11788,10.);
#3447=VECTOR('',#11789,10.);
#3448=VECTOR('',#11790,10.);
#3449=VECTOR('',#11793,10.);
#3450=VECTOR('',#11794,10.);
#3451=VECTOR('',#11795,10.);
#3452=VECTOR('',#11798,10.);
#3453=VECTOR('',#11799,10.);
#3454=VECTOR('',#11800,10.);
#3455=VECTOR('',#11803,10.);
#3456=VECTOR('',#11804,10.);
#3457=VECTOR('',#11805,10.);
#3458=VECTOR('',#11808,10.);
#3459=VECTOR('',#11809,10.);
#3460=VECTOR('',#11810,10.);
#3461=VECTOR('',#11813,10.);
#3462=VECTOR('',#11814,10.);
#3463=VECTOR('',#11815,10.);
#3464=VECTOR('',#11818,10.);
#3465=VECTOR('',#11819,10.);
#3466=VECTOR('',#11820,10.);
#3467=VECTOR('',#11823,10.);
#3468=VECTOR('',#11824,10.);
#3469=VECTOR('',#11825,10.);
#3470=VECTOR('',#11828,10.);
#3471=VECTOR('',#11829,10.);
#3472=VECTOR('',#11832,10.);
#3473=VECTOR('',#11833,10.);
#3474=VECTOR('',#11834,10.);
#3475=VECTOR('',#11837,10.);
#3476=VECTOR('',#11838,10.);
#3477=VECTOR('',#11839,10.);
#3478=VECTOR('',#11842,10.);
#3479=VECTOR('',#11843,10.);
#3480=VECTOR('',#11844,10.);
#3481=VECTOR('',#11847,10.);
#3482=VECTOR('',#11848,10.);
#3483=VECTOR('',#11849,10.);
#3484=VECTOR('',#11850,10.);
#3485=VECTOR('',#11851,10.);
#3486=VECTOR('',#11852,10.);
#3487=VECTOR('',#11853,10.);
#3488=VECTOR('',#11854,10.);
#3489=VECTOR('',#11855,10.);
#3490=VECTOR('',#11856,10.);
#3491=VECTOR('',#11857,10.);
#3492=VECTOR('',#11860,10.);
#3493=VECTOR('',#11861,10.);
#3494=VECTOR('',#11862,10.);
#3495=VECTOR('',#11865,10.);
#3496=VECTOR('',#11866,10.);
#3497=VECTOR('',#11867,10.);
#3498=VECTOR('',#11870,10.);
#3499=VECTOR('',#11871,10.);
#3500=VECTOR('',#11872,10.);
#3501=VECTOR('',#11873,10.);
#3502=VECTOR('',#11874,10.);
#3503=VECTOR('',#11875,10.);
#3504=VECTOR('',#11876,10.);
#3505=VECTOR('',#11877,10.);
#3506=VECTOR('',#11878,10.);
#3507=VECTOR('',#11881,10.);
#3508=VECTOR('',#11882,10.);
#3509=VECTOR('',#11883,10.);
#3510=VECTOR('',#11886,10.);
#3511=VECTOR('',#11887,10.);
#3512=VECTOR('',#11888,10.);
#3513=VECTOR('',#11891,10.);
#3514=VECTOR('',#11892,10.);
#3515=VECTOR('',#11897,10.);
#3516=VECTOR('',#11898,10.);
#3517=VECTOR('',#11899,10.);
#3518=VECTOR('',#11900,10.);
#3519=VECTOR('',#11901,10.);
#3520=VECTOR('',#11902,10.);
#3521=VECTOR('',#11903,10.);
#3522=VECTOR('',#11904,10.);
#3523=VECTOR('',#11905,10.);
#3524=VECTOR('',#11906,10.);
#3525=VECTOR('',#11907,10.);
#3526=VECTOR('',#11908,10.);
#3527=VECTOR('',#11909,10.);
#3528=VECTOR('',#11910,10.);
#3529=VECTOR('',#11911,10.);
#3530=VECTOR('',#11912,10.);
#3531=VECTOR('',#11915,10.);
#3532=VECTOR('',#11916,10.);
#3533=VECTOR('',#11917,10.);
#3534=VECTOR('',#11918,10.);
#3535=VECTOR('',#11919,10.);
#3536=VECTOR('',#11920,10.);
#3537=VECTOR('',#11921,10.);
#3538=VECTOR('',#11922,10.);
#3539=VECTOR('',#11923,10.);
#3540=VECTOR('',#11924,10.);
#3541=VECTOR('',#11925,10.);
#3542=VECTOR('',#11926,10.);
#3543=VECTOR('',#11927,10.);
#3544=VECTOR('',#11930,10.);
#3545=VECTOR('',#11931,10.);
#3546=VECTOR('',#11932,10.);
#3547=VECTOR('',#11933,10.);
#3548=VECTOR('',#11934,10.);
#3549=VECTOR('',#11937,10.);
#3550=VECTOR('',#11938,10.);
#3551=VECTOR('',#11939,10.);
#3552=VECTOR('',#11940,10.);
#3553=VECTOR('',#11941,10.);
#3554=VECTOR('',#11944,10.);
#3555=VECTOR('',#11945,10.);
#3556=VECTOR('',#11946,10.);
#3557=VECTOR('',#11947,10.);
#3558=VECTOR('',#11948,10.);
#3559=VECTOR('',#11949,10.);
#3560=VECTOR('',#11950,10.);
#3561=VECTOR('',#11951,10.);
#3562=VECTOR('',#11954,10.);
#3563=VECTOR('',#11955,10.);
#3564=VECTOR('',#11956,10.);
#3565=VECTOR('',#11957,10.);
#3566=VECTOR('',#11958,10.);
#3567=VECTOR('',#11961,10.);
#3568=VECTOR('',#11962,10.);
#3569=VECTOR('',#11963,10.);
#3570=VECTOR('',#11966,10.);
#3571=VECTOR('',#11967,10.);
#3572=VECTOR('',#11972,10.);
#3573=VECTOR('',#11973,10.);
#3574=VECTOR('',#11974,10.);
#3575=VECTOR('',#11975,10.);
#3576=VECTOR('',#11976,10.);
#3577=VECTOR('',#11977,10.);
#3578=VECTOR('',#11978,10.);
#3579=VECTOR('',#11979,10.);
#3580=VECTOR('',#11980,10.);
#3581=VECTOR('',#11981,10.);
#3582=VECTOR('',#11982,10.);
#3583=VECTOR('',#11983,10.);
#3584=VECTOR('',#11986,10.);
#3585=VECTOR('',#11987,10.);
#3586=VECTOR('',#11988,10.);
#3587=VECTOR('',#11991,10.);
#3588=VECTOR('',#11992,10.);
#3589=VECTOR('',#11995,10.);
#3590=VECTOR('',#11996,10.);
#3591=VECTOR('',#11997,10.);
#3592=VECTOR('',#11998,10.);
#3593=VECTOR('',#11999,10.);
#3594=VECTOR('',#12000,10.);
#3595=VECTOR('',#12001,10.);
#3596=VECTOR('',#12002,10.);
#3597=VECTOR('',#12003,10.);
#3598=VECTOR('',#12004,10.);
#3599=VECTOR('',#12005,10.);
#3600=VECTOR('',#12006,10.);
#3601=VECTOR('',#12009,10.);
#3602=VECTOR('',#12010,10.);
#3603=VECTOR('',#12011,10.);
#3604=VECTOR('',#12014,10.);
#3605=VECTOR('',#12015,10.);
#3606=VECTOR('',#12018,10.);
#3607=VECTOR('',#12019,10.);
#3608=VECTOR('',#12020,10.);
#3609=VECTOR('',#12021,10.);
#3610=VECTOR('',#12022,10.);
#3611=VECTOR('',#12023,10.);
#3612=VECTOR('',#12024,10.);
#3613=VECTOR('',#12025,10.);
#3614=VECTOR('',#12026,10.);
#3615=VECTOR('',#12027,10.);
#3616=VECTOR('',#12028,10.);
#3617=VECTOR('',#12029,10.);
#3618=VECTOR('',#12030,10.);
#3619=VECTOR('',#12031,10.);
#3620=VECTOR('',#12032,10.);
#3621=VECTOR('',#12033,10.);
#3622=VECTOR('',#12034,10.);
#3623=VECTOR('',#12035,10.);
#3624=VECTOR('',#12036,10.);
#3625=VECTOR('',#12037,10.);
#3626=VECTOR('',#12038,10.);
#3627=VECTOR('',#12039,10.);
#3628=VECTOR('',#12040,10.);
#3629=VECTOR('',#12041,10.);
#3630=VECTOR('',#12042,10.);
#3631=VECTOR('',#12043,10.);
#3632=VECTOR('',#12044,10.);
#3633=VECTOR('',#12045,10.);
#3634=VECTOR('',#12046,10.);
#3635=VECTOR('',#12047,10.);
#3636=VECTOR('',#12048,10.);
#3637=VECTOR('',#12049,10.);
#3638=VECTOR('',#12054,10.);
#3639=VECTOR('',#12055,10.);
#3640=VECTOR('',#12056,10.);
#3641=VECTOR('',#12057,10.);
#3642=VECTOR('',#12060,10.);
#3643=VECTOR('',#12061,10.);
#3644=VECTOR('',#12062,10.);
#3645=VECTOR('',#12065,10.);
#3646=VECTOR('',#12066,10.);
#3647=VECTOR('',#12067,10.);
#3648=VECTOR('',#12070,10.);
#3649=VECTOR('',#12071,10.);
#3650=VECTOR('',#12074,10.);
#3651=VECTOR('',#12075,10.);
#3652=VECTOR('',#12076,10.);
#3653=VECTOR('',#12077,10.);
#3654=VECTOR('',#12078,10.);
#3655=VECTOR('',#12079,10.);
#3656=VECTOR('',#12080,10.);
#3657=VECTOR('',#12081,10.);
#3658=VECTOR('',#12084,10.);
#3659=VECTOR('',#12085,10.);
#3660=VECTOR('',#12086,10.);
#3661=VECTOR('',#12089,10.);
#3662=VECTOR('',#12090,10.);
#3663=VECTOR('',#12091,10.);
#3664=VECTOR('',#12094,10.);
#3665=VECTOR('',#12095,10.);
#3666=VECTOR('',#12096,10.);
#3667=VECTOR('',#12099,10.);
#3668=VECTOR('',#12100,10.);
#3669=VECTOR('',#12101,10.);
#3670=VECTOR('',#12102,10.);
#3671=VECTOR('',#12103,10.);
#3672=VECTOR('',#12104,10.);
#3673=VECTOR('',#12105,10.);
#3674=VECTOR('',#12106,10.);
#3675=VECTOR('',#12107,10.);
#3676=VECTOR('',#12110,10.);
#3677=VECTOR('',#12111,10.);
#3678=VECTOR('',#12112,10.);
#3679=VECTOR('',#12115,10.);
#3680=VECTOR('',#12116,10.);
#3681=VECTOR('',#12117,10.);
#3682=VECTOR('',#12120,10.);
#3683=VECTOR('',#12121,10.);
#3684=VECTOR('',#12122,10.);
#3685=VECTOR('',#12123,10.);
#3686=VECTOR('',#12124,10.);
#3687=VECTOR('',#12125,10.);
#3688=VECTOR('',#12126,10.);
#3689=VECTOR('',#12127,10.);
#3690=VECTOR('',#12128,10.);
#3691=VECTOR('',#12131,10.);
#3692=VECTOR('',#12132,10.);
#3693=VECTOR('',#12133,10.);
#3694=VECTOR('',#12134,10.);
#3695=VECTOR('',#12135,10.);
#3696=VECTOR('',#12138,10.);
#3697=VECTOR('',#12139,10.);
#3698=VECTOR('',#12144,10.);
#3699=VECTOR('',#12145,10.);
#3700=VECTOR('',#12146,10.);
#3701=VECTOR('',#12147,10.);
#3702=VECTOR('',#12150,10.);
#3703=VECTOR('',#12151,10.);
#3704=VECTOR('',#12152,10.);
#3705=VECTOR('',#12155,10.);
#3706=VECTOR('',#12156,10.);
#3707=VECTOR('',#12157,10.);
#3708=VECTOR('',#12160,10.);
#3709=VECTOR('',#12161,10.);
#3710=VECTOR('',#12162,10.);
#3711=VECTOR('',#12165,10.);
#3712=VECTOR('',#12166,10.);
#3713=VECTOR('',#12167,10.);
#3714=VECTOR('',#12170,10.);
#3715=VECTOR('',#12171,10.);
#3716=VECTOR('',#12172,10.);
#3717=VECTOR('',#12175,10.);
#3718=VECTOR('',#12176,10.);
#3719=VECTOR('',#12177,10.);
#3720=VECTOR('',#12180,10.);
#3721=VECTOR('',#12181,10.);
#3722=VECTOR('',#12182,10.);
#3723=VECTOR('',#12185,10.);
#3724=VECTOR('',#12186,10.);
#3725=VECTOR('',#12191,10.);
#3726=VECTOR('',#12194,10.);
#3727=VECTOR('',#12197,10.);
#3728=VECTOR('',#12200,10.);
#3729=VECTOR('',#12211,10.);
#3730=VECTOR('',#12212,10.);
#3731=VECTOR('',#12215,10.);
#3732=VECTOR('',#12216,10.);
#3733=VECTOR('',#12217,10.);
#3734=VECTOR('',#12220,10.);
#3735=VECTOR('',#12225,10.);
#3736=VECTOR('',#12230,10.);
#3737=VECTOR('',#12239,10.);
#3738=VECTOR('',#12240,10.);
#3739=VECTOR('',#12243,10.);
#3740=VECTOR('',#12244,10.);
#3741=VECTOR('',#12249,10.);
#3742=VECTOR('',#12254,10.);
#3743=VECTOR('',#12257,10.);
#3744=VECTOR('',#12258,10.);
#3745=VECTOR('',#12265,10.);
#3746=VECTOR('',#12266,10.);
#3747=VECTOR('',#12267,10.);
#3748=VECTOR('',#12270,10.);
#3749=VECTOR('',#12271,10.);
#3750=VECTOR('',#12276,10.);
#3751=VECTOR('',#12279,10.);
#3752=VECTOR('',#12280,10.);
#3753=VECTOR('',#12283,10.);
#3754=VECTOR('',#12284,10.);
#3755=VECTOR('',#12287,10.);
#3756=VECTOR('',#12288,10.);
#3757=VECTOR('',#12293,10.);
#3758=VECTOR('',#12296,10.);
#3759=VECTOR('',#12301,10.);
#3760=VECTOR('',#12312,10.);
#3761=VECTOR('',#12323,10.);
#3762=VECTOR('',#12334,10.);
#3763=VECTOR('',#12345,0.999999999999996);
#3764=VECTOR('',#12350,0.999999999999996);
#3765=VECTOR('',#12355,0.999999977648258);
#3766=VECTOR('',#12360,0.999999999999996);
#3767=VECTOR('',#12369,10.);
#3768=VECTOR('',#12370,10.);
#3769=VECTOR('',#12371,10.);
#3770=VECTOR('',#12372,10.);
#3771=VECTOR('',#12379,10.);
#3772=VECTOR('',#12386,10.);
#3773=VECTOR('',#12389,10.);
#3774=VECTOR('',#12390,10.);
#3775=VECTOR('',#12391,10.);
#3776=VECTOR('',#12398,10.);
#3777=VERTEX_POINT('',#12425);
#3778=VERTEX_POINT('',#12426);
#3779=VERTEX_POINT('',#12428);
#3780=VERTEX_POINT('',#12430);
#3781=VERTEX_POINT('',#12434);
#3782=VERTEX_POINT('',#12435);
#3783=VERTEX_POINT('',#12437);
#3784=VERTEX_POINT('',#12440);
#3785=VERTEX_POINT('',#12444);
#3786=VERTEX_POINT('',#12445);
#3787=VERTEX_POINT('',#12447);
#3788=VERTEX_POINT('',#12449);
#3789=VERTEX_POINT('',#12451);
#3790=VERTEX_POINT('',#12453);
#3791=VERTEX_POINT('',#12456);
#3792=VERTEX_POINT('',#12458);
#3793=VERTEX_POINT('',#12462);
#3794=VERTEX_POINT('',#12466);
#3795=VERTEX_POINT('',#12468);
#3796=VERTEX_POINT('',#12470);
#3797=VERTEX_POINT('',#12474);
#3798=VERTEX_POINT('',#12476);
#3799=VERTEX_POINT('',#12482);
#3800=VERTEX_POINT('',#12484);
#3801=VERTEX_POINT('',#12488);
#3802=VERTEX_POINT('',#12492);
#3803=VERTEX_POINT('',#12493);
#3804=VERTEX_POINT('',#12496);
#3805=VERTEX_POINT('',#12498);
#3806=VERTEX_POINT('',#12500);
#3807=VERTEX_POINT('',#12502);
#3808=VERTEX_POINT('',#12506);
#3809=VERTEX_POINT('',#12508);
#3810=VERTEX_POINT('',#12510);
#3811=VERTEX_POINT('',#12512);
#3812=VERTEX_POINT('',#12514);
#3813=VERTEX_POINT('',#12516);
#3814=VERTEX_POINT('',#12518);
#3815=VERTEX_POINT('',#12520);
#3816=VERTEX_POINT('',#12522);
#3817=VERTEX_POINT('',#12524);
#3818=VERTEX_POINT('',#12527);
#3819=VERTEX_POINT('',#12528);
#3820=VERTEX_POINT('',#12530);
#3821=VERTEX_POINT('',#12534);
#3822=VERTEX_POINT('',#12535);
#3823=VERTEX_POINT('',#12537);
#3824=VERTEX_POINT('',#12539);
#3825=VERTEX_POINT('',#12541);
#3826=VERTEX_POINT('',#12543);
#3827=VERTEX_POINT('',#12548);
#3828=VERTEX_POINT('',#12552);
#3829=VERTEX_POINT('',#12554);
#3830=VERTEX_POINT('',#12558);
#3831=VERTEX_POINT('',#12560);
#3832=VERTEX_POINT('',#12564);
#3833=VERTEX_POINT('',#12566);
#3834=VERTEX_POINT('',#12569);
#3835=VERTEX_POINT('',#12571);
#3836=VERTEX_POINT('',#12575);
#3837=VERTEX_POINT('',#12579);
#3838=VERTEX_POINT('',#12583);
#3839=VERTEX_POINT('',#12587);
#3840=VERTEX_POINT('',#12593);
#3841=VERTEX_POINT('',#12594);
#3842=VERTEX_POINT('',#12596);
#3843=VERTEX_POINT('',#12598);
#3844=VERTEX_POINT('',#12600);
#3845=VERTEX_POINT('',#12602);
#3846=VERTEX_POINT('',#12607);
#3847=VERTEX_POINT('',#12613);
#3848=VERTEX_POINT('',#12627);
#3849=VERTEX_POINT('',#12629);
#3850=VERTEX_POINT('',#12633);
#3851=VERTEX_POINT('',#12637);
#3852=VERTEX_POINT('',#12641);
#3853=VERTEX_POINT('',#12647);
#3854=VERTEX_POINT('',#12649);
#3855=VERTEX_POINT('',#12653);
#3856=VERTEX_POINT('',#12659);
#3857=VERTEX_POINT('',#12663);
#3858=VERTEX_POINT('',#12667);
#3859=VERTEX_POINT('',#12671);
#3860=VERTEX_POINT('',#12675);
#3861=VERTEX_POINT('',#12677);
#3862=VERTEX_POINT('',#12680);
#3863=VERTEX_POINT('',#12697);
#3864=VERTEX_POINT('',#12698);
#3865=VERTEX_POINT('',#12700);
#3866=VERTEX_POINT('',#12702);
#3867=VERTEX_POINT('',#12706);
#3868=VERTEX_POINT('',#12707);
#3869=VERTEX_POINT('',#12709);
#3870=VERTEX_POINT('',#12711);
#3871=VERTEX_POINT('',#12713);
#3872=VERTEX_POINT('',#12715);
#3873=VERTEX_POINT('',#12717);
#3874=VERTEX_POINT('',#12719);
#3875=VERTEX_POINT('',#12724);
#3876=VERTEX_POINT('',#12728);
#3877=VERTEX_POINT('',#12732);
#3878=VERTEX_POINT('',#12734);
#3879=VERTEX_POINT('',#12736);
#3880=VERTEX_POINT('',#12738);
#3881=VERTEX_POINT('',#12740);
#3882=VERTEX_POINT('',#12742);
#3883=VERTEX_POINT('',#12750);
#3884=VERTEX_POINT('',#12752);
#3885=VERTEX_POINT('',#12754);
#3886=VERTEX_POINT('',#12756);
#3887=VERTEX_POINT('',#12764);
#3888=VERTEX_POINT('',#12766);
#3889=VERTEX_POINT('',#12768);
#3890=VERTEX_POINT('',#12770);
#3891=VERTEX_POINT('',#12776);
#3892=VERTEX_POINT('',#12777);
#3893=VERTEX_POINT('',#12779);
#3894=VERTEX_POINT('',#12781);
#3895=VERTEX_POINT('',#12783);
#3896=VERTEX_POINT('',#12785);
#3897=VERTEX_POINT('',#12790);
#3898=VERTEX_POINT('',#12792);
#3899=VERTEX_POINT('',#12796);
#3900=VERTEX_POINT('',#12800);
#3901=VERTEX_POINT('',#12801);
#3902=VERTEX_POINT('',#12804);
#3903=VERTEX_POINT('',#12806);
#3904=VERTEX_POINT('',#12808);
#3905=VERTEX_POINT('',#12810);
#3906=VERTEX_POINT('',#12814);
#3907=VERTEX_POINT('',#12837);
#3908=VERTEX_POINT('',#12839);
#3909=VERTEX_POINT('',#12844);
#3910=VERTEX_POINT('',#12845);
#3911=VERTEX_POINT('',#12847);
#3912=VERTEX_POINT('',#12849);
#3913=VERTEX_POINT('',#12853);
#3914=VERTEX_POINT('',#12855);
#3915=VERTEX_POINT('',#12859);
#3916=VERTEX_POINT('',#12861);
#3917=VERTEX_POINT('',#12865);
#3918=VERTEX_POINT('',#12867);
#3919=VERTEX_POINT('',#12871);
#3920=VERTEX_POINT('',#12873);
#3921=VERTEX_POINT('',#12877);
#3922=VERTEX_POINT('',#12879);
#3923=VERTEX_POINT('',#12883);
#3924=VERTEX_POINT('',#12885);
#3925=VERTEX_POINT('',#12893);
#3926=VERTEX_POINT('',#12894);
#3927=VERTEX_POINT('',#12896);
#3928=VERTEX_POINT('',#12898);
#3929=VERTEX_POINT('',#12900);
#3930=VERTEX_POINT('',#12902);
#3931=VERTEX_POINT('',#12904);
#3932=VERTEX_POINT('',#12906);
#3933=VERTEX_POINT('',#12908);
#3934=VERTEX_POINT('',#12910);
#3935=VERTEX_POINT('',#12912);
#3936=VERTEX_POINT('',#12914);
#3937=VERTEX_POINT('',#12916);
#3938=VERTEX_POINT('',#12918);
#3939=VERTEX_POINT('',#12920);
#3940=VERTEX_POINT('',#12922);
#3941=VERTEX_POINT('',#12924);
#3942=VERTEX_POINT('',#12926);
#3943=VERTEX_POINT('',#12928);
#3944=VERTEX_POINT('',#12930);
#3945=VERTEX_POINT('',#12932);
#3946=VERTEX_POINT('',#12934);
#3947=VERTEX_POINT('',#12936);
#3948=VERTEX_POINT('',#12938);
#3949=VERTEX_POINT('',#12940);
#3950=VERTEX_POINT('',#12942);
#3951=VERTEX_POINT('',#12944);
#3952=VERTEX_POINT('',#12946);
#3953=VERTEX_POINT('',#12948);
#3954=VERTEX_POINT('',#12950);
#3955=VERTEX_POINT('',#12952);
#3956=VERTEX_POINT('',#12954);
#3957=VERTEX_POINT('',#12956);
#3958=VERTEX_POINT('',#12958);
#3959=VERTEX_POINT('',#12960);
#3960=VERTEX_POINT('',#12962);
#3961=VERTEX_POINT('',#12964);
#3962=VERTEX_POINT('',#12966);
#3963=VERTEX_POINT('',#12968);
#3964=VERTEX_POINT('',#12970);
#3965=VERTEX_POINT('',#12972);
#3966=VERTEX_POINT('',#12974);
#3967=VERTEX_POINT('',#12976);
#3968=VERTEX_POINT('',#12978);
#3969=VERTEX_POINT('',#12980);
#3970=VERTEX_POINT('',#12982);
#3971=VERTEX_POINT('',#12984);
#3972=VERTEX_POINT('',#12986);
#3973=VERTEX_POINT('',#12988);
#3974=VERTEX_POINT('',#12990);
#3975=VERTEX_POINT('',#12992);
#3976=VERTEX_POINT('',#12994);
#3977=VERTEX_POINT('',#12996);
#3978=VERTEX_POINT('',#12998);
#3979=VERTEX_POINT('',#13000);
#3980=VERTEX_POINT('',#13002);
#3981=VERTEX_POINT('',#13004);
#3982=VERTEX_POINT('',#13006);
#3983=VERTEX_POINT('',#13009);
#3984=VERTEX_POINT('',#13011);
#3985=VERTEX_POINT('',#13013);
#3986=VERTEX_POINT('',#13015);
#3987=VERTEX_POINT('',#13018);
#3988=VERTEX_POINT('',#13020);
#3989=VERTEX_POINT('',#13024);
#3990=VERTEX_POINT('',#13028);
#3991=VERTEX_POINT('',#13032);
#3992=VERTEX_POINT('',#13034);
#3993=VERTEX_POINT('',#13036);
#3994=VERTEX_POINT('',#13038);
#3995=VERTEX_POINT('',#13040);
#3996=VERTEX_POINT('',#13042);
#3997=VERTEX_POINT('',#13044);
#3998=VERTEX_POINT('',#13046);
#3999=VERTEX_POINT('',#13048);
#4000=VERTEX_POINT('',#13050);
#4001=VERTEX_POINT('',#13052);
#4002=VERTEX_POINT('',#13054);
#4003=VERTEX_POINT('',#13056);
#4004=VERTEX_POINT('',#13058);
#4005=VERTEX_POINT('',#13060);
#4006=VERTEX_POINT('',#13062);
#4007=VERTEX_POINT('',#13064);
#4008=VERTEX_POINT('',#13066);
#4009=VERTEX_POINT('',#13068);
#4010=VERTEX_POINT('',#13070);
#4011=VERTEX_POINT('',#13072);
#4012=VERTEX_POINT('',#13074);
#4013=VERTEX_POINT('',#13076);
#4014=VERTEX_POINT('',#13078);
#4015=VERTEX_POINT('',#13080);
#4016=VERTEX_POINT('',#13082);
#4017=VERTEX_POINT('',#13084);
#4018=VERTEX_POINT('',#13086);
#4019=VERTEX_POINT('',#13088);
#4020=VERTEX_POINT('',#13090);
#4021=VERTEX_POINT('',#13092);
#4022=VERTEX_POINT('',#13094);
#4023=VERTEX_POINT('',#13096);
#4024=VERTEX_POINT('',#13098);
#4025=VERTEX_POINT('',#13100);
#4026=VERTEX_POINT('',#13102);
#4027=VERTEX_POINT('',#13104);
#4028=VERTEX_POINT('',#13106);
#4029=VERTEX_POINT('',#13108);
#4030=VERTEX_POINT('',#13110);
#4031=VERTEX_POINT('',#13112);
#4032=VERTEX_POINT('',#13114);
#4033=VERTEX_POINT('',#13116);
#4034=VERTEX_POINT('',#13118);
#4035=VERTEX_POINT('',#13120);
#4036=VERTEX_POINT('',#13122);
#4037=VERTEX_POINT('',#13124);
#4038=VERTEX_POINT('',#13126);
#4039=VERTEX_POINT('',#13128);
#4040=VERTEX_POINT('',#13130);
#4041=VERTEX_POINT('',#13132);
#4042=VERTEX_POINT('',#13134);
#4043=VERTEX_POINT('',#13136);
#4044=VERTEX_POINT('',#13138);
#4045=VERTEX_POINT('',#13141);
#4046=VERTEX_POINT('',#13143);
#4047=VERTEX_POINT('',#13145);
#4048=VERTEX_POINT('',#13147);
#4049=VERTEX_POINT('',#13271);
#4050=VERTEX_POINT('',#13272);
#4051=VERTEX_POINT('',#13274);
#4052=VERTEX_POINT('',#13276);
#4053=VERTEX_POINT('',#13280);
#4054=VERTEX_POINT('',#13281);
#4055=VERTEX_POINT('',#13286);
#4056=VERTEX_POINT('',#13287);
#4057=VERTEX_POINT('',#13292);
#4058=VERTEX_POINT('',#13293);
#4059=VERTEX_POINT('',#13298);
#4060=VERTEX_POINT('',#13299);
#4061=VERTEX_POINT('',#13304);
#4062=VERTEX_POINT('',#13305);
#4063=VERTEX_POINT('',#13310);
#4064=VERTEX_POINT('',#13311);
#4065=VERTEX_POINT('',#13319);
#4066=VERTEX_POINT('',#13321);
#4067=VERTEX_POINT('',#13325);
#4068=VERTEX_POINT('',#13329);
#4069=VERTEX_POINT('',#13333);
#4070=VERTEX_POINT('',#13337);
#4071=VERTEX_POINT('',#13339);
#4072=VERTEX_POINT('',#13342);
#4073=VERTEX_POINT('',#13345);
#4074=VERTEX_POINT('',#13348);
#4075=VERTEX_POINT('',#13349);
#4076=VERTEX_POINT('',#13351);
#4077=VERTEX_POINT('',#13353);
#4078=VERTEX_POINT('',#13355);
#4079=VERTEX_POINT('',#13357);
#4080=VERTEX_POINT('',#13359);
#4081=VERTEX_POINT('',#13361);
#4082=VERTEX_POINT('',#13363);
#4083=VERTEX_POINT('',#13365);
#4084=VERTEX_POINT('',#13367);
#4085=VERTEX_POINT('',#13369);
#4086=VERTEX_POINT('',#13371);
#4087=VERTEX_POINT('',#13373);
#4088=VERTEX_POINT('',#13375);
#4089=VERTEX_POINT('',#13377);
#4090=VERTEX_POINT('',#13379);
#4091=VERTEX_POINT('',#13381);
#4092=VERTEX_POINT('',#13383);
#4093=VERTEX_POINT('',#13385);
#4094=VERTEX_POINT('',#13387);
#4095=VERTEX_POINT('',#13389);
#4096=VERTEX_POINT('',#13391);
#4097=VERTEX_POINT('',#13393);
#4098=VERTEX_POINT('',#13395);
#4099=VERTEX_POINT('',#13397);
#4100=VERTEX_POINT('',#13399);
#4101=VERTEX_POINT('',#13401);
#4102=VERTEX_POINT('',#13403);
#4103=VERTEX_POINT('',#13406);
#4104=VERTEX_POINT('',#13407);
#4105=VERTEX_POINT('',#13409);
#4106=VERTEX_POINT('',#13411);
#4107=VERTEX_POINT('',#13413);
#4108=VERTEX_POINT('',#13415);
#4109=VERTEX_POINT('',#13417);
#4110=VERTEX_POINT('',#13419);
#4111=VERTEX_POINT('',#13421);
#4112=VERTEX_POINT('',#13423);
#4113=VERTEX_POINT('',#13425);
#4114=VERTEX_POINT('',#13427);
#4115=VERTEX_POINT('',#13429);
#4116=VERTEX_POINT('',#13431);
#4117=VERTEX_POINT('',#13433);
#4118=VERTEX_POINT('',#13435);
#4119=VERTEX_POINT('',#13437);
#4120=VERTEX_POINT('',#13439);
#4121=VERTEX_POINT('',#13441);
#4122=VERTEX_POINT('',#13443);
#4123=VERTEX_POINT('',#13445);
#4124=VERTEX_POINT('',#13447);
#4125=VERTEX_POINT('',#13449);
#4126=VERTEX_POINT('',#13451);
#4127=VERTEX_POINT('',#13453);
#4128=VERTEX_POINT('',#13455);
#4129=VERTEX_POINT('',#13457);
#4130=VERTEX_POINT('',#13459);
#4131=VERTEX_POINT('',#13461);
#4132=VERTEX_POINT('',#13463);
#4133=VERTEX_POINT('',#13465);
#4134=VERTEX_POINT('',#13467);
#4135=VERTEX_POINT('',#13469);
#4136=VERTEX_POINT('',#13471);
#4137=VERTEX_POINT('',#13473);
#4138=VERTEX_POINT('',#13475);
#4139=VERTEX_POINT('',#13477);
#4140=VERTEX_POINT('',#13479);
#4141=VERTEX_POINT('',#13481);
#4142=VERTEX_POINT('',#13483);
#4143=VERTEX_POINT('',#13485);
#4144=VERTEX_POINT('',#13487);
#4145=VERTEX_POINT('',#13490);
#4146=VERTEX_POINT('',#13492);
#4147=VERTEX_POINT('',#13494);
#4148=VERTEX_POINT('',#13496);
#4149=VERTEX_POINT('',#13499);
#4150=VERTEX_POINT('',#13502);
#4151=VERTEX_POINT('',#13505);
#4152=VERTEX_POINT('',#13508);
#4153=VERTEX_POINT('',#13519);
#4154=VERTEX_POINT('',#13521);
#4155=VERTEX_POINT('',#13525);
#4156=VERTEX_POINT('',#13529);
#4157=VERTEX_POINT('',#13533);
#4158=VERTEX_POINT('',#13537);
#4159=VERTEX_POINT('',#13541);
#4160=VERTEX_POINT('',#13545);
#4161=VERTEX_POINT('',#13549);
#4162=VERTEX_POINT('',#13553);
#4163=VERTEX_POINT('',#13557);
#4164=VERTEX_POINT('',#13561);
#4165=VERTEX_POINT('',#13565);
#4166=VERTEX_POINT('',#13569);
#4167=VERTEX_POINT('',#13573);
#4168=VERTEX_POINT('',#13577);
#4169=VERTEX_POINT('',#13581);
#4170=VERTEX_POINT('',#13585);
#4171=VERTEX_POINT('',#13589);
#4172=VERTEX_POINT('',#13593);
#4173=VERTEX_POINT('',#13597);
#4174=VERTEX_POINT('',#13601);
#4175=VERTEX_POINT('',#13605);
#4176=VERTEX_POINT('',#13609);
#4177=VERTEX_POINT('',#13613);
#4178=VERTEX_POINT('',#13617);
#4179=VERTEX_POINT('',#13621);
#4180=VERTEX_POINT('',#13625);
#4181=VERTEX_POINT('',#13629);
#4182=VERTEX_POINT('',#13633);
#4183=VERTEX_POINT('',#13637);
#4184=VERTEX_POINT('',#13641);
#4185=VERTEX_POINT('',#13645);
#4186=VERTEX_POINT('',#13649);
#4187=VERTEX_POINT('',#13653);
#4188=VERTEX_POINT('',#13657);
#4189=VERTEX_POINT('',#13661);
#4190=VERTEX_POINT('',#13665);
#4191=VERTEX_POINT('',#13669);
#4192=VERTEX_POINT('',#13673);
#4193=VERTEX_POINT('',#13677);
#4194=VERTEX_POINT('',#13681);
#4195=VERTEX_POINT('',#13688);
#4196=VERTEX_POINT('',#13690);
#4197=VERTEX_POINT('',#13694);
#4198=VERTEX_POINT('',#13700);
#4199=VERTEX_POINT('',#13702);
#4200=VERTEX_POINT('',#13706);
#4201=VERTEX_POINT('',#13710);
#4202=VERTEX_POINT('',#13714);
#4203=VERTEX_POINT('',#13718);
#4204=VERTEX_POINT('',#13722);
#4205=VERTEX_POINT('',#13726);
#4206=VERTEX_POINT('',#13730);
#4207=VERTEX_POINT('',#13734);
#4208=VERTEX_POINT('',#13738);
#4209=VERTEX_POINT('',#13742);
#4210=VERTEX_POINT('',#13746);
#4211=VERTEX_POINT('',#13750);
#4212=VERTEX_POINT('',#13754);
#4213=VERTEX_POINT('',#13758);
#4214=VERTEX_POINT('',#13762);
#4215=VERTEX_POINT('',#13766);
#4216=VERTEX_POINT('',#13770);
#4217=VERTEX_POINT('',#13774);
#4218=VERTEX_POINT('',#13778);
#4219=VERTEX_POINT('',#13782);
#4220=VERTEX_POINT('',#13786);
#4221=VERTEX_POINT('',#13790);
#4222=VERTEX_POINT('',#13794);
#4223=VERTEX_POINT('',#13798);
#4224=VERTEX_POINT('',#13802);
#4225=VERTEX_POINT('',#13806);
#4226=VERTEX_POINT('',#13810);
#4227=VERTEX_POINT('',#13814);
#4228=VERTEX_POINT('',#13820);
#4229=VERTEX_POINT('',#13824);
#4230=VERTEX_POINT('',#13828);
#4231=VERTEX_POINT('',#13845);
#4232=VERTEX_POINT('',#13846);
#4233=VERTEX_POINT('',#13852);
#4234=VERTEX_POINT('',#13854);
#4235=VERTEX_POINT('',#13871);
#4236=VERTEX_POINT('',#13877);
#4237=VERTEX_POINT('',#13885);
#4238=VERTEX_POINT('',#13887);
#4239=VERTEX_POINT('',#13891);
#4240=VERTEX_POINT('',#13893);
#4241=VERTEX_POINT('',#13897);
#4242=VERTEX_POINT('',#13899);
#4243=VERTEX_POINT('',#13912);
#4244=VERTEX_POINT('',#13918);
#4245=VERTEX_POINT('',#13935);
#4246=VERTEX_POINT('',#13941);
#4247=VERTEX_POINT('',#13958);
#4248=VERTEX_POINT('',#13964);
#4249=VERTEX_POINT('',#13981);
#4250=VERTEX_POINT('',#13987);
#4251=VERTEX_POINT('',#14004);
#4252=VERTEX_POINT('',#14010);
#4253=VERTEX_POINT('',#14027);
#4254=VERTEX_POINT('',#14033);
#4255=VERTEX_POINT('',#14050);
#4256=VERTEX_POINT('',#14056);
#4257=VERTEX_POINT('',#14073);
#4258=VERTEX_POINT('',#14079);
#4259=VERTEX_POINT('',#14087);
#4260=VERTEX_POINT('',#14089);
#4261=VERTEX_POINT('',#14093);
#4262=VERTEX_POINT('',#14095);
#4263=VERTEX_POINT('',#14099);
#4264=VERTEX_POINT('',#14101);
#4265=VERTEX_POINT('',#14114);
#4266=VERTEX_POINT('',#14120);
#4267=VERTEX_POINT('',#14137);
#4268=VERTEX_POINT('',#14143);
#4269=VERTEX_POINT('',#14160);
#4270=VERTEX_POINT('',#14166);
#4271=VERTEX_POINT('',#14183);
#4272=VERTEX_POINT('',#14189);
#4273=VERTEX_POINT('',#14206);
#4274=VERTEX_POINT('',#14212);
#4275=VERTEX_POINT('',#14229);
#4276=VERTEX_POINT('',#14235);
#4277=VERTEX_POINT('',#14243);
#4278=VERTEX_POINT('',#14245);
#4279=VERTEX_POINT('',#14249);
#4280=VERTEX_POINT('',#14251);
#4281=VERTEX_POINT('',#14268);
#4282=VERTEX_POINT('',#14274);
#4283=VERTEX_POINT('',#14286);
#4284=VERTEX_POINT('',#14287);
#4285=VERTEX_POINT('',#14289);
#4286=VERTEX_POINT('',#14291);
#4287=VERTEX_POINT('',#14295);
#4288=VERTEX_POINT('',#14297);
#4289=VERTEX_POINT('',#14301);
#4290=VERTEX_POINT('',#14303);
#4291=VERTEX_POINT('',#14307);
#4292=VERTEX_POINT('',#14309);
#4293=VERTEX_POINT('',#14313);
#4294=VERTEX_POINT('',#14315);
#4295=VERTEX_POINT('',#14319);
#4296=VERTEX_POINT('',#14321);
#4297=VERTEX_POINT('',#14325);
#4298=VERTEX_POINT('',#14327);
#4299=VERTEX_POINT('',#14331);
#4300=VERTEX_POINT('',#14333);
#4301=VERTEX_POINT('',#14337);
#4302=VERTEX_POINT('',#14339);
#4303=VERTEX_POINT('',#14343);
#4304=VERTEX_POINT('',#14345);
#4305=VERTEX_POINT('',#14349);
#4306=VERTEX_POINT('',#14351);
#4307=VERTEX_POINT('',#14368);
#4308=VERTEX_POINT('',#14369);
#4309=VERTEX_POINT('',#14375);
#4310=VERTEX_POINT('',#14377);
#4311=VERTEX_POINT('',#14394);
#4312=VERTEX_POINT('',#14400);
#4313=VERTEX_POINT('',#14408);
#4314=VERTEX_POINT('',#14410);
#4315=VERTEX_POINT('',#14414);
#4316=VERTEX_POINT('',#14416);
#4317=VERTEX_POINT('',#14420);
#4318=VERTEX_POINT('',#14422);
#4319=VERTEX_POINT('',#14435);
#4320=VERTEX_POINT('',#14441);
#4321=VERTEX_POINT('',#14458);
#4322=VERTEX_POINT('',#14464);
#4323=VERTEX_POINT('',#14481);
#4324=VERTEX_POINT('',#14487);
#4325=VERTEX_POINT('',#14504);
#4326=VERTEX_POINT('',#14510);
#4327=VERTEX_POINT('',#14527);
#4328=VERTEX_POINT('',#14533);
#4329=VERTEX_POINT('',#14550);
#4330=VERTEX_POINT('',#14556);
#4331=VERTEX_POINT('',#14573);
#4332=VERTEX_POINT('',#14579);
#4333=VERTEX_POINT('',#14596);
#4334=VERTEX_POINT('',#14602);
#4335=VERTEX_POINT('',#14610);
#4336=VERTEX_POINT('',#14612);
#4337=VERTEX_POINT('',#14616);
#4338=VERTEX_POINT('',#14618);
#4339=VERTEX_POINT('',#14622);
#4340=VERTEX_POINT('',#14624);
#4341=VERTEX_POINT('',#14637);
#4342=VERTEX_POINT('',#14643);
#4343=VERTEX_POINT('',#14660);
#4344=VERTEX_POINT('',#14666);
#4345=VERTEX_POINT('',#14683);
#4346=VERTEX_POINT('',#14689);
#4347=VERTEX_POINT('',#14706);
#4348=VERTEX_POINT('',#14712);
#4349=VERTEX_POINT('',#14729);
#4350=VERTEX_POINT('',#14735);
#4351=VERTEX_POINT('',#14752);
#4352=VERTEX_POINT('',#14758);
#4353=VERTEX_POINT('',#14766);
#4354=VERTEX_POINT('',#14768);
#4355=VERTEX_POINT('',#14772);
#4356=VERTEX_POINT('',#14774);
#4357=VERTEX_POINT('',#14791);
#4358=VERTEX_POINT('',#14797);
#4359=VERTEX_POINT('',#14809);
#4360=VERTEX_POINT('',#14810);
#4361=VERTEX_POINT('',#14812);
#4362=VERTEX_POINT('',#14814);
#4363=VERTEX_POINT('',#14827);
#4364=VERTEX_POINT('',#14833);
#4365=VERTEX_POINT('',#14850);
#4366=VERTEX_POINT('',#14856);
#4367=VERTEX_POINT('',#14873);
#4368=VERTEX_POINT('',#14879);
#4369=VERTEX_POINT('',#14896);
#4370=VERTEX_POINT('',#14902);
#4371=VERTEX_POINT('',#14919);
#4372=VERTEX_POINT('',#14925);
#4373=VERTEX_POINT('',#14942);
#4374=VERTEX_POINT('',#14948);
#4375=VERTEX_POINT('',#14965);
#4376=VERTEX_POINT('',#14971);
#4377=VERTEX_POINT('',#14988);
#4378=VERTEX_POINT('',#14994);
#4379=VERTEX_POINT('',#15011);
#4380=VERTEX_POINT('',#15017);
#4381=VERTEX_POINT('',#15034);
#4382=VERTEX_POINT('',#15040);
#4383=VERTEX_POINT('',#15057);
#4384=VERTEX_POINT('',#15063);
#4385=VERTEX_POINT('',#15080);
#4386=VERTEX_POINT('',#15086);
#4387=VERTEX_POINT('',#15106);
#4388=VERTEX_POINT('',#15107);
#4389=VERTEX_POINT('',#15113);
#4390=VERTEX_POINT('',#15115);
#4391=VERTEX_POINT('',#15132);
#4392=VERTEX_POINT('',#15138);
#4393=VERTEX_POINT('',#15155);
#4394=VERTEX_POINT('',#15161);
#4395=VERTEX_POINT('',#15178);
#4396=VERTEX_POINT('',#15184);
#4397=VERTEX_POINT('',#15201);
#4398=VERTEX_POINT('',#15207);
#4399=VERTEX_POINT('',#15224);
#4400=VERTEX_POINT('',#15230);
#4401=VERTEX_POINT('',#15247);
#4402=VERTEX_POINT('',#15253);
#4403=VERTEX_POINT('',#15270);
#4404=VERTEX_POINT('',#15276);
#4405=VERTEX_POINT('',#15293);
#4406=VERTEX_POINT('',#15299);
#4407=VERTEX_POINT('',#15316);
#4408=VERTEX_POINT('',#15322);
#4409=VERTEX_POINT('',#15330);
#4410=VERTEX_POINT('',#15332);
#4411=VERTEX_POINT('',#15345);
#4412=VERTEX_POINT('',#15351);
#4413=VERTEX_POINT('',#15368);
#4414=VERTEX_POINT('',#15374);
#4415=VERTEX_POINT('',#15382);
#4416=VERTEX_POINT('',#15384);
#4417=VERTEX_POINT('',#15397);
#4418=VERTEX_POINT('',#15403);
#4419=VERTEX_POINT('',#15420);
#4420=VERTEX_POINT('',#15426);
#4421=VERTEX_POINT('',#15434);
#4422=VERTEX_POINT('',#15436);
#4423=VERTEX_POINT('',#15449);
#4424=VERTEX_POINT('',#15455);
#4425=VERTEX_POINT('',#15472);
#4426=VERTEX_POINT('',#15478);
#4427=VERTEX_POINT('',#15495);
#4428=VERTEX_POINT('',#15501);
#4429=VERTEX_POINT('',#15518);
#4430=VERTEX_POINT('',#15524);
#4431=VERTEX_POINT('',#15541);
#4432=VERTEX_POINT('',#15547);
#4433=VERTEX_POINT('',#15555);
#4434=VERTEX_POINT('',#15557);
#4435=VERTEX_POINT('',#15570);
#4436=VERTEX_POINT('',#15576);
#4437=VERTEX_POINT('',#15593);
#4438=VERTEX_POINT('',#15599);
#4439=VERTEX_POINT('',#15607);
#4440=VERTEX_POINT('',#15609);
#4441=VERTEX_POINT('',#15617);
#4442=VERTEX_POINT('',#15618);
#4443=VERTEX_POINT('',#15620);
#4444=VERTEX_POINT('',#15622);
#4445=VERTEX_POINT('',#15635);
#4446=VERTEX_POINT('',#15641);
#4447=VERTEX_POINT('',#15658);
#4448=VERTEX_POINT('',#15664);
#4449=VERTEX_POINT('',#15681);
#4450=VERTEX_POINT('',#15687);
#4451=VERTEX_POINT('',#15704);
#4452=VERTEX_POINT('',#15710);
#4453=VERTEX_POINT('',#15727);
#4454=VERTEX_POINT('',#15733);
#4455=VERTEX_POINT('',#15750);
#4456=VERTEX_POINT('',#15756);
#4457=VERTEX_POINT('',#15773);
#4458=VERTEX_POINT('',#15779);
#4459=VERTEX_POINT('',#15796);
#4460=VERTEX_POINT('',#15802);
#4461=VERTEX_POINT('',#15810);
#4462=VERTEX_POINT('',#15812);
#4463=VERTEX_POINT('',#15819);
#4464=VERTEX_POINT('',#15820);
#4465=VERTEX_POINT('',#15822);
#4466=VERTEX_POINT('',#15824);
#4467=VERTEX_POINT('',#15837);
#4468=VERTEX_POINT('',#15843);
#4469=VERTEX_POINT('',#15860);
#4470=VERTEX_POINT('',#15866);
#4471=VERTEX_POINT('',#15883);
#4472=VERTEX_POINT('',#15889);
#4473=VERTEX_POINT('',#15906);
#4474=VERTEX_POINT('',#15912);
#4475=VERTEX_POINT('',#15929);
#4476=VERTEX_POINT('',#15935);
#4477=VERTEX_POINT('',#15952);
#4478=VERTEX_POINT('',#15958);
#4479=VERTEX_POINT('',#15975);
#4480=VERTEX_POINT('',#15981);
#4481=VERTEX_POINT('',#15998);
#4482=VERTEX_POINT('',#16004);
#4483=VERTEX_POINT('',#16012);
#4484=VERTEX_POINT('',#16014);
#4485=VERTEX_POINT('',#16031);
#4486=VERTEX_POINT('',#16032);
#4487=VERTEX_POINT('',#16038);
#4488=VERTEX_POINT('',#16040);
#4489=VERTEX_POINT('',#16057);
#4490=VERTEX_POINT('',#16063);
#4491=VERTEX_POINT('',#16080);
#4492=VERTEX_POINT('',#16086);
#4493=VERTEX_POINT('',#16103);
#4494=VERTEX_POINT('',#16109);
#4495=VERTEX_POINT('',#16126);
#4496=VERTEX_POINT('',#16132);
#4497=VERTEX_POINT('',#16149);
#4498=VERTEX_POINT('',#16155);
#4499=VERTEX_POINT('',#16172);
#4500=VERTEX_POINT('',#16178);
#4501=VERTEX_POINT('',#16195);
#4502=VERTEX_POINT('',#16201);
#4503=VERTEX_POINT('',#16218);
#4504=VERTEX_POINT('',#16224);
#4505=VERTEX_POINT('',#16241);
#4506=VERTEX_POINT('',#16247);
#4507=VERTEX_POINT('',#16264);
#4508=VERTEX_POINT('',#16270);
#4509=VERTEX_POINT('',#16287);
#4510=VERTEX_POINT('',#16293);
#4511=VERTEX_POINT('',#16310);
#4512=VERTEX_POINT('',#16316);
#4513=VERTEX_POINT('',#16333);
#4514=VERTEX_POINT('',#16339);
#4515=VERTEX_POINT('',#16356);
#4516=VERTEX_POINT('',#16362);
#4517=VERTEX_POINT('',#16399);
#4518=VERTEX_POINT('',#16400);
#4519=VERTEX_POINT('',#16406);
#4520=VERTEX_POINT('',#16408);
#4521=VERTEX_POINT('',#16425);
#4522=VERTEX_POINT('',#16431);
#4523=VERTEX_POINT('',#16448);
#4524=VERTEX_POINT('',#16454);
#4525=VERTEX_POINT('',#16471);
#4526=VERTEX_POINT('',#16477);
#4527=VERTEX_POINT('',#16494);
#4528=VERTEX_POINT('',#16500);
#4529=VERTEX_POINT('',#16517);
#4530=VERTEX_POINT('',#16523);
#4531=VERTEX_POINT('',#16540);
#4532=VERTEX_POINT('',#16546);
#4533=VERTEX_POINT('',#16563);
#4534=VERTEX_POINT('',#16569);
#4535=VERTEX_POINT('',#16586);
#4536=VERTEX_POINT('',#16592);
#4537=VERTEX_POINT('',#16609);
#4538=VERTEX_POINT('',#16615);
#4539=VERTEX_POINT('',#16632);
#4540=VERTEX_POINT('',#16638);
#4541=VERTEX_POINT('',#16655);
#4542=VERTEX_POINT('',#16661);
#4543=VERTEX_POINT('',#16678);
#4544=VERTEX_POINT('',#16684);
#4545=VERTEX_POINT('',#16701);
#4546=VERTEX_POINT('',#16707);
#4547=VERTEX_POINT('',#16724);
#4548=VERTEX_POINT('',#16730);
#4549=VERTEX_POINT('',#16759);
#4550=VERTEX_POINT('',#16760);
#4551=VERTEX_POINT('',#16762);
#4552=VERTEX_POINT('',#16764);
#4553=VERTEX_POINT('',#16768);
#4554=VERTEX_POINT('',#16770);
#4555=VERTEX_POINT('',#16774);
#4556=VERTEX_POINT('',#16776);
#4557=VERTEX_POINT('',#16793);
#4558=VERTEX_POINT('',#16794);
#4559=VERTEX_POINT('',#16800);
#4560=VERTEX_POINT('',#16802);
#4561=VERTEX_POINT('',#16819);
#4562=VERTEX_POINT('',#16825);
#4563=VERTEX_POINT('',#16842);
#4564=VERTEX_POINT('',#16848);
#4565=VERTEX_POINT('',#16865);
#4566=VERTEX_POINT('',#16871);
#4567=VERTEX_POINT('',#16888);
#4568=VERTEX_POINT('',#16894);
#4569=VERTEX_POINT('',#16911);
#4570=VERTEX_POINT('',#16917);
#4571=VERTEX_POINT('',#16934);
#4572=VERTEX_POINT('',#16940);
#4573=VERTEX_POINT('',#16978);
#4574=VERTEX_POINT('',#16979);
#4575=VERTEX_POINT('',#16985);
#4576=VERTEX_POINT('',#16987);
#4577=VERTEX_POINT('',#17004);
#4578=VERTEX_POINT('',#17010);
#4579=VERTEX_POINT('',#17018);
#4580=VERTEX_POINT('',#17020);
#4581=VERTEX_POINT('',#17024);
#4582=VERTEX_POINT('',#17026);
#4583=VERTEX_POINT('',#17030);
#4584=VERTEX_POINT('',#17032);
#4585=VERTEX_POINT('',#17045);
#4586=VERTEX_POINT('',#17051);
#4587=VERTEX_POINT('',#17068);
#4588=VERTEX_POINT('',#17074);
#4589=VERTEX_POINT('',#17091);
#4590=VERTEX_POINT('',#17097);
#4591=VERTEX_POINT('',#17114);
#4592=VERTEX_POINT('',#17120);
#4593=VERTEX_POINT('',#17137);
#4594=VERTEX_POINT('',#17143);
#4595=VERTEX_POINT('',#17160);
#4596=VERTEX_POINT('',#17166);
#4597=VERTEX_POINT('',#17174);
#4598=VERTEX_POINT('',#17176);
#4599=VERTEX_POINT('',#17180);
#4600=VERTEX_POINT('',#17182);
#4601=VERTEX_POINT('',#17186);
#4602=VERTEX_POINT('',#17188);
#4603=VERTEX_POINT('',#17201);
#4604=VERTEX_POINT('',#17207);
#4605=VERTEX_POINT('',#17224);
#4606=VERTEX_POINT('',#17230);
#4607=VERTEX_POINT('',#17247);
#4608=VERTEX_POINT('',#17253);
#4609=VERTEX_POINT('',#17270);
#4610=VERTEX_POINT('',#17276);
#4611=VERTEX_POINT('',#17293);
#4612=VERTEX_POINT('',#17299);
#4613=VERTEX_POINT('',#17316);
#4614=VERTEX_POINT('',#17322);
#4615=VERTEX_POINT('',#17330);
#4616=VERTEX_POINT('',#17332);
#4617=VERTEX_POINT('',#17345);
#4618=VERTEX_POINT('',#17351);
#4619=VERTEX_POINT('',#17368);
#4620=VERTEX_POINT('',#17374);
#4621=VERTEX_POINT('',#17386);
#4622=VERTEX_POINT('',#17387);
#4623=VERTEX_POINT('',#17389);
#4624=VERTEX_POINT('',#17391);
#4625=VERTEX_POINT('',#17395);
#4626=VERTEX_POINT('',#17397);
#4627=VERTEX_POINT('',#17401);
#4628=VERTEX_POINT('',#17403);
#4629=VERTEX_POINT('',#17407);
#4630=VERTEX_POINT('',#17409);
#4631=VERTEX_POINT('',#17413);
#4632=VERTEX_POINT('',#17415);
#4633=VERTEX_POINT('',#17419);
#4634=VERTEX_POINT('',#17421);
#4635=VERTEX_POINT('',#17425);
#4636=VERTEX_POINT('',#17427);
#4637=VERTEX_POINT('',#17431);
#4638=VERTEX_POINT('',#17433);
#4639=VERTEX_POINT('',#17441);
#4640=VERTEX_POINT('',#17442);
#4641=VERTEX_POINT('',#17444);
#4642=VERTEX_POINT('',#17446);
#4643=VERTEX_POINT('',#17448);
#4644=VERTEX_POINT('',#17450);
#4645=VERTEX_POINT('',#17452);
#4646=VERTEX_POINT('',#17454);
#4647=VERTEX_POINT('',#17457);
#4648=VERTEX_POINT('',#17459);
#4649=VERTEX_POINT('',#17461);
#4650=VERTEX_POINT('',#17463);
#4651=VERTEX_POINT('',#17465);
#4652=VERTEX_POINT('',#17466);
#4653=VERTEX_POINT('',#17468);
#4654=VERTEX_POINT('',#17470);
#4655=VERTEX_POINT('',#17472);
#4656=VERTEX_POINT('',#17474);
#4657=VERTEX_POINT('',#17476);
#4658=VERTEX_POINT('',#17478);
#4659=VERTEX_POINT('',#17481);
#4660=VERTEX_POINT('',#17482);
#4661=VERTEX_POINT('',#17484);
#4662=VERTEX_POINT('',#17486);
#4663=VERTEX_POINT('',#17488);
#4664=VERTEX_POINT('',#17490);
#4665=VERTEX_POINT('',#17496);
#4666=VERTEX_POINT('',#17497);
#4667=VERTEX_POINT('',#17502);
#4668=VERTEX_POINT('',#17506);
#4669=VERTEX_POINT('',#17510);
#4670=VERTEX_POINT('',#17514);
#4671=VERTEX_POINT('',#17520);
#4672=VERTEX_POINT('',#17521);
#4673=VERTEX_POINT('',#17526);
#4674=VERTEX_POINT('',#17530);
#4675=VERTEX_POINT('',#17534);
#4676=VERTEX_POINT('',#17538);
#4677=VERTEX_POINT('',#17542);
#4678=VERTEX_POINT('',#17546);
#4679=VERTEX_POINT('',#17552);
#4680=VERTEX_POINT('',#17554);
#4681=VERTEX_POINT('',#17558);
#4682=VERTEX_POINT('',#17562);
#4683=VERTEX_POINT('',#17566);
#4684=VERTEX_POINT('',#17570);
#4685=VERTEX_POINT('',#17574);
#4686=VERTEX_POINT('',#17578);
#4687=VERTEX_POINT('',#17585);
#4688=VERTEX_POINT('',#17589);
#4689=VERTEX_POINT('',#17593);
#4690=VERTEX_POINT('',#17597);
#4691=VERTEX_POINT('',#17603);
#4692=VERTEX_POINT('',#17604);
#4693=VERTEX_POINT('',#17606);
#4694=VERTEX_POINT('',#17608);
#4695=VERTEX_POINT('',#17612);
#4696=VERTEX_POINT('',#17614);
#4697=VERTEX_POINT('',#17618);
#4698=VERTEX_POINT('',#17620);
#4699=VERTEX_POINT('',#17624);
#4700=VERTEX_POINT('',#17626);
#4701=VERTEX_POINT('',#17630);
#4702=VERTEX_POINT('',#17632);
#4703=EDGE_CURVE('',#3777,#3778,#1799,.T.);
#4704=EDGE_CURVE('',#3779,#3777,#1800,.T.);
#4705=EDGE_CURVE('',#3780,#3779,#1801,.T.);
#4706=EDGE_CURVE('',#3778,#3780,#1802,.T.);
#4707=EDGE_CURVE('',#3781,#3782,#1803,.T.);
#4708=EDGE_CURVE('',#3783,#3782,#1804,.T.);
#4709=EDGE_CURVE('',#3783,#3777,#1805,.T.);
#4710=EDGE_CURVE('',#3784,#3778,#1806,.T.);
#4711=EDGE_CURVE('',#3781,#3784,#1807,.T.);
#4712=EDGE_CURVE('',#3785,#3786,#1808,.T.);
#4713=EDGE_CURVE('',#3786,#3787,#1809,.T.);
#4714=EDGE_CURVE('',#3787,#3788,#1810,.T.);
#4715=EDGE_CURVE('',#3788,#3789,#1811,.T.);
#4716=EDGE_CURVE('',#3790,#3789,#1812,.T.);
#4717=EDGE_CURVE('',#3779,#3790,#1813,.T.);
#4718=EDGE_CURVE('',#3791,#3777,#1814,.T.);
#4719=EDGE_CURVE('',#3792,#3791,#1815,.T.);
#4720=EDGE_CURVE('',#3785,#3792,#1816,.T.);
#4721=EDGE_CURVE('',#3793,#3780,#1817,.T.);
#4722=EDGE_CURVE('',#3784,#3793,#1818,.T.);
#4723=EDGE_CURVE('',#3794,#3779,#1819,.T.);
#4724=EDGE_CURVE('',#3795,#3794,#1820,.T.);
#4725=EDGE_CURVE('',#3796,#3795,#1821,.T.);
#4726=EDGE_CURVE('',#3793,#3796,#1822,.T.);
#4727=EDGE_CURVE('',#3797,#3781,#1823,.T.);
#4728=EDGE_CURVE('',#3798,#3797,#1824,.T.);
#4729=EDGE_CURVE('',#3782,#3798,#1825,.T.);
#4730=EDGE_CURVE('',#3796,#3781,#1826,.T.);
#4731=EDGE_CURVE('',#3799,#3782,#544,.T.);
#4732=EDGE_CURVE('',#3800,#3799,#1827,.T.);
#4733=EDGE_CURVE('',#3800,#3783,#545,.T.);
#4734=EDGE_CURVE('',#3791,#3801,#1828,.T.);
#4735=EDGE_CURVE('',#3801,#3783,#1829,.T.);
#4736=EDGE_CURVE('',#3802,#3803,#1830,.T.);
#4737=EDGE_CURVE('',#3803,#3786,#1831,.T.);
#4738=EDGE_CURVE('',#3791,#3804,#1832,.T.);
#4739=EDGE_CURVE('',#3805,#3804,#1833,.T.);
#4740=EDGE_CURVE('',#3806,#3805,#546,.T.);
#4741=EDGE_CURVE('',#3807,#3806,#1834,.T.);
#4742=EDGE_CURVE('',#3807,#3802,#547,.T.);
#4743=EDGE_CURVE('',#3786,#3808,#1835,.T.);
#4744=EDGE_CURVE('',#3808,#3809,#1836,.T.);
#4745=EDGE_CURVE('',#3809,#3810,#1837,.T.);
#4746=EDGE_CURVE('',#3810,#3811,#1838,.T.);
#4747=EDGE_CURVE('',#3811,#3812,#1839,.T.);
#4748=EDGE_CURVE('',#3812,#3813,#1840,.T.);
#4749=EDGE_CURVE('',#3813,#3814,#1841,.T.);
#4750=EDGE_CURVE('',#3814,#3815,#1842,.T.);
#4751=EDGE_CURVE('',#3816,#3815,#1843,.T.);
#4752=EDGE_CURVE('',#3816,#3817,#1844,.T.);
#4753=EDGE_CURVE('',#3817,#3787,#1845,.T.);
#4754=EDGE_CURVE('',#3818,#3819,#1846,.T.);
#4755=EDGE_CURVE('',#3820,#3818,#1847,.T.);
#4756=EDGE_CURVE('',#3819,#3820,#1848,.T.);
#4757=EDGE_CURVE('',#3821,#3822,#1849,.T.);
#4758=EDGE_CURVE('',#3823,#3822,#548,.T.);
#4759=EDGE_CURVE('',#3823,#3824,#1850,.T.);
#4760=EDGE_CURVE('',#3824,#3825,#549,.T.);
#4761=EDGE_CURVE('',#3826,#3825,#1851,.T.);
#4762=EDGE_CURVE('',#3826,#3790,#1852,.T.);
#4763=EDGE_CURVE('',#3787,#3821,#1853,.T.);
#4764=EDGE_CURVE('',#3794,#3827,#1854,.T.);
#4765=EDGE_CURVE('',#3827,#3790,#1855,.T.);
#4766=EDGE_CURVE('',#3796,#3828,#1856,.T.);
#4767=EDGE_CURVE('',#3829,#3795,#1857,.T.);
#4768=EDGE_CURVE('',#3828,#3829,#1858,.T.);
#4769=EDGE_CURVE('',#3794,#3830,#550,.T.);
#4770=EDGE_CURVE('',#3830,#3831,#1859,.T.);
#4771=EDGE_CURVE('',#3795,#3831,#551,.T.);
#4772=EDGE_CURVE('',#3832,#3812,#1860,.T.);
#4773=EDGE_CURVE('',#3832,#3833,#1861,.T.);
#4774=EDGE_CURVE('',#3833,#3797,#1862,.T.);
#4775=EDGE_CURVE('',#3828,#3834,#1863,.T.);
#4776=EDGE_CURVE('',#3835,#3834,#1864,.T.);
#4777=EDGE_CURVE('',#3813,#3835,#1865,.T.);
#4778=EDGE_CURVE('',#3836,#3799,#1866,.T.);
#4779=EDGE_CURVE('',#3836,#3798,#1867,.T.);
#4780=EDGE_CURVE('',#3797,#3837,#1868,.T.);
#4781=EDGE_CURVE('',#3837,#3836,#1869,.T.);
#4782=EDGE_CURVE('',#3838,#3801,#1870,.T.);
#4783=EDGE_CURVE('',#3800,#3838,#1871,.T.);
#4784=EDGE_CURVE('',#3839,#3837,#1872,.T.);
#4785=EDGE_CURVE('',#3805,#3839,#1873,.T.);
#4786=EDGE_CURVE('',#3838,#3804,#1874,.T.);
#4787=EDGE_CURVE('',#3840,#3841,#1875,.T.);
#4788=EDGE_CURVE('',#3841,#3842,#1876,.T.);
#4789=EDGE_CURVE('',#3842,#3843,#1877,.T.);
#4790=EDGE_CURVE('',#3844,#3843,#1878,.T.);
#4791=EDGE_CURVE('',#3844,#3845,#1879,.T.);
#4792=EDGE_CURVE('',#3845,#3803,#1880,.T.);
#4793=EDGE_CURVE('',#3802,#3840,#1881,.T.);
#4794=EDGE_CURVE('',#3807,#3846,#1882,.T.);
#4795=EDGE_CURVE('',#3846,#3840,#552,.T.);
#4796=EDGE_CURVE('',#3808,#3845,#1883,.T.);
#4797=EDGE_CURVE('',#3806,#3847,#1884,.T.);
#4798=EDGE_CURVE('',#3846,#3847,#1885,.T.);
#4799=EDGE_CURVE('',#3847,#3839,#553,.T.);
#4800=EDGE_CURVE('',#3809,#3844,#554,.T.);
#4801=EDGE_CURVE('',#3810,#3843,#555,.T.);
#4802=EDGE_CURVE('',#3811,#3842,#1886,.T.);
#4803=EDGE_CURVE('',#3841,#3812,#1887,.T.);
#4804=EDGE_CURVE('',#3813,#3848,#1888,.T.);
#4805=EDGE_CURVE('',#3849,#3848,#1889,.T.);
#4806=EDGE_CURVE('',#3814,#3849,#1890,.T.);
#4807=EDGE_CURVE('',#3850,#3849,#1891,.T.);
#4808=EDGE_CURVE('',#3850,#3815,#556,.T.);
#4809=EDGE_CURVE('',#3851,#3850,#1892,.T.);
#4810=EDGE_CURVE('',#3851,#3816,#557,.T.);
#4811=EDGE_CURVE('',#3852,#3851,#1893,.T.);
#4812=EDGE_CURVE('',#3817,#3852,#1894,.T.);
#4813=EDGE_CURVE('',#3821,#3852,#1895,.T.);
#4814=EDGE_CURVE('',#3853,#3818,#1896,.T.);
#4815=EDGE_CURVE('',#3854,#3819,#1897,.T.);
#4816=EDGE_CURVE('',#3853,#3854,#1898,.T.);
#4817=EDGE_CURVE('',#3855,#3820,#1899,.T.);
#4818=EDGE_CURVE('',#3855,#3853,#1900,.T.);
#4819=EDGE_CURVE('',#3854,#3855,#1901,.T.);
#4820=EDGE_CURVE('',#3848,#3856,#1902,.T.);
#4821=EDGE_CURVE('',#3822,#3856,#1903,.T.);
#4822=EDGE_CURVE('',#3857,#3856,#558,.T.);
#4823=EDGE_CURVE('',#3823,#3857,#1904,.T.);
#4824=EDGE_CURVE('',#3857,#3858,#1905,.T.);
#4825=EDGE_CURVE('',#3824,#3858,#1906,.T.);
#4826=EDGE_CURVE('',#3858,#3859,#559,.T.);
#4827=EDGE_CURVE('',#3825,#3859,#1907,.T.);
#4828=EDGE_CURVE('',#3860,#3859,#1908,.T.);
#4829=EDGE_CURVE('',#3861,#3860,#1909,.T.);
#4830=EDGE_CURVE('',#3831,#3861,#1910,.T.);
#4831=EDGE_CURVE('',#3862,#3830,#1911,.T.);
#4832=EDGE_CURVE('',#3826,#3862,#1912,.T.);
#4833=EDGE_CURVE('',#3862,#3827,#1913,.T.);
#4834=EDGE_CURVE('',#3860,#3828,#1914,.T.);
#4835=EDGE_CURVE('',#3861,#3829,#1915,.T.);
#4836=EDGE_CURVE('',#3863,#3864,#1916,.T.);
#4837=EDGE_CURVE('',#3864,#3865,#1917,.T.);
#4838=EDGE_CURVE('',#3866,#3865,#1918,.T.);
#4839=EDGE_CURVE('',#3863,#3866,#1919,.T.);
#4840=EDGE_CURVE('',#3867,#3868,#1920,.T.);
#4841=EDGE_CURVE('',#3869,#3868,#560,.T.);
#4842=EDGE_CURVE('',#3870,#3869,#1921,.T.);
#4843=EDGE_CURVE('',#3870,#3871,#1922,.T.);
#4844=EDGE_CURVE('',#3871,#3872,#1923,.T.);
#4845=EDGE_CURVE('',#3872,#3873,#561,.T.);
#4846=EDGE_CURVE('',#3874,#3873,#1924,.T.);
#4847=EDGE_CURVE('',#3864,#3874,#562,.T.);
#4848=EDGE_CURVE('',#3863,#3867,#563,.T.);
#4849=EDGE_CURVE('',#3866,#3875,#564,.T.);
#4850=EDGE_CURVE('',#3867,#3875,#1925,.T.);
#4851=EDGE_CURVE('',#3874,#3876,#1926,.T.);
#4852=EDGE_CURVE('',#3865,#3876,#565,.T.);
#4853=EDGE_CURVE('',#3875,#3877,#1927,.T.);
#4854=EDGE_CURVE('',#3876,#3878,#1928,.T.);
#4855=EDGE_CURVE('',#3879,#3878,#566,.T.);
#4856=EDGE_CURVE('',#3880,#3879,#1929,.T.);
#4857=EDGE_CURVE('',#3881,#3880,#1930,.T.);
#4858=EDGE_CURVE('',#3881,#3882,#1931,.T.);
#4859=EDGE_CURVE('',#3882,#3877,#567,.T.);
#4860=EDGE_CURVE('',#3868,#3877,#1932,.T.);
#4861=EDGE_CURVE('',#3869,#3882,#1933,.T.);
#4862=EDGE_CURVE('',#3869,#3883,#1934,.T.);
#4863=EDGE_CURVE('',#3883,#3884,#1935,.T.);
#4864=EDGE_CURVE('',#3884,#3885,#1936,.T.);
#4865=EDGE_CURVE('',#3886,#3885,#1937,.T.);
#4866=EDGE_CURVE('',#3872,#3886,#1938,.T.);
#4867=EDGE_CURVE('',#3873,#3878,#1939,.T.);
#4868=EDGE_CURVE('',#3872,#3879,#1940,.T.);
#4869=EDGE_CURVE('',#3879,#3887,#1941,.T.);
#4870=EDGE_CURVE('',#3887,#3888,#1942,.T.);
#4871=EDGE_CURVE('',#3889,#3888,#1943,.T.);
#4872=EDGE_CURVE('',#3890,#3889,#1944,.T.);
#4873=EDGE_CURVE('',#3882,#3890,#1945,.T.);
#4874=EDGE_CURVE('',#3883,#3890,#1946,.T.);
#4875=EDGE_CURVE('',#3891,#3892,#1947,.T.);
#4876=EDGE_CURVE('',#3893,#3892,#568,.T.);
#4877=EDGE_CURVE('',#3893,#3894,#1948,.T.);
#4878=EDGE_CURVE('',#3894,#3895,#569,.T.);
#4879=EDGE_CURVE('',#3896,#3895,#1949,.T.);
#4880=EDGE_CURVE('',#3886,#3896,#570,.T.);
#4881=EDGE_CURVE('',#3883,#3891,#571,.T.);
#4882=EDGE_CURVE('',#3886,#3897,#1950,.T.);
#4883=EDGE_CURVE('',#3898,#3897,#1951,.T.);
#4884=EDGE_CURVE('',#3872,#3898,#1952,.T.);
#4885=EDGE_CURVE('',#3898,#3899,#1953,.T.);
#4886=EDGE_CURVE('',#3879,#3899,#1954,.T.);
#4887=EDGE_CURVE('',#3900,#3901,#1955,.T.);
#4888=EDGE_CURVE('',#3890,#3900,#572,.T.);
#4889=EDGE_CURVE('',#3887,#3902,#573,.T.);
#4890=EDGE_CURVE('',#3902,#3903,#1956,.T.);
#4891=EDGE_CURVE('',#3904,#3903,#574,.T.);
#4892=EDGE_CURVE('',#3905,#3904,#1957,.T.);
#4893=EDGE_CURVE('',#3905,#3901,#575,.T.);
#4894=EDGE_CURVE('',#3899,#3906,#1958,.T.);
#4895=EDGE_CURVE('',#3887,#3906,#1959,.T.);
#4896=EDGE_CURVE('',#3891,#3900,#1960,.T.);
#4897=EDGE_CURVE('',#3892,#3901,#1961,.T.);
#4898=EDGE_CURVE('',#3893,#3905,#1962,.T.);
#4899=EDGE_CURVE('',#3894,#3904,#1963,.T.);
#4900=EDGE_CURVE('',#3895,#3903,#1964,.T.);
#4901=EDGE_CURVE('',#3896,#3902,#1965,.T.);
#4902=EDGE_CURVE('',#3886,#3887,#1966,.T.);
#4903=EDGE_CURVE('',#3897,#3906,#1967,.T.);
#4904=EDGE_CURVE('',#3907,#3907,#576,.T.);
#4905=EDGE_CURVE('',#3907,#3908,#1968,.T.);
#4906=EDGE_CURVE('',#3908,#3908,#577,.T.);
#4907=EDGE_CURVE('',#3909,#3910,#1969,.T.);
#4908=EDGE_CURVE('',#3909,#3911,#1970,.T.);
#4909=EDGE_CURVE('',#3912,#3911,#1971,.T.);
#4910=EDGE_CURVE('',#3910,#3912,#1972,.T.);
#4911=EDGE_CURVE('',#3910,#3913,#578,.T.);
#4912=EDGE_CURVE('',#3914,#3912,#579,.T.);
#4913=EDGE_CURVE('',#3913,#3914,#1973,.T.);
#4914=EDGE_CURVE('',#3913,#3915,#1974,.T.);
#4915=EDGE_CURVE('',#3916,#3914,#1975,.T.);
#4916=EDGE_CURVE('',#3915,#3916,#1976,.T.);
#4917=EDGE_CURVE('',#3915,#3917,#580,.T.);
#4918=EDGE_CURVE('',#3918,#3916,#581,.T.);
#4919=EDGE_CURVE('',#3917,#3918,#1977,.T.);
#4920=EDGE_CURVE('',#3917,#3919,#1978,.T.);
#4921=EDGE_CURVE('',#3920,#3918,#1979,.T.);
#4922=EDGE_CURVE('',#3919,#3920,#1980,.T.);
#4923=EDGE_CURVE('',#3919,#3921,#582,.T.);
#4924=EDGE_CURVE('',#3922,#3920,#583,.T.);
#4925=EDGE_CURVE('',#3921,#3922,#1981,.T.);
#4926=EDGE_CURVE('',#3921,#3923,#1982,.T.);
#4927=EDGE_CURVE('',#3924,#3922,#1983,.T.);
#4928=EDGE_CURVE('',#3923,#3924,#1984,.T.);
#4929=EDGE_CURVE('',#3923,#3909,#584,.T.);
#4930=EDGE_CURVE('',#3911,#3924,#585,.T.);
#4931=EDGE_CURVE('',#3925,#3926,#1985,.T.);
#4932=EDGE_CURVE('',#3927,#3925,#1986,.T.);
#4933=EDGE_CURVE('',#3928,#3927,#1987,.T.);
#4934=EDGE_CURVE('',#3929,#3928,#1988,.T.);
#4935=EDGE_CURVE('',#3930,#3929,#1989,.T.);
#4936=EDGE_CURVE('',#3931,#3930,#1990,.T.);
#4937=EDGE_CURVE('',#3932,#3931,#1991,.T.);
#4938=EDGE_CURVE('',#3933,#3932,#1992,.T.);
#4939=EDGE_CURVE('',#3934,#3933,#1993,.T.);
#4940=EDGE_CURVE('',#3935,#3934,#1994,.T.);
#4941=EDGE_CURVE('',#3936,#3935,#1995,.T.);
#4942=EDGE_CURVE('',#3937,#3936,#1996,.T.);
#4943=EDGE_CURVE('',#3938,#3937,#1997,.T.);
#4944=EDGE_CURVE('',#3939,#3938,#1998,.T.);
#4945=EDGE_CURVE('',#3940,#3939,#1999,.T.);
#4946=EDGE_CURVE('',#3941,#3940,#2000,.T.);
#4947=EDGE_CURVE('',#3942,#3941,#2001,.T.);
#4948=EDGE_CURVE('',#3943,#3942,#2002,.T.);
#4949=EDGE_CURVE('',#3944,#3943,#2003,.T.);
#4950=EDGE_CURVE('',#3945,#3944,#2004,.T.);
#4951=EDGE_CURVE('',#3946,#3945,#2005,.T.);
#4952=EDGE_CURVE('',#3947,#3946,#2006,.T.);
#4953=EDGE_CURVE('',#3948,#3947,#2007,.T.);
#4954=EDGE_CURVE('',#3949,#3948,#2008,.T.);
#4955=EDGE_CURVE('',#3950,#3949,#2009,.T.);
#4956=EDGE_CURVE('',#3951,#3950,#2010,.T.);
#4957=EDGE_CURVE('',#3952,#3951,#2011,.T.);
#4958=EDGE_CURVE('',#3953,#3952,#2012,.T.);
#4959=EDGE_CURVE('',#3954,#3953,#2013,.T.);
#4960=EDGE_CURVE('',#3955,#3954,#2014,.T.);
#4961=EDGE_CURVE('',#3956,#3955,#2015,.T.);
#4962=EDGE_CURVE('',#3957,#3956,#2016,.T.);
#4963=EDGE_CURVE('',#3958,#3957,#2017,.T.);
#4964=EDGE_CURVE('',#3959,#3958,#2018,.T.);
#4965=EDGE_CURVE('',#3960,#3959,#2019,.T.);
#4966=EDGE_CURVE('',#3961,#3960,#2020,.T.);
#4967=EDGE_CURVE('',#3962,#3961,#2021,.T.);
#4968=EDGE_CURVE('',#3963,#3962,#2022,.T.);
#4969=EDGE_CURVE('',#3964,#3963,#2023,.T.);
#4970=EDGE_CURVE('',#3965,#3964,#2024,.T.);
#4971=EDGE_CURVE('',#3966,#3965,#2025,.T.);
#4972=EDGE_CURVE('',#3967,#3966,#2026,.T.);
#4973=EDGE_CURVE('',#3968,#3967,#2027,.T.);
#4974=EDGE_CURVE('',#3969,#3968,#2028,.T.);
#4975=EDGE_CURVE('',#3970,#3969,#2029,.T.);
#4976=EDGE_CURVE('',#3971,#3970,#2030,.T.);
#4977=EDGE_CURVE('',#3972,#3971,#2031,.T.);
#4978=EDGE_CURVE('',#3973,#3972,#2032,.T.);
#4979=EDGE_CURVE('',#3974,#3973,#2033,.T.);
#4980=EDGE_CURVE('',#3975,#3974,#2034,.T.);
#4981=EDGE_CURVE('',#3976,#3975,#2035,.T.);
#4982=EDGE_CURVE('',#3977,#3976,#2036,.T.);
#4983=EDGE_CURVE('',#3978,#3977,#2037,.T.);
#4984=EDGE_CURVE('',#3979,#3978,#2038,.T.);
#4985=EDGE_CURVE('',#3980,#3979,#2039,.T.);
#4986=EDGE_CURVE('',#3981,#3980,#2040,.T.);
#4987=EDGE_CURVE('',#3982,#3981,#2041,.T.);
#4988=EDGE_CURVE('',#3926,#3982,#2042,.T.);
#4989=EDGE_CURVE('',#3983,#3983,#586,.T.);
#4990=EDGE_CURVE('',#3984,#3984,#587,.T.);
#4991=EDGE_CURVE('',#3985,#3985,#588,.T.);
#4992=EDGE_CURVE('',#3986,#3986,#589,.T.);
#4993=EDGE_CURVE('',#3987,#3925,#2043,.T.);
#4994=EDGE_CURVE('',#3988,#3926,#2044,.T.);
#4995=EDGE_CURVE('',#3987,#3988,#2045,.T.);
#4996=EDGE_CURVE('',#3989,#3927,#2046,.T.);
#4997=EDGE_CURVE('',#3989,#3987,#2047,.T.);
#4998=EDGE_CURVE('',#3990,#3982,#2048,.T.);
#4999=EDGE_CURVE('',#3988,#3990,#2049,.T.);
#5000=EDGE_CURVE('',#3990,#3991,#2050,.T.);
#5001=EDGE_CURVE('',#3991,#3992,#2051,.T.);
#5002=EDGE_CURVE('',#3992,#3993,#2052,.T.);
#5003=EDGE_CURVE('',#3993,#3994,#2053,.T.);
#5004=EDGE_CURVE('',#3994,#3995,#2054,.T.);
#5005=EDGE_CURVE('',#3995,#3996,#2055,.T.);
#5006=EDGE_CURVE('',#3996,#3997,#2056,.T.);
#5007=EDGE_CURVE('',#3997,#3998,#2057,.T.);
#5008=EDGE_CURVE('',#3998,#3999,#2058,.T.);
#5009=EDGE_CURVE('',#3999,#4000,#2059,.T.);
#5010=EDGE_CURVE('',#4000,#4001,#2060,.T.);
#5011=EDGE_CURVE('',#4001,#4002,#2061,.T.);
#5012=EDGE_CURVE('',#4002,#4003,#2062,.T.);
#5013=EDGE_CURVE('',#4003,#4004,#2063,.T.);
#5014=EDGE_CURVE('',#4004,#4005,#2064,.T.);
#5015=EDGE_CURVE('',#4005,#4006,#2065,.T.);
#5016=EDGE_CURVE('',#4006,#4007,#2066,.T.);
#5017=EDGE_CURVE('',#4007,#4008,#2067,.T.);
#5018=EDGE_CURVE('',#4008,#4009,#2068,.T.);
#5019=EDGE_CURVE('',#4009,#4010,#2069,.T.);
#5020=EDGE_CURVE('',#4010,#4011,#2070,.T.);
#5021=EDGE_CURVE('',#4011,#4012,#2071,.T.);
#5022=EDGE_CURVE('',#4012,#4013,#2072,.T.);
#5023=EDGE_CURVE('',#4013,#4014,#2073,.T.);
#5024=EDGE_CURVE('',#4014,#4015,#2074,.T.);
#5025=EDGE_CURVE('',#4015,#4016,#2075,.T.);
#5026=EDGE_CURVE('',#4016,#4017,#2076,.T.);
#5027=EDGE_CURVE('',#4017,#4018,#2077,.T.);
#5028=EDGE_CURVE('',#4018,#4019,#2078,.T.);
#5029=EDGE_CURVE('',#4019,#4020,#2079,.T.);
#5030=EDGE_CURVE('',#4020,#4021,#2080,.T.);
#5031=EDGE_CURVE('',#4021,#4022,#2081,.T.);
#5032=EDGE_CURVE('',#4022,#4023,#2082,.T.);
#5033=EDGE_CURVE('',#4023,#4024,#2083,.T.);
#5034=EDGE_CURVE('',#4024,#4025,#2084,.T.);
#5035=EDGE_CURVE('',#4025,#4026,#2085,.T.);
#5036=EDGE_CURVE('',#4026,#4027,#2086,.T.);
#5037=EDGE_CURVE('',#4027,#4028,#2087,.T.);
#5038=EDGE_CURVE('',#4028,#4029,#2088,.T.);
#5039=EDGE_CURVE('',#4029,#4030,#2089,.T.);
#5040=EDGE_CURVE('',#4030,#4031,#2090,.T.);
#5041=EDGE_CURVE('',#4031,#4032,#2091,.T.);
#5042=EDGE_CURVE('',#4032,#4033,#2092,.T.);
#5043=EDGE_CURVE('',#4033,#4034,#2093,.T.);
#5044=EDGE_CURVE('',#4034,#4035,#2094,.T.);
#5045=EDGE_CURVE('',#4035,#4036,#2095,.T.);
#5046=EDGE_CURVE('',#4036,#4037,#2096,.T.);
#5047=EDGE_CURVE('',#4037,#4038,#2097,.T.);
#5048=EDGE_CURVE('',#4038,#4039,#2098,.T.);
#5049=EDGE_CURVE('',#4039,#4040,#2099,.T.);
#5050=EDGE_CURVE('',#4040,#4041,#2100,.T.);
#5051=EDGE_CURVE('',#4041,#4042,#2101,.T.);
#5052=EDGE_CURVE('',#4042,#4043,#2102,.T.);
#5053=EDGE_CURVE('',#4043,#4044,#2103,.T.);
#5054=EDGE_CURVE('',#4044,#3989,#2104,.T.);
#5055=EDGE_CURVE('',#4045,#4045,#590,.T.);
#5056=EDGE_CURVE('',#4046,#4046,#591,.T.);
#5057=EDGE_CURVE('',#4047,#4047,#592,.T.);
#5058=EDGE_CURVE('',#4048,#4048,#593,.T.);
#5059=EDGE_CURVE('',#4044,#3928,#2105,.T.);
#5060=EDGE_CURVE('',#3991,#3981,#2106,.T.);
#5061=EDGE_CURVE('',#4043,#3929,#2107,.T.);
#5062=EDGE_CURVE('',#3992,#3980,#2108,.T.);
#5063=EDGE_CURVE('',#4042,#3930,#2109,.T.);
#5064=EDGE_CURVE('',#3993,#3979,#2110,.T.);
#5065=EDGE_CURVE('',#4041,#3931,#2111,.T.);
#5066=EDGE_CURVE('',#3994,#3978,#2112,.T.);
#5067=EDGE_CURVE('',#4040,#3932,#2113,.T.);
#5068=EDGE_CURVE('',#3995,#3977,#2114,.T.);
#5069=EDGE_CURVE('',#4039,#3933,#2115,.T.);
#5070=EDGE_CURVE('',#3996,#3976,#2116,.T.);
#5071=EDGE_CURVE('',#4038,#3934,#2117,.T.);
#5072=EDGE_CURVE('',#3997,#3975,#2118,.T.);
#5073=EDGE_CURVE('',#4037,#3935,#2119,.T.);
#5074=EDGE_CURVE('',#3998,#3974,#2120,.T.);
#5075=EDGE_CURVE('',#4036,#3936,#2121,.T.);
#5076=EDGE_CURVE('',#3999,#3973,#2122,.T.);
#5077=EDGE_CURVE('',#4035,#3937,#2123,.T.);
#5078=EDGE_CURVE('',#4000,#3972,#2124,.T.);
#5079=EDGE_CURVE('',#4034,#3938,#2125,.T.);
#5080=EDGE_CURVE('',#4001,#3971,#2126,.T.);
#5081=EDGE_CURVE('',#4033,#3939,#2127,.T.);
#5082=EDGE_CURVE('',#4002,#3970,#2128,.T.);
#5083=EDGE_CURVE('',#4032,#3940,#2129,.T.);
#5084=EDGE_CURVE('',#4003,#3969,#2130,.T.);
#5085=EDGE_CURVE('',#4031,#3941,#2131,.T.);
#5086=EDGE_CURVE('',#4004,#3968,#2132,.T.);
#5087=EDGE_CURVE('',#4030,#3942,#2133,.T.);
#5088=EDGE_CURVE('',#4005,#3967,#2134,.T.);
#5089=EDGE_CURVE('',#4029,#3943,#2135,.T.);
#5090=EDGE_CURVE('',#4006,#3966,#2136,.T.);
#5091=EDGE_CURVE('',#4028,#3944,#2137,.T.);
#5092=EDGE_CURVE('',#4007,#3965,#2138,.T.);
#5093=EDGE_CURVE('',#4027,#3945,#2139,.T.);
#5094=EDGE_CURVE('',#4008,#3964,#2140,.T.);
#5095=EDGE_CURVE('',#4026,#3946,#2141,.T.);
#5096=EDGE_CURVE('',#4009,#3963,#2142,.T.);
#5097=EDGE_CURVE('',#4025,#3947,#2143,.T.);
#5098=EDGE_CURVE('',#4010,#3962,#2144,.T.);
#5099=EDGE_CURVE('',#4024,#3948,#2145,.T.);
#5100=EDGE_CURVE('',#4011,#3961,#2146,.T.);
#5101=EDGE_CURVE('',#4023,#3949,#2147,.T.);
#5102=EDGE_CURVE('',#4012,#3960,#2148,.T.);
#5103=EDGE_CURVE('',#4022,#3950,#2149,.T.);
#5104=EDGE_CURVE('',#4013,#3959,#2150,.T.);
#5105=EDGE_CURVE('',#4021,#3951,#2151,.T.);
#5106=EDGE_CURVE('',#4014,#3958,#2152,.T.);
#5107=EDGE_CURVE('',#4020,#3952,#2153,.T.);
#5108=EDGE_CURVE('',#4015,#3957,#2154,.T.);
#5109=EDGE_CURVE('',#4019,#3953,#2155,.T.);
#5110=EDGE_CURVE('',#4016,#3956,#2156,.T.);
#5111=EDGE_CURVE('',#4018,#3954,#2157,.T.);
#5112=EDGE_CURVE('',#4017,#3955,#2158,.T.);
#5113=EDGE_CURVE('',#4045,#3986,#2159,.T.);
#5114=EDGE_CURVE('',#4046,#3985,#2160,.T.);
#5115=EDGE_CURVE('',#4047,#3984,#2161,.T.);
#5116=EDGE_CURVE('',#4048,#3983,#2162,.T.);
#5117=EDGE_CURVE('',#4049,#4050,#594,.T.);
#5118=EDGE_CURVE('',#4050,#4051,#2163,.T.);
#5119=EDGE_CURVE('',#4051,#4052,#595,.T.);
#5120=EDGE_CURVE('',#4052,#4049,#2164,.T.);
#5121=EDGE_CURVE('',#4053,#4054,#596,.T.);
#5122=EDGE_CURVE('',#4054,#4052,#597,.T.);
#5123=EDGE_CURVE('',#4051,#4053,#598,.T.);
#5124=EDGE_CURVE('',#4055,#4056,#599,.T.);
#5125=EDGE_CURVE('',#4056,#4054,#2165,.T.);
#5126=EDGE_CURVE('',#4053,#4055,#2166,.T.);
#5127=EDGE_CURVE('',#4057,#4058,#600,.T.);
#5128=EDGE_CURVE('',#4058,#4056,#601,.T.);
#5129=EDGE_CURVE('',#4055,#4057,#602,.T.);
#5130=EDGE_CURVE('',#4059,#4060,#603,.T.);
#5131=EDGE_CURVE('',#4060,#4058,#2167,.T.);
#5132=EDGE_CURVE('',#4057,#4059,#2168,.T.);
#5133=EDGE_CURVE('',#4061,#4062,#604,.T.);
#5134=EDGE_CURVE('',#4062,#4060,#605,.T.);
#5135=EDGE_CURVE('',#4059,#4061,#606,.T.);
#5136=EDGE_CURVE('',#4063,#4064,#607,.T.);
#5137=EDGE_CURVE('',#4064,#4062,#2169,.T.);
#5138=EDGE_CURVE('',#4061,#4063,#2170,.T.);
#5139=EDGE_CURVE('',#4049,#4064,#608,.T.);
#5140=EDGE_CURVE('',#4063,#4050,#609,.T.);
#5141=EDGE_CURVE('',#4055,#4065,#2171,.T.);
#5142=EDGE_CURVE('',#4066,#4065,#610,.T.);
#5143=EDGE_CURVE('',#4066,#4057,#2172,.T.);
#5144=EDGE_CURVE('',#4053,#4067,#2173,.T.);
#5145=EDGE_CURVE('',#4065,#4067,#2174,.T.);
#5146=EDGE_CURVE('',#4051,#4068,#2175,.T.);
#5147=EDGE_CURVE('',#4067,#4068,#611,.T.);
#5148=EDGE_CURVE('',#4050,#4069,#2176,.T.);
#5149=EDGE_CURVE('',#4068,#4069,#2177,.T.);
#5150=EDGE_CURVE('',#4070,#4070,#612,.T.);
#5151=EDGE_CURVE('',#4071,#4071,#613,.T.);
#5152=EDGE_CURVE('',#4072,#4072,#614,.T.);
#5153=EDGE_CURVE('',#4073,#4073,#615,.T.);
#5154=EDGE_CURVE('',#4074,#4075,#2178,.T.);
#5155=EDGE_CURVE('',#4076,#4074,#2179,.T.);
#5156=EDGE_CURVE('',#4077,#4076,#2180,.T.);
#5157=EDGE_CURVE('',#4078,#4077,#2181,.T.);
#5158=EDGE_CURVE('',#4079,#4078,#2182,.T.);
#5159=EDGE_CURVE('',#4080,#4079,#2183,.T.);
#5160=EDGE_CURVE('',#4081,#4080,#2184,.T.);
#5161=EDGE_CURVE('',#4082,#4081,#2185,.T.);
#5162=EDGE_CURVE('',#4083,#4082,#2186,.T.);
#5163=EDGE_CURVE('',#4084,#4083,#2187,.T.);
#5164=EDGE_CURVE('',#4085,#4084,#2188,.T.);
#5165=EDGE_CURVE('',#4086,#4085,#2189,.T.);
#5166=EDGE_CURVE('',#4087,#4086,#2190,.T.);
#5167=EDGE_CURVE('',#4088,#4087,#2191,.T.);
#5168=EDGE_CURVE('',#4089,#4088,#2192,.T.);
#5169=EDGE_CURVE('',#4090,#4089,#2193,.T.);
#5170=EDGE_CURVE('',#4091,#4090,#2194,.T.);
#5171=EDGE_CURVE('',#4092,#4091,#2195,.T.);
#5172=EDGE_CURVE('',#4093,#4092,#2196,.T.);
#5173=EDGE_CURVE('',#4094,#4093,#2197,.T.);
#5174=EDGE_CURVE('',#4095,#4094,#2198,.T.);
#5175=EDGE_CURVE('',#4096,#4095,#2199,.T.);
#5176=EDGE_CURVE('',#4097,#4096,#2200,.T.);
#5177=EDGE_CURVE('',#4098,#4097,#2201,.T.);
#5178=EDGE_CURVE('',#4099,#4098,#2202,.T.);
#5179=EDGE_CURVE('',#4100,#4099,#2203,.T.);
#5180=EDGE_CURVE('',#4101,#4100,#2204,.T.);
#5181=EDGE_CURVE('',#4102,#4101,#2205,.T.);
#5182=EDGE_CURVE('',#4075,#4102,#2206,.T.);
#5183=EDGE_CURVE('',#4103,#4104,#2207,.T.);
#5184=EDGE_CURVE('',#4105,#4103,#2208,.T.);
#5185=EDGE_CURVE('',#4106,#4105,#2209,.T.);
#5186=EDGE_CURVE('',#4107,#4106,#2210,.T.);
#5187=EDGE_CURVE('',#4108,#4107,#2211,.T.);
#5188=EDGE_CURVE('',#4109,#4108,#2212,.T.);
#5189=EDGE_CURVE('',#4110,#4109,#2213,.T.);
#5190=EDGE_CURVE('',#4111,#4110,#2214,.T.);
#5191=EDGE_CURVE('',#4112,#4111,#2215,.T.);
#5192=EDGE_CURVE('',#4113,#4112,#2216,.T.);
#5193=EDGE_CURVE('',#4114,#4113,#2217,.T.);
#5194=EDGE_CURVE('',#4115,#4114,#2218,.T.);
#5195=EDGE_CURVE('',#4116,#4115,#2219,.T.);
#5196=EDGE_CURVE('',#4117,#4116,#2220,.T.);
#5197=EDGE_CURVE('',#4118,#4117,#2221,.T.);
#5198=EDGE_CURVE('',#4119,#4118,#2222,.T.);
#5199=EDGE_CURVE('',#4120,#4119,#2223,.T.);
#5200=EDGE_CURVE('',#4121,#4120,#2224,.T.);
#5201=EDGE_CURVE('',#4122,#4121,#2225,.T.);
#5202=EDGE_CURVE('',#4123,#4122,#2226,.T.);
#5203=EDGE_CURVE('',#4124,#4123,#2227,.T.);
#5204=EDGE_CURVE('',#4125,#4124,#2228,.T.);
#5205=EDGE_CURVE('',#4126,#4125,#2229,.T.);
#5206=EDGE_CURVE('',#4127,#4126,#2230,.T.);
#5207=EDGE_CURVE('',#4128,#4127,#2231,.T.);
#5208=EDGE_CURVE('',#4129,#4128,#2232,.T.);
#5209=EDGE_CURVE('',#4130,#4129,#2233,.T.);
#5210=EDGE_CURVE('',#4131,#4130,#2234,.T.);
#5211=EDGE_CURVE('',#4132,#4131,#2235,.T.);
#5212=EDGE_CURVE('',#4133,#4132,#2236,.T.);
#5213=EDGE_CURVE('',#4134,#4133,#2237,.T.);
#5214=EDGE_CURVE('',#4135,#4134,#2238,.T.);
#5215=EDGE_CURVE('',#4136,#4135,#2239,.T.);
#5216=EDGE_CURVE('',#4137,#4136,#2240,.T.);
#5217=EDGE_CURVE('',#4138,#4137,#2241,.T.);
#5218=EDGE_CURVE('',#4139,#4138,#2242,.T.);
#5219=EDGE_CURVE('',#4140,#4139,#2243,.T.);
#5220=EDGE_CURVE('',#4141,#4140,#2244,.T.);
#5221=EDGE_CURVE('',#4142,#4141,#2245,.T.);
#5222=EDGE_CURVE('',#4143,#4142,#2246,.T.);
#5223=EDGE_CURVE('',#4144,#4143,#2247,.T.);
#5224=EDGE_CURVE('',#4104,#4144,#2248,.T.);
#5225=EDGE_CURVE('',#4145,#4145,#616,.T.);
#5226=EDGE_CURVE('',#4146,#4146,#617,.T.);
#5227=EDGE_CURVE('',#4147,#4147,#618,.T.);
#5228=EDGE_CURVE('',#4148,#4148,#619,.T.);
#5229=EDGE_CURVE('',#4149,#4149,#620,.T.);
#5230=EDGE_CURVE('',#4150,#4150,#621,.T.);
#5231=EDGE_CURVE('',#4151,#4151,#622,.T.);
#5232=EDGE_CURVE('',#4152,#4152,#623,.T.);
#5233=EDGE_CURVE('',#4148,#4070,#2249,.T.);
#5234=EDGE_CURVE('',#4147,#4073,#2250,.T.);
#5235=EDGE_CURVE('',#4146,#4072,#2251,.T.);
#5236=EDGE_CURVE('',#4145,#4071,#2252,.T.);
#5237=EDGE_CURVE('',#4124,#4153,#2253,.T.);
#5238=EDGE_CURVE('',#4154,#4153,#2254,.T.);
#5239=EDGE_CURVE('',#4125,#4154,#2255,.T.);
#5240=EDGE_CURVE('',#4123,#4155,#2256,.T.);
#5241=EDGE_CURVE('',#4153,#4155,#2257,.T.);
#5242=EDGE_CURVE('',#4122,#4156,#2258,.T.);
#5243=EDGE_CURVE('',#4155,#4156,#2259,.T.);
#5244=EDGE_CURVE('',#4121,#4157,#2260,.T.);
#5245=EDGE_CURVE('',#4156,#4157,#2261,.T.);
#5246=EDGE_CURVE('',#4120,#4158,#2262,.T.);
#5247=EDGE_CURVE('',#4157,#4158,#2263,.T.);
#5248=EDGE_CURVE('',#4119,#4159,#2264,.T.);
#5249=EDGE_CURVE('',#4158,#4159,#2265,.T.);
#5250=EDGE_CURVE('',#4118,#4160,#2266,.T.);
#5251=EDGE_CURVE('',#4159,#4160,#2267,.T.);
#5252=EDGE_CURVE('',#4117,#4161,#2268,.T.);
#5253=EDGE_CURVE('',#4160,#4161,#2269,.T.);
#5254=EDGE_CURVE('',#4116,#4162,#2270,.T.);
#5255=EDGE_CURVE('',#4161,#4162,#2271,.T.);
#5256=EDGE_CURVE('',#4115,#4163,#2272,.T.);
#5257=EDGE_CURVE('',#4162,#4163,#2273,.T.);
#5258=EDGE_CURVE('',#4114,#4164,#2274,.T.);
#5259=EDGE_CURVE('',#4163,#4164,#2275,.T.);
#5260=EDGE_CURVE('',#4113,#4165,#2276,.T.);
#5261=EDGE_CURVE('',#4164,#4165,#2277,.T.);
#5262=EDGE_CURVE('',#4112,#4166,#2278,.T.);
#5263=EDGE_CURVE('',#4165,#4166,#2279,.T.);
#5264=EDGE_CURVE('',#4111,#4167,#2280,.T.);
#5265=EDGE_CURVE('',#4166,#4167,#2281,.T.);
#5266=EDGE_CURVE('',#4110,#4168,#2282,.T.);
#5267=EDGE_CURVE('',#4167,#4168,#2283,.T.);
#5268=EDGE_CURVE('',#4109,#4169,#2284,.T.);
#5269=EDGE_CURVE('',#4168,#4169,#2285,.T.);
#5270=EDGE_CURVE('',#4108,#4170,#2286,.T.);
#5271=EDGE_CURVE('',#4169,#4170,#2287,.T.);
#5272=EDGE_CURVE('',#4107,#4171,#2288,.T.);
#5273=EDGE_CURVE('',#4170,#4171,#2289,.T.);
#5274=EDGE_CURVE('',#4106,#4172,#2290,.T.);
#5275=EDGE_CURVE('',#4171,#4172,#2291,.T.);
#5276=EDGE_CURVE('',#4105,#4173,#2292,.T.);
#5277=EDGE_CURVE('',#4172,#4173,#2293,.T.);
#5278=EDGE_CURVE('',#4103,#4174,#2294,.T.);
#5279=EDGE_CURVE('',#4173,#4174,#2295,.T.);
#5280=EDGE_CURVE('',#4104,#4175,#2296,.T.);
#5281=EDGE_CURVE('',#4174,#4175,#2297,.T.);
#5282=EDGE_CURVE('',#4176,#4154,#2298,.T.);
#5283=EDGE_CURVE('',#4126,#4176,#2299,.T.);
#5284=EDGE_CURVE('',#4177,#4176,#2300,.T.);
#5285=EDGE_CURVE('',#4127,#4177,#2301,.T.);
#5286=EDGE_CURVE('',#4178,#4177,#2302,.T.);
#5287=EDGE_CURVE('',#4128,#4178,#2303,.T.);
#5288=EDGE_CURVE('',#4179,#4178,#2304,.T.);
#5289=EDGE_CURVE('',#4129,#4179,#2305,.T.);
#5290=EDGE_CURVE('',#4180,#4179,#2306,.T.);
#5291=EDGE_CURVE('',#4130,#4180,#2307,.T.);
#5292=EDGE_CURVE('',#4181,#4180,#2308,.T.);
#5293=EDGE_CURVE('',#4131,#4181,#2309,.T.);
#5294=EDGE_CURVE('',#4182,#4181,#2310,.T.);
#5295=EDGE_CURVE('',#4132,#4182,#2311,.T.);
#5296=EDGE_CURVE('',#4183,#4182,#2312,.T.);
#5297=EDGE_CURVE('',#4133,#4183,#2313,.T.);
#5298=EDGE_CURVE('',#4184,#4183,#2314,.T.);
#5299=EDGE_CURVE('',#4134,#4184,#2315,.T.);
#5300=EDGE_CURVE('',#4185,#4184,#2316,.T.);
#5301=EDGE_CURVE('',#4135,#4185,#2317,.T.);
#5302=EDGE_CURVE('',#4186,#4185,#2318,.T.);
#5303=EDGE_CURVE('',#4136,#4186,#2319,.T.);
#5304=EDGE_CURVE('',#4187,#4186,#2320,.T.);
#5305=EDGE_CURVE('',#4137,#4187,#2321,.T.);
#5306=EDGE_CURVE('',#4188,#4187,#2322,.T.);
#5307=EDGE_CURVE('',#4138,#4188,#2323,.T.);
#5308=EDGE_CURVE('',#4189,#4188,#2324,.T.);
#5309=EDGE_CURVE('',#4139,#4189,#2325,.T.);
#5310=EDGE_CURVE('',#4190,#4189,#2326,.T.);
#5311=EDGE_CURVE('',#4140,#4190,#2327,.T.);
#5312=EDGE_CURVE('',#4191,#4190,#2328,.T.);
#5313=EDGE_CURVE('',#4141,#4191,#2329,.T.);
#5314=EDGE_CURVE('',#4192,#4191,#2330,.T.);
#5315=EDGE_CURVE('',#4142,#4192,#2331,.T.);
#5316=EDGE_CURVE('',#4193,#4192,#2332,.T.);
#5317=EDGE_CURVE('',#4143,#4193,#2333,.T.);
#5318=EDGE_CURVE('',#4194,#4193,#2334,.T.);
#5319=EDGE_CURVE('',#4144,#4194,#2335,.T.);
#5320=EDGE_CURVE('',#4175,#4194,#2336,.T.);
#5321=EDGE_CURVE('',#4061,#4195,#2337,.T.);
#5322=EDGE_CURVE('',#4196,#4195,#2338,.T.);
#5323=EDGE_CURVE('',#4063,#4196,#2339,.T.);
#5324=EDGE_CURVE('',#4059,#4197,#2340,.T.);
#5325=EDGE_CURVE('',#4195,#4197,#624,.T.);
#5326=EDGE_CURVE('',#4197,#4066,#2341,.T.);
#5327=EDGE_CURVE('',#4088,#4198,#2342,.T.);
#5328=EDGE_CURVE('',#4199,#4198,#2343,.T.);
#5329=EDGE_CURVE('',#4089,#4199,#2344,.T.);
#5330=EDGE_CURVE('',#4087,#4200,#2345,.T.);
#5331=EDGE_CURVE('',#4198,#4200,#2346,.T.);
#5332=EDGE_CURVE('',#4086,#4201,#2347,.T.);
#5333=EDGE_CURVE('',#4200,#4201,#2348,.T.);
#5334=EDGE_CURVE('',#4085,#4202,#2349,.T.);
#5335=EDGE_CURVE('',#4201,#4202,#2350,.T.);
#5336=EDGE_CURVE('',#4084,#4203,#2351,.T.);
#5337=EDGE_CURVE('',#4202,#4203,#2352,.T.);
#5338=EDGE_CURVE('',#4083,#4204,#2353,.T.);
#5339=EDGE_CURVE('',#4203,#4204,#2354,.T.);
#5340=EDGE_CURVE('',#4082,#4205,#2355,.T.);
#5341=EDGE_CURVE('',#4204,#4205,#2356,.T.);
#5342=EDGE_CURVE('',#4081,#4206,#2357,.T.);
#5343=EDGE_CURVE('',#4205,#4206,#2358,.T.);
#5344=EDGE_CURVE('',#4080,#4207,#2359,.T.);
#5345=EDGE_CURVE('',#4206,#4207,#2360,.T.);
#5346=EDGE_CURVE('',#4079,#4208,#2361,.T.);
#5347=EDGE_CURVE('',#4207,#4208,#2362,.T.);
#5348=EDGE_CURVE('',#4078,#4209,#2363,.T.);
#5349=EDGE_CURVE('',#4208,#4209,#2364,.T.);
#5350=EDGE_CURVE('',#4077,#4210,#2365,.T.);
#5351=EDGE_CURVE('',#4209,#4210,#2366,.T.);
#5352=EDGE_CURVE('',#4076,#4211,#2367,.T.);
#5353=EDGE_CURVE('',#4210,#4211,#2368,.T.);
#5354=EDGE_CURVE('',#4074,#4212,#2369,.T.);
#5355=EDGE_CURVE('',#4211,#4212,#2370,.T.);
#5356=EDGE_CURVE('',#4213,#4213,#625,.T.);
#5357=EDGE_CURVE('',#4213,#4152,#2371,.T.);
#5358=EDGE_CURVE('',#4075,#4214,#2372,.T.);
#5359=EDGE_CURVE('',#4212,#4214,#2373,.T.);
#5360=EDGE_CURVE('',#4215,#4199,#2374,.T.);
#5361=EDGE_CURVE('',#4090,#4215,#2375,.T.);
#5362=EDGE_CURVE('',#4216,#4215,#2376,.T.);
#5363=EDGE_CURVE('',#4091,#4216,#2377,.T.);
#5364=EDGE_CURVE('',#4217,#4216,#2378,.T.);
#5365=EDGE_CURVE('',#4092,#4217,#2379,.T.);
#5366=EDGE_CURVE('',#4218,#4217,#2380,.T.);
#5367=EDGE_CURVE('',#4093,#4218,#2381,.T.);
#5368=EDGE_CURVE('',#4219,#4218,#2382,.T.);
#5369=EDGE_CURVE('',#4094,#4219,#2383,.T.);
#5370=EDGE_CURVE('',#4220,#4219,#2384,.T.);
#5371=EDGE_CURVE('',#4095,#4220,#2385,.T.);
#5372=EDGE_CURVE('',#4221,#4220,#2386,.T.);
#5373=EDGE_CURVE('',#4096,#4221,#2387,.T.);
#5374=EDGE_CURVE('',#4222,#4221,#2388,.T.);
#5375=EDGE_CURVE('',#4097,#4222,#2389,.T.);
#5376=EDGE_CURVE('',#4223,#4222,#2390,.T.);
#5377=EDGE_CURVE('',#4098,#4223,#2391,.T.);
#5378=EDGE_CURVE('',#4224,#4223,#2392,.T.);
#5379=EDGE_CURVE('',#4099,#4224,#2393,.T.);
#5380=EDGE_CURVE('',#4225,#4224,#2394,.T.);
#5381=EDGE_CURVE('',#4100,#4225,#2395,.T.);
#5382=EDGE_CURVE('',#4226,#4225,#2396,.T.);
#5383=EDGE_CURVE('',#4101,#4226,#2397,.T.);
#5384=EDGE_CURVE('',#4227,#4226,#2398,.T.);
#5385=EDGE_CURVE('',#4102,#4227,#2399,.T.);
#5386=EDGE_CURVE('',#4214,#4227,#2400,.T.);
#5387=EDGE_CURVE('',#4228,#4228,#626,.T.);
#5388=EDGE_CURVE('',#4228,#4151,#2401,.T.);
#5389=EDGE_CURVE('',#4229,#4229,#627,.T.);
#5390=EDGE_CURVE('',#4229,#4150,#2402,.T.);
#5391=EDGE_CURVE('',#4230,#4230,#628,.T.);
#5392=EDGE_CURVE('',#4230,#4149,#2403,.T.);
#5393=EDGE_CURVE('',#4069,#4196,#629,.T.);
#5394=EDGE_CURVE('',#4231,#4232,#11,.T.);
#5395=EDGE_CURVE('',#4231,#4233,#2404,.T.);
#5396=EDGE_CURVE('',#4233,#4234,#12,.T.);
#5397=EDGE_CURVE('',#4232,#4234,#2405,.T.);
#5398=EDGE_CURVE('',#4235,#4231,#13,.T.);
#5399=EDGE_CURVE('',#4235,#4236,#2406,.T.);
#5400=EDGE_CURVE('',#4236,#4233,#14,.T.);
#5401=EDGE_CURVE('',#4237,#4235,#2407,.T.);
#5402=EDGE_CURVE('',#4237,#4238,#2408,.T.);
#5403=EDGE_CURVE('',#4238,#4236,#2409,.T.);
#5404=EDGE_CURVE('',#4239,#4237,#2410,.T.);
#5405=EDGE_CURVE('',#4239,#4240,#2411,.T.);
#5406=EDGE_CURVE('',#4240,#4238,#2412,.T.);
#5407=EDGE_CURVE('',#4241,#4239,#2413,.T.);
#5408=EDGE_CURVE('',#4241,#4242,#2414,.T.);
#5409=EDGE_CURVE('',#4242,#4240,#2415,.T.);
#5410=EDGE_CURVE('',#4243,#4241,#15,.T.);
#5411=EDGE_CURVE('',#4243,#4244,#2416,.T.);
#5412=EDGE_CURVE('',#4244,#4242,#16,.T.);
#5413=EDGE_CURVE('',#4245,#4243,#17,.T.);
#5414=EDGE_CURVE('',#4245,#4246,#2417,.T.);
#5415=EDGE_CURVE('',#4246,#4244,#18,.T.);
#5416=EDGE_CURVE('',#4247,#4245,#19,.T.);
#5417=EDGE_CURVE('',#4247,#4248,#2418,.T.);
#5418=EDGE_CURVE('',#4248,#4246,#20,.T.);
#5419=EDGE_CURVE('',#4249,#4247,#21,.T.);
#5420=EDGE_CURVE('',#4249,#4250,#2419,.T.);
#5421=EDGE_CURVE('',#4250,#4248,#22,.T.);
#5422=EDGE_CURVE('',#4251,#4249,#23,.T.);
#5423=EDGE_CURVE('',#4251,#4252,#2420,.T.);
#5424=EDGE_CURVE('',#4252,#4250,#24,.T.);
#5425=EDGE_CURVE('',#4253,#4251,#25,.T.);
#5426=EDGE_CURVE('',#4253,#4254,#2421,.T.);
#5427=EDGE_CURVE('',#4254,#4252,#26,.T.);
#5428=EDGE_CURVE('',#4255,#4253,#27,.T.);
#5429=EDGE_CURVE('',#4255,#4256,#2422,.T.);
#5430=EDGE_CURVE('',#4256,#4254,#28,.T.);
#5431=EDGE_CURVE('',#4257,#4255,#29,.T.);
#5432=EDGE_CURVE('',#4257,#4258,#2423,.T.);
#5433=EDGE_CURVE('',#4258,#4256,#30,.T.);
#5434=EDGE_CURVE('',#4259,#4257,#2424,.T.);
#5435=EDGE_CURVE('',#4259,#4260,#2425,.T.);
#5436=EDGE_CURVE('',#4260,#4258,#2426,.T.);
#5437=EDGE_CURVE('',#4261,#4259,#2427,.T.);
#5438=EDGE_CURVE('',#4261,#4262,#2428,.T.);
#5439=EDGE_CURVE('',#4262,#4260,#2429,.T.);
#5440=EDGE_CURVE('',#4263,#4261,#2430,.T.);
#5441=EDGE_CURVE('',#4263,#4264,#2431,.T.);
#5442=EDGE_CURVE('',#4264,#4262,#2432,.T.);
#5443=EDGE_CURVE('',#4265,#4263,#31,.T.);
#5444=EDGE_CURVE('',#4265,#4266,#2433,.T.);
#5445=EDGE_CURVE('',#4266,#4264,#32,.T.);
#5446=EDGE_CURVE('',#4267,#4265,#33,.T.);
#5447=EDGE_CURVE('',#4267,#4268,#2434,.T.);
#5448=EDGE_CURVE('',#4268,#4266,#34,.T.);
#5449=EDGE_CURVE('',#4269,#4267,#35,.T.);
#5450=EDGE_CURVE('',#4269,#4270,#2435,.T.);
#5451=EDGE_CURVE('',#4270,#4268,#36,.T.);
#5452=EDGE_CURVE('',#4271,#4269,#37,.T.);
#5453=EDGE_CURVE('',#4271,#4272,#2436,.T.);
#5454=EDGE_CURVE('',#4272,#4270,#38,.T.);
#5455=EDGE_CURVE('',#4273,#4271,#39,.T.);
#5456=EDGE_CURVE('',#4273,#4274,#2437,.T.);
#5457=EDGE_CURVE('',#4274,#4272,#40,.T.);
#5458=EDGE_CURVE('',#4275,#4273,#41,.T.);
#5459=EDGE_CURVE('',#4275,#4276,#2438,.T.);
#5460=EDGE_CURVE('',#4276,#4274,#42,.T.);
#5461=EDGE_CURVE('',#4277,#4275,#2439,.T.);
#5462=EDGE_CURVE('',#4277,#4278,#2440,.T.);
#5463=EDGE_CURVE('',#4278,#4276,#2441,.T.);
#5464=EDGE_CURVE('',#4279,#4277,#2442,.T.);
#5465=EDGE_CURVE('',#4279,#4280,#2443,.T.);
#5466=EDGE_CURVE('',#4280,#4278,#43,.T.);
#5467=EDGE_CURVE('',#4281,#4279,#44,.T.);
#5468=EDGE_CURVE('',#4281,#4282,#2444,.T.);
#5469=EDGE_CURVE('',#4282,#4280,#45,.T.);
#5470=EDGE_CURVE('',#4232,#4281,#2445,.T.);
#5471=EDGE_CURVE('',#4234,#4282,#2446,.T.);
#5472=EDGE_CURVE('',#4283,#4284,#2447,.T.);
#5473=EDGE_CURVE('',#4283,#4285,#2448,.T.);
#5474=EDGE_CURVE('',#4285,#4286,#2449,.T.);
#5475=EDGE_CURVE('',#4284,#4286,#2450,.T.);
#5476=EDGE_CURVE('',#4287,#4283,#2451,.T.);
#5477=EDGE_CURVE('',#4287,#4288,#2452,.T.);
#5478=EDGE_CURVE('',#4288,#4285,#2453,.T.);
#5479=EDGE_CURVE('',#4289,#4287,#2454,.T.);
#5480=EDGE_CURVE('',#4289,#4290,#2455,.T.);
#5481=EDGE_CURVE('',#4290,#4288,#2456,.T.);
#5482=EDGE_CURVE('',#4291,#4289,#2457,.T.);
#5483=EDGE_CURVE('',#4291,#4292,#2458,.T.);
#5484=EDGE_CURVE('',#4292,#4290,#2459,.T.);
#5485=EDGE_CURVE('',#4293,#4291,#2460,.T.);
#5486=EDGE_CURVE('',#4293,#4294,#2461,.T.);
#5487=EDGE_CURVE('',#4294,#4292,#2462,.T.);
#5488=EDGE_CURVE('',#4295,#4293,#2463,.T.);
#5489=EDGE_CURVE('',#4295,#4296,#2464,.T.);
#5490=EDGE_CURVE('',#4296,#4294,#2465,.T.);
#5491=EDGE_CURVE('',#4297,#4295,#2466,.T.);
#5492=EDGE_CURVE('',#4297,#4298,#2467,.T.);
#5493=EDGE_CURVE('',#4298,#4296,#2468,.T.);
#5494=EDGE_CURVE('',#4299,#4297,#2469,.T.);
#5495=EDGE_CURVE('',#4299,#4300,#2470,.T.);
#5496=EDGE_CURVE('',#4300,#4298,#2471,.T.);
#5497=EDGE_CURVE('',#4301,#4299,#2472,.T.);
#5498=EDGE_CURVE('',#4301,#4302,#2473,.T.);
#5499=EDGE_CURVE('',#4302,#4300,#2474,.T.);
#5500=EDGE_CURVE('',#4303,#4301,#2475,.T.);
#5501=EDGE_CURVE('',#4303,#4304,#2476,.T.);
#5502=EDGE_CURVE('',#4304,#4302,#2477,.T.);
#5503=EDGE_CURVE('',#4305,#4303,#2478,.T.);
#5504=EDGE_CURVE('',#4305,#4306,#2479,.T.);
#5505=EDGE_CURVE('',#4306,#4304,#2480,.T.);
#5506=EDGE_CURVE('',#4284,#4305,#2481,.T.);
#5507=EDGE_CURVE('',#4286,#4306,#2482,.T.);
#5508=EDGE_CURVE('',#4307,#4308,#46,.T.);
#5509=EDGE_CURVE('',#4307,#4309,#2483,.T.);
#5510=EDGE_CURVE('',#4309,#4310,#47,.T.);
#5511=EDGE_CURVE('',#4308,#4310,#2484,.T.);
#5512=EDGE_CURVE('',#4311,#4307,#48,.T.);
#5513=EDGE_CURVE('',#4311,#4312,#2485,.T.);
#5514=EDGE_CURVE('',#4312,#4309,#49,.T.);
#5515=EDGE_CURVE('',#4313,#4311,#2486,.T.);
#5516=EDGE_CURVE('',#4313,#4314,#2487,.T.);
#5517=EDGE_CURVE('',#4314,#4312,#2488,.T.);
#5518=EDGE_CURVE('',#4315,#4313,#2489,.T.);
#5519=EDGE_CURVE('',#4315,#4316,#2490,.T.);
#5520=EDGE_CURVE('',#4316,#4314,#2491,.T.);
#5521=EDGE_CURVE('',#4317,#4315,#2492,.T.);
#5522=EDGE_CURVE('',#4317,#4318,#2493,.T.);
#5523=EDGE_CURVE('',#4318,#4316,#2494,.T.);
#5524=EDGE_CURVE('',#4319,#4317,#50,.T.);
#5525=EDGE_CURVE('',#4319,#4320,#2495,.T.);
#5526=EDGE_CURVE('',#4320,#4318,#51,.T.);
#5527=EDGE_CURVE('',#4321,#4319,#52,.T.);
#5528=EDGE_CURVE('',#4321,#4322,#2496,.T.);
#5529=EDGE_CURVE('',#4322,#4320,#53,.T.);
#5530=EDGE_CURVE('',#4323,#4321,#54,.T.);
#5531=EDGE_CURVE('',#4323,#4324,#2497,.T.);
#5532=EDGE_CURVE('',#4324,#4322,#55,.T.);
#5533=EDGE_CURVE('',#4325,#4323,#56,.T.);
#5534=EDGE_CURVE('',#4325,#4326,#2498,.T.);
#5535=EDGE_CURVE('',#4326,#4324,#57,.T.);
#5536=EDGE_CURVE('',#4327,#4325,#58,.T.);
#5537=EDGE_CURVE('',#4327,#4328,#2499,.T.);
#5538=EDGE_CURVE('',#4328,#4326,#59,.T.);
#5539=EDGE_CURVE('',#4329,#4327,#60,.T.);
#5540=EDGE_CURVE('',#4329,#4330,#2500,.T.);
#5541=EDGE_CURVE('',#4330,#4328,#61,.T.);
#5542=EDGE_CURVE('',#4331,#4329,#62,.T.);
#5543=EDGE_CURVE('',#4331,#4332,#2501,.T.);
#5544=EDGE_CURVE('',#4332,#4330,#63,.T.);
#5545=EDGE_CURVE('',#4333,#4331,#64,.T.);
#5546=EDGE_CURVE('',#4333,#4334,#2502,.T.);
#5547=EDGE_CURVE('',#4334,#4332,#65,.T.);
#5548=EDGE_CURVE('',#4335,#4333,#2503,.T.);
#5549=EDGE_CURVE('',#4335,#4336,#2504,.T.);
#5550=EDGE_CURVE('',#4336,#4334,#2505,.T.);
#5551=EDGE_CURVE('',#4337,#4335,#2506,.T.);
#5552=EDGE_CURVE('',#4337,#4338,#2507,.T.);
#5553=EDGE_CURVE('',#4338,#4336,#2508,.T.);
#5554=EDGE_CURVE('',#4339,#4337,#2509,.T.);
#5555=EDGE_CURVE('',#4339,#4340,#2510,.T.);
#5556=EDGE_CURVE('',#4340,#4338,#2511,.T.);
#5557=EDGE_CURVE('',#4341,#4339,#66,.T.);
#5558=EDGE_CURVE('',#4341,#4342,#2512,.T.);
#5559=EDGE_CURVE('',#4342,#4340,#67,.T.);
#5560=EDGE_CURVE('',#4343,#4341,#68,.T.);
#5561=EDGE_CURVE('',#4343,#4344,#2513,.T.);
#5562=EDGE_CURVE('',#4344,#4342,#69,.T.);
#5563=EDGE_CURVE('',#4345,#4343,#70,.T.);
#5564=EDGE_CURVE('',#4345,#4346,#2514,.T.);
#5565=EDGE_CURVE('',#4346,#4344,#71,.T.);
#5566=EDGE_CURVE('',#4347,#4345,#72,.T.);
#5567=EDGE_CURVE('',#4347,#4348,#2515,.T.);
#5568=EDGE_CURVE('',#4348,#4346,#73,.T.);
#5569=EDGE_CURVE('',#4349,#4347,#74,.T.);
#5570=EDGE_CURVE('',#4349,#4350,#2516,.T.);
#5571=EDGE_CURVE('',#4350,#4348,#75,.T.);
#5572=EDGE_CURVE('',#4351,#4349,#76,.T.);
#5573=EDGE_CURVE('',#4351,#4352,#2517,.T.);
#5574=EDGE_CURVE('',#4352,#4350,#77,.T.);
#5575=EDGE_CURVE('',#4353,#4351,#2518,.T.);
#5576=EDGE_CURVE('',#4353,#4354,#2519,.T.);
#5577=EDGE_CURVE('',#4354,#4352,#2520,.T.);
#5578=EDGE_CURVE('',#4355,#4353,#2521,.T.);
#5579=EDGE_CURVE('',#4355,#4356,#2522,.T.);
#5580=EDGE_CURVE('',#4356,#4354,#78,.T.);
#5581=EDGE_CURVE('',#4357,#4355,#79,.T.);
#5582=EDGE_CURVE('',#4357,#4358,#2523,.T.);
#5583=EDGE_CURVE('',#4358,#4356,#80,.T.);
#5584=EDGE_CURVE('',#4308,#4357,#2524,.T.);
#5585=EDGE_CURVE('',#4310,#4358,#2525,.T.);
#5586=EDGE_CURVE('',#4359,#4360,#2526,.T.);
#5587=EDGE_CURVE('',#4359,#4361,#2527,.T.);
#5588=EDGE_CURVE('',#4361,#4362,#2528,.T.);
#5589=EDGE_CURVE('',#4360,#4362,#2529,.T.);
#5590=EDGE_CURVE('',#4363,#4359,#81,.T.);
#5591=EDGE_CURVE('',#4363,#4364,#2530,.T.);
#5592=EDGE_CURVE('',#4364,#4361,#82,.T.);
#5593=EDGE_CURVE('',#4365,#4363,#83,.T.);
#5594=EDGE_CURVE('',#4365,#4366,#2531,.T.);
#5595=EDGE_CURVE('',#4366,#4364,#84,.T.);
#5596=EDGE_CURVE('',#4367,#4365,#85,.T.);
#5597=EDGE_CURVE('',#4367,#4368,#2532,.T.);
#5598=EDGE_CURVE('',#4368,#4366,#86,.T.);
#5599=EDGE_CURVE('',#4369,#4367,#87,.T.);
#5600=EDGE_CURVE('',#4369,#4370,#2533,.T.);
#5601=EDGE_CURVE('',#4370,#4368,#88,.T.);
#5602=EDGE_CURVE('',#4371,#4369,#89,.T.);
#5603=EDGE_CURVE('',#4371,#4372,#2534,.T.);
#5604=EDGE_CURVE('',#4372,#4370,#90,.T.);
#5605=EDGE_CURVE('',#4373,#4371,#91,.T.);
#5606=EDGE_CURVE('',#4373,#4374,#2535,.T.);
#5607=EDGE_CURVE('',#4374,#4372,#92,.T.);
#5608=EDGE_CURVE('',#4375,#4373,#93,.T.);
#5609=EDGE_CURVE('',#4375,#4376,#2536,.T.);
#5610=EDGE_CURVE('',#4376,#4374,#94,.T.);
#5611=EDGE_CURVE('',#4377,#4375,#95,.T.);
#5612=EDGE_CURVE('',#4377,#4378,#2537,.T.);
#5613=EDGE_CURVE('',#4378,#4376,#96,.T.);
#5614=EDGE_CURVE('',#4379,#4377,#97,.T.);
#5615=EDGE_CURVE('',#4379,#4380,#2538,.T.);
#5616=EDGE_CURVE('',#4380,#4378,#98,.T.);
#5617=EDGE_CURVE('',#4381,#4379,#99,.T.);
#5618=EDGE_CURVE('',#4381,#4382,#2539,.T.);
#5619=EDGE_CURVE('',#4382,#4380,#100,.T.);
#5620=EDGE_CURVE('',#4383,#4381,#101,.T.);
#5621=EDGE_CURVE('',#4383,#4384,#2540,.T.);
#5622=EDGE_CURVE('',#4384,#4382,#102,.T.);
#5623=EDGE_CURVE('',#4385,#4383,#103,.T.);
#5624=EDGE_CURVE('',#4385,#4386,#2541,.T.);
#5625=EDGE_CURVE('',#4386,#4384,#104,.T.);
#5626=EDGE_CURVE('',#4360,#4385,#2542,.T.);
#5627=EDGE_CURVE('',#4362,#4386,#2543,.T.);
#5628=EDGE_CURVE('',#4387,#4388,#105,.T.);
#5629=EDGE_CURVE('',#4387,#4389,#2544,.T.);
#5630=EDGE_CURVE('',#4389,#4390,#106,.T.);
#5631=EDGE_CURVE('',#4388,#4390,#2545,.T.);
#5632=EDGE_CURVE('',#4391,#4387,#107,.T.);
#5633=EDGE_CURVE('',#4391,#4392,#2546,.T.);
#5634=EDGE_CURVE('',#4392,#4389,#108,.T.);
#5635=EDGE_CURVE('',#4393,#4391,#109,.T.);
#5636=EDGE_CURVE('',#4393,#4394,#2547,.T.);
#5637=EDGE_CURVE('',#4394,#4392,#110,.T.);
#5638=EDGE_CURVE('',#4395,#4393,#111,.T.);
#5639=EDGE_CURVE('',#4395,#4396,#2548,.T.);
#5640=EDGE_CURVE('',#4396,#4394,#112,.T.);
#5641=EDGE_CURVE('',#4397,#4395,#113,.T.);
#5642=EDGE_CURVE('',#4397,#4398,#2549,.T.);
#5643=EDGE_CURVE('',#4398,#4396,#114,.T.);
#5644=EDGE_CURVE('',#4399,#4397,#115,.T.);
#5645=EDGE_CURVE('',#4399,#4400,#2550,.T.);
#5646=EDGE_CURVE('',#4400,#4398,#116,.T.);
#5647=EDGE_CURVE('',#4401,#4399,#117,.T.);
#5648=EDGE_CURVE('',#4401,#4402,#2551,.T.);
#5649=EDGE_CURVE('',#4402,#4400,#118,.T.);
#5650=EDGE_CURVE('',#4403,#4401,#119,.T.);
#5651=EDGE_CURVE('',#4403,#4404,#2552,.T.);
#5652=EDGE_CURVE('',#4404,#4402,#120,.T.);
#5653=EDGE_CURVE('',#4405,#4403,#121,.T.);
#5654=EDGE_CURVE('',#4405,#4406,#2553,.T.);
#5655=EDGE_CURVE('',#4406,#4404,#122,.T.);
#5656=EDGE_CURVE('',#4407,#4405,#123,.T.);
#5657=EDGE_CURVE('',#4407,#4408,#2554,.T.);
#5658=EDGE_CURVE('',#4408,#4406,#124,.T.);
#5659=EDGE_CURVE('',#4409,#4407,#2555,.T.);
#5660=EDGE_CURVE('',#4409,#4410,#2556,.T.);
#5661=EDGE_CURVE('',#4410,#4408,#2557,.T.);
#5662=EDGE_CURVE('',#4411,#4409,#125,.T.);
#5663=EDGE_CURVE('',#4411,#4412,#2558,.T.);
#5664=EDGE_CURVE('',#4412,#4410,#126,.T.);
#5665=EDGE_CURVE('',#4413,#4411,#127,.T.);
#5666=EDGE_CURVE('',#4413,#4414,#2559,.T.);
#5667=EDGE_CURVE('',#4414,#4412,#128,.T.);
#5668=EDGE_CURVE('',#4415,#4413,#2560,.T.);
#5669=EDGE_CURVE('',#4415,#4416,#2561,.T.);
#5670=EDGE_CURVE('',#4416,#4414,#2562,.T.);
#5671=EDGE_CURVE('',#4417,#4415,#129,.T.);
#5672=EDGE_CURVE('',#4417,#4418,#2563,.T.);
#5673=EDGE_CURVE('',#4418,#4416,#130,.T.);
#5674=EDGE_CURVE('',#4419,#4417,#131,.T.);
#5675=EDGE_CURVE('',#4419,#4420,#2564,.T.);
#5676=EDGE_CURVE('',#4420,#4418,#132,.T.);
#5677=EDGE_CURVE('',#4421,#4419,#2565,.T.);
#5678=EDGE_CURVE('',#4421,#4422,#2566,.T.);
#5679=EDGE_CURVE('',#4422,#4420,#2567,.T.);
#5680=EDGE_CURVE('',#4423,#4421,#133,.T.);
#5681=EDGE_CURVE('',#4423,#4424,#2568,.T.);
#5682=EDGE_CURVE('',#4424,#4422,#134,.T.);
#5683=EDGE_CURVE('',#4425,#4423,#135,.T.);
#5684=EDGE_CURVE('',#4425,#4426,#2569,.T.);
#5685=EDGE_CURVE('',#4426,#4424,#136,.T.);
#5686=EDGE_CURVE('',#4427,#4425,#137,.T.);
#5687=EDGE_CURVE('',#4427,#4428,#2570,.T.);
#5688=EDGE_CURVE('',#4428,#4426,#138,.T.);
#5689=EDGE_CURVE('',#4429,#4427,#139,.T.);
#5690=EDGE_CURVE('',#4429,#4430,#2571,.T.);
#5691=EDGE_CURVE('',#4430,#4428,#140,.T.);
#5692=EDGE_CURVE('',#4431,#4429,#141,.T.);
#5693=EDGE_CURVE('',#4431,#4432,#2572,.T.);
#5694=EDGE_CURVE('',#4432,#4430,#142,.T.);
#5695=EDGE_CURVE('',#4433,#4431,#2573,.T.);
#5696=EDGE_CURVE('',#4433,#4434,#2574,.T.);
#5697=EDGE_CURVE('',#4434,#4432,#2575,.T.);
#5698=EDGE_CURVE('',#4435,#4433,#143,.T.);
#5699=EDGE_CURVE('',#4435,#4436,#2576,.T.);
#5700=EDGE_CURVE('',#4436,#4434,#144,.T.);
#5701=EDGE_CURVE('',#4437,#4435,#145,.T.);
#5702=EDGE_CURVE('',#4437,#4438,#2577,.T.);
#5703=EDGE_CURVE('',#4438,#4436,#146,.T.);
#5704=EDGE_CURVE('',#4439,#4437,#2578,.T.);
#5705=EDGE_CURVE('',#4439,#4440,#2579,.T.);
#5706=EDGE_CURVE('',#4440,#4438,#2580,.T.);
#5707=EDGE_CURVE('',#4388,#4439,#2581,.T.);
#5708=EDGE_CURVE('',#4390,#4440,#2582,.T.);
#5709=EDGE_CURVE('',#4441,#4442,#2583,.T.);
#5710=EDGE_CURVE('',#4441,#4443,#2584,.T.);
#5711=EDGE_CURVE('',#4443,#4444,#2585,.T.);
#5712=EDGE_CURVE('',#4442,#4444,#2586,.T.);
#5713=EDGE_CURVE('',#4445,#4441,#147,.T.);
#5714=EDGE_CURVE('',#4445,#4446,#2587,.T.);
#5715=EDGE_CURVE('',#4446,#4443,#148,.T.);
#5716=EDGE_CURVE('',#4447,#4445,#149,.T.);
#5717=EDGE_CURVE('',#4447,#4448,#2588,.T.);
#5718=EDGE_CURVE('',#4448,#4446,#150,.T.);
#5719=EDGE_CURVE('',#4449,#4447,#151,.T.);
#5720=EDGE_CURVE('',#4449,#4450,#2589,.T.);
#5721=EDGE_CURVE('',#4450,#4448,#152,.T.);
#5722=EDGE_CURVE('',#4451,#4449,#153,.T.);
#5723=EDGE_CURVE('',#4451,#4452,#2590,.T.);
#5724=EDGE_CURVE('',#4452,#4450,#154,.T.);
#5725=EDGE_CURVE('',#4453,#4451,#155,.T.);
#5726=EDGE_CURVE('',#4453,#4454,#2591,.T.);
#5727=EDGE_CURVE('',#4454,#4452,#156,.T.);
#5728=EDGE_CURVE('',#4455,#4453,#157,.T.);
#5729=EDGE_CURVE('',#4455,#4456,#2592,.T.);
#5730=EDGE_CURVE('',#4456,#4454,#158,.T.);
#5731=EDGE_CURVE('',#4457,#4455,#159,.T.);
#5732=EDGE_CURVE('',#4457,#4458,#2593,.T.);
#5733=EDGE_CURVE('',#4458,#4456,#160,.T.);
#5734=EDGE_CURVE('',#4459,#4457,#161,.T.);
#5735=EDGE_CURVE('',#4459,#4460,#2594,.T.);
#5736=EDGE_CURVE('',#4460,#4458,#162,.T.);
#5737=EDGE_CURVE('',#4461,#4459,#2595,.T.);
#5738=EDGE_CURVE('',#4461,#4462,#2596,.T.);
#5739=EDGE_CURVE('',#4462,#4460,#2597,.T.);
#5740=EDGE_CURVE('',#4442,#4461,#2598,.T.);
#5741=EDGE_CURVE('',#4444,#4462,#2599,.T.);
#5742=EDGE_CURVE('',#4463,#4464,#2600,.T.);
#5743=EDGE_CURVE('',#4463,#4465,#2601,.T.);
#5744=EDGE_CURVE('',#4465,#4466,#2602,.T.);
#5745=EDGE_CURVE('',#4464,#4466,#2603,.T.);
#5746=EDGE_CURVE('',#4467,#4463,#163,.T.);
#5747=EDGE_CURVE('',#4467,#4468,#2604,.T.);
#5748=EDGE_CURVE('',#4468,#4465,#164,.T.);
#5749=EDGE_CURVE('',#4469,#4467,#165,.T.);
#5750=EDGE_CURVE('',#4469,#4470,#2605,.T.);
#5751=EDGE_CURVE('',#4470,#4468,#166,.T.);
#5752=EDGE_CURVE('',#4471,#4469,#167,.T.);
#5753=EDGE_CURVE('',#4471,#4472,#2606,.T.);
#5754=EDGE_CURVE('',#4472,#4470,#168,.T.);
#5755=EDGE_CURVE('',#4473,#4471,#169,.T.);
#5756=EDGE_CURVE('',#4473,#4474,#2607,.T.);
#5757=EDGE_CURVE('',#4474,#4472,#170,.T.);
#5758=EDGE_CURVE('',#4475,#4473,#171,.T.);
#5759=EDGE_CURVE('',#4475,#4476,#2608,.T.);
#5760=EDGE_CURVE('',#4476,#4474,#172,.T.);
#5761=EDGE_CURVE('',#4477,#4475,#173,.T.);
#5762=EDGE_CURVE('',#4477,#4478,#2609,.T.);
#5763=EDGE_CURVE('',#4478,#4476,#174,.T.);
#5764=EDGE_CURVE('',#4479,#4477,#175,.T.);
#5765=EDGE_CURVE('',#4479,#4480,#2610,.T.);
#5766=EDGE_CURVE('',#4480,#4478,#176,.T.);
#5767=EDGE_CURVE('',#4481,#4479,#177,.T.);
#5768=EDGE_CURVE('',#4481,#4482,#2611,.T.);
#5769=EDGE_CURVE('',#4482,#4480,#178,.T.);
#5770=EDGE_CURVE('',#4483,#4481,#2612,.T.);
#5771=EDGE_CURVE('',#4483,#4484,#2613,.T.);
#5772=EDGE_CURVE('',#4484,#4482,#2614,.T.);
#5773=EDGE_CURVE('',#4464,#4483,#2615,.T.);
#5774=EDGE_CURVE('',#4466,#4484,#2616,.T.);
#5775=EDGE_CURVE('',#4485,#4486,#179,.T.);
#5776=EDGE_CURVE('',#4485,#4487,#2617,.T.);
#5777=EDGE_CURVE('',#4487,#4488,#180,.T.);
#5778=EDGE_CURVE('',#4486,#4488,#2618,.T.);
#5779=EDGE_CURVE('',#4489,#4485,#181,.T.);
#5780=EDGE_CURVE('',#4489,#4490,#2619,.T.);
#5781=EDGE_CURVE('',#4490,#4487,#182,.T.);
#5782=EDGE_CURVE('',#4491,#4489,#183,.T.);
#5783=EDGE_CURVE('',#4491,#4492,#2620,.T.);
#5784=EDGE_CURVE('',#4492,#4490,#184,.T.);
#5785=EDGE_CURVE('',#4493,#4491,#185,.T.);
#5786=EDGE_CURVE('',#4493,#4494,#2621,.T.);
#5787=EDGE_CURVE('',#4494,#4492,#186,.T.);
#5788=EDGE_CURVE('',#4495,#4493,#187,.T.);
#5789=EDGE_CURVE('',#4495,#4496,#2622,.T.);
#5790=EDGE_CURVE('',#4496,#4494,#188,.T.);
#5791=EDGE_CURVE('',#4497,#4495,#189,.T.);
#5792=EDGE_CURVE('',#4497,#4498,#2623,.T.);
#5793=EDGE_CURVE('',#4498,#4496,#190,.T.);
#5794=EDGE_CURVE('',#4499,#4497,#191,.T.);
#5795=EDGE_CURVE('',#4499,#4500,#2624,.T.);
#5796=EDGE_CURVE('',#4500,#4498,#192,.T.);
#5797=EDGE_CURVE('',#4501,#4499,#193,.T.);
#5798=EDGE_CURVE('',#4501,#4502,#2625,.T.);
#5799=EDGE_CURVE('',#4502,#4500,#194,.T.);
#5800=EDGE_CURVE('',#4503,#4501,#195,.T.);
#5801=EDGE_CURVE('',#4503,#4504,#2626,.T.);
#5802=EDGE_CURVE('',#4504,#4502,#196,.T.);
#5803=EDGE_CURVE('',#4505,#4503,#197,.T.);
#5804=EDGE_CURVE('',#4505,#4506,#2627,.T.);
#5805=EDGE_CURVE('',#4506,#4504,#198,.T.);
#5806=EDGE_CURVE('',#4507,#4505,#199,.T.);
#5807=EDGE_CURVE('',#4507,#4508,#2628,.T.);
#5808=EDGE_CURVE('',#4508,#4506,#200,.T.);
#5809=EDGE_CURVE('',#4509,#4507,#201,.T.);
#5810=EDGE_CURVE('',#4509,#4510,#2629,.T.);
#5811=EDGE_CURVE('',#4510,#4508,#202,.T.);
#5812=EDGE_CURVE('',#4511,#4509,#203,.T.);
#5813=EDGE_CURVE('',#4511,#4512,#2630,.T.);
#5814=EDGE_CURVE('',#4512,#4510,#204,.T.);
#5815=EDGE_CURVE('',#4513,#4511,#205,.T.);
#5816=EDGE_CURVE('',#4513,#4514,#2631,.T.);
#5817=EDGE_CURVE('',#4514,#4512,#206,.T.);
#5818=EDGE_CURVE('',#4515,#4513,#207,.T.);
#5819=EDGE_CURVE('',#4515,#4516,#2632,.T.);
#5820=EDGE_CURVE('',#4516,#4514,#208,.T.);
#5821=EDGE_CURVE('',#4486,#4515,#209,.T.);
#5822=EDGE_CURVE('',#4488,#4516,#210,.T.);
#5823=EDGE_CURVE('',#4517,#4518,#211,.T.);
#5824=EDGE_CURVE('',#4517,#4519,#2633,.T.);
#5825=EDGE_CURVE('',#4519,#4520,#212,.T.);
#5826=EDGE_CURVE('',#4518,#4520,#2634,.T.);
#5827=EDGE_CURVE('',#4521,#4517,#213,.T.);
#5828=EDGE_CURVE('',#4521,#4522,#2635,.T.);
#5829=EDGE_CURVE('',#4522,#4519,#214,.T.);
#5830=EDGE_CURVE('',#4523,#4521,#215,.T.);
#5831=EDGE_CURVE('',#4523,#4524,#2636,.T.);
#5832=EDGE_CURVE('',#4524,#4522,#216,.T.);
#5833=EDGE_CURVE('',#4525,#4523,#217,.T.);
#5834=EDGE_CURVE('',#4525,#4526,#2637,.T.);
#5835=EDGE_CURVE('',#4526,#4524,#218,.T.);
#5836=EDGE_CURVE('',#4527,#4525,#219,.T.);
#5837=EDGE_CURVE('',#4527,#4528,#2638,.T.);
#5838=EDGE_CURVE('',#4528,#4526,#220,.T.);
#5839=EDGE_CURVE('',#4529,#4527,#221,.T.);
#5840=EDGE_CURVE('',#4529,#4530,#2639,.T.);
#5841=EDGE_CURVE('',#4530,#4528,#222,.T.);
#5842=EDGE_CURVE('',#4531,#4529,#223,.T.);
#5843=EDGE_CURVE('',#4531,#4532,#2640,.T.);
#5844=EDGE_CURVE('',#4532,#4530,#224,.T.);
#5845=EDGE_CURVE('',#4533,#4531,#225,.T.);
#5846=EDGE_CURVE('',#4533,#4534,#2641,.T.);
#5847=EDGE_CURVE('',#4534,#4532,#226,.T.);
#5848=EDGE_CURVE('',#4535,#4533,#227,.T.);
#5849=EDGE_CURVE('',#4535,#4536,#2642,.T.);
#5850=EDGE_CURVE('',#4536,#4534,#228,.T.);
#5851=EDGE_CURVE('',#4537,#4535,#229,.T.);
#5852=EDGE_CURVE('',#4537,#4538,#2643,.T.);
#5853=EDGE_CURVE('',#4538,#4536,#230,.T.);
#5854=EDGE_CURVE('',#4539,#4537,#231,.T.);
#5855=EDGE_CURVE('',#4539,#4540,#2644,.T.);
#5856=EDGE_CURVE('',#4540,#4538,#232,.T.);
#5857=EDGE_CURVE('',#4541,#4539,#233,.T.);
#5858=EDGE_CURVE('',#4541,#4542,#2645,.T.);
#5859=EDGE_CURVE('',#4542,#4540,#234,.T.);
#5860=EDGE_CURVE('',#4543,#4541,#235,.T.);
#5861=EDGE_CURVE('',#4543,#4544,#2646,.T.);
#5862=EDGE_CURVE('',#4544,#4542,#236,.T.);
#5863=EDGE_CURVE('',#4545,#4543,#237,.T.);
#5864=EDGE_CURVE('',#4545,#4546,#2647,.T.);
#5865=EDGE_CURVE('',#4546,#4544,#238,.T.);
#5866=EDGE_CURVE('',#4547,#4545,#239,.T.);
#5867=EDGE_CURVE('',#4547,#4548,#2648,.T.);
#5868=EDGE_CURVE('',#4548,#4546,#240,.T.);
#5869=EDGE_CURVE('',#4518,#4547,#241,.T.);
#5870=EDGE_CURVE('',#4520,#4548,#242,.T.);
#5871=EDGE_CURVE('',#4549,#4550,#2649,.T.);
#5872=EDGE_CURVE('',#4549,#4551,#2650,.T.);
#5873=EDGE_CURVE('',#4551,#4552,#2651,.T.);
#5874=EDGE_CURVE('',#4550,#4552,#2652,.T.);
#5875=EDGE_CURVE('',#4553,#4549,#2653,.T.);
#5876=EDGE_CURVE('',#4553,#4554,#2654,.T.);
#5877=EDGE_CURVE('',#4554,#4551,#2655,.T.);
#5878=EDGE_CURVE('',#4555,#4553,#2656,.T.);
#5879=EDGE_CURVE('',#4555,#4556,#2657,.T.);
#5880=EDGE_CURVE('',#4556,#4554,#2658,.T.);
#5881=EDGE_CURVE('',#4550,#4555,#2659,.T.);
#5882=EDGE_CURVE('',#4552,#4556,#2660,.T.);
#5883=EDGE_CURVE('',#4557,#4558,#243,.T.);
#5884=EDGE_CURVE('',#4557,#4559,#2661,.T.);
#5885=EDGE_CURVE('',#4559,#4560,#244,.T.);
#5886=EDGE_CURVE('',#4558,#4560,#2662,.T.);
#5887=EDGE_CURVE('',#4561,#4557,#245,.T.);
#5888=EDGE_CURVE('',#4561,#4562,#2663,.T.);
#5889=EDGE_CURVE('',#4562,#4559,#246,.T.);
#5890=EDGE_CURVE('',#4563,#4561,#247,.T.);
#5891=EDGE_CURVE('',#4563,#4564,#2664,.T.);
#5892=EDGE_CURVE('',#4564,#4562,#248,.T.);
#5893=EDGE_CURVE('',#4565,#4563,#249,.T.);
#5894=EDGE_CURVE('',#4565,#4566,#2665,.T.);
#5895=EDGE_CURVE('',#4566,#4564,#250,.T.);
#5896=EDGE_CURVE('',#4567,#4565,#251,.T.);
#5897=EDGE_CURVE('',#4567,#4568,#2666,.T.);
#5898=EDGE_CURVE('',#4568,#4566,#252,.T.);
#5899=EDGE_CURVE('',#4569,#4567,#253,.T.);
#5900=EDGE_CURVE('',#4569,#4570,#2667,.T.);
#5901=EDGE_CURVE('',#4570,#4568,#254,.T.);
#5902=EDGE_CURVE('',#4571,#4569,#255,.T.);
#5903=EDGE_CURVE('',#4571,#4572,#2668,.T.);
#5904=EDGE_CURVE('',#4572,#4570,#256,.T.);
#5905=EDGE_CURVE('',#4558,#4571,#257,.T.);
#5906=EDGE_CURVE('',#4560,#4572,#258,.T.);
#5907=EDGE_CURVE('',#4573,#4574,#259,.T.);
#5908=EDGE_CURVE('',#4573,#4575,#2669,.T.);
#5909=EDGE_CURVE('',#4575,#4576,#260,.T.);
#5910=EDGE_CURVE('',#4574,#4576,#2670,.T.);
#5911=EDGE_CURVE('',#4577,#4573,#261,.T.);
#5912=EDGE_CURVE('',#4577,#4578,#2671,.T.);
#5913=EDGE_CURVE('',#4578,#4575,#262,.T.);
#5914=EDGE_CURVE('',#4579,#4577,#2672,.T.);
#5915=EDGE_CURVE('',#4579,#4580,#2673,.T.);
#5916=EDGE_CURVE('',#4580,#4578,#2674,.T.);
#5917=EDGE_CURVE('',#4581,#4579,#2675,.T.);
#5918=EDGE_CURVE('',#4581,#4582,#2676,.T.);
#5919=EDGE_CURVE('',#4582,#4580,#2677,.T.);
#5920=EDGE_CURVE('',#4583,#4581,#2678,.T.);
#5921=EDGE_CURVE('',#4583,#4584,#2679,.T.);
#5922=EDGE_CURVE('',#4584,#4582,#2680,.T.);
#5923=EDGE_CURVE('',#4585,#4583,#263,.T.);
#5924=EDGE_CURVE('',#4585,#4586,#2681,.T.);
#5925=EDGE_CURVE('',#4586,#4584,#264,.T.);
#5926=EDGE_CURVE('',#4587,#4585,#265,.T.);
#5927=EDGE_CURVE('',#4587,#4588,#2682,.T.);
#5928=EDGE_CURVE('',#4588,#4586,#266,.T.);
#5929=EDGE_CURVE('',#4589,#4587,#267,.T.);
#5930=EDGE_CURVE('',#4589,#4590,#2683,.T.);
#5931=EDGE_CURVE('',#4590,#4588,#268,.T.);
#5932=EDGE_CURVE('',#4591,#4589,#269,.T.);
#5933=EDGE_CURVE('',#4591,#4592,#2684,.T.);
#5934=EDGE_CURVE('',#4592,#4590,#270,.T.);
#5935=EDGE_CURVE('',#4593,#4591,#271,.T.);
#5936=EDGE_CURVE('',#4593,#4594,#2685,.T.);
#5937=EDGE_CURVE('',#4594,#4592,#272,.T.);
#5938=EDGE_CURVE('',#4595,#4593,#273,.T.);
#5939=EDGE_CURVE('',#4595,#4596,#2686,.T.);
#5940=EDGE_CURVE('',#4596,#4594,#274,.T.);
#5941=EDGE_CURVE('',#4597,#4595,#2687,.T.);
#5942=EDGE_CURVE('',#4597,#4598,#2688,.T.);
#5943=EDGE_CURVE('',#4598,#4596,#2689,.T.);
#5944=EDGE_CURVE('',#4599,#4597,#2690,.T.);
#5945=EDGE_CURVE('',#4599,#4600,#2691,.T.);
#5946=EDGE_CURVE('',#4600,#4598,#2692,.T.);
#5947=EDGE_CURVE('',#4601,#4599,#2693,.T.);
#5948=EDGE_CURVE('',#4601,#4602,#2694,.T.);
#5949=EDGE_CURVE('',#4602,#4600,#2695,.T.);
#5950=EDGE_CURVE('',#4603,#4601,#275,.T.);
#5951=EDGE_CURVE('',#4603,#4604,#2696,.T.);
#5952=EDGE_CURVE('',#4604,#4602,#276,.T.);
#5953=EDGE_CURVE('',#4605,#4603,#277,.T.);
#5954=EDGE_CURVE('',#4605,#4606,#2697,.T.);
#5955=EDGE_CURVE('',#4606,#4604,#278,.T.);
#5956=EDGE_CURVE('',#4607,#4605,#279,.T.);
#5957=EDGE_CURVE('',#4607,#4608,#2698,.T.);
#5958=EDGE_CURVE('',#4608,#4606,#280,.T.);
#5959=EDGE_CURVE('',#4609,#4607,#281,.T.);
#5960=EDGE_CURVE('',#4609,#4610,#2699,.T.);
#5961=EDGE_CURVE('',#4610,#4608,#282,.T.);
#5962=EDGE_CURVE('',#4611,#4609,#283,.T.);
#5963=EDGE_CURVE('',#4611,#4612,#2700,.T.);
#5964=EDGE_CURVE('',#4612,#4610,#284,.T.);
#5965=EDGE_CURVE('',#4613,#4611,#285,.T.);
#5966=EDGE_CURVE('',#4613,#4614,#2701,.T.);
#5967=EDGE_CURVE('',#4614,#4612,#286,.T.);
#5968=EDGE_CURVE('',#4615,#4613,#2702,.T.);
#5969=EDGE_CURVE('',#4615,#4616,#2703,.T.);
#5970=EDGE_CURVE('',#4616,#4614,#2704,.T.);
#5971=EDGE_CURVE('',#4617,#4615,#287,.T.);
#5972=EDGE_CURVE('',#4617,#4618,#2705,.T.);
#5973=EDGE_CURVE('',#4618,#4616,#288,.T.);
#5974=EDGE_CURVE('',#4619,#4617,#289,.T.);
#5975=EDGE_CURVE('',#4619,#4620,#2706,.T.);
#5976=EDGE_CURVE('',#4620,#4618,#290,.T.);
#5977=EDGE_CURVE('',#4574,#4619,#2707,.T.);
#5978=EDGE_CURVE('',#4576,#4620,#2708,.T.);
#5979=EDGE_CURVE('',#4621,#4622,#2709,.T.);
#5980=EDGE_CURVE('',#4621,#4623,#2710,.T.);
#5981=EDGE_CURVE('',#4623,#4624,#2711,.T.);
#5982=EDGE_CURVE('',#4622,#4624,#2712,.T.);
#5983=EDGE_CURVE('',#4625,#4621,#2713,.T.);
#5984=EDGE_CURVE('',#4625,#4626,#2714,.T.);
#5985=EDGE_CURVE('',#4626,#4623,#2715,.T.);
#5986=EDGE_CURVE('',#4627,#4625,#2716,.T.);
#5987=EDGE_CURVE('',#4627,#4628,#2717,.T.);
#5988=EDGE_CURVE('',#4628,#4626,#2718,.T.);
#5989=EDGE_CURVE('',#4629,#4627,#2719,.T.);
#5990=EDGE_CURVE('',#4629,#4630,#2720,.T.);
#5991=EDGE_CURVE('',#4630,#4628,#2721,.T.);
#5992=EDGE_CURVE('',#4631,#4629,#2722,.T.);
#5993=EDGE_CURVE('',#4631,#4632,#2723,.T.);
#5994=EDGE_CURVE('',#4632,#4630,#2724,.T.);
#5995=EDGE_CURVE('',#4633,#4631,#2725,.T.);
#5996=EDGE_CURVE('',#4633,#4634,#2726,.T.);
#5997=EDGE_CURVE('',#4634,#4632,#2727,.T.);
#5998=EDGE_CURVE('',#4635,#4633,#2728,.T.);
#5999=EDGE_CURVE('',#4635,#4636,#2729,.T.);
#6000=EDGE_CURVE('',#4636,#4634,#2730,.T.);
#6001=EDGE_CURVE('',#4637,#4635,#2731,.T.);
#6002=EDGE_CURVE('',#4637,#4638,#2732,.T.);
#6003=EDGE_CURVE('',#4638,#4636,#2733,.T.);
#6004=EDGE_CURVE('',#4622,#4637,#2734,.T.);
#6005=EDGE_CURVE('',#4624,#4638,#2735,.T.);
#6006=EDGE_CURVE('',#4639,#4640,#2736,.T.);
#6007=EDGE_CURVE('',#4641,#4639,#630,.T.);
#6008=EDGE_CURVE('',#4642,#4641,#2737,.T.);
#6009=EDGE_CURVE('',#4643,#4642,#631,.T.);
#6010=EDGE_CURVE('',#4644,#4643,#2738,.T.);
#6011=EDGE_CURVE('',#4645,#4644,#632,.T.);
#6012=EDGE_CURVE('',#4646,#4645,#2739,.T.);
#6013=EDGE_CURVE('',#4640,#4646,#633,.T.);
#6014=EDGE_CURVE('',#4647,#4647,#634,.T.);
#6015=EDGE_CURVE('',#4648,#4648,#635,.T.);
#6016=EDGE_CURVE('',#4649,#4649,#636,.T.);
#6017=EDGE_CURVE('',#4650,#4650,#637,.T.);
#6018=EDGE_CURVE('',#4651,#4652,#2740,.T.);
#6019=EDGE_CURVE('',#4652,#4653,#2741,.T.);
#6020=EDGE_CURVE('',#4653,#4654,#638,.T.);
#6021=EDGE_CURVE('',#4654,#4655,#2742,.T.);
#6022=EDGE_CURVE('',#4655,#4656,#2743,.T.);
#6023=EDGE_CURVE('',#4656,#4657,#2744,.T.);
#6024=EDGE_CURVE('',#4657,#4658,#639,.T.);
#6025=EDGE_CURVE('',#4658,#4651,#2745,.T.);
#6026=EDGE_CURVE('',#4659,#4660,#640,.T.);
#6027=EDGE_CURVE('',#4660,#4661,#641,.T.);
#6028=EDGE_CURVE('',#4661,#4662,#2746,.T.);
#6029=EDGE_CURVE('',#4662,#4663,#642,.T.);
#6030=EDGE_CURVE('',#4663,#4664,#643,.T.);
#6031=EDGE_CURVE('',#4664,#4659,#2747,.T.);
#6032=EDGE_CURVE('',#4665,#4666,#644,.T.);
#6033=EDGE_CURVE('',#4660,#4665,#2748,.T.);
#6034=EDGE_CURVE('',#4659,#4666,#2749,.T.);
#6035=EDGE_CURVE('',#4666,#4667,#2750,.T.);
#6036=EDGE_CURVE('',#4664,#4667,#2751,.T.);
#6037=EDGE_CURVE('',#4667,#4668,#645,.T.);
#6038=EDGE_CURVE('',#4663,#4668,#2752,.T.);
#6039=EDGE_CURVE('',#4668,#4669,#646,.T.);
#6040=EDGE_CURVE('',#4662,#4669,#2753,.T.);
#6041=EDGE_CURVE('',#4669,#4670,#2754,.T.);
#6042=EDGE_CURVE('',#4661,#4670,#2755,.T.);
#6043=EDGE_CURVE('',#4670,#4665,#647,.T.);
#6044=EDGE_CURVE('',#4671,#4672,#2756,.T.);
#6045=EDGE_CURVE('',#4652,#4671,#2757,.T.);
#6046=EDGE_CURVE('',#4651,#4672,#2758,.T.);
#6047=EDGE_CURVE('',#4672,#4673,#2759,.T.);
#6048=EDGE_CURVE('',#4658,#4673,#2760,.T.);
#6049=EDGE_CURVE('',#4673,#4674,#648,.T.);
#6050=EDGE_CURVE('',#4657,#4674,#2761,.T.);
#6051=EDGE_CURVE('',#4674,#4675,#2762,.T.);
#6052=EDGE_CURVE('',#4656,#4675,#2763,.T.);
#6053=EDGE_CURVE('',#4675,#4676,#2764,.T.);
#6054=EDGE_CURVE('',#4655,#4676,#2765,.T.);
#6055=EDGE_CURVE('',#4676,#4677,#2766,.T.);
#6056=EDGE_CURVE('',#4654,#4677,#2767,.T.);
#6057=EDGE_CURVE('',#4677,#4678,#649,.T.);
#6058=EDGE_CURVE('',#4653,#4678,#2768,.T.);
#6059=EDGE_CURVE('',#4678,#4671,#2769,.T.);
#6060=EDGE_CURVE('',#4640,#4679,#650,.T.);
#6061=EDGE_CURVE('',#4680,#4679,#2770,.T.);
#6062=EDGE_CURVE('',#4680,#4639,#651,.T.);
#6063=EDGE_CURVE('',#4681,#4680,#652,.T.);
#6064=EDGE_CURVE('',#4681,#4641,#653,.T.);
#6065=EDGE_CURVE('',#4682,#4681,#2771,.T.);
#6066=EDGE_CURVE('',#4682,#4642,#654,.T.);
#6067=EDGE_CURVE('',#4683,#4682,#655,.T.);
#6068=EDGE_CURVE('',#4683,#4643,#656,.T.);
#6069=EDGE_CURVE('',#4684,#4683,#2772,.T.);
#6070=EDGE_CURVE('',#4684,#4644,#657,.T.);
#6071=EDGE_CURVE('',#4685,#4684,#658,.T.);
#6072=EDGE_CURVE('',#4685,#4645,#659,.T.);
#6073=EDGE_CURVE('',#4686,#4685,#2773,.T.);
#6074=EDGE_CURVE('',#4686,#4646,#660,.T.);
#6075=EDGE_CURVE('',#4679,#4686,#661,.T.);
#6076=EDGE_CURVE('',#4650,#4687,#2774,.T.);
#6077=EDGE_CURVE('',#4687,#4687,#662,.T.);
#6078=EDGE_CURVE('',#4649,#4688,#2775,.T.);
#6079=EDGE_CURVE('',#4688,#4688,#663,.T.);
#6080=EDGE_CURVE('',#4648,#4689,#2776,.T.);
#6081=EDGE_CURVE('',#4689,#4689,#664,.T.);
#6082=EDGE_CURVE('',#4647,#4690,#2777,.T.);
#6083=EDGE_CURVE('',#4690,#4690,#665,.T.);
#6084=EDGE_CURVE('',#4691,#4692,#2778,.T.);
#6085=EDGE_CURVE('',#4692,#4693,#2779,.T.);
#6086=EDGE_CURVE('',#4694,#4693,#2780,.T.);
#6087=EDGE_CURVE('',#4691,#4694,#2781,.T.);
#6088=EDGE_CURVE('',#4691,#4695,#666,.T.);
#6089=EDGE_CURVE('',#4696,#4694,#667,.T.);
#6090=EDGE_CURVE('',#4695,#4696,#2782,.T.);
#6091=EDGE_CURVE('',#4695,#4697,#668,.T.);
#6092=EDGE_CURVE('',#4698,#4696,#669,.T.);
#6093=EDGE_CURVE('',#4697,#4698,#2783,.T.);
#6094=EDGE_CURVE('',#4699,#4697,#2784,.T.);
#6095=EDGE_CURVE('',#4700,#4698,#2785,.T.);
#6096=EDGE_CURVE('',#4699,#4700,#2786,.T.);
#6097=EDGE_CURVE('',#4699,#4701,#670,.T.);
#6098=EDGE_CURVE('',#4702,#4700,#671,.T.);
#6099=EDGE_CURVE('',#4701,#4702,#2787,.T.);
#6100=EDGE_CURVE('',#4701,#4692,#672,.T.);
#6101=EDGE_CURVE('',#4693,#4702,#673,.T.);
#6102=ORIENTED_EDGE('',*,*,#4703,.F.);
#6103=ORIENTED_EDGE('',*,*,#4704,.F.);
#6104=ORIENTED_EDGE('',*,*,#4705,.F.);
#6105=ORIENTED_EDGE('',*,*,#4706,.F.);
#6106=ORIENTED_EDGE('',*,*,#4707,.T.);
#6107=ORIENTED_EDGE('',*,*,#4708,.F.);
#6108=ORIENTED_EDGE('',*,*,#4709,.T.);
#6109=ORIENTED_EDGE('',*,*,#4703,.T.);
#6110=ORIENTED_EDGE('',*,*,#4710,.F.);
#6111=ORIENTED_EDGE('',*,*,#4711,.F.);
#6112=ORIENTED_EDGE('',*,*,#4712,.T.);
#6113=ORIENTED_EDGE('',*,*,#4713,.T.);
#6114=ORIENTED_EDGE('',*,*,#4714,.T.);
#6115=ORIENTED_EDGE('',*,*,#4715,.T.);
#6116=ORIENTED_EDGE('',*,*,#4716,.F.);
#6117=ORIENTED_EDGE('',*,*,#4717,.F.);
#6118=ORIENTED_EDGE('',*,*,#4704,.T.);
#6119=ORIENTED_EDGE('',*,*,#4718,.F.);
#6120=ORIENTED_EDGE('',*,*,#4719,.F.);
#6121=ORIENTED_EDGE('',*,*,#4720,.F.);
#6122=ORIENTED_EDGE('',*,*,#4710,.T.);
#6123=ORIENTED_EDGE('',*,*,#4706,.T.);
#6124=ORIENTED_EDGE('',*,*,#4721,.F.);
#6125=ORIENTED_EDGE('',*,*,#4722,.F.);
#6126=ORIENTED_EDGE('',*,*,#4721,.T.);
#6127=ORIENTED_EDGE('',*,*,#4705,.T.);
#6128=ORIENTED_EDGE('',*,*,#4723,.F.);
#6129=ORIENTED_EDGE('',*,*,#4724,.F.);
#6130=ORIENTED_EDGE('',*,*,#4725,.F.);
#6131=ORIENTED_EDGE('',*,*,#4726,.F.);
#6132=ORIENTED_EDGE('',*,*,#4727,.F.);
#6133=ORIENTED_EDGE('',*,*,#4728,.F.);
#6134=ORIENTED_EDGE('',*,*,#4729,.F.);
#6135=ORIENTED_EDGE('',*,*,#4707,.F.);
#6136=ORIENTED_EDGE('',*,*,#4711,.T.);
#6137=ORIENTED_EDGE('',*,*,#4722,.T.);
#6138=ORIENTED_EDGE('',*,*,#4726,.T.);
#6139=ORIENTED_EDGE('',*,*,#4730,.T.);
#6140=ORIENTED_EDGE('',*,*,#4731,.F.);
#6141=ORIENTED_EDGE('',*,*,#4732,.F.);
#6142=ORIENTED_EDGE('',*,*,#4733,.T.);
#6143=ORIENTED_EDGE('',*,*,#4708,.T.);
#6144=ORIENTED_EDGE('',*,*,#4734,.F.);
#6145=ORIENTED_EDGE('',*,*,#4718,.T.);
#6146=ORIENTED_EDGE('',*,*,#4709,.F.);
#6147=ORIENTED_EDGE('',*,*,#4735,.F.);
#6148=ORIENTED_EDGE('',*,*,#4736,.T.);
#6149=ORIENTED_EDGE('',*,*,#4737,.T.);
#6150=ORIENTED_EDGE('',*,*,#4712,.F.);
#6151=ORIENTED_EDGE('',*,*,#4720,.T.);
#6152=ORIENTED_EDGE('',*,*,#4719,.T.);
#6153=ORIENTED_EDGE('',*,*,#4738,.T.);
#6154=ORIENTED_EDGE('',*,*,#4739,.F.);
#6155=ORIENTED_EDGE('',*,*,#4740,.F.);
#6156=ORIENTED_EDGE('',*,*,#4741,.F.);
#6157=ORIENTED_EDGE('',*,*,#4742,.T.);
#6158=ORIENTED_EDGE('',*,*,#4743,.T.);
#6159=ORIENTED_EDGE('',*,*,#4744,.T.);
#6160=ORIENTED_EDGE('',*,*,#4745,.T.);
#6161=ORIENTED_EDGE('',*,*,#4746,.T.);
#6162=ORIENTED_EDGE('',*,*,#4747,.T.);
#6163=ORIENTED_EDGE('',*,*,#4748,.T.);
#6164=ORIENTED_EDGE('',*,*,#4749,.T.);
#6165=ORIENTED_EDGE('',*,*,#4750,.T.);
#6166=ORIENTED_EDGE('',*,*,#4751,.F.);
#6167=ORIENTED_EDGE('',*,*,#4752,.T.);
#6168=ORIENTED_EDGE('',*,*,#4753,.T.);
#6169=ORIENTED_EDGE('',*,*,#4713,.F.);
#6170=ORIENTED_EDGE('',*,*,#4754,.F.);
#6171=ORIENTED_EDGE('',*,*,#4755,.F.);
#6172=ORIENTED_EDGE('',*,*,#4756,.F.);
#6173=ORIENTED_EDGE('',*,*,#4757,.T.);
#6174=ORIENTED_EDGE('',*,*,#4758,.F.);
#6175=ORIENTED_EDGE('',*,*,#4759,.T.);
#6176=ORIENTED_EDGE('',*,*,#4760,.T.);
#6177=ORIENTED_EDGE('',*,*,#4761,.F.);
#6178=ORIENTED_EDGE('',*,*,#4762,.T.);
#6179=ORIENTED_EDGE('',*,*,#4716,.T.);
#6180=ORIENTED_EDGE('',*,*,#4715,.F.);
#6181=ORIENTED_EDGE('',*,*,#4714,.F.);
#6182=ORIENTED_EDGE('',*,*,#4763,.T.);
#6183=ORIENTED_EDGE('',*,*,#4764,.F.);
#6184=ORIENTED_EDGE('',*,*,#4723,.T.);
#6185=ORIENTED_EDGE('',*,*,#4717,.T.);
#6186=ORIENTED_EDGE('',*,*,#4765,.F.);
#6187=ORIENTED_EDGE('',*,*,#4766,.F.);
#6188=ORIENTED_EDGE('',*,*,#4725,.T.);
#6189=ORIENTED_EDGE('',*,*,#4767,.F.);
#6190=ORIENTED_EDGE('',*,*,#4768,.F.);
#6191=ORIENTED_EDGE('',*,*,#4724,.T.);
#6192=ORIENTED_EDGE('',*,*,#4769,.T.);
#6193=ORIENTED_EDGE('',*,*,#4770,.T.);
#6194=ORIENTED_EDGE('',*,*,#4771,.F.);
#6195=ORIENTED_EDGE('',*,*,#4772,.F.);
#6196=ORIENTED_EDGE('',*,*,#4773,.T.);
#6197=ORIENTED_EDGE('',*,*,#4774,.T.);
#6198=ORIENTED_EDGE('',*,*,#4727,.T.);
#6199=ORIENTED_EDGE('',*,*,#4730,.F.);
#6200=ORIENTED_EDGE('',*,*,#4766,.T.);
#6201=ORIENTED_EDGE('',*,*,#4775,.T.);
#6202=ORIENTED_EDGE('',*,*,#4776,.F.);
#6203=ORIENTED_EDGE('',*,*,#4777,.F.);
#6204=ORIENTED_EDGE('',*,*,#4748,.F.);
#6205=ORIENTED_EDGE('',*,*,#4778,.T.);
#6206=ORIENTED_EDGE('',*,*,#4731,.T.);
#6207=ORIENTED_EDGE('',*,*,#4729,.T.);
#6208=ORIENTED_EDGE('',*,*,#4779,.F.);
#6209=ORIENTED_EDGE('',*,*,#4779,.T.);
#6210=ORIENTED_EDGE('',*,*,#4728,.T.);
#6211=ORIENTED_EDGE('',*,*,#4780,.T.);
#6212=ORIENTED_EDGE('',*,*,#4781,.T.);
#6213=ORIENTED_EDGE('',*,*,#4782,.T.);
#6214=ORIENTED_EDGE('',*,*,#4735,.T.);
#6215=ORIENTED_EDGE('',*,*,#4733,.F.);
#6216=ORIENTED_EDGE('',*,*,#4783,.T.);
#6217=ORIENTED_EDGE('',*,*,#4784,.F.);
#6218=ORIENTED_EDGE('',*,*,#4785,.F.);
#6219=ORIENTED_EDGE('',*,*,#4739,.T.);
#6220=ORIENTED_EDGE('',*,*,#4786,.F.);
#6221=ORIENTED_EDGE('',*,*,#4783,.F.);
#6222=ORIENTED_EDGE('',*,*,#4732,.T.);
#6223=ORIENTED_EDGE('',*,*,#4778,.F.);
#6224=ORIENTED_EDGE('',*,*,#4781,.F.);
#6225=ORIENTED_EDGE('',*,*,#4786,.T.);
#6226=ORIENTED_EDGE('',*,*,#4738,.F.);
#6227=ORIENTED_EDGE('',*,*,#4734,.T.);
#6228=ORIENTED_EDGE('',*,*,#4782,.F.);
#6229=ORIENTED_EDGE('',*,*,#4787,.T.);
#6230=ORIENTED_EDGE('',*,*,#4788,.T.);
#6231=ORIENTED_EDGE('',*,*,#4789,.T.);
#6232=ORIENTED_EDGE('',*,*,#4790,.F.);
#6233=ORIENTED_EDGE('',*,*,#4791,.T.);
#6234=ORIENTED_EDGE('',*,*,#4792,.T.);
#6235=ORIENTED_EDGE('',*,*,#4736,.F.);
#6236=ORIENTED_EDGE('',*,*,#4793,.T.);
#6237=ORIENTED_EDGE('',*,*,#4794,.T.);
#6238=ORIENTED_EDGE('',*,*,#4795,.T.);
#6239=ORIENTED_EDGE('',*,*,#4793,.F.);
#6240=ORIENTED_EDGE('',*,*,#4742,.F.);
#6241=ORIENTED_EDGE('',*,*,#4743,.F.);
#6242=ORIENTED_EDGE('',*,*,#4737,.F.);
#6243=ORIENTED_EDGE('',*,*,#4792,.F.);
#6244=ORIENTED_EDGE('',*,*,#4796,.F.);
#6245=ORIENTED_EDGE('',*,*,#4741,.T.);
#6246=ORIENTED_EDGE('',*,*,#4797,.T.);
#6247=ORIENTED_EDGE('',*,*,#4798,.F.);
#6248=ORIENTED_EDGE('',*,*,#4794,.F.);
#6249=ORIENTED_EDGE('',*,*,#4740,.T.);
#6250=ORIENTED_EDGE('',*,*,#4785,.T.);
#6251=ORIENTED_EDGE('',*,*,#4799,.F.);
#6252=ORIENTED_EDGE('',*,*,#4797,.F.);
#6253=ORIENTED_EDGE('',*,*,#4796,.T.);
#6254=ORIENTED_EDGE('',*,*,#4791,.F.);
#6255=ORIENTED_EDGE('',*,*,#4800,.F.);
#6256=ORIENTED_EDGE('',*,*,#4744,.F.);
#6257=ORIENTED_EDGE('',*,*,#4745,.F.);
#6258=ORIENTED_EDGE('',*,*,#4800,.T.);
#6259=ORIENTED_EDGE('',*,*,#4790,.T.);
#6260=ORIENTED_EDGE('',*,*,#4801,.F.);
#6261=ORIENTED_EDGE('',*,*,#4746,.F.);
#6262=ORIENTED_EDGE('',*,*,#4801,.T.);
#6263=ORIENTED_EDGE('',*,*,#4789,.F.);
#6264=ORIENTED_EDGE('',*,*,#4802,.F.);
#6265=ORIENTED_EDGE('',*,*,#4802,.T.);
#6266=ORIENTED_EDGE('',*,*,#4788,.F.);
#6267=ORIENTED_EDGE('',*,*,#4803,.T.);
#6268=ORIENTED_EDGE('',*,*,#4747,.F.);
#6269=ORIENTED_EDGE('',*,*,#4749,.F.);
#6270=ORIENTED_EDGE('',*,*,#4804,.T.);
#6271=ORIENTED_EDGE('',*,*,#4805,.F.);
#6272=ORIENTED_EDGE('',*,*,#4806,.F.);
#6273=ORIENTED_EDGE('',*,*,#4806,.T.);
#6274=ORIENTED_EDGE('',*,*,#4807,.F.);
#6275=ORIENTED_EDGE('',*,*,#4808,.T.);
#6276=ORIENTED_EDGE('',*,*,#4750,.F.);
#6277=ORIENTED_EDGE('',*,*,#4808,.F.);
#6278=ORIENTED_EDGE('',*,*,#4809,.F.);
#6279=ORIENTED_EDGE('',*,*,#4810,.T.);
#6280=ORIENTED_EDGE('',*,*,#4751,.T.);
#6281=ORIENTED_EDGE('',*,*,#4752,.F.);
#6282=ORIENTED_EDGE('',*,*,#4810,.F.);
#6283=ORIENTED_EDGE('',*,*,#4811,.F.);
#6284=ORIENTED_EDGE('',*,*,#4812,.F.);
#6285=ORIENTED_EDGE('',*,*,#4812,.T.);
#6286=ORIENTED_EDGE('',*,*,#4813,.F.);
#6287=ORIENTED_EDGE('',*,*,#4763,.F.);
#6288=ORIENTED_EDGE('',*,*,#4753,.F.);
#6289=ORIENTED_EDGE('',*,*,#4814,.T.);
#6290=ORIENTED_EDGE('',*,*,#4754,.T.);
#6291=ORIENTED_EDGE('',*,*,#4815,.F.);
#6292=ORIENTED_EDGE('',*,*,#4816,.F.);
#6293=ORIENTED_EDGE('',*,*,#4817,.T.);
#6294=ORIENTED_EDGE('',*,*,#4755,.T.);
#6295=ORIENTED_EDGE('',*,*,#4814,.F.);
#6296=ORIENTED_EDGE('',*,*,#4818,.F.);
#6297=ORIENTED_EDGE('',*,*,#4815,.T.);
#6298=ORIENTED_EDGE('',*,*,#4756,.T.);
#6299=ORIENTED_EDGE('',*,*,#4817,.F.);
#6300=ORIENTED_EDGE('',*,*,#4819,.F.);
#6301=ORIENTED_EDGE('',*,*,#4820,.T.);
#6302=ORIENTED_EDGE('',*,*,#4821,.F.);
#6303=ORIENTED_EDGE('',*,*,#4757,.F.);
#6304=ORIENTED_EDGE('',*,*,#4813,.T.);
#6305=ORIENTED_EDGE('',*,*,#4811,.T.);
#6306=ORIENTED_EDGE('',*,*,#4809,.T.);
#6307=ORIENTED_EDGE('',*,*,#4807,.T.);
#6308=ORIENTED_EDGE('',*,*,#4805,.T.);
#6309=ORIENTED_EDGE('',*,*,#4758,.T.);
#6310=ORIENTED_EDGE('',*,*,#4821,.T.);
#6311=ORIENTED_EDGE('',*,*,#4822,.F.);
#6312=ORIENTED_EDGE('',*,*,#4823,.F.);
#6313=ORIENTED_EDGE('',*,*,#4759,.F.);
#6314=ORIENTED_EDGE('',*,*,#4823,.T.);
#6315=ORIENTED_EDGE('',*,*,#4824,.T.);
#6316=ORIENTED_EDGE('',*,*,#4825,.F.);
#6317=ORIENTED_EDGE('',*,*,#4825,.T.);
#6318=ORIENTED_EDGE('',*,*,#4826,.T.);
#6319=ORIENTED_EDGE('',*,*,#4827,.F.);
#6320=ORIENTED_EDGE('',*,*,#4760,.F.);
#6321=ORIENTED_EDGE('',*,*,#4828,.F.);
#6322=ORIENTED_EDGE('',*,*,#4829,.F.);
#6323=ORIENTED_EDGE('',*,*,#4830,.F.);
#6324=ORIENTED_EDGE('',*,*,#4770,.F.);
#6325=ORIENTED_EDGE('',*,*,#4831,.F.);
#6326=ORIENTED_EDGE('',*,*,#4832,.F.);
#6327=ORIENTED_EDGE('',*,*,#4761,.T.);
#6328=ORIENTED_EDGE('',*,*,#4827,.T.);
#6329=ORIENTED_EDGE('',*,*,#4833,.T.);
#6330=ORIENTED_EDGE('',*,*,#4765,.T.);
#6331=ORIENTED_EDGE('',*,*,#4762,.F.);
#6332=ORIENTED_EDGE('',*,*,#4832,.T.);
#6333=ORIENTED_EDGE('',*,*,#4831,.T.);
#6334=ORIENTED_EDGE('',*,*,#4769,.F.);
#6335=ORIENTED_EDGE('',*,*,#4764,.T.);
#6336=ORIENTED_EDGE('',*,*,#4833,.F.);
#6337=ORIENTED_EDGE('',*,*,#4829,.T.);
#6338=ORIENTED_EDGE('',*,*,#4834,.T.);
#6339=ORIENTED_EDGE('',*,*,#4768,.T.);
#6340=ORIENTED_EDGE('',*,*,#4835,.F.);
#6341=ORIENTED_EDGE('',*,*,#4835,.T.);
#6342=ORIENTED_EDGE('',*,*,#4767,.T.);
#6343=ORIENTED_EDGE('',*,*,#4771,.T.);
#6344=ORIENTED_EDGE('',*,*,#4830,.T.);
#6345=ORIENTED_EDGE('',*,*,#4787,.F.);
#6346=ORIENTED_EDGE('',*,*,#4795,.F.);
#6347=ORIENTED_EDGE('',*,*,#4798,.T.);
#6348=ORIENTED_EDGE('',*,*,#4799,.T.);
#6349=ORIENTED_EDGE('',*,*,#4784,.T.);
#6350=ORIENTED_EDGE('',*,*,#4780,.F.);
#6351=ORIENTED_EDGE('',*,*,#4774,.F.);
#6352=ORIENTED_EDGE('',*,*,#4773,.F.);
#6353=ORIENTED_EDGE('',*,*,#4772,.T.);
#6354=ORIENTED_EDGE('',*,*,#4803,.F.);
#6355=ORIENTED_EDGE('',*,*,#4820,.F.);
#6356=ORIENTED_EDGE('',*,*,#4804,.F.);
#6357=ORIENTED_EDGE('',*,*,#4777,.T.);
#6358=ORIENTED_EDGE('',*,*,#4776,.T.);
#6359=ORIENTED_EDGE('',*,*,#4775,.F.);
#6360=ORIENTED_EDGE('',*,*,#4834,.F.);
#6361=ORIENTED_EDGE('',*,*,#4828,.T.);
#6362=ORIENTED_EDGE('',*,*,#4826,.F.);
#6363=ORIENTED_EDGE('',*,*,#4824,.F.);
#6364=ORIENTED_EDGE('',*,*,#4822,.T.);
#6365=ORIENTED_EDGE('',*,*,#4818,.T.);
#6366=ORIENTED_EDGE('',*,*,#4816,.T.);
#6367=ORIENTED_EDGE('',*,*,#4819,.T.);
#6368=ORIENTED_EDGE('',*,*,#4836,.T.);
#6369=ORIENTED_EDGE('',*,*,#4837,.T.);
#6370=ORIENTED_EDGE('',*,*,#4838,.F.);
#6371=ORIENTED_EDGE('',*,*,#4839,.F.);
#6372=ORIENTED_EDGE('',*,*,#4840,.T.);
#6373=ORIENTED_EDGE('',*,*,#4841,.F.);
#6374=ORIENTED_EDGE('',*,*,#4842,.F.);
#6375=ORIENTED_EDGE('',*,*,#4843,.T.);
#6376=ORIENTED_EDGE('',*,*,#4844,.T.);
#6377=ORIENTED_EDGE('',*,*,#4845,.T.);
#6378=ORIENTED_EDGE('',*,*,#4846,.F.);
#6379=ORIENTED_EDGE('',*,*,#4847,.F.);
#6380=ORIENTED_EDGE('',*,*,#4836,.F.);
#6381=ORIENTED_EDGE('',*,*,#4848,.T.);
#6382=ORIENTED_EDGE('',*,*,#4839,.T.);
#6383=ORIENTED_EDGE('',*,*,#4849,.T.);
#6384=ORIENTED_EDGE('',*,*,#4850,.F.);
#6385=ORIENTED_EDGE('',*,*,#4848,.F.);
#6386=ORIENTED_EDGE('',*,*,#4847,.T.);
#6387=ORIENTED_EDGE('',*,*,#4851,.T.);
#6388=ORIENTED_EDGE('',*,*,#4852,.F.);
#6389=ORIENTED_EDGE('',*,*,#4837,.F.);
#6390=ORIENTED_EDGE('',*,*,#4853,.F.);
#6391=ORIENTED_EDGE('',*,*,#4849,.F.);
#6392=ORIENTED_EDGE('',*,*,#4838,.T.);
#6393=ORIENTED_EDGE('',*,*,#4852,.T.);
#6394=ORIENTED_EDGE('',*,*,#4854,.T.);
#6395=ORIENTED_EDGE('',*,*,#4855,.F.);
#6396=ORIENTED_EDGE('',*,*,#4856,.F.);
#6397=ORIENTED_EDGE('',*,*,#4857,.F.);
#6398=ORIENTED_EDGE('',*,*,#4858,.T.);
#6399=ORIENTED_EDGE('',*,*,#4859,.T.);
#6400=ORIENTED_EDGE('',*,*,#4853,.T.);
#6401=ORIENTED_EDGE('',*,*,#4860,.F.);
#6402=ORIENTED_EDGE('',*,*,#4840,.F.);
#6403=ORIENTED_EDGE('',*,*,#4850,.T.);
#6404=ORIENTED_EDGE('',*,*,#4841,.T.);
#6405=ORIENTED_EDGE('',*,*,#4860,.T.);
#6406=ORIENTED_EDGE('',*,*,#4859,.F.);
#6407=ORIENTED_EDGE('',*,*,#4861,.F.);
#6408=ORIENTED_EDGE('',*,*,#4842,.T.);
#6409=ORIENTED_EDGE('',*,*,#4862,.T.);
#6410=ORIENTED_EDGE('',*,*,#4863,.T.);
#6411=ORIENTED_EDGE('',*,*,#4864,.T.);
#6412=ORIENTED_EDGE('',*,*,#4865,.F.);
#6413=ORIENTED_EDGE('',*,*,#4866,.F.);
#6414=ORIENTED_EDGE('',*,*,#4844,.F.);
#6415=ORIENTED_EDGE('',*,*,#4843,.F.);
#6416=ORIENTED_EDGE('',*,*,#4854,.F.);
#6417=ORIENTED_EDGE('',*,*,#4851,.F.);
#6418=ORIENTED_EDGE('',*,*,#4846,.T.);
#6419=ORIENTED_EDGE('',*,*,#4867,.T.);
#6420=ORIENTED_EDGE('',*,*,#4868,.T.);
#6421=ORIENTED_EDGE('',*,*,#4855,.T.);
#6422=ORIENTED_EDGE('',*,*,#4867,.F.);
#6423=ORIENTED_EDGE('',*,*,#4845,.F.);
#6424=ORIENTED_EDGE('',*,*,#4858,.F.);
#6425=ORIENTED_EDGE('',*,*,#4857,.T.);
#6426=ORIENTED_EDGE('',*,*,#4856,.T.);
#6427=ORIENTED_EDGE('',*,*,#4869,.T.);
#6428=ORIENTED_EDGE('',*,*,#4870,.T.);
#6429=ORIENTED_EDGE('',*,*,#4871,.F.);
#6430=ORIENTED_EDGE('',*,*,#4872,.F.);
#6431=ORIENTED_EDGE('',*,*,#4873,.F.);
#6432=ORIENTED_EDGE('',*,*,#4861,.T.);
#6433=ORIENTED_EDGE('',*,*,#4873,.T.);
#6434=ORIENTED_EDGE('',*,*,#4874,.F.);
#6435=ORIENTED_EDGE('',*,*,#4862,.F.);
#6436=ORIENTED_EDGE('',*,*,#4875,.T.);
#6437=ORIENTED_EDGE('',*,*,#4876,.F.);
#6438=ORIENTED_EDGE('',*,*,#4877,.T.);
#6439=ORIENTED_EDGE('',*,*,#4878,.T.);
#6440=ORIENTED_EDGE('',*,*,#4879,.F.);
#6441=ORIENTED_EDGE('',*,*,#4880,.F.);
#6442=ORIENTED_EDGE('',*,*,#4865,.T.);
#6443=ORIENTED_EDGE('',*,*,#4864,.F.);
#6444=ORIENTED_EDGE('',*,*,#4863,.F.);
#6445=ORIENTED_EDGE('',*,*,#4881,.T.);
#6446=ORIENTED_EDGE('',*,*,#4866,.T.);
#6447=ORIENTED_EDGE('',*,*,#4882,.T.);
#6448=ORIENTED_EDGE('',*,*,#4883,.F.);
#6449=ORIENTED_EDGE('',*,*,#4884,.F.);
#6450=ORIENTED_EDGE('',*,*,#4884,.T.);
#6451=ORIENTED_EDGE('',*,*,#4885,.T.);
#6452=ORIENTED_EDGE('',*,*,#4886,.F.);
#6453=ORIENTED_EDGE('',*,*,#4868,.F.);
#6454=ORIENTED_EDGE('',*,*,#4887,.F.);
#6455=ORIENTED_EDGE('',*,*,#4888,.F.);
#6456=ORIENTED_EDGE('',*,*,#4872,.T.);
#6457=ORIENTED_EDGE('',*,*,#4871,.T.);
#6458=ORIENTED_EDGE('',*,*,#4870,.F.);
#6459=ORIENTED_EDGE('',*,*,#4889,.T.);
#6460=ORIENTED_EDGE('',*,*,#4890,.T.);
#6461=ORIENTED_EDGE('',*,*,#4891,.F.);
#6462=ORIENTED_EDGE('',*,*,#4892,.F.);
#6463=ORIENTED_EDGE('',*,*,#4893,.T.);
#6464=ORIENTED_EDGE('',*,*,#4869,.F.);
#6465=ORIENTED_EDGE('',*,*,#4886,.T.);
#6466=ORIENTED_EDGE('',*,*,#4894,.T.);
#6467=ORIENTED_EDGE('',*,*,#4895,.F.);
#6468=ORIENTED_EDGE('',*,*,#4874,.T.);
#6469=ORIENTED_EDGE('',*,*,#4888,.T.);
#6470=ORIENTED_EDGE('',*,*,#4896,.F.);
#6471=ORIENTED_EDGE('',*,*,#4881,.F.);
#6472=ORIENTED_EDGE('',*,*,#4887,.T.);
#6473=ORIENTED_EDGE('',*,*,#4897,.F.);
#6474=ORIENTED_EDGE('',*,*,#4875,.F.);
#6475=ORIENTED_EDGE('',*,*,#4896,.T.);
#6476=ORIENTED_EDGE('',*,*,#4876,.T.);
#6477=ORIENTED_EDGE('',*,*,#4897,.T.);
#6478=ORIENTED_EDGE('',*,*,#4893,.F.);
#6479=ORIENTED_EDGE('',*,*,#4898,.F.);
#6480=ORIENTED_EDGE('',*,*,#4877,.F.);
#6481=ORIENTED_EDGE('',*,*,#4898,.T.);
#6482=ORIENTED_EDGE('',*,*,#4892,.T.);
#6483=ORIENTED_EDGE('',*,*,#4899,.F.);
#6484=ORIENTED_EDGE('',*,*,#4899,.T.);
#6485=ORIENTED_EDGE('',*,*,#4891,.T.);
#6486=ORIENTED_EDGE('',*,*,#4900,.F.);
#6487=ORIENTED_EDGE('',*,*,#4878,.F.);
#6488=ORIENTED_EDGE('',*,*,#4890,.F.);
#6489=ORIENTED_EDGE('',*,*,#4901,.F.);
#6490=ORIENTED_EDGE('',*,*,#4879,.T.);
#6491=ORIENTED_EDGE('',*,*,#4900,.T.);
#6492=ORIENTED_EDGE('',*,*,#4880,.T.);
#6493=ORIENTED_EDGE('',*,*,#4901,.T.);
#6494=ORIENTED_EDGE('',*,*,#4889,.F.);
#6495=ORIENTED_EDGE('',*,*,#4902,.F.);
#6496=ORIENTED_EDGE('',*,*,#4882,.F.);
#6497=ORIENTED_EDGE('',*,*,#4902,.T.);
#6498=ORIENTED_EDGE('',*,*,#4895,.T.);
#6499=ORIENTED_EDGE('',*,*,#4903,.F.);
#6500=ORIENTED_EDGE('',*,*,#4885,.F.);
#6501=ORIENTED_EDGE('',*,*,#4883,.T.);
#6502=ORIENTED_EDGE('',*,*,#4903,.T.);
#6503=ORIENTED_EDGE('',*,*,#4894,.F.);
#6504=ORIENTED_EDGE('',*,*,#4904,.F.);
#6505=ORIENTED_EDGE('',*,*,#4905,.T.);
#6506=ORIENTED_EDGE('',*,*,#4906,.F.);
#6507=ORIENTED_EDGE('',*,*,#4905,.F.);
#6508=ORIENTED_EDGE('',*,*,#4904,.T.);
#6509=ORIENTED_EDGE('',*,*,#4907,.F.);
#6510=ORIENTED_EDGE('',*,*,#4908,.T.);
#6511=ORIENTED_EDGE('',*,*,#4909,.F.);
#6512=ORIENTED_EDGE('',*,*,#4910,.F.);
#6513=ORIENTED_EDGE('',*,*,#4911,.F.);
#6514=ORIENTED_EDGE('',*,*,#4910,.T.);
#6515=ORIENTED_EDGE('',*,*,#4912,.F.);
#6516=ORIENTED_EDGE('',*,*,#4913,.F.);
#6517=ORIENTED_EDGE('',*,*,#4914,.F.);
#6518=ORIENTED_EDGE('',*,*,#4913,.T.);
#6519=ORIENTED_EDGE('',*,*,#4915,.F.);
#6520=ORIENTED_EDGE('',*,*,#4916,.F.);
#6521=ORIENTED_EDGE('',*,*,#4917,.F.);
#6522=ORIENTED_EDGE('',*,*,#4916,.T.);
#6523=ORIENTED_EDGE('',*,*,#4918,.F.);
#6524=ORIENTED_EDGE('',*,*,#4919,.F.);
#6525=ORIENTED_EDGE('',*,*,#4920,.F.);
#6526=ORIENTED_EDGE('',*,*,#4919,.T.);
#6527=ORIENTED_EDGE('',*,*,#4921,.F.);
#6528=ORIENTED_EDGE('',*,*,#4922,.F.);
#6529=ORIENTED_EDGE('',*,*,#4923,.F.);
#6530=ORIENTED_EDGE('',*,*,#4922,.T.);
#6531=ORIENTED_EDGE('',*,*,#4924,.F.);
#6532=ORIENTED_EDGE('',*,*,#4925,.F.);
#6533=ORIENTED_EDGE('',*,*,#4926,.F.);
#6534=ORIENTED_EDGE('',*,*,#4925,.T.);
#6535=ORIENTED_EDGE('',*,*,#4927,.F.);
#6536=ORIENTED_EDGE('',*,*,#4928,.F.);
#6537=ORIENTED_EDGE('',*,*,#4929,.F.);
#6538=ORIENTED_EDGE('',*,*,#4928,.T.);
#6539=ORIENTED_EDGE('',*,*,#4930,.F.);
#6540=ORIENTED_EDGE('',*,*,#4908,.F.);
#6541=ORIENTED_EDGE('',*,*,#4930,.T.);
#6542=ORIENTED_EDGE('',*,*,#4927,.T.);
#6543=ORIENTED_EDGE('',*,*,#4924,.T.);
#6544=ORIENTED_EDGE('',*,*,#4921,.T.);
#6545=ORIENTED_EDGE('',*,*,#4918,.T.);
#6546=ORIENTED_EDGE('',*,*,#4915,.T.);
#6547=ORIENTED_EDGE('',*,*,#4912,.T.);
#6548=ORIENTED_EDGE('',*,*,#4909,.T.);
#6549=ORIENTED_EDGE('',*,*,#4906,.T.);
#6550=ORIENTED_EDGE('',*,*,#4931,.F.);
#6551=ORIENTED_EDGE('',*,*,#4932,.F.);
#6552=ORIENTED_EDGE('',*,*,#4933,.F.);
#6553=ORIENTED_EDGE('',*,*,#4934,.F.);
#6554=ORIENTED_EDGE('',*,*,#4935,.F.);
#6555=ORIENTED_EDGE('',*,*,#4936,.F.);
#6556=ORIENTED_EDGE('',*,*,#4937,.F.);
#6557=ORIENTED_EDGE('',*,*,#4938,.F.);
#6558=ORIENTED_EDGE('',*,*,#4939,.F.);
#6559=ORIENTED_EDGE('',*,*,#4940,.F.);
#6560=ORIENTED_EDGE('',*,*,#4941,.F.);
#6561=ORIENTED_EDGE('',*,*,#4942,.F.);
#6562=ORIENTED_EDGE('',*,*,#4943,.F.);
#6563=ORIENTED_EDGE('',*,*,#4944,.F.);
#6564=ORIENTED_EDGE('',*,*,#4945,.F.);
#6565=ORIENTED_EDGE('',*,*,#4946,.F.);
#6566=ORIENTED_EDGE('',*,*,#4947,.F.);
#6567=ORIENTED_EDGE('',*,*,#4948,.F.);
#6568=ORIENTED_EDGE('',*,*,#4949,.F.);
#6569=ORIENTED_EDGE('',*,*,#4950,.F.);
#6570=ORIENTED_EDGE('',*,*,#4951,.F.);
#6571=ORIENTED_EDGE('',*,*,#4952,.F.);
#6572=ORIENTED_EDGE('',*,*,#4953,.F.);
#6573=ORIENTED_EDGE('',*,*,#4954,.F.);
#6574=ORIENTED_EDGE('',*,*,#4955,.F.);
#6575=ORIENTED_EDGE('',*,*,#4956,.F.);
#6576=ORIENTED_EDGE('',*,*,#4957,.F.);
#6577=ORIENTED_EDGE('',*,*,#4958,.F.);
#6578=ORIENTED_EDGE('',*,*,#4959,.F.);
#6579=ORIENTED_EDGE('',*,*,#4960,.F.);
#6580=ORIENTED_EDGE('',*,*,#4961,.F.);
#6581=ORIENTED_EDGE('',*,*,#4962,.F.);
#6582=ORIENTED_EDGE('',*,*,#4963,.F.);
#6583=ORIENTED_EDGE('',*,*,#4964,.F.);
#6584=ORIENTED_EDGE('',*,*,#4965,.F.);
#6585=ORIENTED_EDGE('',*,*,#4966,.F.);
#6586=ORIENTED_EDGE('',*,*,#4967,.F.);
#6587=ORIENTED_EDGE('',*,*,#4968,.F.);
#6588=ORIENTED_EDGE('',*,*,#4969,.F.);
#6589=ORIENTED_EDGE('',*,*,#4970,.F.);
#6590=ORIENTED_EDGE('',*,*,#4971,.F.);
#6591=ORIENTED_EDGE('',*,*,#4972,.F.);
#6592=ORIENTED_EDGE('',*,*,#4973,.F.);
#6593=ORIENTED_EDGE('',*,*,#4974,.F.);
#6594=ORIENTED_EDGE('',*,*,#4975,.F.);
#6595=ORIENTED_EDGE('',*,*,#4976,.F.);
#6596=ORIENTED_EDGE('',*,*,#4977,.F.);
#6597=ORIENTED_EDGE('',*,*,#4978,.F.);
#6598=ORIENTED_EDGE('',*,*,#4979,.F.);
#6599=ORIENTED_EDGE('',*,*,#4980,.F.);
#6600=ORIENTED_EDGE('',*,*,#4981,.F.);
#6601=ORIENTED_EDGE('',*,*,#4982,.F.);
#6602=ORIENTED_EDGE('',*,*,#4983,.F.);
#6603=ORIENTED_EDGE('',*,*,#4984,.F.);
#6604=ORIENTED_EDGE('',*,*,#4985,.F.);
#6605=ORIENTED_EDGE('',*,*,#4986,.F.);
#6606=ORIENTED_EDGE('',*,*,#4987,.F.);
#6607=ORIENTED_EDGE('',*,*,#4988,.F.);
#6608=ORIENTED_EDGE('',*,*,#4989,.F.);
#6609=ORIENTED_EDGE('',*,*,#4990,.F.);
#6610=ORIENTED_EDGE('',*,*,#4991,.F.);
#6611=ORIENTED_EDGE('',*,*,#4992,.F.);
#6612=ORIENTED_EDGE('',*,*,#4907,.T.);
#6613=ORIENTED_EDGE('',*,*,#4911,.T.);
#6614=ORIENTED_EDGE('',*,*,#4914,.T.);
#6615=ORIENTED_EDGE('',*,*,#4917,.T.);
#6616=ORIENTED_EDGE('',*,*,#4920,.T.);
#6617=ORIENTED_EDGE('',*,*,#4923,.T.);
#6618=ORIENTED_EDGE('',*,*,#4926,.T.);
#6619=ORIENTED_EDGE('',*,*,#4929,.T.);
#6620=ORIENTED_EDGE('',*,*,#4993,.T.);
#6621=ORIENTED_EDGE('',*,*,#4931,.T.);
#6622=ORIENTED_EDGE('',*,*,#4994,.F.);
#6623=ORIENTED_EDGE('',*,*,#4995,.F.);
#6624=ORIENTED_EDGE('',*,*,#4996,.T.);
#6625=ORIENTED_EDGE('',*,*,#4932,.T.);
#6626=ORIENTED_EDGE('',*,*,#4993,.F.);
#6627=ORIENTED_EDGE('',*,*,#4997,.F.);
#6628=ORIENTED_EDGE('',*,*,#4994,.T.);
#6629=ORIENTED_EDGE('',*,*,#4988,.T.);
#6630=ORIENTED_EDGE('',*,*,#4998,.F.);
#6631=ORIENTED_EDGE('',*,*,#4999,.F.);
#6632=ORIENTED_EDGE('',*,*,#4995,.T.);
#6633=ORIENTED_EDGE('',*,*,#4999,.T.);
#6634=ORIENTED_EDGE('',*,*,#5000,.T.);
#6635=ORIENTED_EDGE('',*,*,#5001,.T.);
#6636=ORIENTED_EDGE('',*,*,#5002,.T.);
#6637=ORIENTED_EDGE('',*,*,#5003,.T.);
#6638=ORIENTED_EDGE('',*,*,#5004,.T.);
#6639=ORIENTED_EDGE('',*,*,#5005,.T.);
#6640=ORIENTED_EDGE('',*,*,#5006,.T.);
#6641=ORIENTED_EDGE('',*,*,#5007,.T.);
#6642=ORIENTED_EDGE('',*,*,#5008,.T.);
#6643=ORIENTED_EDGE('',*,*,#5009,.T.);
#6644=ORIENTED_EDGE('',*,*,#5010,.T.);
#6645=ORIENTED_EDGE('',*,*,#5011,.T.);
#6646=ORIENTED_EDGE('',*,*,#5012,.T.);
#6647=ORIENTED_EDGE('',*,*,#5013,.T.);
#6648=ORIENTED_EDGE('',*,*,#5014,.T.);
#6649=ORIENTED_EDGE('',*,*,#5015,.T.);
#6650=ORIENTED_EDGE('',*,*,#5016,.T.);
#6651=ORIENTED_EDGE('',*,*,#5017,.T.);
#6652=ORIENTED_EDGE('',*,*,#5018,.T.);
#6653=ORIENTED_EDGE('',*,*,#5019,.T.);
#6654=ORIENTED_EDGE('',*,*,#5020,.T.);
#6655=ORIENTED_EDGE('',*,*,#5021,.T.);
#6656=ORIENTED_EDGE('',*,*,#5022,.T.);
#6657=ORIENTED_EDGE('',*,*,#5023,.T.);
#6658=ORIENTED_EDGE('',*,*,#5024,.T.);
#6659=ORIENTED_EDGE('',*,*,#5025,.T.);
#6660=ORIENTED_EDGE('',*,*,#5026,.T.);
#6661=ORIENTED_EDGE('',*,*,#5027,.T.);
#6662=ORIENTED_EDGE('',*,*,#5028,.T.);
#6663=ORIENTED_EDGE('',*,*,#5029,.T.);
#6664=ORIENTED_EDGE('',*,*,#5030,.T.);
#6665=ORIENTED_EDGE('',*,*,#5031,.T.);
#6666=ORIENTED_EDGE('',*,*,#5032,.T.);
#6667=ORIENTED_EDGE('',*,*,#5033,.T.);
#6668=ORIENTED_EDGE('',*,*,#5034,.T.);
#6669=ORIENTED_EDGE('',*,*,#5035,.T.);
#6670=ORIENTED_EDGE('',*,*,#5036,.T.);
#6671=ORIENTED_EDGE('',*,*,#5037,.T.);
#6672=ORIENTED_EDGE('',*,*,#5038,.T.);
#6673=ORIENTED_EDGE('',*,*,#5039,.T.);
#6674=ORIENTED_EDGE('',*,*,#5040,.T.);
#6675=ORIENTED_EDGE('',*,*,#5041,.T.);
#6676=ORIENTED_EDGE('',*,*,#5042,.T.);
#6677=ORIENTED_EDGE('',*,*,#5043,.T.);
#6678=ORIENTED_EDGE('',*,*,#5044,.T.);
#6679=ORIENTED_EDGE('',*,*,#5045,.T.);
#6680=ORIENTED_EDGE('',*,*,#5046,.T.);
#6681=ORIENTED_EDGE('',*,*,#5047,.T.);
#6682=ORIENTED_EDGE('',*,*,#5048,.T.);
#6683=ORIENTED_EDGE('',*,*,#5049,.T.);
#6684=ORIENTED_EDGE('',*,*,#5050,.T.);
#6685=ORIENTED_EDGE('',*,*,#5051,.T.);
#6686=ORIENTED_EDGE('',*,*,#5052,.T.);
#6687=ORIENTED_EDGE('',*,*,#5053,.T.);
#6688=ORIENTED_EDGE('',*,*,#5054,.T.);
#6689=ORIENTED_EDGE('',*,*,#4997,.T.);
#6690=ORIENTED_EDGE('',*,*,#5055,.T.);
#6691=ORIENTED_EDGE('',*,*,#5056,.T.);
#6692=ORIENTED_EDGE('',*,*,#5057,.T.);
#6693=ORIENTED_EDGE('',*,*,#5058,.T.);
#6694=ORIENTED_EDGE('',*,*,#5059,.T.);
#6695=ORIENTED_EDGE('',*,*,#4933,.T.);
#6696=ORIENTED_EDGE('',*,*,#4996,.F.);
#6697=ORIENTED_EDGE('',*,*,#5054,.F.);
#6698=ORIENTED_EDGE('',*,*,#4998,.T.);
#6699=ORIENTED_EDGE('',*,*,#4987,.T.);
#6700=ORIENTED_EDGE('',*,*,#5060,.F.);
#6701=ORIENTED_EDGE('',*,*,#5000,.F.);
#6702=ORIENTED_EDGE('',*,*,#5061,.T.);
#6703=ORIENTED_EDGE('',*,*,#4934,.T.);
#6704=ORIENTED_EDGE('',*,*,#5059,.F.);
#6705=ORIENTED_EDGE('',*,*,#5053,.F.);
#6706=ORIENTED_EDGE('',*,*,#5060,.T.);
#6707=ORIENTED_EDGE('',*,*,#4986,.T.);
#6708=ORIENTED_EDGE('',*,*,#5062,.F.);
#6709=ORIENTED_EDGE('',*,*,#5001,.F.);
#6710=ORIENTED_EDGE('',*,*,#5063,.T.);
#6711=ORIENTED_EDGE('',*,*,#4935,.T.);
#6712=ORIENTED_EDGE('',*,*,#5061,.F.);
#6713=ORIENTED_EDGE('',*,*,#5052,.F.);
#6714=ORIENTED_EDGE('',*,*,#5062,.T.);
#6715=ORIENTED_EDGE('',*,*,#4985,.T.);
#6716=ORIENTED_EDGE('',*,*,#5064,.F.);
#6717=ORIENTED_EDGE('',*,*,#5002,.F.);
#6718=ORIENTED_EDGE('',*,*,#5065,.T.);
#6719=ORIENTED_EDGE('',*,*,#4936,.T.);
#6720=ORIENTED_EDGE('',*,*,#5063,.F.);
#6721=ORIENTED_EDGE('',*,*,#5051,.F.);
#6722=ORIENTED_EDGE('',*,*,#5064,.T.);
#6723=ORIENTED_EDGE('',*,*,#4984,.T.);
#6724=ORIENTED_EDGE('',*,*,#5066,.F.);
#6725=ORIENTED_EDGE('',*,*,#5003,.F.);
#6726=ORIENTED_EDGE('',*,*,#5067,.T.);
#6727=ORIENTED_EDGE('',*,*,#4937,.T.);
#6728=ORIENTED_EDGE('',*,*,#5065,.F.);
#6729=ORIENTED_EDGE('',*,*,#5050,.F.);
#6730=ORIENTED_EDGE('',*,*,#5066,.T.);
#6731=ORIENTED_EDGE('',*,*,#4983,.T.);
#6732=ORIENTED_EDGE('',*,*,#5068,.F.);
#6733=ORIENTED_EDGE('',*,*,#5004,.F.);
#6734=ORIENTED_EDGE('',*,*,#5069,.T.);
#6735=ORIENTED_EDGE('',*,*,#4938,.T.);
#6736=ORIENTED_EDGE('',*,*,#5067,.F.);
#6737=ORIENTED_EDGE('',*,*,#5049,.F.);
#6738=ORIENTED_EDGE('',*,*,#5068,.T.);
#6739=ORIENTED_EDGE('',*,*,#4982,.T.);
#6740=ORIENTED_EDGE('',*,*,#5070,.F.);
#6741=ORIENTED_EDGE('',*,*,#5005,.F.);
#6742=ORIENTED_EDGE('',*,*,#5071,.T.);
#6743=ORIENTED_EDGE('',*,*,#4939,.T.);
#6744=ORIENTED_EDGE('',*,*,#5069,.F.);
#6745=ORIENTED_EDGE('',*,*,#5048,.F.);
#6746=ORIENTED_EDGE('',*,*,#5070,.T.);
#6747=ORIENTED_EDGE('',*,*,#4981,.T.);
#6748=ORIENTED_EDGE('',*,*,#5072,.F.);
#6749=ORIENTED_EDGE('',*,*,#5006,.F.);
#6750=ORIENTED_EDGE('',*,*,#5073,.T.);
#6751=ORIENTED_EDGE('',*,*,#4940,.T.);
#6752=ORIENTED_EDGE('',*,*,#5071,.F.);
#6753=ORIENTED_EDGE('',*,*,#5047,.F.);
#6754=ORIENTED_EDGE('',*,*,#5072,.T.);
#6755=ORIENTED_EDGE('',*,*,#4980,.T.);
#6756=ORIENTED_EDGE('',*,*,#5074,.F.);
#6757=ORIENTED_EDGE('',*,*,#5007,.F.);
#6758=ORIENTED_EDGE('',*,*,#5075,.T.);
#6759=ORIENTED_EDGE('',*,*,#4941,.T.);
#6760=ORIENTED_EDGE('',*,*,#5073,.F.);
#6761=ORIENTED_EDGE('',*,*,#5046,.F.);
#6762=ORIENTED_EDGE('',*,*,#5074,.T.);
#6763=ORIENTED_EDGE('',*,*,#4979,.T.);
#6764=ORIENTED_EDGE('',*,*,#5076,.F.);
#6765=ORIENTED_EDGE('',*,*,#5008,.F.);
#6766=ORIENTED_EDGE('',*,*,#5077,.T.);
#6767=ORIENTED_EDGE('',*,*,#4942,.T.);
#6768=ORIENTED_EDGE('',*,*,#5075,.F.);
#6769=ORIENTED_EDGE('',*,*,#5045,.F.);
#6770=ORIENTED_EDGE('',*,*,#5076,.T.);
#6771=ORIENTED_EDGE('',*,*,#4978,.T.);
#6772=ORIENTED_EDGE('',*,*,#5078,.F.);
#6773=ORIENTED_EDGE('',*,*,#5009,.F.);
#6774=ORIENTED_EDGE('',*,*,#5079,.T.);
#6775=ORIENTED_EDGE('',*,*,#4943,.T.);
#6776=ORIENTED_EDGE('',*,*,#5077,.F.);
#6777=ORIENTED_EDGE('',*,*,#5044,.F.);
#6778=ORIENTED_EDGE('',*,*,#5078,.T.);
#6779=ORIENTED_EDGE('',*,*,#4977,.T.);
#6780=ORIENTED_EDGE('',*,*,#5080,.F.);
#6781=ORIENTED_EDGE('',*,*,#5010,.F.);
#6782=ORIENTED_EDGE('',*,*,#5081,.T.);
#6783=ORIENTED_EDGE('',*,*,#4944,.T.);
#6784=ORIENTED_EDGE('',*,*,#5079,.F.);
#6785=ORIENTED_EDGE('',*,*,#5043,.F.);
#6786=ORIENTED_EDGE('',*,*,#5080,.T.);
#6787=ORIENTED_EDGE('',*,*,#4976,.T.);
#6788=ORIENTED_EDGE('',*,*,#5082,.F.);
#6789=ORIENTED_EDGE('',*,*,#5011,.F.);
#6790=ORIENTED_EDGE('',*,*,#5083,.T.);
#6791=ORIENTED_EDGE('',*,*,#4945,.T.);
#6792=ORIENTED_EDGE('',*,*,#5081,.F.);
#6793=ORIENTED_EDGE('',*,*,#5042,.F.);
#6794=ORIENTED_EDGE('',*,*,#5082,.T.);
#6795=ORIENTED_EDGE('',*,*,#4975,.T.);
#6796=ORIENTED_EDGE('',*,*,#5084,.F.);
#6797=ORIENTED_EDGE('',*,*,#5012,.F.);
#6798=ORIENTED_EDGE('',*,*,#5085,.T.);
#6799=ORIENTED_EDGE('',*,*,#4946,.T.);
#6800=ORIENTED_EDGE('',*,*,#5083,.F.);
#6801=ORIENTED_EDGE('',*,*,#5041,.F.);
#6802=ORIENTED_EDGE('',*,*,#5084,.T.);
#6803=ORIENTED_EDGE('',*,*,#4974,.T.);
#6804=ORIENTED_EDGE('',*,*,#5086,.F.);
#6805=ORIENTED_EDGE('',*,*,#5013,.F.);
#6806=ORIENTED_EDGE('',*,*,#5087,.T.);
#6807=ORIENTED_EDGE('',*,*,#4947,.T.);
#6808=ORIENTED_EDGE('',*,*,#5085,.F.);
#6809=ORIENTED_EDGE('',*,*,#5040,.F.);
#6810=ORIENTED_EDGE('',*,*,#5086,.T.);
#6811=ORIENTED_EDGE('',*,*,#4973,.T.);
#6812=ORIENTED_EDGE('',*,*,#5088,.F.);
#6813=ORIENTED_EDGE('',*,*,#5014,.F.);
#6814=ORIENTED_EDGE('',*,*,#5089,.T.);
#6815=ORIENTED_EDGE('',*,*,#4948,.T.);
#6816=ORIENTED_EDGE('',*,*,#5087,.F.);
#6817=ORIENTED_EDGE('',*,*,#5039,.F.);
#6818=ORIENTED_EDGE('',*,*,#5088,.T.);
#6819=ORIENTED_EDGE('',*,*,#4972,.T.);
#6820=ORIENTED_EDGE('',*,*,#5090,.F.);
#6821=ORIENTED_EDGE('',*,*,#5015,.F.);
#6822=ORIENTED_EDGE('',*,*,#5091,.T.);
#6823=ORIENTED_EDGE('',*,*,#4949,.T.);
#6824=ORIENTED_EDGE('',*,*,#5089,.F.);
#6825=ORIENTED_EDGE('',*,*,#5038,.F.);
#6826=ORIENTED_EDGE('',*,*,#5090,.T.);
#6827=ORIENTED_EDGE('',*,*,#4971,.T.);
#6828=ORIENTED_EDGE('',*,*,#5092,.F.);
#6829=ORIENTED_EDGE('',*,*,#5016,.F.);
#6830=ORIENTED_EDGE('',*,*,#5093,.T.);
#6831=ORIENTED_EDGE('',*,*,#4950,.T.);
#6832=ORIENTED_EDGE('',*,*,#5091,.F.);
#6833=ORIENTED_EDGE('',*,*,#5037,.F.);
#6834=ORIENTED_EDGE('',*,*,#5092,.T.);
#6835=ORIENTED_EDGE('',*,*,#4970,.T.);
#6836=ORIENTED_EDGE('',*,*,#5094,.F.);
#6837=ORIENTED_EDGE('',*,*,#5017,.F.);
#6838=ORIENTED_EDGE('',*,*,#5095,.T.);
#6839=ORIENTED_EDGE('',*,*,#4951,.T.);
#6840=ORIENTED_EDGE('',*,*,#5093,.F.);
#6841=ORIENTED_EDGE('',*,*,#5036,.F.);
#6842=ORIENTED_EDGE('',*,*,#5094,.T.);
#6843=ORIENTED_EDGE('',*,*,#4969,.T.);
#6844=ORIENTED_EDGE('',*,*,#5096,.F.);
#6845=ORIENTED_EDGE('',*,*,#5018,.F.);
#6846=ORIENTED_EDGE('',*,*,#5097,.T.);
#6847=ORIENTED_EDGE('',*,*,#4952,.T.);
#6848=ORIENTED_EDGE('',*,*,#5095,.F.);
#6849=ORIENTED_EDGE('',*,*,#5035,.F.);
#6850=ORIENTED_EDGE('',*,*,#5096,.T.);
#6851=ORIENTED_EDGE('',*,*,#4968,.T.);
#6852=ORIENTED_EDGE('',*,*,#5098,.F.);
#6853=ORIENTED_EDGE('',*,*,#5019,.F.);
#6854=ORIENTED_EDGE('',*,*,#5099,.T.);
#6855=ORIENTED_EDGE('',*,*,#4953,.T.);
#6856=ORIENTED_EDGE('',*,*,#5097,.F.);
#6857=ORIENTED_EDGE('',*,*,#5034,.F.);
#6858=ORIENTED_EDGE('',*,*,#5098,.T.);
#6859=ORIENTED_EDGE('',*,*,#4967,.T.);
#6860=ORIENTED_EDGE('',*,*,#5100,.F.);
#6861=ORIENTED_EDGE('',*,*,#5020,.F.);
#6862=ORIENTED_EDGE('',*,*,#5101,.T.);
#6863=ORIENTED_EDGE('',*,*,#4954,.T.);
#6864=ORIENTED_EDGE('',*,*,#5099,.F.);
#6865=ORIENTED_EDGE('',*,*,#5033,.F.);
#6866=ORIENTED_EDGE('',*,*,#5100,.T.);
#6867=ORIENTED_EDGE('',*,*,#4966,.T.);
#6868=ORIENTED_EDGE('',*,*,#5102,.F.);
#6869=ORIENTED_EDGE('',*,*,#5021,.F.);
#6870=ORIENTED_EDGE('',*,*,#5103,.T.);
#6871=ORIENTED_EDGE('',*,*,#4955,.T.);
#6872=ORIENTED_EDGE('',*,*,#5101,.F.);
#6873=ORIENTED_EDGE('',*,*,#5032,.F.);
#6874=ORIENTED_EDGE('',*,*,#5102,.T.);
#6875=ORIENTED_EDGE('',*,*,#4965,.T.);
#6876=ORIENTED_EDGE('',*,*,#5104,.F.);
#6877=ORIENTED_EDGE('',*,*,#5022,.F.);
#6878=ORIENTED_EDGE('',*,*,#5105,.T.);
#6879=ORIENTED_EDGE('',*,*,#4956,.T.);
#6880=ORIENTED_EDGE('',*,*,#5103,.F.);
#6881=ORIENTED_EDGE('',*,*,#5031,.F.);
#6882=ORIENTED_EDGE('',*,*,#5104,.T.);
#6883=ORIENTED_EDGE('',*,*,#4964,.T.);
#6884=ORIENTED_EDGE('',*,*,#5106,.F.);
#6885=ORIENTED_EDGE('',*,*,#5023,.F.);
#6886=ORIENTED_EDGE('',*,*,#5107,.T.);
#6887=ORIENTED_EDGE('',*,*,#4957,.T.);
#6888=ORIENTED_EDGE('',*,*,#5105,.F.);
#6889=ORIENTED_EDGE('',*,*,#5030,.F.);
#6890=ORIENTED_EDGE('',*,*,#5106,.T.);
#6891=ORIENTED_EDGE('',*,*,#4963,.T.);
#6892=ORIENTED_EDGE('',*,*,#5108,.F.);
#6893=ORIENTED_EDGE('',*,*,#5024,.F.);
#6894=ORIENTED_EDGE('',*,*,#5109,.T.);
#6895=ORIENTED_EDGE('',*,*,#4958,.T.);
#6896=ORIENTED_EDGE('',*,*,#5107,.F.);
#6897=ORIENTED_EDGE('',*,*,#5029,.F.);
#6898=ORIENTED_EDGE('',*,*,#5108,.T.);
#6899=ORIENTED_EDGE('',*,*,#4962,.T.);
#6900=ORIENTED_EDGE('',*,*,#5110,.F.);
#6901=ORIENTED_EDGE('',*,*,#5025,.F.);
#6902=ORIENTED_EDGE('',*,*,#5111,.T.);
#6903=ORIENTED_EDGE('',*,*,#4959,.T.);
#6904=ORIENTED_EDGE('',*,*,#5109,.F.);
#6905=ORIENTED_EDGE('',*,*,#5028,.F.);
#6906=ORIENTED_EDGE('',*,*,#5110,.T.);
#6907=ORIENTED_EDGE('',*,*,#4961,.T.);
#6908=ORIENTED_EDGE('',*,*,#5112,.F.);
#6909=ORIENTED_EDGE('',*,*,#5026,.F.);
#6910=ORIENTED_EDGE('',*,*,#5112,.T.);
#6911=ORIENTED_EDGE('',*,*,#4960,.T.);
#6912=ORIENTED_EDGE('',*,*,#5111,.F.);
#6913=ORIENTED_EDGE('',*,*,#5027,.F.);
#6914=ORIENTED_EDGE('',*,*,#5055,.F.);
#6915=ORIENTED_EDGE('',*,*,#5113,.T.);
#6916=ORIENTED_EDGE('',*,*,#4992,.T.);
#6917=ORIENTED_EDGE('',*,*,#5113,.F.);
#6918=ORIENTED_EDGE('',*,*,#5056,.F.);
#6919=ORIENTED_EDGE('',*,*,#5114,.T.);
#6920=ORIENTED_EDGE('',*,*,#4991,.T.);
#6921=ORIENTED_EDGE('',*,*,#5114,.F.);
#6922=ORIENTED_EDGE('',*,*,#5057,.F.);
#6923=ORIENTED_EDGE('',*,*,#5115,.T.);
#6924=ORIENTED_EDGE('',*,*,#4990,.T.);
#6925=ORIENTED_EDGE('',*,*,#5115,.F.);
#6926=ORIENTED_EDGE('',*,*,#5058,.F.);
#6927=ORIENTED_EDGE('',*,*,#5116,.T.);
#6928=ORIENTED_EDGE('',*,*,#4989,.T.);
#6929=ORIENTED_EDGE('',*,*,#5116,.F.);
#6930=ORIENTED_EDGE('',*,*,#5117,.T.);
#6931=ORIENTED_EDGE('',*,*,#5118,.T.);
#6932=ORIENTED_EDGE('',*,*,#5119,.T.);
#6933=ORIENTED_EDGE('',*,*,#5120,.T.);
#6934=ORIENTED_EDGE('',*,*,#5121,.T.);
#6935=ORIENTED_EDGE('',*,*,#5122,.T.);
#6936=ORIENTED_EDGE('',*,*,#5119,.F.);
#6937=ORIENTED_EDGE('',*,*,#5123,.T.);
#6938=ORIENTED_EDGE('',*,*,#5124,.T.);
#6939=ORIENTED_EDGE('',*,*,#5125,.T.);
#6940=ORIENTED_EDGE('',*,*,#5121,.F.);
#6941=ORIENTED_EDGE('',*,*,#5126,.T.);
#6942=ORIENTED_EDGE('',*,*,#5127,.T.);
#6943=ORIENTED_EDGE('',*,*,#5128,.T.);
#6944=ORIENTED_EDGE('',*,*,#5124,.F.);
#6945=ORIENTED_EDGE('',*,*,#5129,.T.);
#6946=ORIENTED_EDGE('',*,*,#5130,.T.);
#6947=ORIENTED_EDGE('',*,*,#5131,.T.);
#6948=ORIENTED_EDGE('',*,*,#5127,.F.);
#6949=ORIENTED_EDGE('',*,*,#5132,.T.);
#6950=ORIENTED_EDGE('',*,*,#5133,.T.);
#6951=ORIENTED_EDGE('',*,*,#5134,.T.);
#6952=ORIENTED_EDGE('',*,*,#5130,.F.);
#6953=ORIENTED_EDGE('',*,*,#5135,.T.);
#6954=ORIENTED_EDGE('',*,*,#5136,.T.);
#6955=ORIENTED_EDGE('',*,*,#5137,.T.);
#6956=ORIENTED_EDGE('',*,*,#5133,.F.);
#6957=ORIENTED_EDGE('',*,*,#5138,.T.);
#6958=ORIENTED_EDGE('',*,*,#5117,.F.);
#6959=ORIENTED_EDGE('',*,*,#5139,.T.);
#6960=ORIENTED_EDGE('',*,*,#5136,.F.);
#6961=ORIENTED_EDGE('',*,*,#5140,.T.);
#6962=ORIENTED_EDGE('',*,*,#5129,.F.);
#6963=ORIENTED_EDGE('',*,*,#5141,.T.);
#6964=ORIENTED_EDGE('',*,*,#5142,.F.);
#6965=ORIENTED_EDGE('',*,*,#5143,.T.);
#6966=ORIENTED_EDGE('',*,*,#5126,.F.);
#6967=ORIENTED_EDGE('',*,*,#5144,.T.);
#6968=ORIENTED_EDGE('',*,*,#5145,.F.);
#6969=ORIENTED_EDGE('',*,*,#5141,.F.);
#6970=ORIENTED_EDGE('',*,*,#5123,.F.);
#6971=ORIENTED_EDGE('',*,*,#5146,.T.);
#6972=ORIENTED_EDGE('',*,*,#5147,.F.);
#6973=ORIENTED_EDGE('',*,*,#5144,.F.);
#6974=ORIENTED_EDGE('',*,*,#5118,.F.);
#6975=ORIENTED_EDGE('',*,*,#5148,.T.);
#6976=ORIENTED_EDGE('',*,*,#5149,.F.);
#6977=ORIENTED_EDGE('',*,*,#5146,.F.);
#6978=ORIENTED_EDGE('',*,*,#5120,.F.);
#6979=ORIENTED_EDGE('',*,*,#5122,.F.);
#6980=ORIENTED_EDGE('',*,*,#5125,.F.);
#6981=ORIENTED_EDGE('',*,*,#5128,.F.);
#6982=ORIENTED_EDGE('',*,*,#5131,.F.);
#6983=ORIENTED_EDGE('',*,*,#5134,.F.);
#6984=ORIENTED_EDGE('',*,*,#5137,.F.);
#6985=ORIENTED_EDGE('',*,*,#5139,.F.);
#6986=ORIENTED_EDGE('',*,*,#5150,.T.);
#6987=ORIENTED_EDGE('',*,*,#5151,.T.);
#6988=ORIENTED_EDGE('',*,*,#5152,.F.);
#6989=ORIENTED_EDGE('',*,*,#5153,.F.);
#6990=ORIENTED_EDGE('',*,*,#5154,.F.);
#6991=ORIENTED_EDGE('',*,*,#5155,.F.);
#6992=ORIENTED_EDGE('',*,*,#5156,.F.);
#6993=ORIENTED_EDGE('',*,*,#5157,.F.);
#6994=ORIENTED_EDGE('',*,*,#5158,.F.);
#6995=ORIENTED_EDGE('',*,*,#5159,.F.);
#6996=ORIENTED_EDGE('',*,*,#5160,.F.);
#6997=ORIENTED_EDGE('',*,*,#5161,.F.);
#6998=ORIENTED_EDGE('',*,*,#5162,.F.);
#6999=ORIENTED_EDGE('',*,*,#5163,.F.);
#7000=ORIENTED_EDGE('',*,*,#5164,.F.);
#7001=ORIENTED_EDGE('',*,*,#5165,.F.);
#7002=ORIENTED_EDGE('',*,*,#5166,.F.);
#7003=ORIENTED_EDGE('',*,*,#5167,.F.);
#7004=ORIENTED_EDGE('',*,*,#5168,.F.);
#7005=ORIENTED_EDGE('',*,*,#5169,.F.);
#7006=ORIENTED_EDGE('',*,*,#5170,.F.);
#7007=ORIENTED_EDGE('',*,*,#5171,.F.);
#7008=ORIENTED_EDGE('',*,*,#5172,.F.);
#7009=ORIENTED_EDGE('',*,*,#5173,.F.);
#7010=ORIENTED_EDGE('',*,*,#5174,.F.);
#7011=ORIENTED_EDGE('',*,*,#5175,.F.);
#7012=ORIENTED_EDGE('',*,*,#5176,.F.);
#7013=ORIENTED_EDGE('',*,*,#5177,.F.);
#7014=ORIENTED_EDGE('',*,*,#5178,.F.);
#7015=ORIENTED_EDGE('',*,*,#5179,.F.);
#7016=ORIENTED_EDGE('',*,*,#5180,.F.);
#7017=ORIENTED_EDGE('',*,*,#5181,.F.);
#7018=ORIENTED_EDGE('',*,*,#5182,.F.);
#7019=ORIENTED_EDGE('',*,*,#5183,.F.);
#7020=ORIENTED_EDGE('',*,*,#5184,.F.);
#7021=ORIENTED_EDGE('',*,*,#5185,.F.);
#7022=ORIENTED_EDGE('',*,*,#5186,.F.);
#7023=ORIENTED_EDGE('',*,*,#5187,.F.);
#7024=ORIENTED_EDGE('',*,*,#5188,.F.);
#7025=ORIENTED_EDGE('',*,*,#5189,.F.);
#7026=ORIENTED_EDGE('',*,*,#5190,.F.);
#7027=ORIENTED_EDGE('',*,*,#5191,.F.);
#7028=ORIENTED_EDGE('',*,*,#5192,.F.);
#7029=ORIENTED_EDGE('',*,*,#5193,.F.);
#7030=ORIENTED_EDGE('',*,*,#5194,.F.);
#7031=ORIENTED_EDGE('',*,*,#5195,.F.);
#7032=ORIENTED_EDGE('',*,*,#5196,.F.);
#7033=ORIENTED_EDGE('',*,*,#5197,.F.);
#7034=ORIENTED_EDGE('',*,*,#5198,.F.);
#7035=ORIENTED_EDGE('',*,*,#5199,.F.);
#7036=ORIENTED_EDGE('',*,*,#5200,.F.);
#7037=ORIENTED_EDGE('',*,*,#5201,.F.);
#7038=ORIENTED_EDGE('',*,*,#5202,.F.);
#7039=ORIENTED_EDGE('',*,*,#5203,.F.);
#7040=ORIENTED_EDGE('',*,*,#5204,.F.);
#7041=ORIENTED_EDGE('',*,*,#5205,.F.);
#7042=ORIENTED_EDGE('',*,*,#5206,.F.);
#7043=ORIENTED_EDGE('',*,*,#5207,.F.);
#7044=ORIENTED_EDGE('',*,*,#5208,.F.);
#7045=ORIENTED_EDGE('',*,*,#5209,.F.);
#7046=ORIENTED_EDGE('',*,*,#5210,.F.);
#7047=ORIENTED_EDGE('',*,*,#5211,.F.);
#7048=ORIENTED_EDGE('',*,*,#5212,.F.);
#7049=ORIENTED_EDGE('',*,*,#5213,.F.);
#7050=ORIENTED_EDGE('',*,*,#5214,.F.);
#7051=ORIENTED_EDGE('',*,*,#5215,.F.);
#7052=ORIENTED_EDGE('',*,*,#5216,.F.);
#7053=ORIENTED_EDGE('',*,*,#5217,.F.);
#7054=ORIENTED_EDGE('',*,*,#5218,.F.);
#7055=ORIENTED_EDGE('',*,*,#5219,.F.);
#7056=ORIENTED_EDGE('',*,*,#5220,.F.);
#7057=ORIENTED_EDGE('',*,*,#5221,.F.);
#7058=ORIENTED_EDGE('',*,*,#5222,.F.);
#7059=ORIENTED_EDGE('',*,*,#5223,.F.);
#7060=ORIENTED_EDGE('',*,*,#5224,.F.);
#7061=ORIENTED_EDGE('',*,*,#5225,.T.);
#7062=ORIENTED_EDGE('',*,*,#5226,.T.);
#7063=ORIENTED_EDGE('',*,*,#5227,.T.);
#7064=ORIENTED_EDGE('',*,*,#5228,.T.);
#7065=ORIENTED_EDGE('',*,*,#5229,.F.);
#7066=ORIENTED_EDGE('',*,*,#5230,.F.);
#7067=ORIENTED_EDGE('',*,*,#5231,.F.);
#7068=ORIENTED_EDGE('',*,*,#5232,.F.);
#7069=ORIENTED_EDGE('',*,*,#5228,.F.);
#7070=ORIENTED_EDGE('',*,*,#5233,.T.);
#7071=ORIENTED_EDGE('',*,*,#5150,.F.);
#7072=ORIENTED_EDGE('',*,*,#5233,.F.);
#7073=ORIENTED_EDGE('',*,*,#5227,.F.);
#7074=ORIENTED_EDGE('',*,*,#5234,.T.);
#7075=ORIENTED_EDGE('',*,*,#5153,.T.);
#7076=ORIENTED_EDGE('',*,*,#5234,.F.);
#7077=ORIENTED_EDGE('',*,*,#5226,.F.);
#7078=ORIENTED_EDGE('',*,*,#5235,.T.);
#7079=ORIENTED_EDGE('',*,*,#5152,.T.);
#7080=ORIENTED_EDGE('',*,*,#5235,.F.);
#7081=ORIENTED_EDGE('',*,*,#5225,.F.);
#7082=ORIENTED_EDGE('',*,*,#5236,.T.);
#7083=ORIENTED_EDGE('',*,*,#5151,.F.);
#7084=ORIENTED_EDGE('',*,*,#5236,.F.);
#7085=ORIENTED_EDGE('',*,*,#5204,.T.);
#7086=ORIENTED_EDGE('',*,*,#5237,.T.);
#7087=ORIENTED_EDGE('',*,*,#5238,.F.);
#7088=ORIENTED_EDGE('',*,*,#5239,.F.);
#7089=ORIENTED_EDGE('',*,*,#5203,.T.);
#7090=ORIENTED_EDGE('',*,*,#5240,.T.);
#7091=ORIENTED_EDGE('',*,*,#5241,.F.);
#7092=ORIENTED_EDGE('',*,*,#5237,.F.);
#7093=ORIENTED_EDGE('',*,*,#5202,.T.);
#7094=ORIENTED_EDGE('',*,*,#5242,.T.);
#7095=ORIENTED_EDGE('',*,*,#5243,.F.);
#7096=ORIENTED_EDGE('',*,*,#5240,.F.);
#7097=ORIENTED_EDGE('',*,*,#5201,.T.);
#7098=ORIENTED_EDGE('',*,*,#5244,.T.);
#7099=ORIENTED_EDGE('',*,*,#5245,.F.);
#7100=ORIENTED_EDGE('',*,*,#5242,.F.);
#7101=ORIENTED_EDGE('',*,*,#5200,.T.);
#7102=ORIENTED_EDGE('',*,*,#5246,.T.);
#7103=ORIENTED_EDGE('',*,*,#5247,.F.);
#7104=ORIENTED_EDGE('',*,*,#5244,.F.);
#7105=ORIENTED_EDGE('',*,*,#5199,.T.);
#7106=ORIENTED_EDGE('',*,*,#5248,.T.);
#7107=ORIENTED_EDGE('',*,*,#5249,.F.);
#7108=ORIENTED_EDGE('',*,*,#5246,.F.);
#7109=ORIENTED_EDGE('',*,*,#5198,.T.);
#7110=ORIENTED_EDGE('',*,*,#5250,.T.);
#7111=ORIENTED_EDGE('',*,*,#5251,.F.);
#7112=ORIENTED_EDGE('',*,*,#5248,.F.);
#7113=ORIENTED_EDGE('',*,*,#5197,.T.);
#7114=ORIENTED_EDGE('',*,*,#5252,.T.);
#7115=ORIENTED_EDGE('',*,*,#5253,.F.);
#7116=ORIENTED_EDGE('',*,*,#5250,.F.);
#7117=ORIENTED_EDGE('',*,*,#5196,.T.);
#7118=ORIENTED_EDGE('',*,*,#5254,.T.);
#7119=ORIENTED_EDGE('',*,*,#5255,.F.);
#7120=ORIENTED_EDGE('',*,*,#5252,.F.);
#7121=ORIENTED_EDGE('',*,*,#5195,.T.);
#7122=ORIENTED_EDGE('',*,*,#5256,.T.);
#7123=ORIENTED_EDGE('',*,*,#5257,.F.);
#7124=ORIENTED_EDGE('',*,*,#5254,.F.);
#7125=ORIENTED_EDGE('',*,*,#5194,.T.);
#7126=ORIENTED_EDGE('',*,*,#5258,.T.);
#7127=ORIENTED_EDGE('',*,*,#5259,.F.);
#7128=ORIENTED_EDGE('',*,*,#5256,.F.);
#7129=ORIENTED_EDGE('',*,*,#5193,.T.);
#7130=ORIENTED_EDGE('',*,*,#5260,.T.);
#7131=ORIENTED_EDGE('',*,*,#5261,.F.);
#7132=ORIENTED_EDGE('',*,*,#5258,.F.);
#7133=ORIENTED_EDGE('',*,*,#5192,.T.);
#7134=ORIENTED_EDGE('',*,*,#5262,.T.);
#7135=ORIENTED_EDGE('',*,*,#5263,.F.);
#7136=ORIENTED_EDGE('',*,*,#5260,.F.);
#7137=ORIENTED_EDGE('',*,*,#5191,.T.);
#7138=ORIENTED_EDGE('',*,*,#5264,.T.);
#7139=ORIENTED_EDGE('',*,*,#5265,.F.);
#7140=ORIENTED_EDGE('',*,*,#5262,.F.);
#7141=ORIENTED_EDGE('',*,*,#5190,.T.);
#7142=ORIENTED_EDGE('',*,*,#5266,.T.);
#7143=ORIENTED_EDGE('',*,*,#5267,.F.);
#7144=ORIENTED_EDGE('',*,*,#5264,.F.);
#7145=ORIENTED_EDGE('',*,*,#5189,.T.);
#7146=ORIENTED_EDGE('',*,*,#5268,.T.);
#7147=ORIENTED_EDGE('',*,*,#5269,.F.);
#7148=ORIENTED_EDGE('',*,*,#5266,.F.);
#7149=ORIENTED_EDGE('',*,*,#5188,.T.);
#7150=ORIENTED_EDGE('',*,*,#5270,.T.);
#7151=ORIENTED_EDGE('',*,*,#5271,.F.);
#7152=ORIENTED_EDGE('',*,*,#5268,.F.);
#7153=ORIENTED_EDGE('',*,*,#5187,.T.);
#7154=ORIENTED_EDGE('',*,*,#5272,.T.);
#7155=ORIENTED_EDGE('',*,*,#5273,.F.);
#7156=ORIENTED_EDGE('',*,*,#5270,.F.);
#7157=ORIENTED_EDGE('',*,*,#5186,.T.);
#7158=ORIENTED_EDGE('',*,*,#5274,.T.);
#7159=ORIENTED_EDGE('',*,*,#5275,.F.);
#7160=ORIENTED_EDGE('',*,*,#5272,.F.);
#7161=ORIENTED_EDGE('',*,*,#5185,.T.);
#7162=ORIENTED_EDGE('',*,*,#5276,.T.);
#7163=ORIENTED_EDGE('',*,*,#5277,.F.);
#7164=ORIENTED_EDGE('',*,*,#5274,.F.);
#7165=ORIENTED_EDGE('',*,*,#5184,.T.);
#7166=ORIENTED_EDGE('',*,*,#5278,.T.);
#7167=ORIENTED_EDGE('',*,*,#5279,.F.);
#7168=ORIENTED_EDGE('',*,*,#5276,.F.);
#7169=ORIENTED_EDGE('',*,*,#5183,.T.);
#7170=ORIENTED_EDGE('',*,*,#5280,.T.);
#7171=ORIENTED_EDGE('',*,*,#5281,.F.);
#7172=ORIENTED_EDGE('',*,*,#5278,.F.);
#7173=ORIENTED_EDGE('',*,*,#5205,.T.);
#7174=ORIENTED_EDGE('',*,*,#5239,.T.);
#7175=ORIENTED_EDGE('',*,*,#5282,.F.);
#7176=ORIENTED_EDGE('',*,*,#5283,.F.);
#7177=ORIENTED_EDGE('',*,*,#5206,.T.);
#7178=ORIENTED_EDGE('',*,*,#5283,.T.);
#7179=ORIENTED_EDGE('',*,*,#5284,.F.);
#7180=ORIENTED_EDGE('',*,*,#5285,.F.);
#7181=ORIENTED_EDGE('',*,*,#5207,.T.);
#7182=ORIENTED_EDGE('',*,*,#5285,.T.);
#7183=ORIENTED_EDGE('',*,*,#5286,.F.);
#7184=ORIENTED_EDGE('',*,*,#5287,.F.);
#7185=ORIENTED_EDGE('',*,*,#5208,.T.);
#7186=ORIENTED_EDGE('',*,*,#5287,.T.);
#7187=ORIENTED_EDGE('',*,*,#5288,.F.);
#7188=ORIENTED_EDGE('',*,*,#5289,.F.);
#7189=ORIENTED_EDGE('',*,*,#5209,.T.);
#7190=ORIENTED_EDGE('',*,*,#5289,.T.);
#7191=ORIENTED_EDGE('',*,*,#5290,.F.);
#7192=ORIENTED_EDGE('',*,*,#5291,.F.);
#7193=ORIENTED_EDGE('',*,*,#5210,.T.);
#7194=ORIENTED_EDGE('',*,*,#5291,.T.);
#7195=ORIENTED_EDGE('',*,*,#5292,.F.);
#7196=ORIENTED_EDGE('',*,*,#5293,.F.);
#7197=ORIENTED_EDGE('',*,*,#5211,.T.);
#7198=ORIENTED_EDGE('',*,*,#5293,.T.);
#7199=ORIENTED_EDGE('',*,*,#5294,.F.);
#7200=ORIENTED_EDGE('',*,*,#5295,.F.);
#7201=ORIENTED_EDGE('',*,*,#5212,.T.);
#7202=ORIENTED_EDGE('',*,*,#5295,.T.);
#7203=ORIENTED_EDGE('',*,*,#5296,.F.);
#7204=ORIENTED_EDGE('',*,*,#5297,.F.);
#7205=ORIENTED_EDGE('',*,*,#5213,.T.);
#7206=ORIENTED_EDGE('',*,*,#5297,.T.);
#7207=ORIENTED_EDGE('',*,*,#5298,.F.);
#7208=ORIENTED_EDGE('',*,*,#5299,.F.);
#7209=ORIENTED_EDGE('',*,*,#5214,.T.);
#7210=ORIENTED_EDGE('',*,*,#5299,.T.);
#7211=ORIENTED_EDGE('',*,*,#5300,.F.);
#7212=ORIENTED_EDGE('',*,*,#5301,.F.);
#7213=ORIENTED_EDGE('',*,*,#5215,.T.);
#7214=ORIENTED_EDGE('',*,*,#5301,.T.);
#7215=ORIENTED_EDGE('',*,*,#5302,.F.);
#7216=ORIENTED_EDGE('',*,*,#5303,.F.);
#7217=ORIENTED_EDGE('',*,*,#5216,.T.);
#7218=ORIENTED_EDGE('',*,*,#5303,.T.);
#7219=ORIENTED_EDGE('',*,*,#5304,.F.);
#7220=ORIENTED_EDGE('',*,*,#5305,.F.);
#7221=ORIENTED_EDGE('',*,*,#5217,.T.);
#7222=ORIENTED_EDGE('',*,*,#5305,.T.);
#7223=ORIENTED_EDGE('',*,*,#5306,.F.);
#7224=ORIENTED_EDGE('',*,*,#5307,.F.);
#7225=ORIENTED_EDGE('',*,*,#5218,.T.);
#7226=ORIENTED_EDGE('',*,*,#5307,.T.);
#7227=ORIENTED_EDGE('',*,*,#5308,.F.);
#7228=ORIENTED_EDGE('',*,*,#5309,.F.);
#7229=ORIENTED_EDGE('',*,*,#5219,.T.);
#7230=ORIENTED_EDGE('',*,*,#5309,.T.);
#7231=ORIENTED_EDGE('',*,*,#5310,.F.);
#7232=ORIENTED_EDGE('',*,*,#5311,.F.);
#7233=ORIENTED_EDGE('',*,*,#5220,.T.);
#7234=ORIENTED_EDGE('',*,*,#5311,.T.);
#7235=ORIENTED_EDGE('',*,*,#5312,.F.);
#7236=ORIENTED_EDGE('',*,*,#5313,.F.);
#7237=ORIENTED_EDGE('',*,*,#5221,.T.);
#7238=ORIENTED_EDGE('',*,*,#5313,.T.);
#7239=ORIENTED_EDGE('',*,*,#5314,.F.);
#7240=ORIENTED_EDGE('',*,*,#5315,.F.);
#7241=ORIENTED_EDGE('',*,*,#5222,.T.);
#7242=ORIENTED_EDGE('',*,*,#5315,.T.);
#7243=ORIENTED_EDGE('',*,*,#5316,.F.);
#7244=ORIENTED_EDGE('',*,*,#5317,.F.);
#7245=ORIENTED_EDGE('',*,*,#5223,.T.);
#7246=ORIENTED_EDGE('',*,*,#5317,.T.);
#7247=ORIENTED_EDGE('',*,*,#5318,.F.);
#7248=ORIENTED_EDGE('',*,*,#5319,.F.);
#7249=ORIENTED_EDGE('',*,*,#5224,.T.);
#7250=ORIENTED_EDGE('',*,*,#5319,.T.);
#7251=ORIENTED_EDGE('',*,*,#5320,.F.);
#7252=ORIENTED_EDGE('',*,*,#5280,.F.);
#7253=ORIENTED_EDGE('',*,*,#5320,.T.);
#7254=ORIENTED_EDGE('',*,*,#5318,.T.);
#7255=ORIENTED_EDGE('',*,*,#5316,.T.);
#7256=ORIENTED_EDGE('',*,*,#5314,.T.);
#7257=ORIENTED_EDGE('',*,*,#5312,.T.);
#7258=ORIENTED_EDGE('',*,*,#5310,.T.);
#7259=ORIENTED_EDGE('',*,*,#5308,.T.);
#7260=ORIENTED_EDGE('',*,*,#5306,.T.);
#7261=ORIENTED_EDGE('',*,*,#5304,.T.);
#7262=ORIENTED_EDGE('',*,*,#5302,.T.);
#7263=ORIENTED_EDGE('',*,*,#5300,.T.);
#7264=ORIENTED_EDGE('',*,*,#5298,.T.);
#7265=ORIENTED_EDGE('',*,*,#5296,.T.);
#7266=ORIENTED_EDGE('',*,*,#5294,.T.);
#7267=ORIENTED_EDGE('',*,*,#5292,.T.);
#7268=ORIENTED_EDGE('',*,*,#5290,.T.);
#7269=ORIENTED_EDGE('',*,*,#5288,.T.);
#7270=ORIENTED_EDGE('',*,*,#5286,.T.);
#7271=ORIENTED_EDGE('',*,*,#5284,.T.);
#7272=ORIENTED_EDGE('',*,*,#5282,.T.);
#7273=ORIENTED_EDGE('',*,*,#5238,.T.);
#7274=ORIENTED_EDGE('',*,*,#5241,.T.);
#7275=ORIENTED_EDGE('',*,*,#5243,.T.);
#7276=ORIENTED_EDGE('',*,*,#5245,.T.);
#7277=ORIENTED_EDGE('',*,*,#5247,.T.);
#7278=ORIENTED_EDGE('',*,*,#5249,.T.);
#7279=ORIENTED_EDGE('',*,*,#5251,.T.);
#7280=ORIENTED_EDGE('',*,*,#5253,.T.);
#7281=ORIENTED_EDGE('',*,*,#5255,.T.);
#7282=ORIENTED_EDGE('',*,*,#5257,.T.);
#7283=ORIENTED_EDGE('',*,*,#5259,.T.);
#7284=ORIENTED_EDGE('',*,*,#5261,.T.);
#7285=ORIENTED_EDGE('',*,*,#5263,.T.);
#7286=ORIENTED_EDGE('',*,*,#5265,.T.);
#7287=ORIENTED_EDGE('',*,*,#5267,.T.);
#7288=ORIENTED_EDGE('',*,*,#5269,.T.);
#7289=ORIENTED_EDGE('',*,*,#5271,.T.);
#7290=ORIENTED_EDGE('',*,*,#5273,.T.);
#7291=ORIENTED_EDGE('',*,*,#5275,.T.);
#7292=ORIENTED_EDGE('',*,*,#5277,.T.);
#7293=ORIENTED_EDGE('',*,*,#5279,.T.);
#7294=ORIENTED_EDGE('',*,*,#5281,.T.);
#7295=ORIENTED_EDGE('',*,*,#5138,.F.);
#7296=ORIENTED_EDGE('',*,*,#5321,.T.);
#7297=ORIENTED_EDGE('',*,*,#5322,.F.);
#7298=ORIENTED_EDGE('',*,*,#5323,.F.);
#7299=ORIENTED_EDGE('',*,*,#5135,.F.);
#7300=ORIENTED_EDGE('',*,*,#5324,.T.);
#7301=ORIENTED_EDGE('',*,*,#5325,.F.);
#7302=ORIENTED_EDGE('',*,*,#5321,.F.);
#7303=ORIENTED_EDGE('',*,*,#5132,.F.);
#7304=ORIENTED_EDGE('',*,*,#5143,.F.);
#7305=ORIENTED_EDGE('',*,*,#5326,.F.);
#7306=ORIENTED_EDGE('',*,*,#5324,.F.);
#7307=ORIENTED_EDGE('',*,*,#5168,.T.);
#7308=ORIENTED_EDGE('',*,*,#5327,.T.);
#7309=ORIENTED_EDGE('',*,*,#5328,.F.);
#7310=ORIENTED_EDGE('',*,*,#5329,.F.);
#7311=ORIENTED_EDGE('',*,*,#5167,.T.);
#7312=ORIENTED_EDGE('',*,*,#5330,.T.);
#7313=ORIENTED_EDGE('',*,*,#5331,.F.);
#7314=ORIENTED_EDGE('',*,*,#5327,.F.);
#7315=ORIENTED_EDGE('',*,*,#5166,.T.);
#7316=ORIENTED_EDGE('',*,*,#5332,.T.);
#7317=ORIENTED_EDGE('',*,*,#5333,.F.);
#7318=ORIENTED_EDGE('',*,*,#5330,.F.);
#7319=ORIENTED_EDGE('',*,*,#5165,.T.);
#7320=ORIENTED_EDGE('',*,*,#5334,.T.);
#7321=ORIENTED_EDGE('',*,*,#5335,.F.);
#7322=ORIENTED_EDGE('',*,*,#5332,.F.);
#7323=ORIENTED_EDGE('',*,*,#5164,.T.);
#7324=ORIENTED_EDGE('',*,*,#5336,.T.);
#7325=ORIENTED_EDGE('',*,*,#5337,.F.);
#7326=ORIENTED_EDGE('',*,*,#5334,.F.);
#7327=ORIENTED_EDGE('',*,*,#5163,.T.);
#7328=ORIENTED_EDGE('',*,*,#5338,.T.);
#7329=ORIENTED_EDGE('',*,*,#5339,.F.);
#7330=ORIENTED_EDGE('',*,*,#5336,.F.);
#7331=ORIENTED_EDGE('',*,*,#5162,.T.);
#7332=ORIENTED_EDGE('',*,*,#5340,.T.);
#7333=ORIENTED_EDGE('',*,*,#5341,.F.);
#7334=ORIENTED_EDGE('',*,*,#5338,.F.);
#7335=ORIENTED_EDGE('',*,*,#5161,.T.);
#7336=ORIENTED_EDGE('',*,*,#5342,.T.);
#7337=ORIENTED_EDGE('',*,*,#5343,.F.);
#7338=ORIENTED_EDGE('',*,*,#5340,.F.);
#7339=ORIENTED_EDGE('',*,*,#5160,.T.);
#7340=ORIENTED_EDGE('',*,*,#5344,.T.);
#7341=ORIENTED_EDGE('',*,*,#5345,.F.);
#7342=ORIENTED_EDGE('',*,*,#5342,.F.);
#7343=ORIENTED_EDGE('',*,*,#5159,.T.);
#7344=ORIENTED_EDGE('',*,*,#5346,.T.);
#7345=ORIENTED_EDGE('',*,*,#5347,.F.);
#7346=ORIENTED_EDGE('',*,*,#5344,.F.);
#7347=ORIENTED_EDGE('',*,*,#5158,.T.);
#7348=ORIENTED_EDGE('',*,*,#5348,.T.);
#7349=ORIENTED_EDGE('',*,*,#5349,.F.);
#7350=ORIENTED_EDGE('',*,*,#5346,.F.);
#7351=ORIENTED_EDGE('',*,*,#5157,.T.);
#7352=ORIENTED_EDGE('',*,*,#5350,.T.);
#7353=ORIENTED_EDGE('',*,*,#5351,.F.);
#7354=ORIENTED_EDGE('',*,*,#5348,.F.);
#7355=ORIENTED_EDGE('',*,*,#5156,.T.);
#7356=ORIENTED_EDGE('',*,*,#5352,.T.);
#7357=ORIENTED_EDGE('',*,*,#5353,.F.);
#7358=ORIENTED_EDGE('',*,*,#5350,.F.);
#7359=ORIENTED_EDGE('',*,*,#5155,.T.);
#7360=ORIENTED_EDGE('',*,*,#5354,.T.);
#7361=ORIENTED_EDGE('',*,*,#5355,.F.);
#7362=ORIENTED_EDGE('',*,*,#5352,.F.);
#7363=ORIENTED_EDGE('',*,*,#5356,.F.);
#7364=ORIENTED_EDGE('',*,*,#5357,.T.);
#7365=ORIENTED_EDGE('',*,*,#5232,.T.);
#7366=ORIENTED_EDGE('',*,*,#5357,.F.);
#7367=ORIENTED_EDGE('',*,*,#5154,.T.);
#7368=ORIENTED_EDGE('',*,*,#5358,.T.);
#7369=ORIENTED_EDGE('',*,*,#5359,.F.);
#7370=ORIENTED_EDGE('',*,*,#5354,.F.);
#7371=ORIENTED_EDGE('',*,*,#5169,.T.);
#7372=ORIENTED_EDGE('',*,*,#5329,.T.);
#7373=ORIENTED_EDGE('',*,*,#5360,.F.);
#7374=ORIENTED_EDGE('',*,*,#5361,.F.);
#7375=ORIENTED_EDGE('',*,*,#5170,.T.);
#7376=ORIENTED_EDGE('',*,*,#5361,.T.);
#7377=ORIENTED_EDGE('',*,*,#5362,.F.);
#7378=ORIENTED_EDGE('',*,*,#5363,.F.);
#7379=ORIENTED_EDGE('',*,*,#5171,.T.);
#7380=ORIENTED_EDGE('',*,*,#5363,.T.);
#7381=ORIENTED_EDGE('',*,*,#5364,.F.);
#7382=ORIENTED_EDGE('',*,*,#5365,.F.);
#7383=ORIENTED_EDGE('',*,*,#5172,.T.);
#7384=ORIENTED_EDGE('',*,*,#5365,.T.);
#7385=ORIENTED_EDGE('',*,*,#5366,.F.);
#7386=ORIENTED_EDGE('',*,*,#5367,.F.);
#7387=ORIENTED_EDGE('',*,*,#5173,.T.);
#7388=ORIENTED_EDGE('',*,*,#5367,.T.);
#7389=ORIENTED_EDGE('',*,*,#5368,.F.);
#7390=ORIENTED_EDGE('',*,*,#5369,.F.);
#7391=ORIENTED_EDGE('',*,*,#5174,.T.);
#7392=ORIENTED_EDGE('',*,*,#5369,.T.);
#7393=ORIENTED_EDGE('',*,*,#5370,.F.);
#7394=ORIENTED_EDGE('',*,*,#5371,.F.);
#7395=ORIENTED_EDGE('',*,*,#5175,.T.);
#7396=ORIENTED_EDGE('',*,*,#5371,.T.);
#7397=ORIENTED_EDGE('',*,*,#5372,.F.);
#7398=ORIENTED_EDGE('',*,*,#5373,.F.);
#7399=ORIENTED_EDGE('',*,*,#5176,.T.);
#7400=ORIENTED_EDGE('',*,*,#5373,.T.);
#7401=ORIENTED_EDGE('',*,*,#5374,.F.);
#7402=ORIENTED_EDGE('',*,*,#5375,.F.);
#7403=ORIENTED_EDGE('',*,*,#5177,.T.);
#7404=ORIENTED_EDGE('',*,*,#5375,.T.);
#7405=ORIENTED_EDGE('',*,*,#5376,.F.);
#7406=ORIENTED_EDGE('',*,*,#5377,.F.);
#7407=ORIENTED_EDGE('',*,*,#5178,.T.);
#7408=ORIENTED_EDGE('',*,*,#5377,.T.);
#7409=ORIENTED_EDGE('',*,*,#5378,.F.);
#7410=ORIENTED_EDGE('',*,*,#5379,.F.);
#7411=ORIENTED_EDGE('',*,*,#5179,.T.);
#7412=ORIENTED_EDGE('',*,*,#5379,.T.);
#7413=ORIENTED_EDGE('',*,*,#5380,.F.);
#7414=ORIENTED_EDGE('',*,*,#5381,.F.);
#7415=ORIENTED_EDGE('',*,*,#5180,.T.);
#7416=ORIENTED_EDGE('',*,*,#5381,.T.);
#7417=ORIENTED_EDGE('',*,*,#5382,.F.);
#7418=ORIENTED_EDGE('',*,*,#5383,.F.);
#7419=ORIENTED_EDGE('',*,*,#5181,.T.);
#7420=ORIENTED_EDGE('',*,*,#5383,.T.);
#7421=ORIENTED_EDGE('',*,*,#5384,.F.);
#7422=ORIENTED_EDGE('',*,*,#5385,.F.);
#7423=ORIENTED_EDGE('',*,*,#5182,.T.);
#7424=ORIENTED_EDGE('',*,*,#5385,.T.);
#7425=ORIENTED_EDGE('',*,*,#5386,.F.);
#7426=ORIENTED_EDGE('',*,*,#5358,.F.);
#7427=ORIENTED_EDGE('',*,*,#5387,.F.);
#7428=ORIENTED_EDGE('',*,*,#5388,.T.);
#7429=ORIENTED_EDGE('',*,*,#5231,.T.);
#7430=ORIENTED_EDGE('',*,*,#5388,.F.);
#7431=ORIENTED_EDGE('',*,*,#5389,.F.);
#7432=ORIENTED_EDGE('',*,*,#5390,.T.);
#7433=ORIENTED_EDGE('',*,*,#5230,.T.);
#7434=ORIENTED_EDGE('',*,*,#5390,.F.);
#7435=ORIENTED_EDGE('',*,*,#5391,.F.);
#7436=ORIENTED_EDGE('',*,*,#5392,.T.);
#7437=ORIENTED_EDGE('',*,*,#5229,.T.);
#7438=ORIENTED_EDGE('',*,*,#5392,.F.);
#7439=ORIENTED_EDGE('',*,*,#5140,.F.);
#7440=ORIENTED_EDGE('',*,*,#5323,.T.);
#7441=ORIENTED_EDGE('',*,*,#5393,.F.);
#7442=ORIENTED_EDGE('',*,*,#5148,.F.);
#7443=ORIENTED_EDGE('',*,*,#5142,.T.);
#7444=ORIENTED_EDGE('',*,*,#5145,.T.);
#7445=ORIENTED_EDGE('',*,*,#5147,.T.);
#7446=ORIENTED_EDGE('',*,*,#5149,.T.);
#7447=ORIENTED_EDGE('',*,*,#5393,.T.);
#7448=ORIENTED_EDGE('',*,*,#5322,.T.);
#7449=ORIENTED_EDGE('',*,*,#5325,.T.);
#7450=ORIENTED_EDGE('',*,*,#5326,.T.);
#7451=ORIENTED_EDGE('',*,*,#5391,.T.);
#7452=ORIENTED_EDGE('',*,*,#5389,.T.);
#7453=ORIENTED_EDGE('',*,*,#5387,.T.);
#7454=ORIENTED_EDGE('',*,*,#5386,.T.);
#7455=ORIENTED_EDGE('',*,*,#5384,.T.);
#7456=ORIENTED_EDGE('',*,*,#5382,.T.);
#7457=ORIENTED_EDGE('',*,*,#5380,.T.);
#7458=ORIENTED_EDGE('',*,*,#5378,.T.);
#7459=ORIENTED_EDGE('',*,*,#5376,.T.);
#7460=ORIENTED_EDGE('',*,*,#5374,.T.);
#7461=ORIENTED_EDGE('',*,*,#5372,.T.);
#7462=ORIENTED_EDGE('',*,*,#5370,.T.);
#7463=ORIENTED_EDGE('',*,*,#5368,.T.);
#7464=ORIENTED_EDGE('',*,*,#5366,.T.);
#7465=ORIENTED_EDGE('',*,*,#5364,.T.);
#7466=ORIENTED_EDGE('',*,*,#5362,.T.);
#7467=ORIENTED_EDGE('',*,*,#5360,.T.);
#7468=ORIENTED_EDGE('',*,*,#5328,.T.);
#7469=ORIENTED_EDGE('',*,*,#5331,.T.);
#7470=ORIENTED_EDGE('',*,*,#5333,.T.);
#7471=ORIENTED_EDGE('',*,*,#5335,.T.);
#7472=ORIENTED_EDGE('',*,*,#5337,.T.);
#7473=ORIENTED_EDGE('',*,*,#5339,.T.);
#7474=ORIENTED_EDGE('',*,*,#5341,.T.);
#7475=ORIENTED_EDGE('',*,*,#5343,.T.);
#7476=ORIENTED_EDGE('',*,*,#5345,.T.);
#7477=ORIENTED_EDGE('',*,*,#5347,.T.);
#7478=ORIENTED_EDGE('',*,*,#5349,.T.);
#7479=ORIENTED_EDGE('',*,*,#5351,.T.);
#7480=ORIENTED_EDGE('',*,*,#5353,.T.);
#7481=ORIENTED_EDGE('',*,*,#5355,.T.);
#7482=ORIENTED_EDGE('',*,*,#5359,.T.);
#7483=ORIENTED_EDGE('',*,*,#5356,.T.);
#7484=ORIENTED_EDGE('',*,*,#5394,.F.);
#7485=ORIENTED_EDGE('',*,*,#5395,.T.);
#7486=ORIENTED_EDGE('',*,*,#5396,.T.);
#7487=ORIENTED_EDGE('',*,*,#5397,.F.);
#7488=ORIENTED_EDGE('',*,*,#5398,.F.);
#7489=ORIENTED_EDGE('',*,*,#5399,.T.);
#7490=ORIENTED_EDGE('',*,*,#5400,.T.);
#7491=ORIENTED_EDGE('',*,*,#5395,.F.);
#7492=ORIENTED_EDGE('',*,*,#5401,.F.);
#7493=ORIENTED_EDGE('',*,*,#5402,.T.);
#7494=ORIENTED_EDGE('',*,*,#5403,.T.);
#7495=ORIENTED_EDGE('',*,*,#5399,.F.);
#7496=ORIENTED_EDGE('',*,*,#5404,.F.);
#7497=ORIENTED_EDGE('',*,*,#5405,.T.);
#7498=ORIENTED_EDGE('',*,*,#5406,.T.);
#7499=ORIENTED_EDGE('',*,*,#5402,.F.);
#7500=ORIENTED_EDGE('',*,*,#5407,.F.);
#7501=ORIENTED_EDGE('',*,*,#5408,.T.);
#7502=ORIENTED_EDGE('',*,*,#5409,.T.);
#7503=ORIENTED_EDGE('',*,*,#5405,.F.);
#7504=ORIENTED_EDGE('',*,*,#5410,.F.);
#7505=ORIENTED_EDGE('',*,*,#5411,.T.);
#7506=ORIENTED_EDGE('',*,*,#5412,.T.);
#7507=ORIENTED_EDGE('',*,*,#5408,.F.);
#7508=ORIENTED_EDGE('',*,*,#5413,.F.);
#7509=ORIENTED_EDGE('',*,*,#5414,.T.);
#7510=ORIENTED_EDGE('',*,*,#5415,.T.);
#7511=ORIENTED_EDGE('',*,*,#5411,.F.);
#7512=ORIENTED_EDGE('',*,*,#5416,.F.);
#7513=ORIENTED_EDGE('',*,*,#5417,.T.);
#7514=ORIENTED_EDGE('',*,*,#5418,.T.);
#7515=ORIENTED_EDGE('',*,*,#5414,.F.);
#7516=ORIENTED_EDGE('',*,*,#5419,.F.);
#7517=ORIENTED_EDGE('',*,*,#5420,.T.);
#7518=ORIENTED_EDGE('',*,*,#5421,.T.);
#7519=ORIENTED_EDGE('',*,*,#5417,.F.);
#7520=ORIENTED_EDGE('',*,*,#5422,.F.);
#7521=ORIENTED_EDGE('',*,*,#5423,.T.);
#7522=ORIENTED_EDGE('',*,*,#5424,.T.);
#7523=ORIENTED_EDGE('',*,*,#5420,.F.);
#7524=ORIENTED_EDGE('',*,*,#5425,.F.);
#7525=ORIENTED_EDGE('',*,*,#5426,.T.);
#7526=ORIENTED_EDGE('',*,*,#5427,.T.);
#7527=ORIENTED_EDGE('',*,*,#5423,.F.);
#7528=ORIENTED_EDGE('',*,*,#5428,.F.);
#7529=ORIENTED_EDGE('',*,*,#5429,.T.);
#7530=ORIENTED_EDGE('',*,*,#5430,.T.);
#7531=ORIENTED_EDGE('',*,*,#5426,.F.);
#7532=ORIENTED_EDGE('',*,*,#5431,.F.);
#7533=ORIENTED_EDGE('',*,*,#5432,.T.);
#7534=ORIENTED_EDGE('',*,*,#5433,.T.);
#7535=ORIENTED_EDGE('',*,*,#5429,.F.);
#7536=ORIENTED_EDGE('',*,*,#5434,.F.);
#7537=ORIENTED_EDGE('',*,*,#5435,.T.);
#7538=ORIENTED_EDGE('',*,*,#5436,.T.);
#7539=ORIENTED_EDGE('',*,*,#5432,.F.);
#7540=ORIENTED_EDGE('',*,*,#5437,.F.);
#7541=ORIENTED_EDGE('',*,*,#5438,.T.);
#7542=ORIENTED_EDGE('',*,*,#5439,.T.);
#7543=ORIENTED_EDGE('',*,*,#5435,.F.);
#7544=ORIENTED_EDGE('',*,*,#5440,.F.);
#7545=ORIENTED_EDGE('',*,*,#5441,.T.);
#7546=ORIENTED_EDGE('',*,*,#5442,.T.);
#7547=ORIENTED_EDGE('',*,*,#5438,.F.);
#7548=ORIENTED_EDGE('',*,*,#5443,.F.);
#7549=ORIENTED_EDGE('',*,*,#5444,.T.);
#7550=ORIENTED_EDGE('',*,*,#5445,.T.);
#7551=ORIENTED_EDGE('',*,*,#5441,.F.);
#7552=ORIENTED_EDGE('',*,*,#5446,.F.);
#7553=ORIENTED_EDGE('',*,*,#5447,.T.);
#7554=ORIENTED_EDGE('',*,*,#5448,.T.);
#7555=ORIENTED_EDGE('',*,*,#5444,.F.);
#7556=ORIENTED_EDGE('',*,*,#5449,.F.);
#7557=ORIENTED_EDGE('',*,*,#5450,.T.);
#7558=ORIENTED_EDGE('',*,*,#5451,.T.);
#7559=ORIENTED_EDGE('',*,*,#5447,.F.);
#7560=ORIENTED_EDGE('',*,*,#5452,.F.);
#7561=ORIENTED_EDGE('',*,*,#5453,.T.);
#7562=ORIENTED_EDGE('',*,*,#5454,.T.);
#7563=ORIENTED_EDGE('',*,*,#5450,.F.);
#7564=ORIENTED_EDGE('',*,*,#5455,.F.);
#7565=ORIENTED_EDGE('',*,*,#5456,.T.);
#7566=ORIENTED_EDGE('',*,*,#5457,.T.);
#7567=ORIENTED_EDGE('',*,*,#5453,.F.);
#7568=ORIENTED_EDGE('',*,*,#5458,.F.);
#7569=ORIENTED_EDGE('',*,*,#5459,.T.);
#7570=ORIENTED_EDGE('',*,*,#5460,.T.);
#7571=ORIENTED_EDGE('',*,*,#5456,.F.);
#7572=ORIENTED_EDGE('',*,*,#5461,.F.);
#7573=ORIENTED_EDGE('',*,*,#5462,.T.);
#7574=ORIENTED_EDGE('',*,*,#5463,.T.);
#7575=ORIENTED_EDGE('',*,*,#5459,.F.);
#7576=ORIENTED_EDGE('',*,*,#5464,.F.);
#7577=ORIENTED_EDGE('',*,*,#5465,.T.);
#7578=ORIENTED_EDGE('',*,*,#5466,.T.);
#7579=ORIENTED_EDGE('',*,*,#5462,.F.);
#7580=ORIENTED_EDGE('',*,*,#5467,.F.);
#7581=ORIENTED_EDGE('',*,*,#5468,.T.);
#7582=ORIENTED_EDGE('',*,*,#5469,.T.);
#7583=ORIENTED_EDGE('',*,*,#5465,.F.);
#7584=ORIENTED_EDGE('',*,*,#5470,.F.);
#7585=ORIENTED_EDGE('',*,*,#5397,.T.);
#7586=ORIENTED_EDGE('',*,*,#5471,.T.);
#7587=ORIENTED_EDGE('',*,*,#5468,.F.);
#7588=ORIENTED_EDGE('',*,*,#5471,.F.);
#7589=ORIENTED_EDGE('',*,*,#5396,.F.);
#7590=ORIENTED_EDGE('',*,*,#5400,.F.);
#7591=ORIENTED_EDGE('',*,*,#5403,.F.);
#7592=ORIENTED_EDGE('',*,*,#5406,.F.);
#7593=ORIENTED_EDGE('',*,*,#5409,.F.);
#7594=ORIENTED_EDGE('',*,*,#5412,.F.);
#7595=ORIENTED_EDGE('',*,*,#5415,.F.);
#7596=ORIENTED_EDGE('',*,*,#5418,.F.);
#7597=ORIENTED_EDGE('',*,*,#5421,.F.);
#7598=ORIENTED_EDGE('',*,*,#5424,.F.);
#7599=ORIENTED_EDGE('',*,*,#5427,.F.);
#7600=ORIENTED_EDGE('',*,*,#5430,.F.);
#7601=ORIENTED_EDGE('',*,*,#5433,.F.);
#7602=ORIENTED_EDGE('',*,*,#5436,.F.);
#7603=ORIENTED_EDGE('',*,*,#5439,.F.);
#7604=ORIENTED_EDGE('',*,*,#5442,.F.);
#7605=ORIENTED_EDGE('',*,*,#5445,.F.);
#7606=ORIENTED_EDGE('',*,*,#5448,.F.);
#7607=ORIENTED_EDGE('',*,*,#5451,.F.);
#7608=ORIENTED_EDGE('',*,*,#5454,.F.);
#7609=ORIENTED_EDGE('',*,*,#5457,.F.);
#7610=ORIENTED_EDGE('',*,*,#5460,.F.);
#7611=ORIENTED_EDGE('',*,*,#5463,.F.);
#7612=ORIENTED_EDGE('',*,*,#5466,.F.);
#7613=ORIENTED_EDGE('',*,*,#5469,.F.);
#7614=ORIENTED_EDGE('',*,*,#5472,.F.);
#7615=ORIENTED_EDGE('',*,*,#5473,.T.);
#7616=ORIENTED_EDGE('',*,*,#5474,.T.);
#7617=ORIENTED_EDGE('',*,*,#5475,.F.);
#7618=ORIENTED_EDGE('',*,*,#5476,.F.);
#7619=ORIENTED_EDGE('',*,*,#5477,.T.);
#7620=ORIENTED_EDGE('',*,*,#5478,.T.);
#7621=ORIENTED_EDGE('',*,*,#5473,.F.);
#7622=ORIENTED_EDGE('',*,*,#5479,.F.);
#7623=ORIENTED_EDGE('',*,*,#5480,.T.);
#7624=ORIENTED_EDGE('',*,*,#5481,.T.);
#7625=ORIENTED_EDGE('',*,*,#5477,.F.);
#7626=ORIENTED_EDGE('',*,*,#5482,.F.);
#7627=ORIENTED_EDGE('',*,*,#5483,.T.);
#7628=ORIENTED_EDGE('',*,*,#5484,.T.);
#7629=ORIENTED_EDGE('',*,*,#5480,.F.);
#7630=ORIENTED_EDGE('',*,*,#5485,.F.);
#7631=ORIENTED_EDGE('',*,*,#5486,.T.);
#7632=ORIENTED_EDGE('',*,*,#5487,.T.);
#7633=ORIENTED_EDGE('',*,*,#5483,.F.);
#7634=ORIENTED_EDGE('',*,*,#5488,.F.);
#7635=ORIENTED_EDGE('',*,*,#5489,.T.);
#7636=ORIENTED_EDGE('',*,*,#5490,.T.);
#7637=ORIENTED_EDGE('',*,*,#5486,.F.);
#7638=ORIENTED_EDGE('',*,*,#5491,.F.);
#7639=ORIENTED_EDGE('',*,*,#5492,.T.);
#7640=ORIENTED_EDGE('',*,*,#5493,.T.);
#7641=ORIENTED_EDGE('',*,*,#5489,.F.);
#7642=ORIENTED_EDGE('',*,*,#5494,.F.);
#7643=ORIENTED_EDGE('',*,*,#5495,.T.);
#7644=ORIENTED_EDGE('',*,*,#5496,.T.);
#7645=ORIENTED_EDGE('',*,*,#5492,.F.);
#7646=ORIENTED_EDGE('',*,*,#5497,.F.);
#7647=ORIENTED_EDGE('',*,*,#5498,.T.);
#7648=ORIENTED_EDGE('',*,*,#5499,.T.);
#7649=ORIENTED_EDGE('',*,*,#5495,.F.);
#7650=ORIENTED_EDGE('',*,*,#5500,.F.);
#7651=ORIENTED_EDGE('',*,*,#5501,.T.);
#7652=ORIENTED_EDGE('',*,*,#5502,.T.);
#7653=ORIENTED_EDGE('',*,*,#5498,.F.);
#7654=ORIENTED_EDGE('',*,*,#5503,.F.);
#7655=ORIENTED_EDGE('',*,*,#5504,.T.);
#7656=ORIENTED_EDGE('',*,*,#5505,.T.);
#7657=ORIENTED_EDGE('',*,*,#5501,.F.);
#7658=ORIENTED_EDGE('',*,*,#5506,.F.);
#7659=ORIENTED_EDGE('',*,*,#5475,.T.);
#7660=ORIENTED_EDGE('',*,*,#5507,.T.);
#7661=ORIENTED_EDGE('',*,*,#5504,.F.);
#7662=ORIENTED_EDGE('',*,*,#5507,.F.);
#7663=ORIENTED_EDGE('',*,*,#5474,.F.);
#7664=ORIENTED_EDGE('',*,*,#5478,.F.);
#7665=ORIENTED_EDGE('',*,*,#5481,.F.);
#7666=ORIENTED_EDGE('',*,*,#5484,.F.);
#7667=ORIENTED_EDGE('',*,*,#5487,.F.);
#7668=ORIENTED_EDGE('',*,*,#5490,.F.);
#7669=ORIENTED_EDGE('',*,*,#5493,.F.);
#7670=ORIENTED_EDGE('',*,*,#5496,.F.);
#7671=ORIENTED_EDGE('',*,*,#5499,.F.);
#7672=ORIENTED_EDGE('',*,*,#5502,.F.);
#7673=ORIENTED_EDGE('',*,*,#5505,.F.);
#7674=ORIENTED_EDGE('',*,*,#5508,.F.);
#7675=ORIENTED_EDGE('',*,*,#5509,.T.);
#7676=ORIENTED_EDGE('',*,*,#5510,.T.);
#7677=ORIENTED_EDGE('',*,*,#5511,.F.);
#7678=ORIENTED_EDGE('',*,*,#5512,.F.);
#7679=ORIENTED_EDGE('',*,*,#5513,.T.);
#7680=ORIENTED_EDGE('',*,*,#5514,.T.);
#7681=ORIENTED_EDGE('',*,*,#5509,.F.);
#7682=ORIENTED_EDGE('',*,*,#5515,.F.);
#7683=ORIENTED_EDGE('',*,*,#5516,.T.);
#7684=ORIENTED_EDGE('',*,*,#5517,.T.);
#7685=ORIENTED_EDGE('',*,*,#5513,.F.);
#7686=ORIENTED_EDGE('',*,*,#5518,.F.);
#7687=ORIENTED_EDGE('',*,*,#5519,.T.);
#7688=ORIENTED_EDGE('',*,*,#5520,.T.);
#7689=ORIENTED_EDGE('',*,*,#5516,.F.);
#7690=ORIENTED_EDGE('',*,*,#5521,.F.);
#7691=ORIENTED_EDGE('',*,*,#5522,.T.);
#7692=ORIENTED_EDGE('',*,*,#5523,.T.);
#7693=ORIENTED_EDGE('',*,*,#5519,.F.);
#7694=ORIENTED_EDGE('',*,*,#5524,.F.);
#7695=ORIENTED_EDGE('',*,*,#5525,.T.);
#7696=ORIENTED_EDGE('',*,*,#5526,.T.);
#7697=ORIENTED_EDGE('',*,*,#5522,.F.);
#7698=ORIENTED_EDGE('',*,*,#5527,.F.);
#7699=ORIENTED_EDGE('',*,*,#5528,.T.);
#7700=ORIENTED_EDGE('',*,*,#5529,.T.);
#7701=ORIENTED_EDGE('',*,*,#5525,.F.);
#7702=ORIENTED_EDGE('',*,*,#5530,.F.);
#7703=ORIENTED_EDGE('',*,*,#5531,.T.);
#7704=ORIENTED_EDGE('',*,*,#5532,.T.);
#7705=ORIENTED_EDGE('',*,*,#5528,.F.);
#7706=ORIENTED_EDGE('',*,*,#5533,.F.);
#7707=ORIENTED_EDGE('',*,*,#5534,.T.);
#7708=ORIENTED_EDGE('',*,*,#5535,.T.);
#7709=ORIENTED_EDGE('',*,*,#5531,.F.);
#7710=ORIENTED_EDGE('',*,*,#5536,.F.);
#7711=ORIENTED_EDGE('',*,*,#5537,.T.);
#7712=ORIENTED_EDGE('',*,*,#5538,.T.);
#7713=ORIENTED_EDGE('',*,*,#5534,.F.);
#7714=ORIENTED_EDGE('',*,*,#5539,.F.);
#7715=ORIENTED_EDGE('',*,*,#5540,.T.);
#7716=ORIENTED_EDGE('',*,*,#5541,.T.);
#7717=ORIENTED_EDGE('',*,*,#5537,.F.);
#7718=ORIENTED_EDGE('',*,*,#5542,.F.);
#7719=ORIENTED_EDGE('',*,*,#5543,.T.);
#7720=ORIENTED_EDGE('',*,*,#5544,.T.);
#7721=ORIENTED_EDGE('',*,*,#5540,.F.);
#7722=ORIENTED_EDGE('',*,*,#5545,.F.);
#7723=ORIENTED_EDGE('',*,*,#5546,.T.);
#7724=ORIENTED_EDGE('',*,*,#5547,.T.);
#7725=ORIENTED_EDGE('',*,*,#5543,.F.);
#7726=ORIENTED_EDGE('',*,*,#5548,.F.);
#7727=ORIENTED_EDGE('',*,*,#5549,.T.);
#7728=ORIENTED_EDGE('',*,*,#5550,.T.);
#7729=ORIENTED_EDGE('',*,*,#5546,.F.);
#7730=ORIENTED_EDGE('',*,*,#5551,.F.);
#7731=ORIENTED_EDGE('',*,*,#5552,.T.);
#7732=ORIENTED_EDGE('',*,*,#5553,.T.);
#7733=ORIENTED_EDGE('',*,*,#5549,.F.);
#7734=ORIENTED_EDGE('',*,*,#5554,.F.);
#7735=ORIENTED_EDGE('',*,*,#5555,.T.);
#7736=ORIENTED_EDGE('',*,*,#5556,.T.);
#7737=ORIENTED_EDGE('',*,*,#5552,.F.);
#7738=ORIENTED_EDGE('',*,*,#5557,.F.);
#7739=ORIENTED_EDGE('',*,*,#5558,.T.);
#7740=ORIENTED_EDGE('',*,*,#5559,.T.);
#7741=ORIENTED_EDGE('',*,*,#5555,.F.);
#7742=ORIENTED_EDGE('',*,*,#5560,.F.);
#7743=ORIENTED_EDGE('',*,*,#5561,.T.);
#7744=ORIENTED_EDGE('',*,*,#5562,.T.);
#7745=ORIENTED_EDGE('',*,*,#5558,.F.);
#7746=ORIENTED_EDGE('',*,*,#5563,.F.);
#7747=ORIENTED_EDGE('',*,*,#5564,.T.);
#7748=ORIENTED_EDGE('',*,*,#5565,.T.);
#7749=ORIENTED_EDGE('',*,*,#5561,.F.);
#7750=ORIENTED_EDGE('',*,*,#5566,.F.);
#7751=ORIENTED_EDGE('',*,*,#5567,.T.);
#7752=ORIENTED_EDGE('',*,*,#5568,.T.);
#7753=ORIENTED_EDGE('',*,*,#5564,.F.);
#7754=ORIENTED_EDGE('',*,*,#5569,.F.);
#7755=ORIENTED_EDGE('',*,*,#5570,.T.);
#7756=ORIENTED_EDGE('',*,*,#5571,.T.);
#7757=ORIENTED_EDGE('',*,*,#5567,.F.);
#7758=ORIENTED_EDGE('',*,*,#5572,.F.);
#7759=ORIENTED_EDGE('',*,*,#5573,.T.);
#7760=ORIENTED_EDGE('',*,*,#5574,.T.);
#7761=ORIENTED_EDGE('',*,*,#5570,.F.);
#7762=ORIENTED_EDGE('',*,*,#5575,.F.);
#7763=ORIENTED_EDGE('',*,*,#5576,.T.);
#7764=ORIENTED_EDGE('',*,*,#5577,.T.);
#7765=ORIENTED_EDGE('',*,*,#5573,.F.);
#7766=ORIENTED_EDGE('',*,*,#5578,.F.);
#7767=ORIENTED_EDGE('',*,*,#5579,.T.);
#7768=ORIENTED_EDGE('',*,*,#5580,.T.);
#7769=ORIENTED_EDGE('',*,*,#5576,.F.);
#7770=ORIENTED_EDGE('',*,*,#5581,.F.);
#7771=ORIENTED_EDGE('',*,*,#5582,.T.);
#7772=ORIENTED_EDGE('',*,*,#5583,.T.);
#7773=ORIENTED_EDGE('',*,*,#5579,.F.);
#7774=ORIENTED_EDGE('',*,*,#5584,.F.);
#7775=ORIENTED_EDGE('',*,*,#5511,.T.);
#7776=ORIENTED_EDGE('',*,*,#5585,.T.);
#7777=ORIENTED_EDGE('',*,*,#5582,.F.);
#7778=ORIENTED_EDGE('',*,*,#5585,.F.);
#7779=ORIENTED_EDGE('',*,*,#5510,.F.);
#7780=ORIENTED_EDGE('',*,*,#5514,.F.);
#7781=ORIENTED_EDGE('',*,*,#5517,.F.);
#7782=ORIENTED_EDGE('',*,*,#5520,.F.);
#7783=ORIENTED_EDGE('',*,*,#5523,.F.);
#7784=ORIENTED_EDGE('',*,*,#5526,.F.);
#7785=ORIENTED_EDGE('',*,*,#5529,.F.);
#7786=ORIENTED_EDGE('',*,*,#5532,.F.);
#7787=ORIENTED_EDGE('',*,*,#5535,.F.);
#7788=ORIENTED_EDGE('',*,*,#5538,.F.);
#7789=ORIENTED_EDGE('',*,*,#5541,.F.);
#7790=ORIENTED_EDGE('',*,*,#5544,.F.);
#7791=ORIENTED_EDGE('',*,*,#5547,.F.);
#7792=ORIENTED_EDGE('',*,*,#5550,.F.);
#7793=ORIENTED_EDGE('',*,*,#5553,.F.);
#7794=ORIENTED_EDGE('',*,*,#5556,.F.);
#7795=ORIENTED_EDGE('',*,*,#5559,.F.);
#7796=ORIENTED_EDGE('',*,*,#5562,.F.);
#7797=ORIENTED_EDGE('',*,*,#5565,.F.);
#7798=ORIENTED_EDGE('',*,*,#5568,.F.);
#7799=ORIENTED_EDGE('',*,*,#5571,.F.);
#7800=ORIENTED_EDGE('',*,*,#5574,.F.);
#7801=ORIENTED_EDGE('',*,*,#5577,.F.);
#7802=ORIENTED_EDGE('',*,*,#5580,.F.);
#7803=ORIENTED_EDGE('',*,*,#5583,.F.);
#7804=ORIENTED_EDGE('',*,*,#5586,.F.);
#7805=ORIENTED_EDGE('',*,*,#5587,.T.);
#7806=ORIENTED_EDGE('',*,*,#5588,.T.);
#7807=ORIENTED_EDGE('',*,*,#5589,.F.);
#7808=ORIENTED_EDGE('',*,*,#5590,.F.);
#7809=ORIENTED_EDGE('',*,*,#5591,.T.);
#7810=ORIENTED_EDGE('',*,*,#5592,.T.);
#7811=ORIENTED_EDGE('',*,*,#5587,.F.);
#7812=ORIENTED_EDGE('',*,*,#5593,.F.);
#7813=ORIENTED_EDGE('',*,*,#5594,.T.);
#7814=ORIENTED_EDGE('',*,*,#5595,.T.);
#7815=ORIENTED_EDGE('',*,*,#5591,.F.);
#7816=ORIENTED_EDGE('',*,*,#5596,.F.);
#7817=ORIENTED_EDGE('',*,*,#5597,.T.);
#7818=ORIENTED_EDGE('',*,*,#5598,.T.);
#7819=ORIENTED_EDGE('',*,*,#5594,.F.);
#7820=ORIENTED_EDGE('',*,*,#5599,.F.);
#7821=ORIENTED_EDGE('',*,*,#5600,.T.);
#7822=ORIENTED_EDGE('',*,*,#5601,.T.);
#7823=ORIENTED_EDGE('',*,*,#5597,.F.);
#7824=ORIENTED_EDGE('',*,*,#5602,.F.);
#7825=ORIENTED_EDGE('',*,*,#5603,.T.);
#7826=ORIENTED_EDGE('',*,*,#5604,.T.);
#7827=ORIENTED_EDGE('',*,*,#5600,.F.);
#7828=ORIENTED_EDGE('',*,*,#5605,.F.);
#7829=ORIENTED_EDGE('',*,*,#5606,.T.);
#7830=ORIENTED_EDGE('',*,*,#5607,.T.);
#7831=ORIENTED_EDGE('',*,*,#5603,.F.);
#7832=ORIENTED_EDGE('',*,*,#5608,.F.);
#7833=ORIENTED_EDGE('',*,*,#5609,.T.);
#7834=ORIENTED_EDGE('',*,*,#5610,.T.);
#7835=ORIENTED_EDGE('',*,*,#5606,.F.);
#7836=ORIENTED_EDGE('',*,*,#5611,.F.);
#7837=ORIENTED_EDGE('',*,*,#5612,.T.);
#7838=ORIENTED_EDGE('',*,*,#5613,.T.);
#7839=ORIENTED_EDGE('',*,*,#5609,.F.);
#7840=ORIENTED_EDGE('',*,*,#5614,.F.);
#7841=ORIENTED_EDGE('',*,*,#5615,.T.);
#7842=ORIENTED_EDGE('',*,*,#5616,.T.);
#7843=ORIENTED_EDGE('',*,*,#5612,.F.);
#7844=ORIENTED_EDGE('',*,*,#5617,.F.);
#7845=ORIENTED_EDGE('',*,*,#5618,.T.);
#7846=ORIENTED_EDGE('',*,*,#5619,.T.);
#7847=ORIENTED_EDGE('',*,*,#5615,.F.);
#7848=ORIENTED_EDGE('',*,*,#5620,.F.);
#7849=ORIENTED_EDGE('',*,*,#5621,.T.);
#7850=ORIENTED_EDGE('',*,*,#5622,.T.);
#7851=ORIENTED_EDGE('',*,*,#5618,.F.);
#7852=ORIENTED_EDGE('',*,*,#5623,.F.);
#7853=ORIENTED_EDGE('',*,*,#5624,.T.);
#7854=ORIENTED_EDGE('',*,*,#5625,.T.);
#7855=ORIENTED_EDGE('',*,*,#5621,.F.);
#7856=ORIENTED_EDGE('',*,*,#5626,.F.);
#7857=ORIENTED_EDGE('',*,*,#5589,.T.);
#7858=ORIENTED_EDGE('',*,*,#5627,.T.);
#7859=ORIENTED_EDGE('',*,*,#5624,.F.);
#7860=ORIENTED_EDGE('',*,*,#5628,.F.);
#7861=ORIENTED_EDGE('',*,*,#5629,.T.);
#7862=ORIENTED_EDGE('',*,*,#5630,.T.);
#7863=ORIENTED_EDGE('',*,*,#5631,.F.);
#7864=ORIENTED_EDGE('',*,*,#5632,.F.);
#7865=ORIENTED_EDGE('',*,*,#5633,.T.);
#7866=ORIENTED_EDGE('',*,*,#5634,.T.);
#7867=ORIENTED_EDGE('',*,*,#5629,.F.);
#7868=ORIENTED_EDGE('',*,*,#5635,.F.);
#7869=ORIENTED_EDGE('',*,*,#5636,.T.);
#7870=ORIENTED_EDGE('',*,*,#5637,.T.);
#7871=ORIENTED_EDGE('',*,*,#5633,.F.);
#7872=ORIENTED_EDGE('',*,*,#5638,.F.);
#7873=ORIENTED_EDGE('',*,*,#5639,.T.);
#7874=ORIENTED_EDGE('',*,*,#5640,.T.);
#7875=ORIENTED_EDGE('',*,*,#5636,.F.);
#7876=ORIENTED_EDGE('',*,*,#5641,.F.);
#7877=ORIENTED_EDGE('',*,*,#5642,.T.);
#7878=ORIENTED_EDGE('',*,*,#5643,.T.);
#7879=ORIENTED_EDGE('',*,*,#5639,.F.);
#7880=ORIENTED_EDGE('',*,*,#5644,.F.);
#7881=ORIENTED_EDGE('',*,*,#5645,.T.);
#7882=ORIENTED_EDGE('',*,*,#5646,.T.);
#7883=ORIENTED_EDGE('',*,*,#5642,.F.);
#7884=ORIENTED_EDGE('',*,*,#5647,.F.);
#7885=ORIENTED_EDGE('',*,*,#5648,.T.);
#7886=ORIENTED_EDGE('',*,*,#5649,.T.);
#7887=ORIENTED_EDGE('',*,*,#5645,.F.);
#7888=ORIENTED_EDGE('',*,*,#5650,.F.);
#7889=ORIENTED_EDGE('',*,*,#5651,.T.);
#7890=ORIENTED_EDGE('',*,*,#5652,.T.);
#7891=ORIENTED_EDGE('',*,*,#5648,.F.);
#7892=ORIENTED_EDGE('',*,*,#5653,.F.);
#7893=ORIENTED_EDGE('',*,*,#5654,.T.);
#7894=ORIENTED_EDGE('',*,*,#5655,.T.);
#7895=ORIENTED_EDGE('',*,*,#5651,.F.);
#7896=ORIENTED_EDGE('',*,*,#5656,.F.);
#7897=ORIENTED_EDGE('',*,*,#5657,.T.);
#7898=ORIENTED_EDGE('',*,*,#5658,.T.);
#7899=ORIENTED_EDGE('',*,*,#5654,.F.);
#7900=ORIENTED_EDGE('',*,*,#5659,.F.);
#7901=ORIENTED_EDGE('',*,*,#5660,.T.);
#7902=ORIENTED_EDGE('',*,*,#5661,.T.);
#7903=ORIENTED_EDGE('',*,*,#5657,.F.);
#7904=ORIENTED_EDGE('',*,*,#5662,.F.);
#7905=ORIENTED_EDGE('',*,*,#5663,.T.);
#7906=ORIENTED_EDGE('',*,*,#5664,.T.);
#7907=ORIENTED_EDGE('',*,*,#5660,.F.);
#7908=ORIENTED_EDGE('',*,*,#5665,.F.);
#7909=ORIENTED_EDGE('',*,*,#5666,.T.);
#7910=ORIENTED_EDGE('',*,*,#5667,.T.);
#7911=ORIENTED_EDGE('',*,*,#5663,.F.);
#7912=ORIENTED_EDGE('',*,*,#5668,.F.);
#7913=ORIENTED_EDGE('',*,*,#5669,.T.);
#7914=ORIENTED_EDGE('',*,*,#5670,.T.);
#7915=ORIENTED_EDGE('',*,*,#5666,.F.);
#7916=ORIENTED_EDGE('',*,*,#5671,.F.);
#7917=ORIENTED_EDGE('',*,*,#5672,.T.);
#7918=ORIENTED_EDGE('',*,*,#5673,.T.);
#7919=ORIENTED_EDGE('',*,*,#5669,.F.);
#7920=ORIENTED_EDGE('',*,*,#5674,.F.);
#7921=ORIENTED_EDGE('',*,*,#5675,.T.);
#7922=ORIENTED_EDGE('',*,*,#5676,.T.);
#7923=ORIENTED_EDGE('',*,*,#5672,.F.);
#7924=ORIENTED_EDGE('',*,*,#5677,.F.);
#7925=ORIENTED_EDGE('',*,*,#5678,.T.);
#7926=ORIENTED_EDGE('',*,*,#5679,.T.);
#7927=ORIENTED_EDGE('',*,*,#5675,.F.);
#7928=ORIENTED_EDGE('',*,*,#5680,.F.);
#7929=ORIENTED_EDGE('',*,*,#5681,.T.);
#7930=ORIENTED_EDGE('',*,*,#5682,.T.);
#7931=ORIENTED_EDGE('',*,*,#5678,.F.);
#7932=ORIENTED_EDGE('',*,*,#5683,.F.);
#7933=ORIENTED_EDGE('',*,*,#5684,.T.);
#7934=ORIENTED_EDGE('',*,*,#5685,.T.);
#7935=ORIENTED_EDGE('',*,*,#5681,.F.);
#7936=ORIENTED_EDGE('',*,*,#5686,.F.);
#7937=ORIENTED_EDGE('',*,*,#5687,.T.);
#7938=ORIENTED_EDGE('',*,*,#5688,.T.);
#7939=ORIENTED_EDGE('',*,*,#5684,.F.);
#7940=ORIENTED_EDGE('',*,*,#5689,.F.);
#7941=ORIENTED_EDGE('',*,*,#5690,.T.);
#7942=ORIENTED_EDGE('',*,*,#5691,.T.);
#7943=ORIENTED_EDGE('',*,*,#5687,.F.);
#7944=ORIENTED_EDGE('',*,*,#5692,.F.);
#7945=ORIENTED_EDGE('',*,*,#5693,.T.);
#7946=ORIENTED_EDGE('',*,*,#5694,.T.);
#7947=ORIENTED_EDGE('',*,*,#5690,.F.);
#7948=ORIENTED_EDGE('',*,*,#5695,.F.);
#7949=ORIENTED_EDGE('',*,*,#5696,.T.);
#7950=ORIENTED_EDGE('',*,*,#5697,.T.);
#7951=ORIENTED_EDGE('',*,*,#5693,.F.);
#7952=ORIENTED_EDGE('',*,*,#5698,.F.);
#7953=ORIENTED_EDGE('',*,*,#5699,.T.);
#7954=ORIENTED_EDGE('',*,*,#5700,.T.);
#7955=ORIENTED_EDGE('',*,*,#5696,.F.);
#7956=ORIENTED_EDGE('',*,*,#5701,.F.);
#7957=ORIENTED_EDGE('',*,*,#5702,.T.);
#7958=ORIENTED_EDGE('',*,*,#5703,.T.);
#7959=ORIENTED_EDGE('',*,*,#5699,.F.);
#7960=ORIENTED_EDGE('',*,*,#5704,.F.);
#7961=ORIENTED_EDGE('',*,*,#5705,.T.);
#7962=ORIENTED_EDGE('',*,*,#5706,.T.);
#7963=ORIENTED_EDGE('',*,*,#5702,.F.);
#7964=ORIENTED_EDGE('',*,*,#5707,.F.);
#7965=ORIENTED_EDGE('',*,*,#5631,.T.);
#7966=ORIENTED_EDGE('',*,*,#5708,.T.);
#7967=ORIENTED_EDGE('',*,*,#5705,.F.);
#7968=ORIENTED_EDGE('',*,*,#5708,.F.);
#7969=ORIENTED_EDGE('',*,*,#5630,.F.);
#7970=ORIENTED_EDGE('',*,*,#5634,.F.);
#7971=ORIENTED_EDGE('',*,*,#5637,.F.);
#7972=ORIENTED_EDGE('',*,*,#5640,.F.);
#7973=ORIENTED_EDGE('',*,*,#5643,.F.);
#7974=ORIENTED_EDGE('',*,*,#5646,.F.);
#7975=ORIENTED_EDGE('',*,*,#5649,.F.);
#7976=ORIENTED_EDGE('',*,*,#5652,.F.);
#7977=ORIENTED_EDGE('',*,*,#5655,.F.);
#7978=ORIENTED_EDGE('',*,*,#5658,.F.);
#7979=ORIENTED_EDGE('',*,*,#5661,.F.);
#7980=ORIENTED_EDGE('',*,*,#5664,.F.);
#7981=ORIENTED_EDGE('',*,*,#5667,.F.);
#7982=ORIENTED_EDGE('',*,*,#5670,.F.);
#7983=ORIENTED_EDGE('',*,*,#5673,.F.);
#7984=ORIENTED_EDGE('',*,*,#5676,.F.);
#7985=ORIENTED_EDGE('',*,*,#5679,.F.);
#7986=ORIENTED_EDGE('',*,*,#5682,.F.);
#7987=ORIENTED_EDGE('',*,*,#5685,.F.);
#7988=ORIENTED_EDGE('',*,*,#5688,.F.);
#7989=ORIENTED_EDGE('',*,*,#5691,.F.);
#7990=ORIENTED_EDGE('',*,*,#5694,.F.);
#7991=ORIENTED_EDGE('',*,*,#5697,.F.);
#7992=ORIENTED_EDGE('',*,*,#5700,.F.);
#7993=ORIENTED_EDGE('',*,*,#5703,.F.);
#7994=ORIENTED_EDGE('',*,*,#5706,.F.);
#7995=ORIENTED_EDGE('',*,*,#5627,.F.);
#7996=ORIENTED_EDGE('',*,*,#5588,.F.);
#7997=ORIENTED_EDGE('',*,*,#5592,.F.);
#7998=ORIENTED_EDGE('',*,*,#5595,.F.);
#7999=ORIENTED_EDGE('',*,*,#5598,.F.);
#8000=ORIENTED_EDGE('',*,*,#5601,.F.);
#8001=ORIENTED_EDGE('',*,*,#5604,.F.);
#8002=ORIENTED_EDGE('',*,*,#5607,.F.);
#8003=ORIENTED_EDGE('',*,*,#5610,.F.);
#8004=ORIENTED_EDGE('',*,*,#5613,.F.);
#8005=ORIENTED_EDGE('',*,*,#5616,.F.);
#8006=ORIENTED_EDGE('',*,*,#5619,.F.);
#8007=ORIENTED_EDGE('',*,*,#5622,.F.);
#8008=ORIENTED_EDGE('',*,*,#5625,.F.);
#8009=ORIENTED_EDGE('',*,*,#5709,.F.);
#8010=ORIENTED_EDGE('',*,*,#5710,.T.);
#8011=ORIENTED_EDGE('',*,*,#5711,.T.);
#8012=ORIENTED_EDGE('',*,*,#5712,.F.);
#8013=ORIENTED_EDGE('',*,*,#5713,.F.);
#8014=ORIENTED_EDGE('',*,*,#5714,.T.);
#8015=ORIENTED_EDGE('',*,*,#5715,.T.);
#8016=ORIENTED_EDGE('',*,*,#5710,.F.);
#8017=ORIENTED_EDGE('',*,*,#5716,.F.);
#8018=ORIENTED_EDGE('',*,*,#5717,.T.);
#8019=ORIENTED_EDGE('',*,*,#5718,.T.);
#8020=ORIENTED_EDGE('',*,*,#5714,.F.);
#8021=ORIENTED_EDGE('',*,*,#5719,.F.);
#8022=ORIENTED_EDGE('',*,*,#5720,.T.);
#8023=ORIENTED_EDGE('',*,*,#5721,.T.);
#8024=ORIENTED_EDGE('',*,*,#5717,.F.);
#8025=ORIENTED_EDGE('',*,*,#5722,.F.);
#8026=ORIENTED_EDGE('',*,*,#5723,.T.);
#8027=ORIENTED_EDGE('',*,*,#5724,.T.);
#8028=ORIENTED_EDGE('',*,*,#5720,.F.);
#8029=ORIENTED_EDGE('',*,*,#5725,.F.);
#8030=ORIENTED_EDGE('',*,*,#5726,.T.);
#8031=ORIENTED_EDGE('',*,*,#5727,.T.);
#8032=ORIENTED_EDGE('',*,*,#5723,.F.);
#8033=ORIENTED_EDGE('',*,*,#5728,.F.);
#8034=ORIENTED_EDGE('',*,*,#5729,.T.);
#8035=ORIENTED_EDGE('',*,*,#5730,.T.);
#8036=ORIENTED_EDGE('',*,*,#5726,.F.);
#8037=ORIENTED_EDGE('',*,*,#5731,.F.);
#8038=ORIENTED_EDGE('',*,*,#5732,.T.);
#8039=ORIENTED_EDGE('',*,*,#5733,.T.);
#8040=ORIENTED_EDGE('',*,*,#5729,.F.);
#8041=ORIENTED_EDGE('',*,*,#5734,.F.);
#8042=ORIENTED_EDGE('',*,*,#5735,.T.);
#8043=ORIENTED_EDGE('',*,*,#5736,.T.);
#8044=ORIENTED_EDGE('',*,*,#5732,.F.);
#8045=ORIENTED_EDGE('',*,*,#5737,.F.);
#8046=ORIENTED_EDGE('',*,*,#5738,.T.);
#8047=ORIENTED_EDGE('',*,*,#5739,.T.);
#8048=ORIENTED_EDGE('',*,*,#5735,.F.);
#8049=ORIENTED_EDGE('',*,*,#5740,.F.);
#8050=ORIENTED_EDGE('',*,*,#5712,.T.);
#8051=ORIENTED_EDGE('',*,*,#5741,.T.);
#8052=ORIENTED_EDGE('',*,*,#5738,.F.);
#8053=ORIENTED_EDGE('',*,*,#5742,.F.);
#8054=ORIENTED_EDGE('',*,*,#5743,.T.);
#8055=ORIENTED_EDGE('',*,*,#5744,.T.);
#8056=ORIENTED_EDGE('',*,*,#5745,.F.);
#8057=ORIENTED_EDGE('',*,*,#5746,.F.);
#8058=ORIENTED_EDGE('',*,*,#5747,.T.);
#8059=ORIENTED_EDGE('',*,*,#5748,.T.);
#8060=ORIENTED_EDGE('',*,*,#5743,.F.);
#8061=ORIENTED_EDGE('',*,*,#5749,.F.);
#8062=ORIENTED_EDGE('',*,*,#5750,.T.);
#8063=ORIENTED_EDGE('',*,*,#5751,.T.);
#8064=ORIENTED_EDGE('',*,*,#5747,.F.);
#8065=ORIENTED_EDGE('',*,*,#5752,.F.);
#8066=ORIENTED_EDGE('',*,*,#5753,.T.);
#8067=ORIENTED_EDGE('',*,*,#5754,.T.);
#8068=ORIENTED_EDGE('',*,*,#5750,.F.);
#8069=ORIENTED_EDGE('',*,*,#5755,.F.);
#8070=ORIENTED_EDGE('',*,*,#5756,.T.);
#8071=ORIENTED_EDGE('',*,*,#5757,.T.);
#8072=ORIENTED_EDGE('',*,*,#5753,.F.);
#8073=ORIENTED_EDGE('',*,*,#5758,.F.);
#8074=ORIENTED_EDGE('',*,*,#5759,.T.);
#8075=ORIENTED_EDGE('',*,*,#5760,.T.);
#8076=ORIENTED_EDGE('',*,*,#5756,.F.);
#8077=ORIENTED_EDGE('',*,*,#5761,.F.);
#8078=ORIENTED_EDGE('',*,*,#5762,.T.);
#8079=ORIENTED_EDGE('',*,*,#5763,.T.);
#8080=ORIENTED_EDGE('',*,*,#5759,.F.);
#8081=ORIENTED_EDGE('',*,*,#5764,.F.);
#8082=ORIENTED_EDGE('',*,*,#5765,.T.);
#8083=ORIENTED_EDGE('',*,*,#5766,.T.);
#8084=ORIENTED_EDGE('',*,*,#5762,.F.);
#8085=ORIENTED_EDGE('',*,*,#5767,.F.);
#8086=ORIENTED_EDGE('',*,*,#5768,.T.);
#8087=ORIENTED_EDGE('',*,*,#5769,.T.);
#8088=ORIENTED_EDGE('',*,*,#5765,.F.);
#8089=ORIENTED_EDGE('',*,*,#5770,.F.);
#8090=ORIENTED_EDGE('',*,*,#5771,.T.);
#8091=ORIENTED_EDGE('',*,*,#5772,.T.);
#8092=ORIENTED_EDGE('',*,*,#5768,.F.);
#8093=ORIENTED_EDGE('',*,*,#5773,.F.);
#8094=ORIENTED_EDGE('',*,*,#5745,.T.);
#8095=ORIENTED_EDGE('',*,*,#5774,.T.);
#8096=ORIENTED_EDGE('',*,*,#5771,.F.);
#8097=ORIENTED_EDGE('',*,*,#5774,.F.);
#8098=ORIENTED_EDGE('',*,*,#5744,.F.);
#8099=ORIENTED_EDGE('',*,*,#5748,.F.);
#8100=ORIENTED_EDGE('',*,*,#5751,.F.);
#8101=ORIENTED_EDGE('',*,*,#5754,.F.);
#8102=ORIENTED_EDGE('',*,*,#5757,.F.);
#8103=ORIENTED_EDGE('',*,*,#5760,.F.);
#8104=ORIENTED_EDGE('',*,*,#5763,.F.);
#8105=ORIENTED_EDGE('',*,*,#5766,.F.);
#8106=ORIENTED_EDGE('',*,*,#5769,.F.);
#8107=ORIENTED_EDGE('',*,*,#5772,.F.);
#8108=ORIENTED_EDGE('',*,*,#5741,.F.);
#8109=ORIENTED_EDGE('',*,*,#5711,.F.);
#8110=ORIENTED_EDGE('',*,*,#5715,.F.);
#8111=ORIENTED_EDGE('',*,*,#5718,.F.);
#8112=ORIENTED_EDGE('',*,*,#5721,.F.);
#8113=ORIENTED_EDGE('',*,*,#5724,.F.);
#8114=ORIENTED_EDGE('',*,*,#5727,.F.);
#8115=ORIENTED_EDGE('',*,*,#5730,.F.);
#8116=ORIENTED_EDGE('',*,*,#5733,.F.);
#8117=ORIENTED_EDGE('',*,*,#5736,.F.);
#8118=ORIENTED_EDGE('',*,*,#5739,.F.);
#8119=ORIENTED_EDGE('',*,*,#5775,.F.);
#8120=ORIENTED_EDGE('',*,*,#5776,.T.);
#8121=ORIENTED_EDGE('',*,*,#5777,.T.);
#8122=ORIENTED_EDGE('',*,*,#5778,.F.);
#8123=ORIENTED_EDGE('',*,*,#5779,.F.);
#8124=ORIENTED_EDGE('',*,*,#5780,.T.);
#8125=ORIENTED_EDGE('',*,*,#5781,.T.);
#8126=ORIENTED_EDGE('',*,*,#5776,.F.);
#8127=ORIENTED_EDGE('',*,*,#5782,.F.);
#8128=ORIENTED_EDGE('',*,*,#5783,.T.);
#8129=ORIENTED_EDGE('',*,*,#5784,.T.);
#8130=ORIENTED_EDGE('',*,*,#5780,.F.);
#8131=ORIENTED_EDGE('',*,*,#5785,.F.);
#8132=ORIENTED_EDGE('',*,*,#5786,.T.);
#8133=ORIENTED_EDGE('',*,*,#5787,.T.);
#8134=ORIENTED_EDGE('',*,*,#5783,.F.);
#8135=ORIENTED_EDGE('',*,*,#5788,.F.);
#8136=ORIENTED_EDGE('',*,*,#5789,.T.);
#8137=ORIENTED_EDGE('',*,*,#5790,.T.);
#8138=ORIENTED_EDGE('',*,*,#5786,.F.);
#8139=ORIENTED_EDGE('',*,*,#5791,.F.);
#8140=ORIENTED_EDGE('',*,*,#5792,.T.);
#8141=ORIENTED_EDGE('',*,*,#5793,.T.);
#8142=ORIENTED_EDGE('',*,*,#5789,.F.);
#8143=ORIENTED_EDGE('',*,*,#5794,.F.);
#8144=ORIENTED_EDGE('',*,*,#5795,.T.);
#8145=ORIENTED_EDGE('',*,*,#5796,.T.);
#8146=ORIENTED_EDGE('',*,*,#5792,.F.);
#8147=ORIENTED_EDGE('',*,*,#5797,.F.);
#8148=ORIENTED_EDGE('',*,*,#5798,.T.);
#8149=ORIENTED_EDGE('',*,*,#5799,.T.);
#8150=ORIENTED_EDGE('',*,*,#5795,.F.);
#8151=ORIENTED_EDGE('',*,*,#5800,.F.);
#8152=ORIENTED_EDGE('',*,*,#5801,.T.);
#8153=ORIENTED_EDGE('',*,*,#5802,.T.);
#8154=ORIENTED_EDGE('',*,*,#5798,.F.);
#8155=ORIENTED_EDGE('',*,*,#5803,.F.);
#8156=ORIENTED_EDGE('',*,*,#5804,.T.);
#8157=ORIENTED_EDGE('',*,*,#5805,.T.);
#8158=ORIENTED_EDGE('',*,*,#5801,.F.);
#8159=ORIENTED_EDGE('',*,*,#5806,.F.);
#8160=ORIENTED_EDGE('',*,*,#5807,.T.);
#8161=ORIENTED_EDGE('',*,*,#5808,.T.);
#8162=ORIENTED_EDGE('',*,*,#5804,.F.);
#8163=ORIENTED_EDGE('',*,*,#5809,.F.);
#8164=ORIENTED_EDGE('',*,*,#5810,.T.);
#8165=ORIENTED_EDGE('',*,*,#5811,.T.);
#8166=ORIENTED_EDGE('',*,*,#5807,.F.);
#8167=ORIENTED_EDGE('',*,*,#5812,.F.);
#8168=ORIENTED_EDGE('',*,*,#5813,.T.);
#8169=ORIENTED_EDGE('',*,*,#5814,.T.);
#8170=ORIENTED_EDGE('',*,*,#5810,.F.);
#8171=ORIENTED_EDGE('',*,*,#5815,.F.);
#8172=ORIENTED_EDGE('',*,*,#5816,.T.);
#8173=ORIENTED_EDGE('',*,*,#5817,.T.);
#8174=ORIENTED_EDGE('',*,*,#5813,.F.);
#8175=ORIENTED_EDGE('',*,*,#5818,.F.);
#8176=ORIENTED_EDGE('',*,*,#5819,.T.);
#8177=ORIENTED_EDGE('',*,*,#5820,.T.);
#8178=ORIENTED_EDGE('',*,*,#5816,.F.);
#8179=ORIENTED_EDGE('',*,*,#5821,.F.);
#8180=ORIENTED_EDGE('',*,*,#5778,.T.);
#8181=ORIENTED_EDGE('',*,*,#5822,.T.);
#8182=ORIENTED_EDGE('',*,*,#5819,.F.);
#8183=ORIENTED_EDGE('',*,*,#5823,.F.);
#8184=ORIENTED_EDGE('',*,*,#5824,.T.);
#8185=ORIENTED_EDGE('',*,*,#5825,.T.);
#8186=ORIENTED_EDGE('',*,*,#5826,.F.);
#8187=ORIENTED_EDGE('',*,*,#5827,.F.);
#8188=ORIENTED_EDGE('',*,*,#5828,.T.);
#8189=ORIENTED_EDGE('',*,*,#5829,.T.);
#8190=ORIENTED_EDGE('',*,*,#5824,.F.);
#8191=ORIENTED_EDGE('',*,*,#5830,.F.);
#8192=ORIENTED_EDGE('',*,*,#5831,.T.);
#8193=ORIENTED_EDGE('',*,*,#5832,.T.);
#8194=ORIENTED_EDGE('',*,*,#5828,.F.);
#8195=ORIENTED_EDGE('',*,*,#5833,.F.);
#8196=ORIENTED_EDGE('',*,*,#5834,.T.);
#8197=ORIENTED_EDGE('',*,*,#5835,.T.);
#8198=ORIENTED_EDGE('',*,*,#5831,.F.);
#8199=ORIENTED_EDGE('',*,*,#5836,.F.);
#8200=ORIENTED_EDGE('',*,*,#5837,.T.);
#8201=ORIENTED_EDGE('',*,*,#5838,.T.);
#8202=ORIENTED_EDGE('',*,*,#5834,.F.);
#8203=ORIENTED_EDGE('',*,*,#5839,.F.);
#8204=ORIENTED_EDGE('',*,*,#5840,.T.);
#8205=ORIENTED_EDGE('',*,*,#5841,.T.);
#8206=ORIENTED_EDGE('',*,*,#5837,.F.);
#8207=ORIENTED_EDGE('',*,*,#5842,.F.);
#8208=ORIENTED_EDGE('',*,*,#5843,.T.);
#8209=ORIENTED_EDGE('',*,*,#5844,.T.);
#8210=ORIENTED_EDGE('',*,*,#5840,.F.);
#8211=ORIENTED_EDGE('',*,*,#5845,.F.);
#8212=ORIENTED_EDGE('',*,*,#5846,.T.);
#8213=ORIENTED_EDGE('',*,*,#5847,.T.);
#8214=ORIENTED_EDGE('',*,*,#5843,.F.);
#8215=ORIENTED_EDGE('',*,*,#5848,.F.);
#8216=ORIENTED_EDGE('',*,*,#5849,.T.);
#8217=ORIENTED_EDGE('',*,*,#5850,.T.);
#8218=ORIENTED_EDGE('',*,*,#5846,.F.);
#8219=ORIENTED_EDGE('',*,*,#5851,.F.);
#8220=ORIENTED_EDGE('',*,*,#5852,.T.);
#8221=ORIENTED_EDGE('',*,*,#5853,.T.);
#8222=ORIENTED_EDGE('',*,*,#5849,.F.);
#8223=ORIENTED_EDGE('',*,*,#5854,.F.);
#8224=ORIENTED_EDGE('',*,*,#5855,.T.);
#8225=ORIENTED_EDGE('',*,*,#5856,.T.);
#8226=ORIENTED_EDGE('',*,*,#5852,.F.);
#8227=ORIENTED_EDGE('',*,*,#5857,.F.);
#8228=ORIENTED_EDGE('',*,*,#5858,.T.);
#8229=ORIENTED_EDGE('',*,*,#5859,.T.);
#8230=ORIENTED_EDGE('',*,*,#5855,.F.);
#8231=ORIENTED_EDGE('',*,*,#5860,.F.);
#8232=ORIENTED_EDGE('',*,*,#5861,.T.);
#8233=ORIENTED_EDGE('',*,*,#5862,.T.);
#8234=ORIENTED_EDGE('',*,*,#5858,.F.);
#8235=ORIENTED_EDGE('',*,*,#5863,.F.);
#8236=ORIENTED_EDGE('',*,*,#5864,.T.);
#8237=ORIENTED_EDGE('',*,*,#5865,.T.);
#8238=ORIENTED_EDGE('',*,*,#5861,.F.);
#8239=ORIENTED_EDGE('',*,*,#5866,.F.);
#8240=ORIENTED_EDGE('',*,*,#5867,.T.);
#8241=ORIENTED_EDGE('',*,*,#5868,.T.);
#8242=ORIENTED_EDGE('',*,*,#5864,.F.);
#8243=ORIENTED_EDGE('',*,*,#5869,.F.);
#8244=ORIENTED_EDGE('',*,*,#5826,.T.);
#8245=ORIENTED_EDGE('',*,*,#5870,.T.);
#8246=ORIENTED_EDGE('',*,*,#5867,.F.);
#8247=ORIENTED_EDGE('',*,*,#5870,.F.);
#8248=ORIENTED_EDGE('',*,*,#5825,.F.);
#8249=ORIENTED_EDGE('',*,*,#5829,.F.);
#8250=ORIENTED_EDGE('',*,*,#5832,.F.);
#8251=ORIENTED_EDGE('',*,*,#5835,.F.);
#8252=ORIENTED_EDGE('',*,*,#5838,.F.);
#8253=ORIENTED_EDGE('',*,*,#5841,.F.);
#8254=ORIENTED_EDGE('',*,*,#5844,.F.);
#8255=ORIENTED_EDGE('',*,*,#5847,.F.);
#8256=ORIENTED_EDGE('',*,*,#5850,.F.);
#8257=ORIENTED_EDGE('',*,*,#5853,.F.);
#8258=ORIENTED_EDGE('',*,*,#5856,.F.);
#8259=ORIENTED_EDGE('',*,*,#5859,.F.);
#8260=ORIENTED_EDGE('',*,*,#5862,.F.);
#8261=ORIENTED_EDGE('',*,*,#5865,.F.);
#8262=ORIENTED_EDGE('',*,*,#5868,.F.);
#8263=ORIENTED_EDGE('',*,*,#5822,.F.);
#8264=ORIENTED_EDGE('',*,*,#5777,.F.);
#8265=ORIENTED_EDGE('',*,*,#5781,.F.);
#8266=ORIENTED_EDGE('',*,*,#5784,.F.);
#8267=ORIENTED_EDGE('',*,*,#5787,.F.);
#8268=ORIENTED_EDGE('',*,*,#5790,.F.);
#8269=ORIENTED_EDGE('',*,*,#5793,.F.);
#8270=ORIENTED_EDGE('',*,*,#5796,.F.);
#8271=ORIENTED_EDGE('',*,*,#5799,.F.);
#8272=ORIENTED_EDGE('',*,*,#5802,.F.);
#8273=ORIENTED_EDGE('',*,*,#5805,.F.);
#8274=ORIENTED_EDGE('',*,*,#5808,.F.);
#8275=ORIENTED_EDGE('',*,*,#5811,.F.);
#8276=ORIENTED_EDGE('',*,*,#5814,.F.);
#8277=ORIENTED_EDGE('',*,*,#5817,.F.);
#8278=ORIENTED_EDGE('',*,*,#5820,.F.);
#8279=ORIENTED_EDGE('',*,*,#5871,.F.);
#8280=ORIENTED_EDGE('',*,*,#5872,.T.);
#8281=ORIENTED_EDGE('',*,*,#5873,.T.);
#8282=ORIENTED_EDGE('',*,*,#5874,.F.);
#8283=ORIENTED_EDGE('',*,*,#5875,.F.);
#8284=ORIENTED_EDGE('',*,*,#5876,.T.);
#8285=ORIENTED_EDGE('',*,*,#5877,.T.);
#8286=ORIENTED_EDGE('',*,*,#5872,.F.);
#8287=ORIENTED_EDGE('',*,*,#5878,.F.);
#8288=ORIENTED_EDGE('',*,*,#5879,.T.);
#8289=ORIENTED_EDGE('',*,*,#5880,.T.);
#8290=ORIENTED_EDGE('',*,*,#5876,.F.);
#8291=ORIENTED_EDGE('',*,*,#5881,.F.);
#8292=ORIENTED_EDGE('',*,*,#5874,.T.);
#8293=ORIENTED_EDGE('',*,*,#5882,.T.);
#8294=ORIENTED_EDGE('',*,*,#5879,.F.);
#8295=ORIENTED_EDGE('',*,*,#5882,.F.);
#8296=ORIENTED_EDGE('',*,*,#5873,.F.);
#8297=ORIENTED_EDGE('',*,*,#5877,.F.);
#8298=ORIENTED_EDGE('',*,*,#5880,.F.);
#8299=ORIENTED_EDGE('',*,*,#5883,.F.);
#8300=ORIENTED_EDGE('',*,*,#5884,.T.);
#8301=ORIENTED_EDGE('',*,*,#5885,.T.);
#8302=ORIENTED_EDGE('',*,*,#5886,.F.);
#8303=ORIENTED_EDGE('',*,*,#5887,.F.);
#8304=ORIENTED_EDGE('',*,*,#5888,.T.);
#8305=ORIENTED_EDGE('',*,*,#5889,.T.);
#8306=ORIENTED_EDGE('',*,*,#5884,.F.);
#8307=ORIENTED_EDGE('',*,*,#5890,.F.);
#8308=ORIENTED_EDGE('',*,*,#5891,.T.);
#8309=ORIENTED_EDGE('',*,*,#5892,.T.);
#8310=ORIENTED_EDGE('',*,*,#5888,.F.);
#8311=ORIENTED_EDGE('',*,*,#5893,.F.);
#8312=ORIENTED_EDGE('',*,*,#5894,.T.);
#8313=ORIENTED_EDGE('',*,*,#5895,.T.);
#8314=ORIENTED_EDGE('',*,*,#5891,.F.);
#8315=ORIENTED_EDGE('',*,*,#5896,.F.);
#8316=ORIENTED_EDGE('',*,*,#5897,.T.);
#8317=ORIENTED_EDGE('',*,*,#5898,.T.);
#8318=ORIENTED_EDGE('',*,*,#5894,.F.);
#8319=ORIENTED_EDGE('',*,*,#5899,.F.);
#8320=ORIENTED_EDGE('',*,*,#5900,.T.);
#8321=ORIENTED_EDGE('',*,*,#5901,.T.);
#8322=ORIENTED_EDGE('',*,*,#5897,.F.);
#8323=ORIENTED_EDGE('',*,*,#5902,.F.);
#8324=ORIENTED_EDGE('',*,*,#5903,.T.);
#8325=ORIENTED_EDGE('',*,*,#5904,.T.);
#8326=ORIENTED_EDGE('',*,*,#5900,.F.);
#8327=ORIENTED_EDGE('',*,*,#5905,.F.);
#8328=ORIENTED_EDGE('',*,*,#5886,.T.);
#8329=ORIENTED_EDGE('',*,*,#5906,.T.);
#8330=ORIENTED_EDGE('',*,*,#5903,.F.);
#8331=ORIENTED_EDGE('',*,*,#5906,.F.);
#8332=ORIENTED_EDGE('',*,*,#5885,.F.);
#8333=ORIENTED_EDGE('',*,*,#5889,.F.);
#8334=ORIENTED_EDGE('',*,*,#5892,.F.);
#8335=ORIENTED_EDGE('',*,*,#5895,.F.);
#8336=ORIENTED_EDGE('',*,*,#5898,.F.);
#8337=ORIENTED_EDGE('',*,*,#5901,.F.);
#8338=ORIENTED_EDGE('',*,*,#5904,.F.);
#8339=ORIENTED_EDGE('',*,*,#5907,.F.);
#8340=ORIENTED_EDGE('',*,*,#5908,.T.);
#8341=ORIENTED_EDGE('',*,*,#5909,.T.);
#8342=ORIENTED_EDGE('',*,*,#5910,.F.);
#8343=ORIENTED_EDGE('',*,*,#5911,.F.);
#8344=ORIENTED_EDGE('',*,*,#5912,.T.);
#8345=ORIENTED_EDGE('',*,*,#5913,.T.);
#8346=ORIENTED_EDGE('',*,*,#5908,.F.);
#8347=ORIENTED_EDGE('',*,*,#5914,.F.);
#8348=ORIENTED_EDGE('',*,*,#5915,.T.);
#8349=ORIENTED_EDGE('',*,*,#5916,.T.);
#8350=ORIENTED_EDGE('',*,*,#5912,.F.);
#8351=ORIENTED_EDGE('',*,*,#5917,.F.);
#8352=ORIENTED_EDGE('',*,*,#5918,.T.);
#8353=ORIENTED_EDGE('',*,*,#5919,.T.);
#8354=ORIENTED_EDGE('',*,*,#5915,.F.);
#8355=ORIENTED_EDGE('',*,*,#5920,.F.);
#8356=ORIENTED_EDGE('',*,*,#5921,.T.);
#8357=ORIENTED_EDGE('',*,*,#5922,.T.);
#8358=ORIENTED_EDGE('',*,*,#5918,.F.);
#8359=ORIENTED_EDGE('',*,*,#5923,.F.);
#8360=ORIENTED_EDGE('',*,*,#5924,.T.);
#8361=ORIENTED_EDGE('',*,*,#5925,.T.);
#8362=ORIENTED_EDGE('',*,*,#5921,.F.);
#8363=ORIENTED_EDGE('',*,*,#5926,.F.);
#8364=ORIENTED_EDGE('',*,*,#5927,.T.);
#8365=ORIENTED_EDGE('',*,*,#5928,.T.);
#8366=ORIENTED_EDGE('',*,*,#5924,.F.);
#8367=ORIENTED_EDGE('',*,*,#5929,.F.);
#8368=ORIENTED_EDGE('',*,*,#5930,.T.);
#8369=ORIENTED_EDGE('',*,*,#5931,.T.);
#8370=ORIENTED_EDGE('',*,*,#5927,.F.);
#8371=ORIENTED_EDGE('',*,*,#5932,.F.);
#8372=ORIENTED_EDGE('',*,*,#5933,.T.);
#8373=ORIENTED_EDGE('',*,*,#5934,.T.);
#8374=ORIENTED_EDGE('',*,*,#5930,.F.);
#8375=ORIENTED_EDGE('',*,*,#5935,.F.);
#8376=ORIENTED_EDGE('',*,*,#5936,.T.);
#8377=ORIENTED_EDGE('',*,*,#5937,.T.);
#8378=ORIENTED_EDGE('',*,*,#5933,.F.);
#8379=ORIENTED_EDGE('',*,*,#5938,.F.);
#8380=ORIENTED_EDGE('',*,*,#5939,.T.);
#8381=ORIENTED_EDGE('',*,*,#5940,.T.);
#8382=ORIENTED_EDGE('',*,*,#5936,.F.);
#8383=ORIENTED_EDGE('',*,*,#5941,.F.);
#8384=ORIENTED_EDGE('',*,*,#5942,.T.);
#8385=ORIENTED_EDGE('',*,*,#5943,.T.);
#8386=ORIENTED_EDGE('',*,*,#5939,.F.);
#8387=ORIENTED_EDGE('',*,*,#5944,.F.);
#8388=ORIENTED_EDGE('',*,*,#5945,.T.);
#8389=ORIENTED_EDGE('',*,*,#5946,.T.);
#8390=ORIENTED_EDGE('',*,*,#5942,.F.);
#8391=ORIENTED_EDGE('',*,*,#5947,.F.);
#8392=ORIENTED_EDGE('',*,*,#5948,.T.);
#8393=ORIENTED_EDGE('',*,*,#5949,.T.);
#8394=ORIENTED_EDGE('',*,*,#5945,.F.);
#8395=ORIENTED_EDGE('',*,*,#5950,.F.);
#8396=ORIENTED_EDGE('',*,*,#5951,.T.);
#8397=ORIENTED_EDGE('',*,*,#5952,.T.);
#8398=ORIENTED_EDGE('',*,*,#5948,.F.);
#8399=ORIENTED_EDGE('',*,*,#5953,.F.);
#8400=ORIENTED_EDGE('',*,*,#5954,.T.);
#8401=ORIENTED_EDGE('',*,*,#5955,.T.);
#8402=ORIENTED_EDGE('',*,*,#5951,.F.);
#8403=ORIENTED_EDGE('',*,*,#5956,.F.);
#8404=ORIENTED_EDGE('',*,*,#5957,.T.);
#8405=ORIENTED_EDGE('',*,*,#5958,.T.);
#8406=ORIENTED_EDGE('',*,*,#5954,.F.);
#8407=ORIENTED_EDGE('',*,*,#5959,.F.);
#8408=ORIENTED_EDGE('',*,*,#5960,.T.);
#8409=ORIENTED_EDGE('',*,*,#5961,.T.);
#8410=ORIENTED_EDGE('',*,*,#5957,.F.);
#8411=ORIENTED_EDGE('',*,*,#5962,.F.);
#8412=ORIENTED_EDGE('',*,*,#5963,.T.);
#8413=ORIENTED_EDGE('',*,*,#5964,.T.);
#8414=ORIENTED_EDGE('',*,*,#5960,.F.);
#8415=ORIENTED_EDGE('',*,*,#5965,.F.);
#8416=ORIENTED_EDGE('',*,*,#5966,.T.);
#8417=ORIENTED_EDGE('',*,*,#5967,.T.);
#8418=ORIENTED_EDGE('',*,*,#5963,.F.);
#8419=ORIENTED_EDGE('',*,*,#5968,.F.);
#8420=ORIENTED_EDGE('',*,*,#5969,.T.);
#8421=ORIENTED_EDGE('',*,*,#5970,.T.);
#8422=ORIENTED_EDGE('',*,*,#5966,.F.);
#8423=ORIENTED_EDGE('',*,*,#5971,.F.);
#8424=ORIENTED_EDGE('',*,*,#5972,.T.);
#8425=ORIENTED_EDGE('',*,*,#5973,.T.);
#8426=ORIENTED_EDGE('',*,*,#5969,.F.);
#8427=ORIENTED_EDGE('',*,*,#5974,.F.);
#8428=ORIENTED_EDGE('',*,*,#5975,.T.);
#8429=ORIENTED_EDGE('',*,*,#5976,.T.);
#8430=ORIENTED_EDGE('',*,*,#5972,.F.);
#8431=ORIENTED_EDGE('',*,*,#5977,.F.);
#8432=ORIENTED_EDGE('',*,*,#5910,.T.);
#8433=ORIENTED_EDGE('',*,*,#5978,.T.);
#8434=ORIENTED_EDGE('',*,*,#5975,.F.);
#8435=ORIENTED_EDGE('',*,*,#5978,.F.);
#8436=ORIENTED_EDGE('',*,*,#5909,.F.);
#8437=ORIENTED_EDGE('',*,*,#5913,.F.);
#8438=ORIENTED_EDGE('',*,*,#5916,.F.);
#8439=ORIENTED_EDGE('',*,*,#5919,.F.);
#8440=ORIENTED_EDGE('',*,*,#5922,.F.);
#8441=ORIENTED_EDGE('',*,*,#5925,.F.);
#8442=ORIENTED_EDGE('',*,*,#5928,.F.);
#8443=ORIENTED_EDGE('',*,*,#5931,.F.);
#8444=ORIENTED_EDGE('',*,*,#5934,.F.);
#8445=ORIENTED_EDGE('',*,*,#5937,.F.);
#8446=ORIENTED_EDGE('',*,*,#5940,.F.);
#8447=ORIENTED_EDGE('',*,*,#5943,.F.);
#8448=ORIENTED_EDGE('',*,*,#5946,.F.);
#8449=ORIENTED_EDGE('',*,*,#5949,.F.);
#8450=ORIENTED_EDGE('',*,*,#5952,.F.);
#8451=ORIENTED_EDGE('',*,*,#5955,.F.);
#8452=ORIENTED_EDGE('',*,*,#5958,.F.);
#8453=ORIENTED_EDGE('',*,*,#5961,.F.);
#8454=ORIENTED_EDGE('',*,*,#5964,.F.);
#8455=ORIENTED_EDGE('',*,*,#5967,.F.);
#8456=ORIENTED_EDGE('',*,*,#5970,.F.);
#8457=ORIENTED_EDGE('',*,*,#5973,.F.);
#8458=ORIENTED_EDGE('',*,*,#5976,.F.);
#8459=ORIENTED_EDGE('',*,*,#5979,.F.);
#8460=ORIENTED_EDGE('',*,*,#5980,.T.);
#8461=ORIENTED_EDGE('',*,*,#5981,.T.);
#8462=ORIENTED_EDGE('',*,*,#5982,.F.);
#8463=ORIENTED_EDGE('',*,*,#5983,.F.);
#8464=ORIENTED_EDGE('',*,*,#5984,.T.);
#8465=ORIENTED_EDGE('',*,*,#5985,.T.);
#8466=ORIENTED_EDGE('',*,*,#5980,.F.);
#8467=ORIENTED_EDGE('',*,*,#5986,.F.);
#8468=ORIENTED_EDGE('',*,*,#5987,.T.);
#8469=ORIENTED_EDGE('',*,*,#5988,.T.);
#8470=ORIENTED_EDGE('',*,*,#5984,.F.);
#8471=ORIENTED_EDGE('',*,*,#5989,.F.);
#8472=ORIENTED_EDGE('',*,*,#5990,.T.);
#8473=ORIENTED_EDGE('',*,*,#5991,.T.);
#8474=ORIENTED_EDGE('',*,*,#5987,.F.);
#8475=ORIENTED_EDGE('',*,*,#5992,.F.);
#8476=ORIENTED_EDGE('',*,*,#5993,.T.);
#8477=ORIENTED_EDGE('',*,*,#5994,.T.);
#8478=ORIENTED_EDGE('',*,*,#5990,.F.);
#8479=ORIENTED_EDGE('',*,*,#5995,.F.);
#8480=ORIENTED_EDGE('',*,*,#5996,.T.);
#8481=ORIENTED_EDGE('',*,*,#5997,.T.);
#8482=ORIENTED_EDGE('',*,*,#5993,.F.);
#8483=ORIENTED_EDGE('',*,*,#5998,.F.);
#8484=ORIENTED_EDGE('',*,*,#5999,.T.);
#8485=ORIENTED_EDGE('',*,*,#6000,.T.);
#8486=ORIENTED_EDGE('',*,*,#5996,.F.);
#8487=ORIENTED_EDGE('',*,*,#6001,.F.);
#8488=ORIENTED_EDGE('',*,*,#6002,.T.);
#8489=ORIENTED_EDGE('',*,*,#6003,.T.);
#8490=ORIENTED_EDGE('',*,*,#5999,.F.);
#8491=ORIENTED_EDGE('',*,*,#6004,.F.);
#8492=ORIENTED_EDGE('',*,*,#5982,.T.);
#8493=ORIENTED_EDGE('',*,*,#6005,.T.);
#8494=ORIENTED_EDGE('',*,*,#6002,.F.);
#8495=ORIENTED_EDGE('',*,*,#6005,.F.);
#8496=ORIENTED_EDGE('',*,*,#5981,.F.);
#8497=ORIENTED_EDGE('',*,*,#5985,.F.);
#8498=ORIENTED_EDGE('',*,*,#5988,.F.);
#8499=ORIENTED_EDGE('',*,*,#5991,.F.);
#8500=ORIENTED_EDGE('',*,*,#5994,.F.);
#8501=ORIENTED_EDGE('',*,*,#5997,.F.);
#8502=ORIENTED_EDGE('',*,*,#6000,.F.);
#8503=ORIENTED_EDGE('',*,*,#6003,.F.);
#8504=ORIENTED_EDGE('',*,*,#6006,.F.);
#8505=ORIENTED_EDGE('',*,*,#6007,.F.);
#8506=ORIENTED_EDGE('',*,*,#6008,.F.);
#8507=ORIENTED_EDGE('',*,*,#6009,.F.);
#8508=ORIENTED_EDGE('',*,*,#6010,.F.);
#8509=ORIENTED_EDGE('',*,*,#6011,.F.);
#8510=ORIENTED_EDGE('',*,*,#6012,.F.);
#8511=ORIENTED_EDGE('',*,*,#6013,.F.);
#8512=ORIENTED_EDGE('',*,*,#6014,.T.);
#8513=ORIENTED_EDGE('',*,*,#6015,.T.);
#8514=ORIENTED_EDGE('',*,*,#6016,.T.);
#8515=ORIENTED_EDGE('',*,*,#6017,.T.);
#8516=ORIENTED_EDGE('',*,*,#6018,.T.);
#8517=ORIENTED_EDGE('',*,*,#6019,.T.);
#8518=ORIENTED_EDGE('',*,*,#6020,.T.);
#8519=ORIENTED_EDGE('',*,*,#6021,.T.);
#8520=ORIENTED_EDGE('',*,*,#6022,.T.);
#8521=ORIENTED_EDGE('',*,*,#6023,.T.);
#8522=ORIENTED_EDGE('',*,*,#6024,.T.);
#8523=ORIENTED_EDGE('',*,*,#6025,.T.);
#8524=ORIENTED_EDGE('',*,*,#6026,.T.);
#8525=ORIENTED_EDGE('',*,*,#6027,.T.);
#8526=ORIENTED_EDGE('',*,*,#6028,.T.);
#8527=ORIENTED_EDGE('',*,*,#6029,.T.);
#8528=ORIENTED_EDGE('',*,*,#6030,.T.);
#8529=ORIENTED_EDGE('',*,*,#6031,.T.);
#8530=ORIENTED_EDGE('',*,*,#5979,.T.);
#8531=ORIENTED_EDGE('',*,*,#6004,.T.);
#8532=ORIENTED_EDGE('',*,*,#6001,.T.);
#8533=ORIENTED_EDGE('',*,*,#5998,.T.);
#8534=ORIENTED_EDGE('',*,*,#5995,.T.);
#8535=ORIENTED_EDGE('',*,*,#5992,.T.);
#8536=ORIENTED_EDGE('',*,*,#5989,.T.);
#8537=ORIENTED_EDGE('',*,*,#5986,.T.);
#8538=ORIENTED_EDGE('',*,*,#5983,.T.);
#8539=ORIENTED_EDGE('',*,*,#5907,.T.);
#8540=ORIENTED_EDGE('',*,*,#5977,.T.);
#8541=ORIENTED_EDGE('',*,*,#5974,.T.);
#8542=ORIENTED_EDGE('',*,*,#5971,.T.);
#8543=ORIENTED_EDGE('',*,*,#5968,.T.);
#8544=ORIENTED_EDGE('',*,*,#5965,.T.);
#8545=ORIENTED_EDGE('',*,*,#5962,.T.);
#8546=ORIENTED_EDGE('',*,*,#5959,.T.);
#8547=ORIENTED_EDGE('',*,*,#5956,.T.);
#8548=ORIENTED_EDGE('',*,*,#5953,.T.);
#8549=ORIENTED_EDGE('',*,*,#5950,.T.);
#8550=ORIENTED_EDGE('',*,*,#5947,.T.);
#8551=ORIENTED_EDGE('',*,*,#5944,.T.);
#8552=ORIENTED_EDGE('',*,*,#5941,.T.);
#8553=ORIENTED_EDGE('',*,*,#5938,.T.);
#8554=ORIENTED_EDGE('',*,*,#5935,.T.);
#8555=ORIENTED_EDGE('',*,*,#5932,.T.);
#8556=ORIENTED_EDGE('',*,*,#5929,.T.);
#8557=ORIENTED_EDGE('',*,*,#5926,.T.);
#8558=ORIENTED_EDGE('',*,*,#5923,.T.);
#8559=ORIENTED_EDGE('',*,*,#5920,.T.);
#8560=ORIENTED_EDGE('',*,*,#5917,.T.);
#8561=ORIENTED_EDGE('',*,*,#5914,.T.);
#8562=ORIENTED_EDGE('',*,*,#5911,.T.);
#8563=ORIENTED_EDGE('',*,*,#5883,.T.);
#8564=ORIENTED_EDGE('',*,*,#5905,.T.);
#8565=ORIENTED_EDGE('',*,*,#5902,.T.);
#8566=ORIENTED_EDGE('',*,*,#5899,.T.);
#8567=ORIENTED_EDGE('',*,*,#5896,.T.);
#8568=ORIENTED_EDGE('',*,*,#5893,.T.);
#8569=ORIENTED_EDGE('',*,*,#5890,.T.);
#8570=ORIENTED_EDGE('',*,*,#5887,.T.);
#8571=ORIENTED_EDGE('',*,*,#5871,.T.);
#8572=ORIENTED_EDGE('',*,*,#5881,.T.);
#8573=ORIENTED_EDGE('',*,*,#5878,.T.);
#8574=ORIENTED_EDGE('',*,*,#5875,.T.);
#8575=ORIENTED_EDGE('',*,*,#5823,.T.);
#8576=ORIENTED_EDGE('',*,*,#5869,.T.);
#8577=ORIENTED_EDGE('',*,*,#5866,.T.);
#8578=ORIENTED_EDGE('',*,*,#5863,.T.);
#8579=ORIENTED_EDGE('',*,*,#5860,.T.);
#8580=ORIENTED_EDGE('',*,*,#5857,.T.);
#8581=ORIENTED_EDGE('',*,*,#5854,.T.);
#8582=ORIENTED_EDGE('',*,*,#5851,.T.);
#8583=ORIENTED_EDGE('',*,*,#5848,.T.);
#8584=ORIENTED_EDGE('',*,*,#5845,.T.);
#8585=ORIENTED_EDGE('',*,*,#5842,.T.);
#8586=ORIENTED_EDGE('',*,*,#5839,.T.);
#8587=ORIENTED_EDGE('',*,*,#5836,.T.);
#8588=ORIENTED_EDGE('',*,*,#5833,.T.);
#8589=ORIENTED_EDGE('',*,*,#5830,.T.);
#8590=ORIENTED_EDGE('',*,*,#5827,.T.);
#8591=ORIENTED_EDGE('',*,*,#5742,.T.);
#8592=ORIENTED_EDGE('',*,*,#5773,.T.);
#8593=ORIENTED_EDGE('',*,*,#5770,.T.);
#8594=ORIENTED_EDGE('',*,*,#5767,.T.);
#8595=ORIENTED_EDGE('',*,*,#5764,.T.);
#8596=ORIENTED_EDGE('',*,*,#5761,.T.);
#8597=ORIENTED_EDGE('',*,*,#5758,.T.);
#8598=ORIENTED_EDGE('',*,*,#5755,.T.);
#8599=ORIENTED_EDGE('',*,*,#5752,.T.);
#8600=ORIENTED_EDGE('',*,*,#5749,.T.);
#8601=ORIENTED_EDGE('',*,*,#5746,.T.);
#8602=ORIENTED_EDGE('',*,*,#5628,.T.);
#8603=ORIENTED_EDGE('',*,*,#5707,.T.);
#8604=ORIENTED_EDGE('',*,*,#5704,.T.);
#8605=ORIENTED_EDGE('',*,*,#5701,.T.);
#8606=ORIENTED_EDGE('',*,*,#5698,.T.);
#8607=ORIENTED_EDGE('',*,*,#5695,.T.);
#8608=ORIENTED_EDGE('',*,*,#5692,.T.);
#8609=ORIENTED_EDGE('',*,*,#5689,.T.);
#8610=ORIENTED_EDGE('',*,*,#5686,.T.);
#8611=ORIENTED_EDGE('',*,*,#5683,.T.);
#8612=ORIENTED_EDGE('',*,*,#5680,.T.);
#8613=ORIENTED_EDGE('',*,*,#5677,.T.);
#8614=ORIENTED_EDGE('',*,*,#5674,.T.);
#8615=ORIENTED_EDGE('',*,*,#5671,.T.);
#8616=ORIENTED_EDGE('',*,*,#5668,.T.);
#8617=ORIENTED_EDGE('',*,*,#5665,.T.);
#8618=ORIENTED_EDGE('',*,*,#5662,.T.);
#8619=ORIENTED_EDGE('',*,*,#5659,.T.);
#8620=ORIENTED_EDGE('',*,*,#5656,.T.);
#8621=ORIENTED_EDGE('',*,*,#5653,.T.);
#8622=ORIENTED_EDGE('',*,*,#5650,.T.);
#8623=ORIENTED_EDGE('',*,*,#5647,.T.);
#8624=ORIENTED_EDGE('',*,*,#5644,.T.);
#8625=ORIENTED_EDGE('',*,*,#5641,.T.);
#8626=ORIENTED_EDGE('',*,*,#5638,.T.);
#8627=ORIENTED_EDGE('',*,*,#5635,.T.);
#8628=ORIENTED_EDGE('',*,*,#5632,.T.);
#8629=ORIENTED_EDGE('',*,*,#5508,.T.);
#8630=ORIENTED_EDGE('',*,*,#5584,.T.);
#8631=ORIENTED_EDGE('',*,*,#5581,.T.);
#8632=ORIENTED_EDGE('',*,*,#5578,.T.);
#8633=ORIENTED_EDGE('',*,*,#5575,.T.);
#8634=ORIENTED_EDGE('',*,*,#5572,.T.);
#8635=ORIENTED_EDGE('',*,*,#5569,.T.);
#8636=ORIENTED_EDGE('',*,*,#5566,.T.);
#8637=ORIENTED_EDGE('',*,*,#5563,.T.);
#8638=ORIENTED_EDGE('',*,*,#5560,.T.);
#8639=ORIENTED_EDGE('',*,*,#5557,.T.);
#8640=ORIENTED_EDGE('',*,*,#5554,.T.);
#8641=ORIENTED_EDGE('',*,*,#5551,.T.);
#8642=ORIENTED_EDGE('',*,*,#5548,.T.);
#8643=ORIENTED_EDGE('',*,*,#5545,.T.);
#8644=ORIENTED_EDGE('',*,*,#5542,.T.);
#8645=ORIENTED_EDGE('',*,*,#5539,.T.);
#8646=ORIENTED_EDGE('',*,*,#5536,.T.);
#8647=ORIENTED_EDGE('',*,*,#5533,.T.);
#8648=ORIENTED_EDGE('',*,*,#5530,.T.);
#8649=ORIENTED_EDGE('',*,*,#5527,.T.);
#8650=ORIENTED_EDGE('',*,*,#5524,.T.);
#8651=ORIENTED_EDGE('',*,*,#5521,.T.);
#8652=ORIENTED_EDGE('',*,*,#5518,.T.);
#8653=ORIENTED_EDGE('',*,*,#5515,.T.);
#8654=ORIENTED_EDGE('',*,*,#5512,.T.);
#8655=ORIENTED_EDGE('',*,*,#5472,.T.);
#8656=ORIENTED_EDGE('',*,*,#5506,.T.);
#8657=ORIENTED_EDGE('',*,*,#5503,.T.);
#8658=ORIENTED_EDGE('',*,*,#5500,.T.);
#8659=ORIENTED_EDGE('',*,*,#5497,.T.);
#8660=ORIENTED_EDGE('',*,*,#5494,.T.);
#8661=ORIENTED_EDGE('',*,*,#5491,.T.);
#8662=ORIENTED_EDGE('',*,*,#5488,.T.);
#8663=ORIENTED_EDGE('',*,*,#5485,.T.);
#8664=ORIENTED_EDGE('',*,*,#5482,.T.);
#8665=ORIENTED_EDGE('',*,*,#5479,.T.);
#8666=ORIENTED_EDGE('',*,*,#5476,.T.);
#8667=ORIENTED_EDGE('',*,*,#5394,.T.);
#8668=ORIENTED_EDGE('',*,*,#5470,.T.);
#8669=ORIENTED_EDGE('',*,*,#5467,.T.);
#8670=ORIENTED_EDGE('',*,*,#5464,.T.);
#8671=ORIENTED_EDGE('',*,*,#5461,.T.);
#8672=ORIENTED_EDGE('',*,*,#5458,.T.);
#8673=ORIENTED_EDGE('',*,*,#5455,.T.);
#8674=ORIENTED_EDGE('',*,*,#5452,.T.);
#8675=ORIENTED_EDGE('',*,*,#5449,.T.);
#8676=ORIENTED_EDGE('',*,*,#5446,.T.);
#8677=ORIENTED_EDGE('',*,*,#5443,.T.);
#8678=ORIENTED_EDGE('',*,*,#5440,.T.);
#8679=ORIENTED_EDGE('',*,*,#5437,.T.);
#8680=ORIENTED_EDGE('',*,*,#5434,.T.);
#8681=ORIENTED_EDGE('',*,*,#5431,.T.);
#8682=ORIENTED_EDGE('',*,*,#5428,.T.);
#8683=ORIENTED_EDGE('',*,*,#5425,.T.);
#8684=ORIENTED_EDGE('',*,*,#5422,.T.);
#8685=ORIENTED_EDGE('',*,*,#5419,.T.);
#8686=ORIENTED_EDGE('',*,*,#5416,.T.);
#8687=ORIENTED_EDGE('',*,*,#5413,.T.);
#8688=ORIENTED_EDGE('',*,*,#5410,.T.);
#8689=ORIENTED_EDGE('',*,*,#5407,.T.);
#8690=ORIENTED_EDGE('',*,*,#5404,.T.);
#8691=ORIENTED_EDGE('',*,*,#5401,.T.);
#8692=ORIENTED_EDGE('',*,*,#5398,.T.);
#8693=ORIENTED_EDGE('',*,*,#5775,.T.);
#8694=ORIENTED_EDGE('',*,*,#5821,.T.);
#8695=ORIENTED_EDGE('',*,*,#5818,.T.);
#8696=ORIENTED_EDGE('',*,*,#5815,.T.);
#8697=ORIENTED_EDGE('',*,*,#5812,.T.);
#8698=ORIENTED_EDGE('',*,*,#5809,.T.);
#8699=ORIENTED_EDGE('',*,*,#5806,.T.);
#8700=ORIENTED_EDGE('',*,*,#5803,.T.);
#8701=ORIENTED_EDGE('',*,*,#5800,.T.);
#8702=ORIENTED_EDGE('',*,*,#5797,.T.);
#8703=ORIENTED_EDGE('',*,*,#5794,.T.);
#8704=ORIENTED_EDGE('',*,*,#5791,.T.);
#8705=ORIENTED_EDGE('',*,*,#5788,.T.);
#8706=ORIENTED_EDGE('',*,*,#5785,.T.);
#8707=ORIENTED_EDGE('',*,*,#5782,.T.);
#8708=ORIENTED_EDGE('',*,*,#5779,.T.);
#8709=ORIENTED_EDGE('',*,*,#5709,.T.);
#8710=ORIENTED_EDGE('',*,*,#5740,.T.);
#8711=ORIENTED_EDGE('',*,*,#5737,.T.);
#8712=ORIENTED_EDGE('',*,*,#5734,.T.);
#8713=ORIENTED_EDGE('',*,*,#5731,.T.);
#8714=ORIENTED_EDGE('',*,*,#5728,.T.);
#8715=ORIENTED_EDGE('',*,*,#5725,.T.);
#8716=ORIENTED_EDGE('',*,*,#5722,.T.);
#8717=ORIENTED_EDGE('',*,*,#5719,.T.);
#8718=ORIENTED_EDGE('',*,*,#5716,.T.);
#8719=ORIENTED_EDGE('',*,*,#5713,.T.);
#8720=ORIENTED_EDGE('',*,*,#6032,.F.);
#8721=ORIENTED_EDGE('',*,*,#6033,.F.);
#8722=ORIENTED_EDGE('',*,*,#6026,.F.);
#8723=ORIENTED_EDGE('',*,*,#6034,.T.);
#8724=ORIENTED_EDGE('',*,*,#6035,.F.);
#8725=ORIENTED_EDGE('',*,*,#6034,.F.);
#8726=ORIENTED_EDGE('',*,*,#6031,.F.);
#8727=ORIENTED_EDGE('',*,*,#6036,.T.);
#8728=ORIENTED_EDGE('',*,*,#6037,.F.);
#8729=ORIENTED_EDGE('',*,*,#6036,.F.);
#8730=ORIENTED_EDGE('',*,*,#6030,.F.);
#8731=ORIENTED_EDGE('',*,*,#6038,.T.);
#8732=ORIENTED_EDGE('',*,*,#6039,.F.);
#8733=ORIENTED_EDGE('',*,*,#6038,.F.);
#8734=ORIENTED_EDGE('',*,*,#6029,.F.);
#8735=ORIENTED_EDGE('',*,*,#6040,.T.);
#8736=ORIENTED_EDGE('',*,*,#6041,.F.);
#8737=ORIENTED_EDGE('',*,*,#6040,.F.);
#8738=ORIENTED_EDGE('',*,*,#6028,.F.);
#8739=ORIENTED_EDGE('',*,*,#6042,.T.);
#8740=ORIENTED_EDGE('',*,*,#6043,.F.);
#8741=ORIENTED_EDGE('',*,*,#6042,.F.);
#8742=ORIENTED_EDGE('',*,*,#6027,.F.);
#8743=ORIENTED_EDGE('',*,*,#6033,.T.);
#8744=ORIENTED_EDGE('',*,*,#6044,.F.);
#8745=ORIENTED_EDGE('',*,*,#6045,.F.);
#8746=ORIENTED_EDGE('',*,*,#6018,.F.);
#8747=ORIENTED_EDGE('',*,*,#6046,.T.);
#8748=ORIENTED_EDGE('',*,*,#6047,.F.);
#8749=ORIENTED_EDGE('',*,*,#6046,.F.);
#8750=ORIENTED_EDGE('',*,*,#6025,.F.);
#8751=ORIENTED_EDGE('',*,*,#6048,.T.);
#8752=ORIENTED_EDGE('',*,*,#6049,.F.);
#8753=ORIENTED_EDGE('',*,*,#6048,.F.);
#8754=ORIENTED_EDGE('',*,*,#6024,.F.);
#8755=ORIENTED_EDGE('',*,*,#6050,.T.);
#8756=ORIENTED_EDGE('',*,*,#6051,.F.);
#8757=ORIENTED_EDGE('',*,*,#6050,.F.);
#8758=ORIENTED_EDGE('',*,*,#6023,.F.);
#8759=ORIENTED_EDGE('',*,*,#6052,.T.);
#8760=ORIENTED_EDGE('',*,*,#6053,.F.);
#8761=ORIENTED_EDGE('',*,*,#6052,.F.);
#8762=ORIENTED_EDGE('',*,*,#6022,.F.);
#8763=ORIENTED_EDGE('',*,*,#6054,.T.);
#8764=ORIENTED_EDGE('',*,*,#6055,.F.);
#8765=ORIENTED_EDGE('',*,*,#6054,.F.);
#8766=ORIENTED_EDGE('',*,*,#6021,.F.);
#8767=ORIENTED_EDGE('',*,*,#6056,.T.);
#8768=ORIENTED_EDGE('',*,*,#6057,.F.);
#8769=ORIENTED_EDGE('',*,*,#6056,.F.);
#8770=ORIENTED_EDGE('',*,*,#6020,.F.);
#8771=ORIENTED_EDGE('',*,*,#6058,.T.);
#8772=ORIENTED_EDGE('',*,*,#6059,.F.);
#8773=ORIENTED_EDGE('',*,*,#6058,.F.);
#8774=ORIENTED_EDGE('',*,*,#6019,.F.);
#8775=ORIENTED_EDGE('',*,*,#6045,.T.);
#8776=ORIENTED_EDGE('',*,*,#6060,.T.);
#8777=ORIENTED_EDGE('',*,*,#6061,.F.);
#8778=ORIENTED_EDGE('',*,*,#6062,.T.);
#8779=ORIENTED_EDGE('',*,*,#6006,.T.);
#8780=ORIENTED_EDGE('',*,*,#6062,.F.);
#8781=ORIENTED_EDGE('',*,*,#6063,.F.);
#8782=ORIENTED_EDGE('',*,*,#6064,.T.);
#8783=ORIENTED_EDGE('',*,*,#6007,.T.);
#8784=ORIENTED_EDGE('',*,*,#6064,.F.);
#8785=ORIENTED_EDGE('',*,*,#6065,.F.);
#8786=ORIENTED_EDGE('',*,*,#6066,.T.);
#8787=ORIENTED_EDGE('',*,*,#6008,.T.);
#8788=ORIENTED_EDGE('',*,*,#6066,.F.);
#8789=ORIENTED_EDGE('',*,*,#6067,.F.);
#8790=ORIENTED_EDGE('',*,*,#6068,.T.);
#8791=ORIENTED_EDGE('',*,*,#6009,.T.);
#8792=ORIENTED_EDGE('',*,*,#6068,.F.);
#8793=ORIENTED_EDGE('',*,*,#6069,.F.);
#8794=ORIENTED_EDGE('',*,*,#6070,.T.);
#8795=ORIENTED_EDGE('',*,*,#6010,.T.);
#8796=ORIENTED_EDGE('',*,*,#6070,.F.);
#8797=ORIENTED_EDGE('',*,*,#6071,.F.);
#8798=ORIENTED_EDGE('',*,*,#6072,.T.);
#8799=ORIENTED_EDGE('',*,*,#6011,.T.);
#8800=ORIENTED_EDGE('',*,*,#6072,.F.);
#8801=ORIENTED_EDGE('',*,*,#6073,.F.);
#8802=ORIENTED_EDGE('',*,*,#6074,.T.);
#8803=ORIENTED_EDGE('',*,*,#6012,.T.);
#8804=ORIENTED_EDGE('',*,*,#6074,.F.);
#8805=ORIENTED_EDGE('',*,*,#6075,.F.);
#8806=ORIENTED_EDGE('',*,*,#6060,.F.);
#8807=ORIENTED_EDGE('',*,*,#6013,.T.);
#8808=ORIENTED_EDGE('',*,*,#5586,.T.);
#8809=ORIENTED_EDGE('',*,*,#5626,.T.);
#8810=ORIENTED_EDGE('',*,*,#5623,.T.);
#8811=ORIENTED_EDGE('',*,*,#5620,.T.);
#8812=ORIENTED_EDGE('',*,*,#5617,.T.);
#8813=ORIENTED_EDGE('',*,*,#5614,.T.);
#8814=ORIENTED_EDGE('',*,*,#5611,.T.);
#8815=ORIENTED_EDGE('',*,*,#5608,.T.);
#8816=ORIENTED_EDGE('',*,*,#5605,.T.);
#8817=ORIENTED_EDGE('',*,*,#5602,.T.);
#8818=ORIENTED_EDGE('',*,*,#5599,.T.);
#8819=ORIENTED_EDGE('',*,*,#5596,.T.);
#8820=ORIENTED_EDGE('',*,*,#5593,.T.);
#8821=ORIENTED_EDGE('',*,*,#5590,.T.);
#8822=ORIENTED_EDGE('',*,*,#6017,.F.);
#8823=ORIENTED_EDGE('',*,*,#6076,.T.);
#8824=ORIENTED_EDGE('',*,*,#6077,.F.);
#8825=ORIENTED_EDGE('',*,*,#6076,.F.);
#8826=ORIENTED_EDGE('',*,*,#6016,.F.);
#8827=ORIENTED_EDGE('',*,*,#6078,.T.);
#8828=ORIENTED_EDGE('',*,*,#6079,.F.);
#8829=ORIENTED_EDGE('',*,*,#6078,.F.);
#8830=ORIENTED_EDGE('',*,*,#6015,.F.);
#8831=ORIENTED_EDGE('',*,*,#6080,.T.);
#8832=ORIENTED_EDGE('',*,*,#6081,.F.);
#8833=ORIENTED_EDGE('',*,*,#6080,.F.);
#8834=ORIENTED_EDGE('',*,*,#6014,.F.);
#8835=ORIENTED_EDGE('',*,*,#6082,.T.);
#8836=ORIENTED_EDGE('',*,*,#6083,.F.);
#8837=ORIENTED_EDGE('',*,*,#6082,.F.);
#8838=ORIENTED_EDGE('',*,*,#6073,.T.);
#8839=ORIENTED_EDGE('',*,*,#6071,.T.);
#8840=ORIENTED_EDGE('',*,*,#6069,.T.);
#8841=ORIENTED_EDGE('',*,*,#6067,.T.);
#8842=ORIENTED_EDGE('',*,*,#6065,.T.);
#8843=ORIENTED_EDGE('',*,*,#6063,.T.);
#8844=ORIENTED_EDGE('',*,*,#6061,.T.);
#8845=ORIENTED_EDGE('',*,*,#6075,.T.);
#8846=ORIENTED_EDGE('',*,*,#6032,.T.);
#8847=ORIENTED_EDGE('',*,*,#6035,.T.);
#8848=ORIENTED_EDGE('',*,*,#6037,.T.);
#8849=ORIENTED_EDGE('',*,*,#6039,.T.);
#8850=ORIENTED_EDGE('',*,*,#6041,.T.);
#8851=ORIENTED_EDGE('',*,*,#6043,.T.);
#8852=ORIENTED_EDGE('',*,*,#6044,.T.);
#8853=ORIENTED_EDGE('',*,*,#6047,.T.);
#8854=ORIENTED_EDGE('',*,*,#6049,.T.);
#8855=ORIENTED_EDGE('',*,*,#6051,.T.);
#8856=ORIENTED_EDGE('',*,*,#6053,.T.);
#8857=ORIENTED_EDGE('',*,*,#6055,.T.);
#8858=ORIENTED_EDGE('',*,*,#6057,.T.);
#8859=ORIENTED_EDGE('',*,*,#6059,.T.);
#8860=ORIENTED_EDGE('',*,*,#6083,.T.);
#8861=ORIENTED_EDGE('',*,*,#6081,.T.);
#8862=ORIENTED_EDGE('',*,*,#6079,.T.);
#8863=ORIENTED_EDGE('',*,*,#6077,.T.);
#8864=ORIENTED_EDGE('',*,*,#6084,.T.);
#8865=ORIENTED_EDGE('',*,*,#6085,.T.);
#8866=ORIENTED_EDGE('',*,*,#6086,.F.);
#8867=ORIENTED_EDGE('',*,*,#6087,.F.);
#8868=ORIENTED_EDGE('',*,*,#6088,.F.);
#8869=ORIENTED_EDGE('',*,*,#6087,.T.);
#8870=ORIENTED_EDGE('',*,*,#6089,.F.);
#8871=ORIENTED_EDGE('',*,*,#6090,.F.);
#8872=ORIENTED_EDGE('',*,*,#6091,.F.);
#8873=ORIENTED_EDGE('',*,*,#6090,.T.);
#8874=ORIENTED_EDGE('',*,*,#6092,.F.);
#8875=ORIENTED_EDGE('',*,*,#6093,.F.);
#8876=ORIENTED_EDGE('',*,*,#6094,.T.);
#8877=ORIENTED_EDGE('',*,*,#6093,.T.);
#8878=ORIENTED_EDGE('',*,*,#6095,.F.);
#8879=ORIENTED_EDGE('',*,*,#6096,.F.);
#8880=ORIENTED_EDGE('',*,*,#6097,.F.);
#8881=ORIENTED_EDGE('',*,*,#6096,.T.);
#8882=ORIENTED_EDGE('',*,*,#6098,.F.);
#8883=ORIENTED_EDGE('',*,*,#6099,.F.);
#8884=ORIENTED_EDGE('',*,*,#6100,.F.);
#8885=ORIENTED_EDGE('',*,*,#6099,.T.);
#8886=ORIENTED_EDGE('',*,*,#6101,.F.);
#8887=ORIENTED_EDGE('',*,*,#6085,.F.);
#8888=ORIENTED_EDGE('',*,*,#6100,.T.);
#8889=ORIENTED_EDGE('',*,*,#6084,.F.);
#8890=ORIENTED_EDGE('',*,*,#6088,.T.);
#8891=ORIENTED_EDGE('',*,*,#6091,.T.);
#8892=ORIENTED_EDGE('',*,*,#6094,.F.);
#8893=ORIENTED_EDGE('',*,*,#6097,.T.);
#8894=ORIENTED_EDGE('',*,*,#6101,.T.);
#8895=ORIENTED_EDGE('',*,*,#6098,.T.);
#8896=ORIENTED_EDGE('',*,*,#6095,.T.);
#8897=ORIENTED_EDGE('',*,*,#6092,.T.);
#8898=ORIENTED_EDGE('',*,*,#6089,.T.);
#8899=ORIENTED_EDGE('',*,*,#6086,.T.);
#8900=PLANE('',#9872);
#8901=PLANE('',#9873);
#8902=PLANE('',#9874);
#8903=PLANE('',#9875);
#8904=PLANE('',#9876);
#8905=PLANE('',#9877);
#8906=PLANE('',#9878);
#8907=PLANE('',#9882);
#8908=PLANE('',#9883);
#8909=PLANE('',#9886);
#8910=PLANE('',#9887);
#8911=PLANE('',#9890);
#8912=PLANE('',#9891);
#8913=PLANE('',#9895);
#8914=PLANE('',#9896);
#8915=PLANE('',#9897);
#8916=PLANE('',#9898);
#8917=PLANE('',#9899);
#8918=PLANE('',#9900);
#8919=PLANE('',#9901);
#8920=PLANE('',#9904);
#8921=PLANE('',#9905);
#8922=PLANE('',#9908);
#8923=PLANE('',#9912);
#8924=PLANE('',#9913);
#8925=PLANE('',#9914);
#8926=PLANE('',#9915);
#8927=PLANE('',#9919);
#8928=PLANE('',#9920);
#8929=PLANE('',#9921);
#8930=PLANE('',#9922);
#8931=PLANE('',#9923);
#8932=PLANE('',#9924);
#8933=PLANE('',#9927);
#8934=PLANE('',#9930);
#8935=PLANE('',#9931);
#8936=PLANE('',#9932);
#8937=PLANE('',#9933);
#8938=PLANE('',#9934);
#8939=PLANE('',#9935);
#8940=PLANE('',#9936);
#8941=PLANE('',#9937);
#8942=PLANE('',#9941);
#8943=PLANE('',#9942);
#8944=PLANE('',#9951);
#8945=PLANE('',#9954);
#8946=PLANE('',#9956);
#8947=PLANE('',#9957);
#8948=PLANE('',#9959);
#8949=PLANE('',#9960);
#8950=PLANE('',#9961);
#8951=PLANE('',#9966);
#8952=PLANE('',#9967);
#8953=PLANE('',#9968);
#8954=PLANE('',#9973);
#8955=PLANE('',#9975);
#8956=PLANE('',#9977);
#8957=PLANE('',#9979);
#8958=PLANE('',#9981);
#8959=PLANE('',#9982);
#8960=PLANE('',#9988);
#8961=PLANE('',#9989);
#8962=PLANE('',#9993);
#8963=PLANE('',#9997);
#8964=PLANE('',#10001);
#8965=PLANE('',#10005);
#8966=PLANE('',#10006);
#8967=PLANE('',#10011);
#8968=PLANE('',#10012);
#8969=PLANE('',#10013);
#8970=PLANE('',#10014);
#8971=PLANE('',#10019);
#8972=PLANE('',#10020);
#8973=PLANE('',#10021);
#8974=PLANE('',#10022);
#8975=PLANE('',#10023);
#8976=PLANE('',#10024);
#8977=PLANE('',#10025);
#8978=PLANE('',#10026);
#8979=PLANE('',#10027);
#8980=PLANE('',#10028);
#8981=PLANE('',#10029);
#8982=PLANE('',#10030);
#8983=PLANE('',#10031);
#8984=PLANE('',#10032);
#8985=PLANE('',#10033);
#8986=PLANE('',#10034);
#8987=PLANE('',#10035);
#8988=PLANE('',#10036);
#8989=PLANE('',#10037);
#8990=PLANE('',#10038);
#8991=PLANE('',#10039);
#8992=PLANE('',#10040);
#8993=PLANE('',#10041);
#8994=PLANE('',#10042);
#8995=PLANE('',#10043);
#8996=PLANE('',#10044);
#8997=PLANE('',#10045);
#8998=PLANE('',#10046);
#8999=PLANE('',#10047);
#9000=PLANE('',#10048);
#9001=PLANE('',#10049);
#9002=PLANE('',#10050);
#9003=PLANE('',#10051);
#9004=PLANE('',#10052);
#9005=PLANE('',#10053);
#9006=PLANE('',#10054);
#9007=PLANE('',#10055);
#9008=PLANE('',#10056);
#9009=PLANE('',#10057);
#9010=PLANE('',#10058);
#9011=PLANE('',#10059);
#9012=PLANE('',#10060);
#9013=PLANE('',#10061);
#9014=PLANE('',#10062);
#9015=PLANE('',#10063);
#9016=PLANE('',#10064);
#9017=PLANE('',#10065);
#9018=PLANE('',#10066);
#9019=PLANE('',#10067);
#9020=PLANE('',#10068);
#9021=PLANE('',#10069);
#9022=PLANE('',#10070);
#9023=PLANE('',#10071);
#9024=PLANE('',#10072);
#9025=PLANE('',#10073);
#9026=PLANE('',#10108);
#9027=PLANE('',#10111);
#9028=PLANE('',#10112);
#9029=PLANE('',#10115);
#9030=PLANE('',#10117);
#9031=PLANE('',#10119);
#9032=PLANE('',#10124);
#9033=PLANE('',#10126);
#9034=PLANE('',#10128);
#9035=PLANE('',#10130);
#9036=PLANE('',#10136);
#9037=PLANE('',#10137);
#9038=PLANE('',#10138);
#9039=PLANE('',#10139);
#9040=PLANE('',#10140);
#9041=PLANE('',#10141);
#9042=PLANE('',#10142);
#9043=PLANE('',#10143);
#9044=PLANE('',#10144);
#9045=PLANE('',#10145);
#9046=PLANE('',#10146);
#9047=PLANE('',#10147);
#9048=PLANE('',#10148);
#9049=PLANE('',#10149);
#9050=PLANE('',#10150);
#9051=PLANE('',#10151);
#9052=PLANE('',#10152);
#9053=PLANE('',#10153);
#9054=PLANE('',#10154);
#9055=PLANE('',#10155);
#9056=PLANE('',#10156);
#9057=PLANE('',#10157);
#9058=PLANE('',#10158);
#9059=PLANE('',#10159);
#9060=PLANE('',#10160);
#9061=PLANE('',#10161);
#9062=PLANE('',#10162);
#9063=PLANE('',#10163);
#9064=PLANE('',#10164);
#9065=PLANE('',#10165);
#9066=PLANE('',#10166);
#9067=PLANE('',#10167);
#9068=PLANE('',#10168);
#9069=PLANE('',#10169);
#9070=PLANE('',#10170);
#9071=PLANE('',#10171);
#9072=PLANE('',#10172);
#9073=PLANE('',#10173);
#9074=PLANE('',#10174);
#9075=PLANE('',#10175);
#9076=PLANE('',#10176);
#9077=PLANE('',#10177);
#9078=PLANE('',#10178);
#9079=PLANE('',#10179);
#9080=PLANE('',#10182);
#9081=PLANE('',#10183);
#9082=PLANE('',#10184);
#9083=PLANE('',#10185);
#9084=PLANE('',#10186);
#9085=PLANE('',#10187);
#9086=PLANE('',#10188);
#9087=PLANE('',#10189);
#9088=PLANE('',#10190);
#9089=PLANE('',#10191);
#9090=PLANE('',#10192);
#9091=PLANE('',#10193);
#9092=PLANE('',#10194);
#9093=PLANE('',#10195);
#9094=PLANE('',#10196);
#9095=PLANE('',#10199);
#9096=PLANE('',#10200);
#9097=PLANE('',#10201);
#9098=PLANE('',#10202);
#9099=PLANE('',#10203);
#9100=PLANE('',#10204);
#9101=PLANE('',#10205);
#9102=PLANE('',#10206);
#9103=PLANE('',#10207);
#9104=PLANE('',#10208);
#9105=PLANE('',#10209);
#9106=PLANE('',#10210);
#9107=PLANE('',#10211);
#9108=PLANE('',#10212);
#9109=PLANE('',#10213);
#9110=PLANE('',#10222);
#9111=PLANE('',#10224);
#9112=PLANE('',#10225);
#9113=PLANE('',#10226);
#9114=PLANE('',#10227);
#9115=PLANE('',#10228);
#9116=PLANE('',#10229);
#9117=PLANE('',#10230);
#9118=PLANE('',#10231);
#9119=PLANE('',#10232);
#9120=PLANE('',#10233);
#9121=PLANE('',#10234);
#9122=PLANE('',#10235);
#9123=PLANE('',#10236);
#9124=PLANE('',#10237);
#9125=PLANE('',#10238);
#9126=PLANE('',#10239);
#9127=PLANE('',#10240);
#9128=PLANE('',#10241);
#9129=PLANE('',#10242);
#9130=PLANE('',#10243);
#9131=PLANE('',#10244);
#9132=PLANE('',#10245);
#9133=PLANE('',#10246);
#9134=PLANE('',#10247);
#9135=PLANE('',#10248);
#9136=PLANE('',#10249);
#9137=PLANE('',#10250);
#9138=PLANE('',#10251);
#9139=PLANE('',#10252);
#9140=PLANE('',#10253);
#9141=PLANE('',#10254);
#9142=PLANE('',#10255);
#9143=PLANE('',#10256);
#9144=PLANE('',#10257);
#9145=PLANE('',#10258);
#9146=PLANE('',#10259);
#9147=PLANE('',#10260);
#9148=PLANE('',#10261);
#9149=PLANE('',#10262);
#9150=PLANE('',#10263);
#9151=PLANE('',#10264);
#9152=PLANE('',#10265);
#9153=PLANE('',#10266);
#9154=PLANE('',#10267);
#9155=PLANE('',#10268);
#9156=PLANE('',#10269);
#9157=PLANE('',#10270);
#9158=PLANE('',#10271);
#9159=PLANE('',#10272);
#9160=PLANE('',#10273);
#9161=PLANE('',#10274);
#9162=PLANE('',#10275);
#9163=PLANE('',#10276);
#9164=PLANE('',#10277);
#9165=PLANE('',#10278);
#9166=PLANE('',#10279);
#9167=PLANE('',#10280);
#9168=PLANE('',#10281);
#9169=PLANE('',#10282);
#9170=PLANE('',#10283);
#9171=PLANE('',#10284);
#9172=PLANE('',#10285);
#9173=PLANE('',#10286);
#9174=PLANE('',#10287);
#9175=PLANE('',#10288);
#9176=PLANE('',#10289);
#9177=PLANE('',#10290);
#9178=PLANE('',#10291);
#9179=PLANE('',#10292);
#9180=PLANE('',#10293);
#9181=PLANE('',#10294);
#9182=PLANE('',#10295);
#9183=PLANE('',#10296);
#9184=PLANE('',#10297);
#9185=PLANE('',#10298);
#9186=PLANE('',#10299);
#9187=PLANE('',#10314);
#9188=PLANE('',#10315);
#9189=PLANE('',#10318);
#9190=PLANE('',#10323);
#9191=PLANE('',#10326);
#9192=PLANE('',#10327);
#9193=PLANE('',#10330);
#9194=PLANE('',#10331);
#9195=PLANE('',#10332);
#9196=PLANE('',#10335);
#9197=PLANE('',#10356);
#9198=PLANE('',#10365);
#9199=PLANE('',#10367);
#9200=PLANE('',#10374);
#9201=PLANE('',#10381);
#9202=PLANE('',#10382);
#9203=STYLED_ITEM('',(#17765),#9285);
#9204=STYLED_ITEM('',(#17765),#9286);
#9205=STYLED_ITEM('',(#17765),#9287);
#9206=STYLED_ITEM('',(#17765),#9288);
#9207=STYLED_ITEM('',(#17765),#9289);
#9208=STYLED_ITEM('',(#17765),#9290);
#9209=STYLED_ITEM('',(#17765),#9291);
#9210=STYLED_ITEM('',(#17766),#9292);
#9211=STYLED_ITEM('',(#17765),#9293);
#9212=STYLED_ITEM('',(#17766),#9294);
#9213=STYLED_ITEM('',(#17765),#9295);
#9214=STYLED_ITEM('',(#17766),#9296);
#9215=STYLED_ITEM('',(#17765),#9297);
#9216=STYLED_ITEM('',(#17765),#9298);
#9217=STYLED_ITEM('',(#17766),#9299);
#9218=STYLED_ITEM('',(#17765),#9300);
#9219=STYLED_ITEM('',(#17766),#9301);
#9220=STYLED_ITEM('',(#17766),#9302);
#9221=STYLED_ITEM('',(#17766),#9303);
#9222=STYLED_ITEM('',(#17766),#9304);
#9223=STYLED_ITEM('',(#17766),#9305);
#9224=STYLED_ITEM('',(#17766),#9306);
#9225=STYLED_ITEM('',(#17766),#9307);
#9226=STYLED_ITEM('',(#17766),#9308);
#9227=STYLED_ITEM('',(#17766),#9309);
#9228=STYLED_ITEM('',(#17766),#9310);
#9229=STYLED_ITEM('',(#17766),#9311);
#9230=STYLED_ITEM('',(#17766),#9312);
#9231=STYLED_ITEM('',(#17766),#9313);
#9232=STYLED_ITEM('',(#17766),#9314);
#9233=STYLED_ITEM('',(#17766),#9315);
#9234=STYLED_ITEM('',(#17766),#9316);
#9235=STYLED_ITEM('',(#17766),#9317);
#9236=STYLED_ITEM('',(#17766),#9318);
#9237=STYLED_ITEM('',(#17766),#9319);
#9238=STYLED_ITEM('',(#17767),#9320);
#9239=STYLED_ITEM('',(#17767),#9321);
#9240=STYLED_ITEM('',(#17767),#9322);
#9241=STYLED_ITEM('',(#17766),#9323);
#9242=STYLED_ITEM('',(#17766),#9324);
#9243=STYLED_ITEM('',(#17766),#9325);
#9244=STYLED_ITEM('',(#17766),#9326);
#9245=STYLED_ITEM('',(#17766),#9327);
#9246=STYLED_ITEM('',(#17766),#9328);
#9247=STYLED_ITEM('',(#17766),#9329);
#9248=STYLED_ITEM('',(#17766),#9330);
#9249=STYLED_ITEM('',(#17766),#9331);
#9250=STYLED_ITEM('',(#17766),#9332);
#9251=STYLED_ITEM('',(#17766),#9333);
#9252=STYLED_ITEM('',(#17767),#9334);
#9253=STYLED_ITEM('',(#17764),#490);
#9254=STYLED_ITEM('',(#17768),#9335);
#9255=STYLED_ITEM('',(#17768),#9336);
#9256=STYLED_ITEM('',(#17768),#9337);
#9257=STYLED_ITEM('',(#17768),#9338);
#9258=STYLED_ITEM('',(#17768),#9339);
#9259=STYLED_ITEM('',(#17768),#9340);
#9260=STYLED_ITEM('',(#17768),#9341);
#9261=STYLED_ITEM('',(#17765),#9342);
#9262=STYLED_ITEM('',(#17768),#9343);
#9263=STYLED_ITEM('',(#17768),#9344);
#9264=STYLED_ITEM('',(#17765),#9345);
#9265=STYLED_ITEM('',(#17765),#9346);
#9266=STYLED_ITEM('',(#17768),#9347);
#9267=STYLED_ITEM('',(#17769),#9348);
#9268=STYLED_ITEM('',(#17769),#9349);
#9269=STYLED_ITEM('',(#17768),#9350);
#9270=STYLED_ITEM('',(#17769),#9351);
#9271=STYLED_ITEM('',(#17768),#9352);
#9272=STYLED_ITEM('',(#17768),#9353);
#9273=STYLED_ITEM('',(#17768),#9354);
#9274=STYLED_ITEM('',(#17768),#9355);
#9275=STYLED_ITEM('',(#17768),#9356);
#9276=STYLED_ITEM('',(#17768),#9357);
#9277=STYLED_ITEM('',(#17768),#9358);
#9278=STYLED_ITEM('',(#17769),#9359);
#9279=STYLED_ITEM('',(#17769),#9360);
#9280=STYLED_ITEM('',(#17764),#491);
#9281=STYLED_ITEM('',(#17770),#492);
#9282=STYLED_ITEM('',(#17764),#493);
#9283=STYLED_ITEM('',(#17764),#494);
#9284=STYLED_ITEM('',(#17771),#495);
#9285=ADVANCED_FACE('',(#733),#8900,.F.);
#9286=ADVANCED_FACE('',(#734),#8901,.T.);
#9287=ADVANCED_FACE('',(#735),#8902,.F.);
#9288=ADVANCED_FACE('',(#736),#8903,.T.);
#9289=ADVANCED_FACE('',(#737),#8904,.T.);
#9290=ADVANCED_FACE('',(#738),#8905,.T.);
#9291=ADVANCED_FACE('',(#739),#8906,.T.);
#9292=ADVANCED_FACE('',(#740),#674,.T.);
#9293=ADVANCED_FACE('',(#741),#8907,.T.);
#9294=ADVANCED_FACE('',(#742),#8908,.F.);
#9295=ADVANCED_FACE('',(#743,#496),#8909,.F.);
#9296=ADVANCED_FACE('',(#744),#8910,.F.);
#9297=ADVANCED_FACE('',(#745),#8911,.T.);
#9298=ADVANCED_FACE('',(#746),#8912,.T.);
#9299=ADVANCED_FACE('',(#747),#675,.T.);
#9300=ADVANCED_FACE('',(#748),#8913,.T.);
#9301=ADVANCED_FACE('',(#749),#8914,.F.);
#9302=ADVANCED_FACE('',(#750),#8915,.F.);
#9303=ADVANCED_FACE('',(#751),#8916,.F.);
#9304=ADVANCED_FACE('',(#752),#8917,.T.);
#9305=ADVANCED_FACE('',(#753),#8918,.F.);
#9306=ADVANCED_FACE('',(#754),#8919,.F.);
#9307=ADVANCED_FACE('',(#755),#676,.T.);
#9308=ADVANCED_FACE('',(#756),#8920,.F.);
#9309=ADVANCED_FACE('',(#757),#8921,.F.);
#9310=ADVANCED_FACE('',(#758),#677,.T.);
#9311=ADVANCED_FACE('',(#759),#8922,.F.);
#9312=ADVANCED_FACE('',(#760),#678,.T.);
#9313=ADVANCED_FACE('',(#761),#8923,.F.);
#9314=ADVANCED_FACE('',(#762),#8924,.F.);
#9315=ADVANCED_FACE('',(#763),#8925,.F.);
#9316=ADVANCED_FACE('',(#764),#8926,.F.);
#9317=ADVANCED_FACE('',(#765),#679,.T.);
#9318=ADVANCED_FACE('',(#766),#8927,.F.);
#9319=ADVANCED_FACE('',(#767),#8928,.F.);
#9320=ADVANCED_FACE('',(#768),#8929,.T.);
#9321=ADVANCED_FACE('',(#769),#8930,.T.);
#9322=ADVANCED_FACE('',(#770),#8931,.T.);
#9323=ADVANCED_FACE('',(#771),#8932,.F.);
#9324=ADVANCED_FACE('',(#772),#680,.T.);
#9325=ADVANCED_FACE('',(#773),#8933,.T.);
#9326=ADVANCED_FACE('',(#774),#681,.T.);
#9327=ADVANCED_FACE('',(#775),#8934,.T.);
#9328=ADVANCED_FACE('',(#776),#8935,.F.);
#9329=ADVANCED_FACE('',(#777),#8936,.F.);
#9330=ADVANCED_FACE('',(#778),#8937,.F.);
#9331=ADVANCED_FACE('',(#779),#8938,.F.);
#9332=ADVANCED_FACE('',(#780),#8939,.T.);
#9333=ADVANCED_FACE('',(#781),#8940,.T.);
#9334=ADVANCED_FACE('',(#782),#8941,.T.);
#9335=ADVANCED_FACE('',(#783),#8942,.F.);
#9336=ADVANCED_FACE('',(#784),#8943,.F.);
#9337=ADVANCED_FACE('',(#785),#682,.T.);
#9338=ADVANCED_FACE('',(#786),#683,.T.);
#9339=ADVANCED_FACE('',(#787),#8944,.T.);
#9340=ADVANCED_FACE('',(#788),#8945,.F.);
#9341=ADVANCED_FACE('',(#789),#684,.T.);
#9342=ADVANCED_FACE('',(#790),#8946,.F.);
#9343=ADVANCED_FACE('',(#791),#8947,.T.);
#9344=ADVANCED_FACE('',(#792),#685,.T.);
#9345=ADVANCED_FACE('',(#793),#8948,.T.);
#9346=ADVANCED_FACE('',(#794),#8949,.F.);
#9347=ADVANCED_FACE('',(#795),#8950,.F.);
#9348=ADVANCED_FACE('',(#796),#8951,.F.);
#9349=ADVANCED_FACE('',(#797),#8952,.F.);
#9350=ADVANCED_FACE('',(#798),#8953,.T.);
#9351=ADVANCED_FACE('',(#799),#8954,.T.);
#9352=ADVANCED_FACE('',(#800),#686,.T.);
#9353=ADVANCED_FACE('',(#801),#8955,.F.);
#9354=ADVANCED_FACE('',(#802),#687,.T.);
#9355=ADVANCED_FACE('',(#803),#8956,.T.);
#9356=ADVANCED_FACE('',(#804),#688,.T.);
#9357=ADVANCED_FACE('',(#805),#8957,.T.);
#9358=ADVANCED_FACE('',(#806),#689,.T.);
#9359=ADVANCED_FACE('',(#807),#8958,.T.);
#9360=ADVANCED_FACE('',(#808),#8959,.T.);
#9361=ADVANCED_FACE('',(#809),#690,.T.);
#9362=ADVANCED_FACE('',(#810),#8960,.F.);
#9363=ADVANCED_FACE('',(#811),#8961,.T.);
#9364=ADVANCED_FACE('',(#812),#691,.T.);
#9365=ADVANCED_FACE('',(#813),#8962,.T.);
#9366=ADVANCED_FACE('',(#814),#692,.T.);
#9367=ADVANCED_FACE('',(#815),#8963,.T.);
#9368=ADVANCED_FACE('',(#816),#693,.T.);
#9369=ADVANCED_FACE('',(#817),#8964,.T.);
#9370=ADVANCED_FACE('',(#818),#694,.T.);
#9371=ADVANCED_FACE('',(#819,#497),#8965,.T.);
#9372=ADVANCED_FACE('',(#820,#498,#499,#500,#501,#502),#8966,.F.);
#9373=ADVANCED_FACE('',(#821),#8967,.T.);
#9374=ADVANCED_FACE('',(#822),#8968,.T.);
#9375=ADVANCED_FACE('',(#823),#8969,.T.);
#9376=ADVANCED_FACE('',(#824,#503,#504,#505,#506),#8970,.T.);
#9377=ADVANCED_FACE('',(#825),#8971,.T.);
#9378=ADVANCED_FACE('',(#826),#8972,.T.);
#9379=ADVANCED_FACE('',(#827),#8973,.T.);
#9380=ADVANCED_FACE('',(#828),#8974,.T.);
#9381=ADVANCED_FACE('',(#829),#8975,.T.);
#9382=ADVANCED_FACE('',(#830),#8976,.T.);
#9383=ADVANCED_FACE('',(#831),#8977,.T.);
#9384=ADVANCED_FACE('',(#832),#8978,.T.);
#9385=ADVANCED_FACE('',(#833),#8979,.T.);
#9386=ADVANCED_FACE('',(#834),#8980,.T.);
#9387=ADVANCED_FACE('',(#835),#8981,.T.);
#9388=ADVANCED_FACE('',(#836),#8982,.T.);
#9389=ADVANCED_FACE('',(#837),#8983,.T.);
#9390=ADVANCED_FACE('',(#838),#8984,.T.);
#9391=ADVANCED_FACE('',(#839),#8985,.T.);
#9392=ADVANCED_FACE('',(#840),#8986,.T.);
#9393=ADVANCED_FACE('',(#841),#8987,.T.);
#9394=ADVANCED_FACE('',(#842),#8988,.T.);
#9395=ADVANCED_FACE('',(#843),#8989,.T.);
#9396=ADVANCED_FACE('',(#844),#8990,.T.);
#9397=ADVANCED_FACE('',(#845),#8991,.T.);
#9398=ADVANCED_FACE('',(#846),#8992,.T.);
#9399=ADVANCED_FACE('',(#847),#8993,.T.);
#9400=ADVANCED_FACE('',(#848),#8994,.T.);
#9401=ADVANCED_FACE('',(#849),#8995,.T.);
#9402=ADVANCED_FACE('',(#850),#8996,.T.);
#9403=ADVANCED_FACE('',(#851),#8997,.T.);
#9404=ADVANCED_FACE('',(#852),#8998,.T.);
#9405=ADVANCED_FACE('',(#853),#8999,.T.);
#9406=ADVANCED_FACE('',(#854),#9000,.T.);
#9407=ADVANCED_FACE('',(#855),#9001,.T.);
#9408=ADVANCED_FACE('',(#856),#9002,.T.);
#9409=ADVANCED_FACE('',(#857),#9003,.T.);
#9410=ADVANCED_FACE('',(#858),#9004,.T.);
#9411=ADVANCED_FACE('',(#859),#9005,.T.);
#9412=ADVANCED_FACE('',(#860),#9006,.T.);
#9413=ADVANCED_FACE('',(#861),#9007,.T.);
#9414=ADVANCED_FACE('',(#862),#9008,.T.);
#9415=ADVANCED_FACE('',(#863),#9009,.T.);
#9416=ADVANCED_FACE('',(#864),#9010,.T.);
#9417=ADVANCED_FACE('',(#865),#9011,.T.);
#9418=ADVANCED_FACE('',(#866),#9012,.T.);
#9419=ADVANCED_FACE('',(#867),#9013,.T.);
#9420=ADVANCED_FACE('',(#868),#9014,.T.);
#9421=ADVANCED_FACE('',(#869),#9015,.T.);
#9422=ADVANCED_FACE('',(#870),#9016,.T.);
#9423=ADVANCED_FACE('',(#871),#9017,.T.);
#9424=ADVANCED_FACE('',(#872),#9018,.T.);
#9425=ADVANCED_FACE('',(#873),#9019,.T.);
#9426=ADVANCED_FACE('',(#874),#9020,.T.);
#9427=ADVANCED_FACE('',(#875),#9021,.T.);
#9428=ADVANCED_FACE('',(#876),#9022,.T.);
#9429=ADVANCED_FACE('',(#877),#9023,.T.);
#9430=ADVANCED_FACE('',(#878),#9024,.T.);
#9431=ADVANCED_FACE('',(#879),#9025,.T.);
#9432=ADVANCED_FACE('',(#880),#695,.F.);
#9433=ADVANCED_FACE('',(#881),#696,.F.);
#9434=ADVANCED_FACE('',(#882),#697,.F.);
#9435=ADVANCED_FACE('',(#883),#698,.F.);
#9436=ADVANCED_FACE('',(#884),#699,.T.);
#9437=ADVANCED_FACE('',(#885),#430,.T.);
#9438=ADVANCED_FACE('',(#886),#700,.T.);
#9439=ADVANCED_FACE('',(#887),#431,.T.);
#9440=ADVANCED_FACE('',(#888),#701,.T.);
#9441=ADVANCED_FACE('',(#889),#432,.T.);
#9442=ADVANCED_FACE('',(#890),#702,.T.);
#9443=ADVANCED_FACE('',(#891),#433,.T.);
#9444=ADVANCED_FACE('',(#892),#703,.T.);
#9445=ADVANCED_FACE('',(#893),#9026,.T.);
#9446=ADVANCED_FACE('',(#894),#704,.T.);
#9447=ADVANCED_FACE('',(#895),#9027,.T.);
#9448=ADVANCED_FACE('',(#896,#507,#508),#9028,.F.);
#9449=ADVANCED_FACE('',(#897),#9029,.F.);
#9450=ADVANCED_FACE('',(#898),#9030,.F.);
#9451=ADVANCED_FACE('',(#899,#509,#510,#511,#512,#513),#9031,.T.);
#9452=ADVANCED_FACE('',(#900),#9032,.T.);
#9453=ADVANCED_FACE('',(#901),#9033,.T.);
#9454=ADVANCED_FACE('',(#902),#9034,.T.);
#9455=ADVANCED_FACE('',(#903),#9035,.T.);
#9456=ADVANCED_FACE('',(#904),#705,.F.);
#9457=ADVANCED_FACE('',(#905),#706,.F.);
#9458=ADVANCED_FACE('',(#906),#707,.F.);
#9459=ADVANCED_FACE('',(#907),#708,.F.);
#9460=ADVANCED_FACE('',(#908),#9036,.T.);
#9461=ADVANCED_FACE('',(#909),#9037,.T.);
#9462=ADVANCED_FACE('',(#910),#9038,.T.);
#9463=ADVANCED_FACE('',(#911),#9039,.T.);
#9464=ADVANCED_FACE('',(#912),#9040,.T.);
#9465=ADVANCED_FACE('',(#913),#9041,.T.);
#9466=ADVANCED_FACE('',(#914),#9042,.T.);
#9467=ADVANCED_FACE('',(#915),#9043,.T.);
#9468=ADVANCED_FACE('',(#916),#9044,.T.);
#9469=ADVANCED_FACE('',(#917),#9045,.T.);
#9470=ADVANCED_FACE('',(#918),#9046,.T.);
#9471=ADVANCED_FACE('',(#919),#9047,.T.);
#9472=ADVANCED_FACE('',(#920),#9048,.T.);
#9473=ADVANCED_FACE('',(#921),#9049,.T.);
#9474=ADVANCED_FACE('',(#922),#9050,.T.);
#9475=ADVANCED_FACE('',(#923),#9051,.T.);
#9476=ADVANCED_FACE('',(#924),#9052,.T.);
#9477=ADVANCED_FACE('',(#925),#9053,.T.);
#9478=ADVANCED_FACE('',(#926),#9054,.T.);
#9479=ADVANCED_FACE('',(#927),#9055,.T.);
#9480=ADVANCED_FACE('',(#928),#9056,.T.);
#9481=ADVANCED_FACE('',(#929),#9057,.T.);
#9482=ADVANCED_FACE('',(#930),#9058,.T.);
#9483=ADVANCED_FACE('',(#931),#9059,.T.);
#9484=ADVANCED_FACE('',(#932),#9060,.T.);
#9485=ADVANCED_FACE('',(#933),#9061,.T.);
#9486=ADVANCED_FACE('',(#934),#9062,.T.);
#9487=ADVANCED_FACE('',(#935),#9063,.T.);
#9488=ADVANCED_FACE('',(#936),#9064,.T.);
#9489=ADVANCED_FACE('',(#937),#9065,.T.);
#9490=ADVANCED_FACE('',(#938),#9066,.T.);
#9491=ADVANCED_FACE('',(#939),#9067,.T.);
#9492=ADVANCED_FACE('',(#940),#9068,.T.);
#9493=ADVANCED_FACE('',(#941),#9069,.T.);
#9494=ADVANCED_FACE('',(#942),#9070,.T.);
#9495=ADVANCED_FACE('',(#943),#9071,.T.);
#9496=ADVANCED_FACE('',(#944),#9072,.T.);
#9497=ADVANCED_FACE('',(#945),#9073,.T.);
#9498=ADVANCED_FACE('',(#946),#9074,.T.);
#9499=ADVANCED_FACE('',(#947),#9075,.T.);
#9500=ADVANCED_FACE('',(#948),#9076,.T.);
#9501=ADVANCED_FACE('',(#949),#9077,.T.);
#9502=ADVANCED_FACE('',(#950),#9078,.T.);
#9503=ADVANCED_FACE('',(#951),#9079,.T.);
#9504=ADVANCED_FACE('',(#952),#709,.T.);
#9505=ADVANCED_FACE('',(#953),#9080,.T.);
#9506=ADVANCED_FACE('',(#954),#9081,.T.);
#9507=ADVANCED_FACE('',(#955),#9082,.T.);
#9508=ADVANCED_FACE('',(#956),#9083,.T.);
#9509=ADVANCED_FACE('',(#957),#9084,.T.);
#9510=ADVANCED_FACE('',(#958),#9085,.T.);
#9511=ADVANCED_FACE('',(#959),#9086,.T.);
#9512=ADVANCED_FACE('',(#960),#9087,.T.);
#9513=ADVANCED_FACE('',(#961),#9088,.T.);
#9514=ADVANCED_FACE('',(#962),#9089,.T.);
#9515=ADVANCED_FACE('',(#963),#9090,.T.);
#9516=ADVANCED_FACE('',(#964),#9091,.T.);
#9517=ADVANCED_FACE('',(#965),#9092,.T.);
#9518=ADVANCED_FACE('',(#966),#9093,.T.);
#9519=ADVANCED_FACE('',(#967),#9094,.T.);
#9520=ADVANCED_FACE('',(#968),#710,.F.);
#9521=ADVANCED_FACE('',(#969),#9095,.T.);
#9522=ADVANCED_FACE('',(#970),#9096,.T.);
#9523=ADVANCED_FACE('',(#971),#9097,.T.);
#9524=ADVANCED_FACE('',(#972),#9098,.T.);
#9525=ADVANCED_FACE('',(#973),#9099,.T.);
#9526=ADVANCED_FACE('',(#974),#9100,.T.);
#9527=ADVANCED_FACE('',(#975),#9101,.T.);
#9528=ADVANCED_FACE('',(#976),#9102,.T.);
#9529=ADVANCED_FACE('',(#977),#9103,.T.);
#9530=ADVANCED_FACE('',(#978),#9104,.T.);
#9531=ADVANCED_FACE('',(#979),#9105,.T.);
#9532=ADVANCED_FACE('',(#980),#9106,.T.);
#9533=ADVANCED_FACE('',(#981),#9107,.T.);
#9534=ADVANCED_FACE('',(#982),#9108,.T.);
#9535=ADVANCED_FACE('',(#983),#9109,.T.);
#9536=ADVANCED_FACE('',(#984),#711,.F.);
#9537=ADVANCED_FACE('',(#985),#712,.F.);
#9538=ADVANCED_FACE('',(#986),#713,.F.);
#9539=ADVANCED_FACE('',(#987),#714,.T.);
#9540=ADVANCED_FACE('',(#988,#514,#515,#516,#517,#518),#9110,.T.);
#9541=ADVANCED_FACE('',(#989),#291,.F.);
#9542=ADVANCED_FACE('',(#990),#292,.F.);
#9543=ADVANCED_FACE('',(#991),#9111,.F.);
#9544=ADVANCED_FACE('',(#992),#9112,.F.);
#9545=ADVANCED_FACE('',(#993),#9113,.F.);
#9546=ADVANCED_FACE('',(#994),#293,.F.);
#9547=ADVANCED_FACE('',(#995),#294,.F.);
#9548=ADVANCED_FACE('',(#996),#295,.F.);
#9549=ADVANCED_FACE('',(#997),#296,.F.);
#9550=ADVANCED_FACE('',(#998),#297,.F.);
#9551=ADVANCED_FACE('',(#999),#298,.F.);
#9552=ADVANCED_FACE('',(#1000),#299,.F.);
#9553=ADVANCED_FACE('',(#1001),#300,.F.);
#9554=ADVANCED_FACE('',(#1002),#9114,.F.);
#9555=ADVANCED_FACE('',(#1003),#9115,.F.);
#9556=ADVANCED_FACE('',(#1004),#9116,.F.);
#9557=ADVANCED_FACE('',(#1005),#301,.F.);
#9558=ADVANCED_FACE('',(#1006),#302,.F.);
#9559=ADVANCED_FACE('',(#1007),#303,.F.);
#9560=ADVANCED_FACE('',(#1008),#304,.F.);
#9561=ADVANCED_FACE('',(#1009),#305,.F.);
#9562=ADVANCED_FACE('',(#1010),#306,.F.);
#9563=ADVANCED_FACE('',(#1011),#9117,.F.);
#9564=ADVANCED_FACE('',(#1012),#9118,.F.);
#9565=ADVANCED_FACE('',(#1013),#307,.F.);
#9566=ADVANCED_FACE('',(#1014),#9119,.F.);
#9567=ADVANCED_FACE('',(#1015),#9120,.T.);
#9568=ADVANCED_FACE('',(#1016),#9121,.F.);
#9569=ADVANCED_FACE('',(#1017),#9122,.F.);
#9570=ADVANCED_FACE('',(#1018),#9123,.F.);
#9571=ADVANCED_FACE('',(#1019),#9124,.F.);
#9572=ADVANCED_FACE('',(#1020),#9125,.F.);
#9573=ADVANCED_FACE('',(#1021),#9126,.F.);
#9574=ADVANCED_FACE('',(#1022),#9127,.F.);
#9575=ADVANCED_FACE('',(#1023),#9128,.F.);
#9576=ADVANCED_FACE('',(#1024),#9129,.F.);
#9577=ADVANCED_FACE('',(#1025),#9130,.F.);
#9578=ADVANCED_FACE('',(#1026),#9131,.F.);
#9579=ADVANCED_FACE('',(#1027),#9132,.F.);
#9580=ADVANCED_FACE('',(#1028),#9133,.F.);
#9581=ADVANCED_FACE('',(#1029),#308,.F.);
#9582=ADVANCED_FACE('',(#1030),#309,.F.);
#9583=ADVANCED_FACE('',(#1031),#9134,.F.);
#9584=ADVANCED_FACE('',(#1032),#9135,.F.);
#9585=ADVANCED_FACE('',(#1033),#9136,.F.);
#9586=ADVANCED_FACE('',(#1034),#310,.F.);
#9587=ADVANCED_FACE('',(#1035),#311,.F.);
#9588=ADVANCED_FACE('',(#1036),#312,.F.);
#9589=ADVANCED_FACE('',(#1037),#313,.F.);
#9590=ADVANCED_FACE('',(#1038),#314,.F.);
#9591=ADVANCED_FACE('',(#1039),#315,.F.);
#9592=ADVANCED_FACE('',(#1040),#316,.F.);
#9593=ADVANCED_FACE('',(#1041),#317,.F.);
#9594=ADVANCED_FACE('',(#1042),#9137,.F.);
#9595=ADVANCED_FACE('',(#1043),#9138,.F.);
#9596=ADVANCED_FACE('',(#1044),#9139,.F.);
#9597=ADVANCED_FACE('',(#1045),#318,.F.);
#9598=ADVANCED_FACE('',(#1046),#319,.F.);
#9599=ADVANCED_FACE('',(#1047),#320,.F.);
#9600=ADVANCED_FACE('',(#1048),#321,.F.);
#9601=ADVANCED_FACE('',(#1049),#322,.F.);
#9602=ADVANCED_FACE('',(#1050),#323,.F.);
#9603=ADVANCED_FACE('',(#1051),#9140,.F.);
#9604=ADVANCED_FACE('',(#1052),#9141,.F.);
#9605=ADVANCED_FACE('',(#1053),#324,.F.);
#9606=ADVANCED_FACE('',(#1054),#9142,.F.);
#9607=ADVANCED_FACE('',(#1055),#9143,.T.);
#9608=ADVANCED_FACE('',(#1056),#9144,.F.);
#9609=ADVANCED_FACE('',(#1057),#325,.F.);
#9610=ADVANCED_FACE('',(#1058),#326,.F.);
#9611=ADVANCED_FACE('',(#1059),#327,.F.);
#9612=ADVANCED_FACE('',(#1060),#328,.F.);
#9613=ADVANCED_FACE('',(#1061),#329,.F.);
#9614=ADVANCED_FACE('',(#1062),#330,.F.);
#9615=ADVANCED_FACE('',(#1063),#331,.F.);
#9616=ADVANCED_FACE('',(#1064),#332,.F.);
#9617=ADVANCED_FACE('',(#1065),#333,.F.);
#9618=ADVANCED_FACE('',(#1066),#334,.F.);
#9619=ADVANCED_FACE('',(#1067),#335,.F.);
#9620=ADVANCED_FACE('',(#1068),#336,.F.);
#9621=ADVANCED_FACE('',(#1069),#9145,.F.);
#9622=ADVANCED_FACE('',(#1070),#337,.F.);
#9623=ADVANCED_FACE('',(#1071),#338,.F.);
#9624=ADVANCED_FACE('',(#1072),#339,.F.);
#9625=ADVANCED_FACE('',(#1073),#340,.F.);
#9626=ADVANCED_FACE('',(#1074),#341,.F.);
#9627=ADVANCED_FACE('',(#1075),#342,.F.);
#9628=ADVANCED_FACE('',(#1076),#343,.F.);
#9629=ADVANCED_FACE('',(#1077),#344,.F.);
#9630=ADVANCED_FACE('',(#1078),#345,.F.);
#9631=ADVANCED_FACE('',(#1079),#346,.F.);
#9632=ADVANCED_FACE('',(#1080),#9146,.F.);
#9633=ADVANCED_FACE('',(#1081),#347,.F.);
#9634=ADVANCED_FACE('',(#1082),#348,.F.);
#9635=ADVANCED_FACE('',(#1083),#9147,.F.);
#9636=ADVANCED_FACE('',(#1084),#349,.F.);
#9637=ADVANCED_FACE('',(#1085),#350,.F.);
#9638=ADVANCED_FACE('',(#1086),#9148,.F.);
#9639=ADVANCED_FACE('',(#1087),#351,.F.);
#9640=ADVANCED_FACE('',(#1088),#352,.F.);
#9641=ADVANCED_FACE('',(#1089),#353,.F.);
#9642=ADVANCED_FACE('',(#1090),#354,.F.);
#9643=ADVANCED_FACE('',(#1091),#355,.F.);
#9644=ADVANCED_FACE('',(#1092),#9149,.F.);
#9645=ADVANCED_FACE('',(#1093),#356,.F.);
#9646=ADVANCED_FACE('',(#1094),#357,.F.);
#9647=ADVANCED_FACE('',(#1095),#9150,.F.);
#9648=ADVANCED_FACE('',(#1096),#9151,.F.);
#9649=ADVANCED_FACE('',(#1097,#519),#9152,.T.);
#9650=ADVANCED_FACE('',(#1098),#9153,.F.);
#9651=ADVANCED_FACE('',(#1099),#358,.F.);
#9652=ADVANCED_FACE('',(#1100),#359,.F.);
#9653=ADVANCED_FACE('',(#1101),#360,.F.);
#9654=ADVANCED_FACE('',(#1102),#361,.F.);
#9655=ADVANCED_FACE('',(#1103),#362,.F.);
#9656=ADVANCED_FACE('',(#1104),#363,.F.);
#9657=ADVANCED_FACE('',(#1105),#364,.F.);
#9658=ADVANCED_FACE('',(#1106),#365,.F.);
#9659=ADVANCED_FACE('',(#1107),#9154,.F.);
#9660=ADVANCED_FACE('',(#1108),#9155,.F.);
#9661=ADVANCED_FACE('',(#1109),#9156,.F.);
#9662=ADVANCED_FACE('',(#1110),#366,.F.);
#9663=ADVANCED_FACE('',(#1111),#367,.F.);
#9664=ADVANCED_FACE('',(#1112),#368,.F.);
#9665=ADVANCED_FACE('',(#1113),#369,.F.);
#9666=ADVANCED_FACE('',(#1114),#370,.F.);
#9667=ADVANCED_FACE('',(#1115),#371,.F.);
#9668=ADVANCED_FACE('',(#1116),#372,.F.);
#9669=ADVANCED_FACE('',(#1117),#373,.F.);
#9670=ADVANCED_FACE('',(#1118),#9157,.F.);
#9671=ADVANCED_FACE('',(#1119),#9158,.F.);
#9672=ADVANCED_FACE('',(#1120,#520),#9159,.T.);
#9673=ADVANCED_FACE('',(#1121),#374,.F.);
#9674=ADVANCED_FACE('',(#1122),#375,.F.);
#9675=ADVANCED_FACE('',(#1123),#376,.F.);
#9676=ADVANCED_FACE('',(#1124),#377,.F.);
#9677=ADVANCED_FACE('',(#1125),#378,.F.);
#9678=ADVANCED_FACE('',(#1126),#379,.F.);
#9679=ADVANCED_FACE('',(#1127),#380,.F.);
#9680=ADVANCED_FACE('',(#1128),#381,.F.);
#9681=ADVANCED_FACE('',(#1129),#382,.F.);
#9682=ADVANCED_FACE('',(#1130),#383,.F.);
#9683=ADVANCED_FACE('',(#1131),#384,.F.);
#9684=ADVANCED_FACE('',(#1132),#385,.F.);
#9685=ADVANCED_FACE('',(#1133),#386,.F.);
#9686=ADVANCED_FACE('',(#1134),#387,.F.);
#9687=ADVANCED_FACE('',(#1135),#388,.F.);
#9688=ADVANCED_FACE('',(#1136),#389,.F.);
#9689=ADVANCED_FACE('',(#1137),#390,.F.);
#9690=ADVANCED_FACE('',(#1138),#391,.F.);
#9691=ADVANCED_FACE('',(#1139),#392,.F.);
#9692=ADVANCED_FACE('',(#1140),#393,.F.);
#9693=ADVANCED_FACE('',(#1141),#394,.F.);
#9694=ADVANCED_FACE('',(#1142),#395,.F.);
#9695=ADVANCED_FACE('',(#1143),#396,.F.);
#9696=ADVANCED_FACE('',(#1144),#397,.F.);
#9697=ADVANCED_FACE('',(#1145),#398,.F.);
#9698=ADVANCED_FACE('',(#1146),#399,.F.);
#9699=ADVANCED_FACE('',(#1147),#400,.F.);
#9700=ADVANCED_FACE('',(#1148),#401,.F.);
#9701=ADVANCED_FACE('',(#1149),#402,.F.);
#9702=ADVANCED_FACE('',(#1150),#403,.F.);
#9703=ADVANCED_FACE('',(#1151),#404,.F.);
#9704=ADVANCED_FACE('',(#1152),#405,.F.);
#9705=ADVANCED_FACE('',(#1153,#521),#9160,.T.);
#9706=ADVANCED_FACE('',(#1154),#9161,.F.);
#9707=ADVANCED_FACE('',(#1155),#9162,.F.);
#9708=ADVANCED_FACE('',(#1156),#9163,.F.);
#9709=ADVANCED_FACE('',(#1157),#9164,.F.);
#9710=ADVANCED_FACE('',(#1158),#9165,.F.);
#9711=ADVANCED_FACE('',(#1159),#406,.F.);
#9712=ADVANCED_FACE('',(#1160),#407,.F.);
#9713=ADVANCED_FACE('',(#1161),#408,.F.);
#9714=ADVANCED_FACE('',(#1162),#409,.F.);
#9715=ADVANCED_FACE('',(#1163),#410,.F.);
#9716=ADVANCED_FACE('',(#1164),#411,.F.);
#9717=ADVANCED_FACE('',(#1165),#412,.F.);
#9718=ADVANCED_FACE('',(#1166),#413,.F.);
#9719=ADVANCED_FACE('',(#1167),#9166,.T.);
#9720=ADVANCED_FACE('',(#1168),#414,.F.);
#9721=ADVANCED_FACE('',(#1169),#415,.F.);
#9722=ADVANCED_FACE('',(#1170),#9167,.F.);
#9723=ADVANCED_FACE('',(#1171),#9168,.F.);
#9724=ADVANCED_FACE('',(#1172),#9169,.F.);
#9725=ADVANCED_FACE('',(#1173),#416,.F.);
#9726=ADVANCED_FACE('',(#1174),#417,.F.);
#9727=ADVANCED_FACE('',(#1175),#418,.F.);
#9728=ADVANCED_FACE('',(#1176),#419,.F.);
#9729=ADVANCED_FACE('',(#1177),#420,.F.);
#9730=ADVANCED_FACE('',(#1178),#421,.F.);
#9731=ADVANCED_FACE('',(#1179),#9170,.F.);
#9732=ADVANCED_FACE('',(#1180),#9171,.F.);
#9733=ADVANCED_FACE('',(#1181),#9172,.F.);
#9734=ADVANCED_FACE('',(#1182),#422,.F.);
#9735=ADVANCED_FACE('',(#1183),#423,.F.);
#9736=ADVANCED_FACE('',(#1184),#424,.F.);
#9737=ADVANCED_FACE('',(#1185),#425,.F.);
#9738=ADVANCED_FACE('',(#1186),#426,.F.);
#9739=ADVANCED_FACE('',(#1187),#427,.F.);
#9740=ADVANCED_FACE('',(#1188),#9173,.F.);
#9741=ADVANCED_FACE('',(#1189),#428,.F.);
#9742=ADVANCED_FACE('',(#1190),#429,.F.);
#9743=ADVANCED_FACE('',(#1191),#9174,.F.);
#9744=ADVANCED_FACE('',(#1192),#9175,.T.);
#9745=ADVANCED_FACE('',(#1193),#9176,.F.);
#9746=ADVANCED_FACE('',(#1194),#9177,.F.);
#9747=ADVANCED_FACE('',(#1195),#9178,.F.);
#9748=ADVANCED_FACE('',(#1196),#9179,.F.);
#9749=ADVANCED_FACE('',(#1197),#9180,.F.);
#9750=ADVANCED_FACE('',(#1198),#9181,.F.);
#9751=ADVANCED_FACE('',(#1199),#9182,.F.);
#9752=ADVANCED_FACE('',(#1200),#9183,.F.);
#9753=ADVANCED_FACE('',(#1201),#9184,.F.);
#9754=ADVANCED_FACE('',(#1202),#9185,.F.);
#9755=ADVANCED_FACE('',(#1203,#522,#523,#524,#525,#526,#527,#528,#529,#530,
#531,#532,#533,#534,#535,#536,#537),#9186,.T.);
#9756=ADVANCED_FACE('',(#1204),#9187,.T.);
#9757=ADVANCED_FACE('',(#1205),#9188,.T.);
#9758=ADVANCED_FACE('',(#1206),#715,.F.);
#9759=ADVANCED_FACE('',(#1207),#9189,.F.);
#9760=ADVANCED_FACE('',(#1208),#716,.F.);
#9761=ADVANCED_FACE('',(#1209),#717,.F.);
#9762=ADVANCED_FACE('',(#1210),#9190,.F.);
#9763=ADVANCED_FACE('',(#1211),#718,.F.);
#9764=ADVANCED_FACE('',(#1212),#9191,.F.);
#9765=ADVANCED_FACE('',(#1213),#9192,.F.);
#9766=ADVANCED_FACE('',(#1214),#719,.T.);
#9767=ADVANCED_FACE('',(#1215),#9193,.F.);
#9768=ADVANCED_FACE('',(#1216),#9194,.F.);
#9769=ADVANCED_FACE('',(#1217),#9195,.F.);
#9770=ADVANCED_FACE('',(#1218),#720,.F.);
#9771=ADVANCED_FACE('',(#1219),#9196,.F.);
#9772=ADVANCED_FACE('',(#1220),#721,.T.);
#9773=ADVANCED_FACE('',(#1221),#434,.T.);
#9774=ADVANCED_FACE('',(#1222),#722,.T.);
#9775=ADVANCED_FACE('',(#1223),#435,.T.);
#9776=ADVANCED_FACE('',(#1224),#723,.T.);
#9777=ADVANCED_FACE('',(#1225),#436,.T.);
#9778=ADVANCED_FACE('',(#1226),#724,.T.);
#9779=ADVANCED_FACE('',(#1227),#437,.T.);
#9780=ADVANCED_FACE('',(#1228),#9197,.T.);
#9781=ADVANCED_FACE('',(#1229),#725,.F.);
#9782=ADVANCED_FACE('',(#1230),#726,.F.);
#9783=ADVANCED_FACE('',(#1231),#727,.F.);
#9784=ADVANCED_FACE('',(#1232),#728,.F.);
#9785=ADVANCED_FACE('',(#1233,#538,#539,#540,#541,#542,#543),#9198,.F.);
#9786=ADVANCED_FACE('',(#1234),#9199,.T.);
#9787=ADVANCED_FACE('',(#1235),#729,.T.);
#9788=ADVANCED_FACE('',(#1236),#730,.T.);
#9789=ADVANCED_FACE('',(#1237),#9200,.T.);
#9790=ADVANCED_FACE('',(#1238),#731,.T.);
#9791=ADVANCED_FACE('',(#1239),#732,.T.);
#9792=ADVANCED_FACE('',(#1240),#9201,.T.);
#9793=ADVANCED_FACE('',(#1241),#9202,.F.);
#9794=CLOSED_SHELL('',(#9285,#9286,#9287,#9288,#9289,#9290,#9291,#9292,
#9293,#9294,#9295,#9296,#9297,#9298,#9299,#9300,#9301,#9302,#9303,#9304,
#9305,#9306,#9307,#9308,#9309,#9310,#9311,#9312,#9313,#9314,#9315,#9316,
#9317,#9318,#9319,#9320,#9321,#9322,#9323,#9324,#9325,#9326,#9327,#9328,
#9329,#9330,#9331,#9332,#9333,#9334));
#9795=CLOSED_SHELL('',(#9335,#9336,#9337,#9338,#9339,#9340,#9341,#9342,
#9343,#9344,#9345,#9346,#9347,#9348,#9349,#9350,#9351,#9352,#9353,#9354,
#9355,#9356,#9357,#9358,#9359,#9360));
#9796=CLOSED_SHELL('',(#9361,#9362,#9363,#9364,#9365,#9366,#9367,#9368,
#9369,#9370,#9371,#9372,#9373,#9374,#9375,#9376,#9377,#9378,#9379,#9380,
#9381,#9382,#9383,#9384,#9385,#9386,#9387,#9388,#9389,#9390,#9391,#9392,
#9393,#9394,#9395,#9396,#9397,#9398,#9399,#9400,#9401,#9402,#9403,#9404,
#9405,#9406,#9407,#9408,#9409,#9410,#9411,#9412,#9413,#9414,#9415,#9416,
#9417,#9418,#9419,#9420,#9421,#9422,#9423,#9424,#9425,#9426,#9427,#9428,
#9429,#9430,#9431,#9432,#9433,#9434,#9435));
#9797=CLOSED_SHELL('',(#9436,#9437,#9438,#9439,#9440,#9441,#9442,#9443,
#9444,#9445,#9446,#9447,#9448,#9449,#9450,#9451,#9452,#9453,#9454,#9455,
#9456,#9457,#9458,#9459,#9460,#9461,#9462,#9463,#9464,#9465,#9466,#9467,
#9468,#9469,#9470,#9471,#9472,#9473,#9474,#9475,#9476,#9477,#9478,#9479,
#9480,#9481,#9482,#9483,#9484,#9485,#9486,#9487,#9488,#9489,#9490,#9491,
#9492,#9493,#9494,#9495,#9496,#9497,#9498,#9499,#9500,#9501,#9502,#9503,
#9504,#9505,#9506,#9507,#9508,#9509,#9510,#9511,#9512,#9513,#9514,#9515,
#9516,#9517,#9518,#9519,#9520,#9521,#9522,#9523,#9524,#9525,#9526,#9527,
#9528,#9529,#9530,#9531,#9532,#9533,#9534,#9535,#9536,#9537,#9538,#9539,
#9540));
#9798=CLOSED_SHELL('',(#9541,#9542,#9543,#9544,#9545,#9546,#9547,#9548,
#9549,#9550,#9551,#9552,#9553,#9554,#9555,#9556,#9557,#9558,#9559,#9560,
#9561,#9562,#9563,#9564,#9565,#9566,#9567,#9568,#9569,#9570,#9571,#9572,
#9573,#9574,#9575,#9576,#9577,#9578,#9579,#9580,#9581,#9582,#9583,#9584,
#9585,#9586,#9587,#9588,#9589,#9590,#9591,#9592,#9593,#9594,#9595,#9596,
#9597,#9598,#9599,#9600,#9601,#9602,#9603,#9604,#9605,#9606,#9607,#9608,
#9609,#9610,#9611,#9612,#9613,#9614,#9615,#9616,#9617,#9618,#9619,#9620,
#9621,#9622,#9623,#9624,#9625,#9626,#9627,#9628,#9629,#9630,#9631,#9632,
#9633,#9634,#9635,#9636,#9637,#9638,#9639,#9640,#9641,#9642,#9643,#9644,
#9645,#9646,#9647,#9648,#9649,#9650,#9651,#9652,#9653,#9654,#9655,#9656,
#9657,#9658,#9659,#9660,#9661,#9662,#9663,#9664,#9665,#9666,#9667,#9668,
#9669,#9670,#9671,#9672,#9673,#9674,#9675,#9676,#9677,#9678,#9679,#9680,
#9681,#9682,#9683,#9684,#9685,#9686,#9687,#9688,#9689,#9690,#9691,#9692,
#9693,#9694,#9695,#9696,#9697,#9698,#9699,#9700,#9701,#9702,#9703,#9704,
#9705,#9706,#9707,#9708,#9709,#9710,#9711,#9712,#9713,#9714,#9715,#9716,
#9717,#9718,#9719,#9720,#9721,#9722,#9723,#9724,#9725,#9726,#9727,#9728,
#9729,#9730,#9731,#9732,#9733,#9734,#9735,#9736,#9737,#9738,#9739,#9740,
#9741,#9742,#9743,#9744,#9745,#9746,#9747,#9748,#9749,#9750,#9751,#9752,
#9753,#9754,#9755,#9756,#9757,#9758,#9759,#9760,#9761,#9762,#9763,#9764,
#9765,#9766,#9767,#9768,#9769,#9770,#9771,#9772,#9773,#9774,#9775,#9776,
#9777,#9778,#9779,#9780,#9781,#9782,#9783,#9784,#9785));
#9799=CLOSED_SHELL('',(#9786,#9787,#9788,#9789,#9790,#9791,#9792,#9793));
#9800=DERIVED_UNIT_ELEMENT(#9812,1.);
#9801=DERIVED_UNIT_ELEMENT(#17670,-3.);
#9802=DERIVED_UNIT_ELEMENT(#9812,1.);
#9803=DERIVED_UNIT_ELEMENT(#17670,-3.);
#9804=DERIVED_UNIT_ELEMENT(#9812,1.);
#9805=DERIVED_UNIT_ELEMENT(#17670,-3.);
#9806=DERIVED_UNIT_ELEMENT(#9812,1.);
#9807=DERIVED_UNIT_ELEMENT(#17670,-3.);
#9808=DERIVED_UNIT_ELEMENT(#9812,1.);
#9809=DERIVED_UNIT_ELEMENT(#17670,-3.);
#9810=DERIVED_UNIT_ELEMENT(#9812,1.);
#9811=DERIVED_UNIT_ELEMENT(#17670,-3.);
#9812=(
MASS_UNIT()
NAMED_UNIT(*)
SI_UNIT(.KILO.,.GRAM.)
);
#9813=DERIVED_UNIT((#9800,#9801));
#9814=DERIVED_UNIT((#9802,#9803));
#9815=DERIVED_UNIT((#9804,#9805));
#9816=DERIVED_UNIT((#9806,#9807));
#9817=DERIVED_UNIT((#9808,#9809));
#9818=DERIVED_UNIT((#9810,#9811));
#9819=MEASURE_REPRESENTATION_ITEM('density measure',
POSITIVE_RATIO_MEASURE(7850.),#9813);
#9820=MEASURE_REPRESENTATION_ITEM('density measure',
POSITIVE_RATIO_MEASURE(7850.),#9814);
#9821=MEASURE_REPRESENTATION_ITEM('density measure',
POSITIVE_RATIO_MEASURE(7850.),#9815);
#9822=MEASURE_REPRESENTATION_ITEM('density measure',
POSITIVE_RATIO_MEASURE(7850.),#9816);
#9823=MEASURE_REPRESENTATION_ITEM('density measure',
POSITIVE_RATIO_MEASURE(7850.),#9817);
#9824=MEASURE_REPRESENTATION_ITEM('density measure',
POSITIVE_RATIO_MEASURE(7850.),#9818);
#9825=PROPERTY_DEFINITION_REPRESENTATION(#9855,#9837);
#9826=PROPERTY_DEFINITION_REPRESENTATION(#9856,#9838);
#9827=PROPERTY_DEFINITION_REPRESENTATION(#9857,#9839);
#9828=PROPERTY_DEFINITION_REPRESENTATION(#9858,#9840);
#9829=PROPERTY_DEFINITION_REPRESENTATION(#9859,#9841);
#9830=PROPERTY_DEFINITION_REPRESENTATION(#9860,#9842);
#9831=PROPERTY_DEFINITION_REPRESENTATION(#9861,#9843);
#9832=PROPERTY_DEFINITION_REPRESENTATION(#9862,#9844);
#9833=PROPERTY_DEFINITION_REPRESENTATION(#9863,#9845);
#9834=PROPERTY_DEFINITION_REPRESENTATION(#9864,#9846);
#9835=PROPERTY_DEFINITION_REPRESENTATION(#9865,#9847);
#9836=PROPERTY_DEFINITION_REPRESENTATION(#9866,#9848);
#9837=REPRESENTATION('material name',(#9849),#17661);
#9838=REPRESENTATION('density',(#9819),#17661);
#9839=REPRESENTATION('material name',(#9850),#17663);
#9840=REPRESENTATION('density',(#9820),#17663);
#9841=REPRESENTATION('material name',(#9851),#17664);
#9842=REPRESENTATION('density',(#9821),#17664);
#9843=REPRESENTATION('material name',(#9852),#17665);
#9844=REPRESENTATION('density',(#9822),#17665);
#9845=REPRESENTATION('material name',(#9853),#17666);
#9846=REPRESENTATION('density',(#9823),#17666);
#9847=REPRESENTATION('material name',(#9854),#17667);
#9848=REPRESENTATION('density',(#9824),#17667);
#9849=DESCRIPTIVE_REPRESENTATION_ITEM('Steel','Steel');
#9850=DESCRIPTIVE_REPRESENTATION_ITEM('Steel','Steel');
#9851=DESCRIPTIVE_REPRESENTATION_ITEM('Steel','Steel');
#9852=DESCRIPTIVE_REPRESENTATION_ITEM('Steel','Steel');
#9853=DESCRIPTIVE_REPRESENTATION_ITEM('Steel','Steel');
#9854=DESCRIPTIVE_REPRESENTATION_ITEM('Steel','Steel');
#9855=PROPERTY_DEFINITION('material property','material name',#17721);
#9856=PROPERTY_DEFINITION('material property','density of part',#17721);
#9857=PROPERTY_DEFINITION('material property','material name',#17723);
#9858=PROPERTY_DEFINITION('material property','density of part',#17723);
#9859=PROPERTY_DEFINITION('material property','material name',#17724);
#9860=PROPERTY_DEFINITION('material property','density of part',#17724);
#9861=PROPERTY_DEFINITION('material property','material name',#17725);
#9862=PROPERTY_DEFINITION('material property','density of part',#17725);
#9863=PROPERTY_DEFINITION('material property','material name',#17726);
#9864=PROPERTY_DEFINITION('material property','density of part',#17726);
#9865=PROPERTY_DEFINITION('material property','material name',#17727);
#9866=PROPERTY_DEFINITION('material property','density of part',#17727);
#9867=AXIS2_PLACEMENT_3D('',#12419,#10388,#10389);
#9868=AXIS2_PLACEMENT_3D('',#12420,#10390,#10391);
#9869=AXIS2_PLACEMENT_3D('',#12421,#10392,#10393);
#9870=AXIS2_PLACEMENT_3D('',#12422,#10394,#10395);
#9871=AXIS2_PLACEMENT_3D('',#12423,#10396,#10397);
#9872=AXIS2_PLACEMENT_3D('',#12424,#10398,#10399);
#9873=AXIS2_PLACEMENT_3D('',#12433,#10404,#10405);
#9874=AXIS2_PLACEMENT_3D('',#12443,#10411,#10412);
#9875=AXIS2_PLACEMENT_3D('',#12461,#10422,#10423);
#9876=AXIS2_PLACEMENT_3D('',#12465,#10426,#10427);
#9877=AXIS2_PLACEMENT_3D('',#12473,#10432,#10433);
#9878=AXIS2_PLACEMENT_3D('',#12479,#10437,#10438);
#9879=AXIS2_PLACEMENT_3D('',#12481,#10440,#10441);
#9880=AXIS2_PLACEMENT_3D('',#12483,#10442,#10443);
#9881=AXIS2_PLACEMENT_3D('',#12486,#10445,#10446);
#9882=AXIS2_PLACEMENT_3D('',#12487,#10447,#10448);
#9883=AXIS2_PLACEMENT_3D('',#12491,#10451,#10452);
#9884=AXIS2_PLACEMENT_3D('',#12501,#10457,#10458);
#9885=AXIS2_PLACEMENT_3D('',#12504,#10460,#10461);
#9886=AXIS2_PLACEMENT_3D('',#12505,#10462,#10463);
#9887=AXIS2_PLACEMENT_3D('',#12533,#10478,#10479);
#9888=AXIS2_PLACEMENT_3D('',#12538,#10481,#10482);
#9889=AXIS2_PLACEMENT_3D('',#12542,#10484,#10485);
#9890=AXIS2_PLACEMENT_3D('',#12547,#10489,#10490);
#9891=AXIS2_PLACEMENT_3D('',#12551,#10493,#10494);
#9892=AXIS2_PLACEMENT_3D('',#12557,#10498,#10499);
#9893=AXIS2_PLACEMENT_3D('',#12559,#10500,#10501);
#9894=AXIS2_PLACEMENT_3D('',#12562,#10503,#10504);
#9895=AXIS2_PLACEMENT_3D('',#12563,#10505,#10506);
#9896=AXIS2_PLACEMENT_3D('',#12574,#10513,#10514);
#9897=AXIS2_PLACEMENT_3D('',#12578,#10517,#10518);
#9898=AXIS2_PLACEMENT_3D('',#12582,#10521,#10522);
#9899=AXIS2_PLACEMENT_3D('',#12586,#10525,#10526);
#9900=AXIS2_PLACEMENT_3D('',#12591,#10530,#10531);
#9901=AXIS2_PLACEMENT_3D('',#12592,#10532,#10533);
#9902=AXIS2_PLACEMENT_3D('',#12606,#10541,#10542);
#9903=AXIS2_PLACEMENT_3D('',#12609,#10544,#10545);
#9904=AXIS2_PLACEMENT_3D('',#12610,#10546,#10547);
#9905=AXIS2_PLACEMENT_3D('',#12612,#10549,#10550);
#9906=AXIS2_PLACEMENT_3D('',#12616,#10553,#10554);
#9907=AXIS2_PLACEMENT_3D('',#12617,#10555,#10556);
#9908=AXIS2_PLACEMENT_3D('',#12618,#10557,#10558);
#9909=AXIS2_PLACEMENT_3D('',#12619,#10559,#10560);
#9910=AXIS2_PLACEMENT_3D('',#12620,#10561,#10562);
#9911=AXIS2_PLACEMENT_3D('',#12621,#10563,#10564);
#9912=AXIS2_PLACEMENT_3D('',#12622,#10565,#10566);
#9913=AXIS2_PLACEMENT_3D('',#12624,#10568,#10569);
#9914=AXIS2_PLACEMENT_3D('',#12626,#10571,#10572);
#9915=AXIS2_PLACEMENT_3D('',#12632,#10576,#10577);
#9916=AXIS2_PLACEMENT_3D('',#12635,#10579,#10580);
#9917=AXIS2_PLACEMENT_3D('',#12636,#10581,#10582);
#9918=AXIS2_PLACEMENT_3D('',#12639,#10584,#10585);
#9919=AXIS2_PLACEMENT_3D('',#12640,#10586,#10587);
#9920=AXIS2_PLACEMENT_3D('',#12644,#10590,#10591);
#9921=AXIS2_PLACEMENT_3D('',#12646,#10593,#10594);
#9922=AXIS2_PLACEMENT_3D('',#12652,#10598,#10599);
#9923=AXIS2_PLACEMENT_3D('',#12656,#10602,#10603);
#9924=AXIS2_PLACEMENT_3D('',#12658,#10605,#10606);
#9925=AXIS2_PLACEMENT_3D('',#12662,#10609,#10610);
#9926=AXIS2_PLACEMENT_3D('',#12664,#10611,#10612);
#9927=AXIS2_PLACEMENT_3D('',#12666,#10614,#10615);
#9928=AXIS2_PLACEMENT_3D('',#12670,#10618,#10619);
#9929=AXIS2_PLACEMENT_3D('',#12672,#10620,#10621);
#9930=AXIS2_PLACEMENT_3D('',#12674,#10623,#10624);
#9931=AXIS2_PLACEMENT_3D('',#12683,#10630,#10631);
#9932=AXIS2_PLACEMENT_3D('',#12685,#10633,#10634);
#9933=AXIS2_PLACEMENT_3D('',#12686,#10635,#10636);
#9934=AXIS2_PLACEMENT_3D('',#12689,#10639,#10640);
#9935=AXIS2_PLACEMENT_3D('',#12690,#10641,#10642);
#9936=AXIS2_PLACEMENT_3D('',#12691,#10643,#10644);
#9937=AXIS2_PLACEMENT_3D('',#12692,#10645,#10646);
#9938=AXIS2_PLACEMENT_3D('',#12693,#10647,#10648);
#9939=AXIS2_PLACEMENT_3D('',#12694,#10649,#10650);
#9940=AXIS2_PLACEMENT_3D('',#12695,#10651,#10652);
#9941=AXIS2_PLACEMENT_3D('',#12696,#10653,#10654);
#9942=AXIS2_PLACEMENT_3D('',#12705,#10659,#10660);
#9943=AXIS2_PLACEMENT_3D('',#12710,#10662,#10663);
#9944=AXIS2_PLACEMENT_3D('',#12718,#10667,#10668);
#9945=AXIS2_PLACEMENT_3D('',#12721,#10670,#10671);
#9946=AXIS2_PLACEMENT_3D('',#12722,#10672,#10673);
#9947=AXIS2_PLACEMENT_3D('',#12723,#10674,#10675);
#9948=AXIS2_PLACEMENT_3D('',#12725,#10676,#10677);
#9949=AXIS2_PLACEMENT_3D('',#12727,#10679,#10680);
#9950=AXIS2_PLACEMENT_3D('',#12730,#10682,#10683);
#9951=AXIS2_PLACEMENT_3D('',#12731,#10684,#10685);
#9952=AXIS2_PLACEMENT_3D('',#12737,#10688,#10689);
#9953=AXIS2_PLACEMENT_3D('',#12744,#10693,#10694);
#9954=AXIS2_PLACEMENT_3D('',#12745,#10695,#10696);
#9955=AXIS2_PLACEMENT_3D('',#12747,#10698,#10699);
#9956=AXIS2_PLACEMENT_3D('',#12749,#10701,#10702);
#9957=AXIS2_PLACEMENT_3D('',#12759,#10708,#10709);
#9958=AXIS2_PLACEMENT_3D('',#12761,#10711,#10712);
#9959=AXIS2_PLACEMENT_3D('',#12763,#10714,#10715);
#9960=AXIS2_PLACEMENT_3D('',#12773,#10721,#10722);
#9961=AXIS2_PLACEMENT_3D('',#12775,#10724,#10725);
#9962=AXIS2_PLACEMENT_3D('',#12780,#10727,#10728);
#9963=AXIS2_PLACEMENT_3D('',#12784,#10730,#10731);
#9964=AXIS2_PLACEMENT_3D('',#12787,#10733,#10734);
#9965=AXIS2_PLACEMENT_3D('',#12788,#10735,#10736);
#9966=AXIS2_PLACEMENT_3D('',#12789,#10737,#10738);
#9967=AXIS2_PLACEMENT_3D('',#12795,#10742,#10743);
#9968=AXIS2_PLACEMENT_3D('',#12799,#10746,#10747);
#9969=AXIS2_PLACEMENT_3D('',#12803,#10749,#10750);
#9970=AXIS2_PLACEMENT_3D('',#12805,#10751,#10752);
#9971=AXIS2_PLACEMENT_3D('',#12809,#10754,#10755);
#9972=AXIS2_PLACEMENT_3D('',#12812,#10757,#10758);
#9973=AXIS2_PLACEMENT_3D('',#12813,#10759,#10760);
#9974=AXIS2_PLACEMENT_3D('',#12817,#10763,#10764);
#9975=AXIS2_PLACEMENT_3D('',#12819,#10766,#10767);
#9976=AXIS2_PLACEMENT_3D('',#12821,#10769,#10770);
#9977=AXIS2_PLACEMENT_3D('',#12823,#10772,#10773);
#9978=AXIS2_PLACEMENT_3D('',#12825,#10775,#10776);
#9979=AXIS2_PLACEMENT_3D('',#12827,#10778,#10779);
#9980=AXIS2_PLACEMENT_3D('',#12829,#10781,#10782);
#9981=AXIS2_PLACEMENT_3D('',#12831,#10784,#10785);
#9982=AXIS2_PLACEMENT_3D('',#12833,#10787,#10788);
#9983=AXIS2_PLACEMENT_3D('',#12834,#10789,#10790);
#9984=AXIS2_PLACEMENT_3D('',#12835,#10791,#10792);
#9985=AXIS2_PLACEMENT_3D('',#12836,#10793,#10794);
#9986=AXIS2_PLACEMENT_3D('',#12838,#10795,#10796);
#9987=AXIS2_PLACEMENT_3D('',#12841,#10798,#10799);
#9988=AXIS2_PLACEMENT_3D('',#12842,#10800,#10801);
#9989=AXIS2_PLACEMENT_3D('',#12843,#10802,#10803);
#9990=AXIS2_PLACEMENT_3D('',#12852,#10808,#10809);
#9991=AXIS2_PLACEMENT_3D('',#12854,#10810,#10811);
#9992=AXIS2_PLACEMENT_3D('',#12856,#10812,#10813);
#9993=AXIS2_PLACEMENT_3D('',#12858,#10815,#10816);
#9994=AXIS2_PLACEMENT_3D('',#12864,#10820,#10821);
#9995=AXIS2_PLACEMENT_3D('',#12866,#10822,#10823);
#9996=AXIS2_PLACEMENT_3D('',#12868,#10824,#10825);
#9997=AXIS2_PLACEMENT_3D('',#12870,#10827,#10828);
#9998=AXIS2_PLACEMENT_3D('',#12876,#10832,#10833);
#9999=AXIS2_PLACEMENT_3D('',#12878,#10834,#10835);
#10000=AXIS2_PLACEMENT_3D('',#12880,#10836,#10837);
#10001=AXIS2_PLACEMENT_3D('',#12882,#10839,#10840);
#10002=AXIS2_PLACEMENT_3D('',#12888,#10844,#10845);
#10003=AXIS2_PLACEMENT_3D('',#12889,#10846,#10847);
#10004=AXIS2_PLACEMENT_3D('',#12890,#10848,#10849);
#10005=AXIS2_PLACEMENT_3D('',#12891,#10850,#10851);
#10006=AXIS2_PLACEMENT_3D('',#12892,#10852,#10853);
#10007=AXIS2_PLACEMENT_3D('',#13010,#10912,#10913);
#10008=AXIS2_PLACEMENT_3D('',#13012,#10914,#10915);
#10009=AXIS2_PLACEMENT_3D('',#13014,#10916,#10917);
#10010=AXIS2_PLACEMENT_3D('',#13016,#10918,#10919);
#10011=AXIS2_PLACEMENT_3D('',#13017,#10920,#10921);
#10012=AXIS2_PLACEMENT_3D('',#13023,#10925,#10926);
#10013=AXIS2_PLACEMENT_3D('',#13027,#10929,#10930);
#10014=AXIS2_PLACEMENT_3D('',#13031,#10933,#10934);
#10015=AXIS2_PLACEMENT_3D('',#13142,#10990,#10991);
#10016=AXIS2_PLACEMENT_3D('',#13144,#10992,#10993);
#10017=AXIS2_PLACEMENT_3D('',#13146,#10994,#10995);
#10018=AXIS2_PLACEMENT_3D('',#13148,#10996,#10997);
#10019=AXIS2_PLACEMENT_3D('',#13149,#10998,#10999);
#10020=AXIS2_PLACEMENT_3D('',#13151,#11001,#11002);
#10021=AXIS2_PLACEMENT_3D('',#13153,#11004,#11005);
#10022=AXIS2_PLACEMENT_3D('',#13155,#11007,#11008);
#10023=AXIS2_PLACEMENT_3D('',#13157,#11010,#11011);
#10024=AXIS2_PLACEMENT_3D('',#13159,#11013,#11014);
#10025=AXIS2_PLACEMENT_3D('',#13161,#11016,#11017);
#10026=AXIS2_PLACEMENT_3D('',#13163,#11019,#11020);
#10027=AXIS2_PLACEMENT_3D('',#13165,#11022,#11023);
#10028=AXIS2_PLACEMENT_3D('',#13167,#11025,#11026);
#10029=AXIS2_PLACEMENT_3D('',#13169,#11028,#11029);
#10030=AXIS2_PLACEMENT_3D('',#13171,#11031,#11032);
#10031=AXIS2_PLACEMENT_3D('',#13173,#11034,#11035);
#10032=AXIS2_PLACEMENT_3D('',#13175,#11037,#11038);
#10033=AXIS2_PLACEMENT_3D('',#13177,#11040,#11041);
#10034=AXIS2_PLACEMENT_3D('',#13179,#11043,#11044);
#10035=AXIS2_PLACEMENT_3D('',#13181,#11046,#11047);
#10036=AXIS2_PLACEMENT_3D('',#13183,#11049,#11050);
#10037=AXIS2_PLACEMENT_3D('',#13185,#11052,#11053);
#10038=AXIS2_PLACEMENT_3D('',#13187,#11055,#11056);
#10039=AXIS2_PLACEMENT_3D('',#13189,#11058,#11059);
#10040=AXIS2_PLACEMENT_3D('',#13191,#11061,#11062);
#10041=AXIS2_PLACEMENT_3D('',#13193,#11064,#11065);
#10042=AXIS2_PLACEMENT_3D('',#13195,#11067,#11068);
#10043=AXIS2_PLACEMENT_3D('',#13197,#11070,#11071);
#10044=AXIS2_PLACEMENT_3D('',#13199,#11073,#11074);
#10045=AXIS2_PLACEMENT_3D('',#13201,#11076,#11077);
#10046=AXIS2_PLACEMENT_3D('',#13203,#11079,#11080);
#10047=AXIS2_PLACEMENT_3D('',#13205,#11082,#11083);
#10048=AXIS2_PLACEMENT_3D('',#13207,#11085,#11086);
#10049=AXIS2_PLACEMENT_3D('',#13209,#11088,#11089);
#10050=AXIS2_PLACEMENT_3D('',#13211,#11091,#11092);
#10051=AXIS2_PLACEMENT_3D('',#13213,#11094,#11095);
#10052=AXIS2_PLACEMENT_3D('',#13215,#11097,#11098);
#10053=AXIS2_PLACEMENT_3D('',#13217,#11100,#11101);
#10054=AXIS2_PLACEMENT_3D('',#13219,#11103,#11104);
#10055=AXIS2_PLACEMENT_3D('',#13221,#11106,#11107);
#10056=AXIS2_PLACEMENT_3D('',#13223,#11109,#11110);
#10057=AXIS2_PLACEMENT_3D('',#13225,#11112,#11113);
#10058=AXIS2_PLACEMENT_3D('',#13227,#11115,#11116);
#10059=AXIS2_PLACEMENT_3D('',#13229,#11118,#11119);
#10060=AXIS2_PLACEMENT_3D('',#13231,#11121,#11122);
#10061=AXIS2_PLACEMENT_3D('',#13233,#11124,#11125);
#10062=AXIS2_PLACEMENT_3D('',#13235,#11127,#11128);
#10063=AXIS2_PLACEMENT_3D('',#13237,#11130,#11131);
#10064=AXIS2_PLACEMENT_3D('',#13239,#11133,#11134);
#10065=AXIS2_PLACEMENT_3D('',#13241,#11136,#11137);
#10066=AXIS2_PLACEMENT_3D('',#13243,#11139,#11140);
#10067=AXIS2_PLACEMENT_3D('',#13245,#11142,#11143);
#10068=AXIS2_PLACEMENT_3D('',#13247,#11145,#11146);
#10069=AXIS2_PLACEMENT_3D('',#13249,#11148,#11149);
#10070=AXIS2_PLACEMENT_3D('',#13251,#11151,#11152);
#10071=AXIS2_PLACEMENT_3D('',#13253,#11154,#11155);
#10072=AXIS2_PLACEMENT_3D('',#13255,#11157,#11158);
#10073=AXIS2_PLACEMENT_3D('',#13257,#11160,#11161);
#10074=AXIS2_PLACEMENT_3D('',#13258,#11162,#11163);
#10075=AXIS2_PLACEMENT_3D('',#13260,#11165,#11166);
#10076=AXIS2_PLACEMENT_3D('',#13262,#11168,#11169);
#10077=AXIS2_PLACEMENT_3D('',#13264,#11171,#11172);
#10078=AXIS2_PLACEMENT_3D('',#13266,#11174,#11175);
#10079=AXIS2_PLACEMENT_3D('',#13267,#11176,#11177);
#10080=AXIS2_PLACEMENT_3D('',#13268,#11178,#11179);
#10081=AXIS2_PLACEMENT_3D('',#13269,#11180,#11181);
#10082=AXIS2_PLACEMENT_3D('',#13270,#11182,#11183);
#10083=AXIS2_PLACEMENT_3D('',#13273,#11184,#11185);
#10084=AXIS2_PLACEMENT_3D('',#13277,#11187,#11188);
#10085=AXIS2_PLACEMENT_3D('',#13279,#11190,#11191);
#10086=AXIS2_PLACEMENT_3D('',#13282,#11192,#11193);
#10087=AXIS2_PLACEMENT_3D('',#13283,#11194,#11195);
#10088=AXIS2_PLACEMENT_3D('',#13284,#11196,#11197);
#10089=AXIS2_PLACEMENT_3D('',#13285,#11198,#11199);
#10090=AXIS2_PLACEMENT_3D('',#13288,#11200,#11201);
#10091=AXIS2_PLACEMENT_3D('',#13291,#11204,#11205);
#10092=AXIS2_PLACEMENT_3D('',#13294,#11206,#11207);
#10093=AXIS2_PLACEMENT_3D('',#13295,#11208,#11209);
#10094=AXIS2_PLACEMENT_3D('',#13296,#11210,#11211);
#10095=AXIS2_PLACEMENT_3D('',#13297,#11212,#11213);
#10096=AXIS2_PLACEMENT_3D('',#13300,#11214,#11215);
#10097=AXIS2_PLACEMENT_3D('',#13303,#11218,#11219);
#10098=AXIS2_PLACEMENT_3D('',#13306,#11220,#11221);
#10099=AXIS2_PLACEMENT_3D('',#13307,#11222,#11223);
#10100=AXIS2_PLACEMENT_3D('',#13308,#11224,#11225);
#10101=AXIS2_PLACEMENT_3D('',#13309,#11226,#11227);
#10102=AXIS2_PLACEMENT_3D('',#13312,#11228,#11229);
#10103=AXIS2_PLACEMENT_3D('',#13315,#11232,#11233);
#10104=AXIS2_PLACEMENT_3D('',#13316,#11234,#11235);
#10105=AXIS2_PLACEMENT_3D('',#13317,#11236,#11237);
#10106=AXIS2_PLACEMENT_3D('',#13318,#11238,#11239);
#10107=AXIS2_PLACEMENT_3D('',#13322,#11241,#11242);
#10108=AXIS2_PLACEMENT_3D('',#13324,#11244,#11245);
#10109=AXIS2_PLACEMENT_3D('',#13328,#11248,#11249);
#10110=AXIS2_PLACEMENT_3D('',#13331,#11251,#11252);
#10111=AXIS2_PLACEMENT_3D('',#13332,#11253,#11254);
#10112=AXIS2_PLACEMENT_3D('',#13336,#11257,#11258);
#10113=AXIS2_PLACEMENT_3D('',#13338,#11259,#11260);
#10114=AXIS2_PLACEMENT_3D('',#13340,#11261,#11262);
#10115=AXIS2_PLACEMENT_3D('',#13341,#11263,#11264);
#10116=AXIS2_PLACEMENT_3D('',#13343,#11265,#11266);
#10117=AXIS2_PLACEMENT_3D('',#13344,#11267,#11268);
#10118=AXIS2_PLACEMENT_3D('',#13346,#11269,#11270);
#10119=AXIS2_PLACEMENT_3D('',#13347,#11271,#11272);
#10120=AXIS2_PLACEMENT_3D('',#13491,#11344,#11345);
#10121=AXIS2_PLACEMENT_3D('',#13493,#11346,#11347);
#10122=AXIS2_PLACEMENT_3D('',#13495,#11348,#11349);
#10123=AXIS2_PLACEMENT_3D('',#13497,#11350,#11351);
#10124=AXIS2_PLACEMENT_3D('',#13498,#11352,#11353);
#10125=AXIS2_PLACEMENT_3D('',#13500,#11354,#11355);
#10126=AXIS2_PLACEMENT_3D('',#13501,#11356,#11357);
#10127=AXIS2_PLACEMENT_3D('',#13503,#11358,#11359);
#10128=AXIS2_PLACEMENT_3D('',#13504,#11360,#11361);
#10129=AXIS2_PLACEMENT_3D('',#13506,#11362,#11363);
#10130=AXIS2_PLACEMENT_3D('',#13507,#11364,#11365);
#10131=AXIS2_PLACEMENT_3D('',#13509,#11366,#11367);
#10132=AXIS2_PLACEMENT_3D('',#13510,#11368,#11369);
#10133=AXIS2_PLACEMENT_3D('',#13512,#11371,#11372);
#10134=AXIS2_PLACEMENT_3D('',#13514,#11374,#11375);
#10135=AXIS2_PLACEMENT_3D('',#13516,#11377,#11378);
#10136=AXIS2_PLACEMENT_3D('',#13518,#11380,#11381);
#10137=AXIS2_PLACEMENT_3D('',#13524,#11385,#11386);
#10138=AXIS2_PLACEMENT_3D('',#13528,#11389,#11390);
#10139=AXIS2_PLACEMENT_3D('',#13532,#11393,#11394);
#10140=AXIS2_PLACEMENT_3D('',#13536,#11397,#11398);
#10141=AXIS2_PLACEMENT_3D('',#13540,#11401,#11402);
#10142=AXIS2_PLACEMENT_3D('',#13544,#11405,#11406);
#10143=AXIS2_PLACEMENT_3D('',#13548,#11409,#11410);
#10144=AXIS2_PLACEMENT_3D('',#13552,#11413,#11414);
#10145=AXIS2_PLACEMENT_3D('',#13556,#11417,#11418);
#10146=AXIS2_PLACEMENT_3D('',#13560,#11421,#11422);
#10147=AXIS2_PLACEMENT_3D('',#13564,#11425,#11426);
#10148=AXIS2_PLACEMENT_3D('',#13568,#11429,#11430);
#10149=AXIS2_PLACEMENT_3D('',#13572,#11433,#11434);
#10150=AXIS2_PLACEMENT_3D('',#13576,#11437,#11438);
#10151=AXIS2_PLACEMENT_3D('',#13580,#11441,#11442);
#10152=AXIS2_PLACEMENT_3D('',#13584,#11445,#11446);
#10153=AXIS2_PLACEMENT_3D('',#13588,#11449,#11450);
#10154=AXIS2_PLACEMENT_3D('',#13592,#11453,#11454);
#10155=AXIS2_PLACEMENT_3D('',#13596,#11457,#11458);
#10156=AXIS2_PLACEMENT_3D('',#13600,#11461,#11462);
#10157=AXIS2_PLACEMENT_3D('',#13604,#11465,#11466);
#10158=AXIS2_PLACEMENT_3D('',#13608,#11469,#11470);
#10159=AXIS2_PLACEMENT_3D('',#13612,#11473,#11474);
#10160=AXIS2_PLACEMENT_3D('',#13616,#11477,#11478);
#10161=AXIS2_PLACEMENT_3D('',#13620,#11481,#11482);
#10162=AXIS2_PLACEMENT_3D('',#13624,#11485,#11486);
#10163=AXIS2_PLACEMENT_3D('',#13628,#11489,#11490);
#10164=AXIS2_PLACEMENT_3D('',#13632,#11493,#11494);
#10165=AXIS2_PLACEMENT_3D('',#13636,#11497,#11498);
#10166=AXIS2_PLACEMENT_3D('',#13640,#11501,#11502);
#10167=AXIS2_PLACEMENT_3D('',#13644,#11505,#11506);
#10168=AXIS2_PLACEMENT_3D('',#13648,#11509,#11510);
#10169=AXIS2_PLACEMENT_3D('',#13652,#11513,#11514);
#10170=AXIS2_PLACEMENT_3D('',#13656,#11517,#11518);
#10171=AXIS2_PLACEMENT_3D('',#13660,#11521,#11522);
#10172=AXIS2_PLACEMENT_3D('',#13664,#11525,#11526);
#10173=AXIS2_PLACEMENT_3D('',#13668,#11529,#11530);
#10174=AXIS2_PLACEMENT_3D('',#13672,#11533,#11534);
#10175=AXIS2_PLACEMENT_3D('',#13676,#11537,#11538);
#10176=AXIS2_PLACEMENT_3D('',#13680,#11541,#11542);
#10177=AXIS2_PLACEMENT_3D('',#13684,#11545,#11546);
#10178=AXIS2_PLACEMENT_3D('',#13686,#11548,#11549);
#10179=AXIS2_PLACEMENT_3D('',#13687,#11550,#11551);
#10180=AXIS2_PLACEMENT_3D('',#13693,#11555,#11556);
#10181=AXIS2_PLACEMENT_3D('',#13696,#11558,#11559);
#10182=AXIS2_PLACEMENT_3D('',#13697,#11560,#11561);
#10183=AXIS2_PLACEMENT_3D('',#13699,#11563,#11564);
#10184=AXIS2_PLACEMENT_3D('',#13705,#11568,#11569);
#10185=AXIS2_PLACEMENT_3D('',#13709,#11572,#11573);
#10186=AXIS2_PLACEMENT_3D('',#13713,#11576,#11577);
#10187=AXIS2_PLACEMENT_3D('',#13717,#11580,#11581);
#10188=AXIS2_PLACEMENT_3D('',#13721,#11584,#11585);
#10189=AXIS2_PLACEMENT_3D('',#13725,#11588,#11589);
#10190=AXIS2_PLACEMENT_3D('',#13729,#11592,#11593);
#10191=AXIS2_PLACEMENT_3D('',#13733,#11596,#11597);
#10192=AXIS2_PLACEMENT_3D('',#13737,#11600,#11601);
#10193=AXIS2_PLACEMENT_3D('',#13741,#11604,#11605);
#10194=AXIS2_PLACEMENT_3D('',#13745,#11608,#11609);
#10195=AXIS2_PLACEMENT_3D('',#13749,#11612,#11613);
#10196=AXIS2_PLACEMENT_3D('',#13753,#11616,#11617);
#10197=AXIS2_PLACEMENT_3D('',#13757,#11620,#11621);
#10198=AXIS2_PLACEMENT_3D('',#13759,#11622,#11623);
#10199=AXIS2_PLACEMENT_3D('',#13761,#11625,#11626);
#10200=AXIS2_PLACEMENT_3D('',#13765,#11629,#11630);
#10201=AXIS2_PLACEMENT_3D('',#13769,#11633,#11634);
#10202=AXIS2_PLACEMENT_3D('',#13773,#11637,#11638);
#10203=AXIS2_PLACEMENT_3D('',#13777,#11641,#11642);
#10204=AXIS2_PLACEMENT_3D('',#13781,#11645,#11646);
#10205=AXIS2_PLACEMENT_3D('',#13785,#11649,#11650);
#10206=AXIS2_PLACEMENT_3D('',#13789,#11653,#11654);
#10207=AXIS2_PLACEMENT_3D('',#13793,#11657,#11658);
#10208=AXIS2_PLACEMENT_3D('',#13797,#11661,#11662);
#10209=AXIS2_PLACEMENT_3D('',#13801,#11665,#11666);
#10210=AXIS2_PLACEMENT_3D('',#13805,#11669,#11670);
#10211=AXIS2_PLACEMENT_3D('',#13809,#11673,#11674);
#10212=AXIS2_PLACEMENT_3D('',#13813,#11677,#11678);
#10213=AXIS2_PLACEMENT_3D('',#13817,#11681,#11682);
#10214=AXIS2_PLACEMENT_3D('',#13819,#11684,#11685);
#10215=AXIS2_PLACEMENT_3D('',#13821,#11686,#11687);
#10216=AXIS2_PLACEMENT_3D('',#13823,#11689,#11690);
#10217=AXIS2_PLACEMENT_3D('',#13825,#11691,#11692);
#10218=AXIS2_PLACEMENT_3D('',#13827,#11694,#11695);
#10219=AXIS2_PLACEMENT_3D('',#13829,#11696,#11697);
#10220=AXIS2_PLACEMENT_3D('',#13831,#11699,#11700);
#10221=AXIS2_PLACEMENT_3D('',#13832,#11701,#11702);
#10222=AXIS2_PLACEMENT_3D('',#13833,#11703,#11704);
#10223=AXIS2_PLACEMENT_3D('',#13834,#11705,#11706);
#10224=AXIS2_PLACEMENT_3D('',#13884,#11710,#11711);
#10225=AXIS2_PLACEMENT_3D('',#13890,#11715,#11716);
#10226=AXIS2_PLACEMENT_3D('',#13896,#11720,#11721);
#10227=AXIS2_PLACEMENT_3D('',#14086,#11733,#11734);
#10228=AXIS2_PLACEMENT_3D('',#14092,#11738,#11739);
#10229=AXIS2_PLACEMENT_3D('',#14098,#11743,#11744);
#10230=AXIS2_PLACEMENT_3D('',#14242,#11754,#11755);
#10231=AXIS2_PLACEMENT_3D('',#14248,#11759,#11760);
#10232=AXIS2_PLACEMENT_3D('',#14281,#11764,#11765);
#10233=AXIS2_PLACEMENT_3D('',#14284,#11768,#11769);
#10234=AXIS2_PLACEMENT_3D('',#14285,#11770,#11771);
#10235=AXIS2_PLACEMENT_3D('',#14294,#11776,#11777);
#10236=AXIS2_PLACEMENT_3D('',#14300,#11781,#11782);
#10237=AXIS2_PLACEMENT_3D('',#14306,#11786,#11787);
#10238=AXIS2_PLACEMENT_3D('',#14312,#11791,#11792);
#10239=AXIS2_PLACEMENT_3D('',#14318,#11796,#11797);
#10240=AXIS2_PLACEMENT_3D('',#14324,#11801,#11802);
#10241=AXIS2_PLACEMENT_3D('',#14330,#11806,#11807);
#10242=AXIS2_PLACEMENT_3D('',#14336,#11811,#11812);
#10243=AXIS2_PLACEMENT_3D('',#14342,#11816,#11817);
#10244=AXIS2_PLACEMENT_3D('',#14348,#11821,#11822);
#10245=AXIS2_PLACEMENT_3D('',#14354,#11826,#11827);
#10246=AXIS2_PLACEMENT_3D('',#14357,#11830,#11831);
#10247=AXIS2_PLACEMENT_3D('',#14407,#11835,#11836);
#10248=AXIS2_PLACEMENT_3D('',#14413,#11840,#11841);
#10249=AXIS2_PLACEMENT_3D('',#14419,#11845,#11846);
#10250=AXIS2_PLACEMENT_3D('',#14609,#11858,#11859);
#10251=AXIS2_PLACEMENT_3D('',#14615,#11863,#11864);
#10252=AXIS2_PLACEMENT_3D('',#14621,#11868,#11869);
#10253=AXIS2_PLACEMENT_3D('',#14765,#11879,#11880);
#10254=AXIS2_PLACEMENT_3D('',#14771,#11884,#11885);
#10255=AXIS2_PLACEMENT_3D('',#14804,#11889,#11890);
#10256=AXIS2_PLACEMENT_3D('',#14807,#11893,#11894);
#10257=AXIS2_PLACEMENT_3D('',#14808,#11895,#11896);
#10258=AXIS2_PLACEMENT_3D('',#15093,#11913,#11914);
#10259=AXIS2_PLACEMENT_3D('',#15329,#11928,#11929);
#10260=AXIS2_PLACEMENT_3D('',#15381,#11935,#11936);
#10261=AXIS2_PLACEMENT_3D('',#15433,#11942,#11943);
#10262=AXIS2_PLACEMENT_3D('',#15554,#11952,#11953);
#10263=AXIS2_PLACEMENT_3D('',#15606,#11959,#11960);
#10264=AXIS2_PLACEMENT_3D('',#15612,#11964,#11965);
#10265=AXIS2_PLACEMENT_3D('',#15615,#11968,#11969);
#10266=AXIS2_PLACEMENT_3D('',#15616,#11970,#11971);
#10267=AXIS2_PLACEMENT_3D('',#15809,#11984,#11985);
#10268=AXIS2_PLACEMENT_3D('',#15815,#11989,#11990);
#10269=AXIS2_PLACEMENT_3D('',#15818,#11993,#11994);
#10270=AXIS2_PLACEMENT_3D('',#16011,#12007,#12008);
#10271=AXIS2_PLACEMENT_3D('',#16017,#12012,#12013);
#10272=AXIS2_PLACEMENT_3D('',#16020,#12016,#12017);
#10273=AXIS2_PLACEMENT_3D('',#16757,#12050,#12051);
#10274=AXIS2_PLACEMENT_3D('',#16758,#12052,#12053);
#10275=AXIS2_PLACEMENT_3D('',#16767,#12058,#12059);
#10276=AXIS2_PLACEMENT_3D('',#16773,#12063,#12064);
#10277=AXIS2_PLACEMENT_3D('',#16779,#12068,#12069);
#10278=AXIS2_PLACEMENT_3D('',#16782,#12072,#12073);
#10279=AXIS2_PLACEMENT_3D('',#16967,#12082,#12083);
#10280=AXIS2_PLACEMENT_3D('',#17017,#12087,#12088);
#10281=AXIS2_PLACEMENT_3D('',#17023,#12092,#12093);
#10282=AXIS2_PLACEMENT_3D('',#17029,#12097,#12098);
#10283=AXIS2_PLACEMENT_3D('',#17173,#12108,#12109);
#10284=AXIS2_PLACEMENT_3D('',#17179,#12113,#12114);
#10285=AXIS2_PLACEMENT_3D('',#17185,#12118,#12119);
#10286=AXIS2_PLACEMENT_3D('',#17329,#12129,#12130);
#10287=AXIS2_PLACEMENT_3D('',#17381,#12136,#12137);
#10288=AXIS2_PLACEMENT_3D('',#17384,#12140,#12141);
#10289=AXIS2_PLACEMENT_3D('',#17385,#12142,#12143);
#10290=AXIS2_PLACEMENT_3D('',#17394,#12148,#12149);
#10291=AXIS2_PLACEMENT_3D('',#17400,#12153,#12154);
#10292=AXIS2_PLACEMENT_3D('',#17406,#12158,#12159);
#10293=AXIS2_PLACEMENT_3D('',#17412,#12163,#12164);
#10294=AXIS2_PLACEMENT_3D('',#17418,#12168,#12169);
#10295=AXIS2_PLACEMENT_3D('',#17424,#12173,#12174);
#10296=AXIS2_PLACEMENT_3D('',#17430,#12178,#12179);
#10297=AXIS2_PLACEMENT_3D('',#17436,#12183,#12184);
#10298=AXIS2_PLACEMENT_3D('',#17439,#12187,#12188);
#10299=AXIS2_PLACEMENT_3D('',#17440,#12189,#12190);
#10300=AXIS2_PLACEMENT_3D('',#17445,#12192,#12193);
#10301=AXIS2_PLACEMENT_3D('',#17449,#12195,#12196);
#10302=AXIS2_PLACEMENT_3D('',#17453,#12198,#12199);
#10303=AXIS2_PLACEMENT_3D('',#17456,#12201,#12202);
#10304=AXIS2_PLACEMENT_3D('',#17458,#12203,#12204);
#10305=AXIS2_PLACEMENT_3D('',#17460,#12205,#12206);
#10306=AXIS2_PLACEMENT_3D('',#17462,#12207,#12208);
#10307=AXIS2_PLACEMENT_3D('',#17464,#12209,#12210);
#10308=AXIS2_PLACEMENT_3D('',#17471,#12213,#12214);
#10309=AXIS2_PLACEMENT_3D('',#17479,#12218,#12219);
#10310=AXIS2_PLACEMENT_3D('',#17483,#12221,#12222);
#10311=AXIS2_PLACEMENT_3D('',#17485,#12223,#12224);
#10312=AXIS2_PLACEMENT_3D('',#17489,#12226,#12227);
#10313=AXIS2_PLACEMENT_3D('',#17491,#12228,#12229);
#10314=AXIS2_PLACEMENT_3D('',#17493,#12231,#12232);
#10315=AXIS2_PLACEMENT_3D('',#17494,#12233,#12234);
#10316=AXIS2_PLACEMENT_3D('',#17495,#12235,#12236);
#10317=AXIS2_PLACEMENT_3D('',#17498,#12237,#12238);
#10318=AXIS2_PLACEMENT_3D('',#17501,#12241,#12242);
#10319=AXIS2_PLACEMENT_3D('',#17505,#12245,#12246);
#10320=AXIS2_PLACEMENT_3D('',#17507,#12247,#12248);
#10321=AXIS2_PLACEMENT_3D('',#17509,#12250,#12251);
#10322=AXIS2_PLACEMENT_3D('',#17511,#12252,#12253);
#10323=AXIS2_PLACEMENT_3D('',#17513,#12255,#12256);
#10324=AXIS2_PLACEMENT_3D('',#17517,#12259,#12260);
#10325=AXIS2_PLACEMENT_3D('',#17518,#12261,#12262);
#10326=AXIS2_PLACEMENT_3D('',#17519,#12263,#12264);
#10327=AXIS2_PLACEMENT_3D('',#17525,#12268,#12269);
#10328=AXIS2_PLACEMENT_3D('',#17529,#12272,#12273);
#10329=AXIS2_PLACEMENT_3D('',#17531,#12274,#12275);
#10330=AXIS2_PLACEMENT_3D('',#17533,#12277,#12278);
#10331=AXIS2_PLACEMENT_3D('',#17537,#12281,#12282);
#10332=AXIS2_PLACEMENT_3D('',#17541,#12285,#12286);
#10333=AXIS2_PLACEMENT_3D('',#17545,#12289,#12290);
#10334=AXIS2_PLACEMENT_3D('',#17547,#12291,#12292);
#10335=AXIS2_PLACEMENT_3D('',#17549,#12294,#12295);
#10336=AXIS2_PLACEMENT_3D('',#17551,#12297,#12298);
#10337=AXIS2_PLACEMENT_3D('',#17553,#12299,#12300);
#10338=AXIS2_PLACEMENT_3D('',#17556,#12302,#12303);
#10339=AXIS2_PLACEMENT_3D('',#17557,#12304,#12305);
#10340=AXIS2_PLACEMENT_3D('',#17559,#12306,#12307);
#10341=AXIS2_PLACEMENT_3D('',#17560,#12308,#12309);
#10342=AXIS2_PLACEMENT_3D('',#17561,#12310,#12311);
#10343=AXIS2_PLACEMENT_3D('',#17564,#12313,#12314);
#10344=AXIS2_PLACEMENT_3D('',#17565,#12315,#12316);
#10345=AXIS2_PLACEMENT_3D('',#17567,#12317,#12318);
#10346=AXIS2_PLACEMENT_3D('',#17568,#12319,#12320);
#10347=AXIS2_PLACEMENT_3D('',#17569,#12321,#12322);
#10348=AXIS2_PLACEMENT_3D('',#17572,#12324,#12325);
#10349=AXIS2_PLACEMENT_3D('',#17573,#12326,#12327);
#10350=AXIS2_PLACEMENT_3D('',#17575,#12328,#12329);
#10351=AXIS2_PLACEMENT_3D('',#17576,#12330,#12331);
#10352=AXIS2_PLACEMENT_3D('',#17577,#12332,#12333);
#10353=AXIS2_PLACEMENT_3D('',#17580,#12335,#12336);
#10354=AXIS2_PLACEMENT_3D('',#17581,#12337,#12338);
#10355=AXIS2_PLACEMENT_3D('',#17582,#12339,#12340);
#10356=AXIS2_PLACEMENT_3D('',#17583,#12341,#12342);
#10357=AXIS2_PLACEMENT_3D('',#17584,#12343,#12344);
#10358=AXIS2_PLACEMENT_3D('',#17587,#12346,#12347);
#10359=AXIS2_PLACEMENT_3D('',#17588,#12348,#12349);
#10360=AXIS2_PLACEMENT_3D('',#17591,#12351,#12352);
#10361=AXIS2_PLACEMENT_3D('',#17592,#12353,#12354);
#10362=AXIS2_PLACEMENT_3D('',#17595,#12356,#12357);
#10363=AXIS2_PLACEMENT_3D('',#17596,#12358,#12359);
#10364=AXIS2_PLACEMENT_3D('',#17599,#12361,#12362);
#10365=AXIS2_PLACEMENT_3D('',#17600,#12363,#12364);
#10366=AXIS2_PLACEMENT_3D('',#17601,#12365,#12366);
#10367=AXIS2_PLACEMENT_3D('',#17602,#12367,#12368);
#10368=AXIS2_PLACEMENT_3D('',#17611,#12373,#12374);
#10369=AXIS2_PLACEMENT_3D('',#17613,#12375,#12376);
#10370=AXIS2_PLACEMENT_3D('',#17615,#12377,#12378);
#10371=AXIS2_PLACEMENT_3D('',#17617,#12380,#12381);
#10372=AXIS2_PLACEMENT_3D('',#17619,#12382,#12383);
#10373=AXIS2_PLACEMENT_3D('',#17621,#12384,#12385);
#10374=AXIS2_PLACEMENT_3D('',#17623,#12387,#12388);
#10375=AXIS2_PLACEMENT_3D('',#17629,#12392,#12393);
#10376=AXIS2_PLACEMENT_3D('',#17631,#12394,#12395);
#10377=AXIS2_PLACEMENT_3D('',#17633,#12396,#12397);
#10378=AXIS2_PLACEMENT_3D('',#17635,#12399,#12400);
#10379=AXIS2_PLACEMENT_3D('',#17636,#12401,#12402);
#10380=AXIS2_PLACEMENT_3D('',#17637,#12403,#12404);
#10381=AXIS2_PLACEMENT_3D('',#17638,#12405,#12406);
#10382=AXIS2_PLACEMENT_3D('',#17639,#12407,#12408);
#10383=AXIS2_PLACEMENT_3D('',#17640,#12409,#12410);
#10384=AXIS2_PLACEMENT_3D('',#17641,#12411,#12412);
#10385=AXIS2_PLACEMENT_3D('',#17642,#12413,#12414);
#10386=AXIS2_PLACEMENT_3D('',#17643,#12415,#12416);
#10387=AXIS2_PLACEMENT_3D('',#17644,#12417,#12418);
#10388=DIRECTION('axis',(0.,0.,1.));
#10389=DIRECTION('refdir',(1.,0.,0.));
#10390=DIRECTION('axis',(0.,0.,1.));
#10391=DIRECTION('refdir',(1.,0.,0.));
#10392=DIRECTION('axis',(0.,0.,1.));
#10393=DIRECTION('refdir',(1.,0.,0.));
#10394=DIRECTION('axis',(0.,0.,1.));
#10395=DIRECTION('refdir',(1.,0.,0.));
#10396=DIRECTION('axis',(0.,0.,1.));
#10397=DIRECTION('refdir',(1.,0.,0.));
#10398=DIRECTION('center_axis',(-5.57234551408E-33,1.,3.18580557984E-32));
#10399=DIRECTION('ref_axis',(0.,-3.18580557984E-32,1.));
#10400=DIRECTION('',(0.101830105936045,0.,0.99480180414244));
#10401=DIRECTION('',(-1.,0.,-4.270088556251E-17));
#10402=DIRECTION('',(0.101830105936045,0.,-0.99480180414244));
#10403=DIRECTION('',(1.,0.,0.));
#10404=DIRECTION('center_axis',(-0.99480180414244,0.,0.101830105936045));
#10405=DIRECTION('ref_axis',(0.101830105936045,0.,0.99480180414244));
#10406=DIRECTION('',(0.,-1.,0.));
#10407=DIRECTION('',(0.,1.,0.));
#10408=DIRECTION('',(0.,-1.,0.));
#10409=DIRECTION('',(0.,-1.,0.));
#10410=DIRECTION('',(0.101830105936045,0.,0.99480180414244));
#10411=DIRECTION('center_axis',(0.,1.,0.));
#10412=DIRECTION('ref_axis',(0.,0.,1.));
#10413=DIRECTION('',(1.,0.,0.));
#10414=DIRECTION('',(1.,0.,0.));
#10415=DIRECTION('',(1.,0.,0.));
#10416=DIRECTION('',(0.,0.,1.));
#10417=DIRECTION('',(1.,0.,0.));
#10418=DIRECTION('',(1.,0.,0.));
#10419=DIRECTION('',(1.,0.,0.));
#10420=DIRECTION('',(1.,0.,0.));
#10421=DIRECTION('',(0.,0.,1.));
#10422=DIRECTION('center_axis',(0.,0.,1.));
#10423=DIRECTION('ref_axis',(1.,0.,0.));
#10424=DIRECTION('',(0.,-1.,0.));
#10425=DIRECTION('',(1.,0.,0.));
#10426=DIRECTION('center_axis',(0.99480180414244,0.,0.101830105936045));
#10427=DIRECTION('ref_axis',(0.101830105936045,0.,-0.99480180414244));
#10428=DIRECTION('',(0.,-1.,0.));
#10429=DIRECTION('',(0.,-1.,0.));
#10430=DIRECTION('',(0.,-1.,0.));
#10431=DIRECTION('',(0.101830105936045,0.,-0.99480180414244));
#10432=DIRECTION('center_axis',(0.,0.,1.));
#10433=DIRECTION('ref_axis',(1.,0.,0.));
#10434=DIRECTION('',(1.,0.,0.));
#10435=DIRECTION('',(0.,1.,0.));
#10436=DIRECTION('',(-1.,0.,0.));
#10437=DIRECTION('center_axis',(-5.57234551408E-33,1.,3.18580557984E-32));
#10438=DIRECTION('ref_axis',(0.,-3.18580557984E-32,1.));
#10439=DIRECTION('',(-1.,0.,-4.270088556251E-17));
#10440=DIRECTION('center_axis',(0.,1.,0.));
#10441=DIRECTION('ref_axis',(1.,0.,0.));
#10442=DIRECTION('center_axis',(0.,1.,0.));
#10443=DIRECTION('ref_axis',(1.,0.,0.));
#10444=DIRECTION('',(0.,1.,0.));
#10445=DIRECTION('center_axis',(0.,1.,0.));
#10446=DIRECTION('ref_axis',(1.,0.,0.));
#10447=DIRECTION('center_axis',(0.,0.,1.));
#10448=DIRECTION('ref_axis',(1.,0.,0.));
#10449=DIRECTION('',(0.,1.,0.));
#10450=DIRECTION('',(1.,0.,0.));
#10451=DIRECTION('center_axis',(0.,1.,0.));
#10452=DIRECTION('ref_axis',(0.,0.,1.));
#10453=DIRECTION('',(1.,0.,0.));
#10454=DIRECTION('',(0.,0.,1.));
#10455=DIRECTION('',(0.,0.,1.));
#10456=DIRECTION('',(1.,0.,0.));
#10457=DIRECTION('center_axis',(0.,1.,0.));
#10458=DIRECTION('ref_axis',(0.,0.,1.));
#10459=DIRECTION('',(0.,0.,1.));
#10460=DIRECTION('center_axis',(0.,-1.,0.));
#10461=DIRECTION('ref_axis',(0.,0.,1.));
#10462=DIRECTION('center_axis',(0.,0.,1.));
#10463=DIRECTION('ref_axis',(1.,0.,0.));
#10464=DIRECTION('',(0.,1.,0.));
#10465=DIRECTION('',(1.,0.,0.));
#10466=DIRECTION('',(0.,1.,0.));
#10467=DIRECTION('',(-1.,0.,0.));
#10468=DIRECTION('',(0.,1.,0.));
#10469=DIRECTION('',(1.,0.,0.));
#10470=DIRECTION('',(0.,-1.,0.));
#10471=DIRECTION('',(-1.,0.,0.));
#10472=DIRECTION('',(0.,1.,0.));
#10473=DIRECTION('',(1.,0.,0.));
#10474=DIRECTION('',(0.,-1.,0.));
#10475=DIRECTION('',(0.,-1.,0.));
#10476=DIRECTION('',(0.866025403784329,0.50000000000019,0.));
#10477=DIRECTION('',(-0.866025403784329,0.50000000000019,0.));
#10478=DIRECTION('center_axis',(0.,1.,0.));
#10479=DIRECTION('ref_axis',(0.,0.,1.));
#10480=DIRECTION('',(1.,0.,0.));
#10481=DIRECTION('center_axis',(0.,1.,0.));
#10482=DIRECTION('ref_axis',(0.,0.,1.));
#10483=DIRECTION('',(0.,0.,1.));
#10484=DIRECTION('center_axis',(0.,-1.,0.));
#10485=DIRECTION('ref_axis',(0.,0.,1.));
#10486=DIRECTION('',(1.,0.,0.));
#10487=DIRECTION('',(0.,0.,-1.));
#10488=DIRECTION('',(0.,0.,-1.));
#10489=DIRECTION('center_axis',(0.,0.,1.));
#10490=DIRECTION('ref_axis',(1.,0.,0.));
#10491=DIRECTION('',(1.,0.,0.));
#10492=DIRECTION('',(0.,-1.,0.));
#10493=DIRECTION('center_axis',(0.,0.,1.));
#10494=DIRECTION('ref_axis',(1.,0.,0.));
#10495=DIRECTION('',(1.,0.,0.));
#10496=DIRECTION('',(-1.,0.,0.));
#10497=DIRECTION('',(0.,-1.,0.));
#10498=DIRECTION('center_axis',(0.,1.,0.));
#10499=DIRECTION('ref_axis',(-1.,0.,0.));
#10500=DIRECTION('center_axis',(0.,1.,0.));
#10501=DIRECTION('ref_axis',(-1.,0.,0.));
#10502=DIRECTION('',(0.,1.,0.));
#10503=DIRECTION('center_axis',(0.,1.,0.));
#10504=DIRECTION('ref_axis',(-1.,0.,0.));
#10505=DIRECTION('center_axis',(0.,1.,0.));
#10506=DIRECTION('ref_axis',(0.,0.,1.));
#10507=DIRECTION('',(1.,0.,0.));
#10508=DIRECTION('',(0.,0.,1.));
#10509=DIRECTION('',(1.,0.,0.));
#10510=DIRECTION('',(1.,0.,0.));
#10511=DIRECTION('',(0.,0.,1.));
#10512=DIRECTION('',(1.,0.,0.));
#10513=DIRECTION('center_axis',(0.,-1.,0.));
#10514=DIRECTION('ref_axis',(1.,0.,0.));
#10515=DIRECTION('',(1.,0.,0.));
#10516=DIRECTION('',(0.,0.,-1.));
#10517=DIRECTION('center_axis',(-1.,0.,0.));
#10518=DIRECTION('ref_axis',(0.,-1.,0.));
#10519=DIRECTION('',(0.,0.,1.));
#10520=DIRECTION('',(0.,-1.,0.));
#10521=DIRECTION('center_axis',(0.,1.,0.));
#10522=DIRECTION('ref_axis',(-1.,0.,0.));
#10523=DIRECTION('',(0.,0.,-1.));
#10524=DIRECTION('',(-1.,0.,0.));
#10525=DIRECTION('center_axis',(0.,0.,1.));
#10526=DIRECTION('ref_axis',(1.,0.,0.));
#10527=DIRECTION('',(1.,0.,0.));
#10528=DIRECTION('',(0.,1.,0.));
#10529=DIRECTION('',(0.,-1.,0.));
#10530=DIRECTION('center_axis',(-1.,0.,0.));
#10531=DIRECTION('ref_axis',(0.,-1.,0.));
#10532=DIRECTION('center_axis',(0.,0.,1.));
#10533=DIRECTION('ref_axis',(1.,0.,0.));
#10534=DIRECTION('',(1.,0.,0.));
#10535=DIRECTION('',(0.,-1.,0.));
#10536=DIRECTION('',(1.,0.,0.));
#10537=DIRECTION('',(0.,1.,0.));
#10538=DIRECTION('',(-1.,0.,0.));
#10539=DIRECTION('',(0.,-1.,0.));
#10540=DIRECTION('',(0.,1.,0.));
#10541=DIRECTION('center_axis',(0.,1.,0.));
#10542=DIRECTION('ref_axis',(-1.,0.,0.));
#10543=DIRECTION('',(0.,1.,0.));
#10544=DIRECTION('center_axis',(0.,-1.,0.));
#10545=DIRECTION('ref_axis',(0.,0.,1.));
#10546=DIRECTION('center_axis',(-1.,0.,0.));
#10547=DIRECTION('ref_axis',(0.,-1.,0.));
#10548=DIRECTION('',(0.,0.,-1.));
#10549=DIRECTION('center_axis',(1.,0.,0.));
#10550=DIRECTION('ref_axis',(0.,0.,1.));
#10551=DIRECTION('',(0.,1.,0.));
#10552=DIRECTION('',(0.,0.,1.));
#10553=DIRECTION('center_axis',(0.,1.,0.));
#10554=DIRECTION('ref_axis',(-1.,0.,0.));
#10555=DIRECTION('center_axis',(0.,1.,0.));
#10556=DIRECTION('ref_axis',(0.,0.,1.));
#10557=DIRECTION('center_axis',(0.,1.,0.));
#10558=DIRECTION('ref_axis',(-1.,0.,0.));
#10559=DIRECTION('center_axis',(0.,1.,0.));
#10560=DIRECTION('ref_axis',(1.,0.,0.));
#10561=DIRECTION('center_axis',(0.,1.,0.));
#10562=DIRECTION('ref_axis',(1.,0.,0.));
#10563=DIRECTION('center_axis',(0.,1.,0.));
#10564=DIRECTION('ref_axis',(1.,0.,0.));
#10565=DIRECTION('center_axis',(0.,-1.,0.));
#10566=DIRECTION('ref_axis',(1.,0.,0.));
#10567=DIRECTION('',(0.,0.,-1.));
#10568=DIRECTION('center_axis',(-1.,0.,0.));
#10569=DIRECTION('ref_axis',(0.,-1.,0.));
#10570=DIRECTION('',(0.,0.,1.));
#10571=DIRECTION('center_axis',(1.,0.,0.));
#10572=DIRECTION('ref_axis',(0.,1.,0.));
#10573=DIRECTION('',(0.,0.,-1.));
#10574=DIRECTION('',(0.,1.,0.));
#10575=DIRECTION('',(0.,0.,-1.));
#10576=DIRECTION('center_axis',(0.,-1.,0.));
#10577=DIRECTION('ref_axis',(1.,0.,0.));
#10578=DIRECTION('',(1.,0.,0.));
#10579=DIRECTION('center_axis',(0.,1.,0.));
#10580=DIRECTION('ref_axis',(-1.,0.,0.));
#10581=DIRECTION('center_axis',(0.,1.,0.));
#10582=DIRECTION('ref_axis',(-1.,0.,0.));
#10583=DIRECTION('',(0.,1.,0.));
#10584=DIRECTION('center_axis',(0.,1.,0.));
#10585=DIRECTION('ref_axis',(-1.,0.,0.));
#10586=DIRECTION('center_axis',(0.,1.,0.));
#10587=DIRECTION('ref_axis',(-1.,0.,0.));
#10588=DIRECTION('',(-1.,0.,0.));
#10589=DIRECTION('',(0.,0.,-1.));
#10590=DIRECTION('center_axis',(1.,0.,0.));
#10591=DIRECTION('ref_axis',(0.,1.,0.));
#10592=DIRECTION('',(0.,1.,0.));
#10593=DIRECTION('center_axis',(1.,0.,0.));
#10594=DIRECTION('ref_axis',(0.,-1.,0.));
#10595=DIRECTION('',(0.,0.,1.));
#10596=DIRECTION('',(0.,0.,1.));
#10597=DIRECTION('',(0.,-1.,0.));
#10598=DIRECTION('center_axis',(-0.50000000000019,0.866025403784329,0.));
#10599=DIRECTION('ref_axis',(0.866025403784329,0.50000000000019,0.));
#10600=DIRECTION('',(0.,0.,1.));
#10601=DIRECTION('',(0.866025403784329,0.50000000000019,0.));
#10602=DIRECTION('center_axis',(-0.50000000000019,-0.866025403784329,0.));
#10603=DIRECTION('ref_axis',(-0.866025403784329,0.50000000000019,0.));
#10604=DIRECTION('',(-0.866025403784329,0.50000000000019,0.));
#10605=DIRECTION('center_axis',(0.,0.,1.));
#10606=DIRECTION('ref_axis',(1.,0.,0.));
#10607=DIRECTION('',(1.,0.,0.));
#10608=DIRECTION('',(0.,1.,0.));
#10609=DIRECTION('center_axis',(0.,1.,0.));
#10610=DIRECTION('ref_axis',(1.,0.,0.));
#10611=DIRECTION('center_axis',(0.,1.,0.));
#10612=DIRECTION('ref_axis',(0.,0.,1.));
#10613=DIRECTION('',(0.,1.,0.));
#10614=DIRECTION('center_axis',(1.,0.,0.));
#10615=DIRECTION('ref_axis',(0.,0.,1.));
#10616=DIRECTION('',(0.,0.,1.));
#10617=DIRECTION('',(0.,1.,0.));
#10618=DIRECTION('center_axis',(0.,1.,0.));
#10619=DIRECTION('ref_axis',(1.,0.,0.));
#10620=DIRECTION('center_axis',(0.,-1.,0.));
#10621=DIRECTION('ref_axis',(0.,0.,1.));
#10622=DIRECTION('',(0.,1.,0.));
#10623=DIRECTION('center_axis',(0.,0.,1.));
#10624=DIRECTION('ref_axis',(1.,0.,0.));
#10625=DIRECTION('',(1.,0.,0.));
#10626=DIRECTION('',(0.,1.,0.));
#10627=DIRECTION('',(1.,0.,0.));
#10628=DIRECTION('',(-1.,0.,0.));
#10629=DIRECTION('',(0.,1.,0.));
#10630=DIRECTION('center_axis',(1.,0.,0.));
#10631=DIRECTION('ref_axis',(0.,1.,0.));
#10632=DIRECTION('',(0.,0.,-1.));
#10633=DIRECTION('center_axis',(0.,1.,0.));
#10634=DIRECTION('ref_axis',(-1.,0.,0.));
#10635=DIRECTION('center_axis',(1.,0.,0.));
#10636=DIRECTION('ref_axis',(0.,1.,0.));
#10637=DIRECTION('',(0.,0.,-1.));
#10638=DIRECTION('',(0.,0.,-1.));
#10639=DIRECTION('center_axis',(0.,-1.,0.));
#10640=DIRECTION('ref_axis',(1.,0.,0.));
#10641=DIRECTION('center_axis',(0.,1.,0.));
#10642=DIRECTION('ref_axis',(0.,0.,1.));
#10643=DIRECTION('center_axis',(0.,1.,0.));
#10644=DIRECTION('ref_axis',(0.,0.,1.));
#10645=DIRECTION('center_axis',(0.,0.,-1.));
#10646=DIRECTION('ref_axis',(-1.,0.,0.));
#10647=DIRECTION('',(0.,0.,1.));
#10648=DIRECTION('',(1.,-2.46519032881566E-32,0.));
#10649=DIRECTION('axis',(0.,0.,1.));
#10650=DIRECTION('refdir',(1.,0.,0.));
#10651=DIRECTION('axis',(0.,0.,1.));
#10652=DIRECTION('refdir',(1.,0.,0.));
#10653=DIRECTION('center_axis',(1.,0.,0.));
#10654=DIRECTION('ref_axis',(0.,0.,1.));
#10655=DIRECTION('',(0.,0.,1.));
#10656=DIRECTION('',(0.,1.,0.));
#10657=DIRECTION('',(0.,0.,1.));
#10658=DIRECTION('',(0.,1.,0.));
#10659=DIRECTION('center_axis',(0.,1.,0.));
#10660=DIRECTION('ref_axis',(0.,0.,1.));
#10661=DIRECTION('',(1.,0.,0.));
#10662=DIRECTION('center_axis',(0.,1.,0.));
#10663=DIRECTION('ref_axis',(0.,0.,1.));
#10664=DIRECTION('',(1.,0.,0.));
#10665=DIRECTION('',(0.,0.,1.));
#10666=DIRECTION('',(1.,0.,0.));
#10667=DIRECTION('center_axis',(0.,-1.,0.));
#10668=DIRECTION('ref_axis',(0.,0.,1.));
#10669=DIRECTION('',(1.,0.,0.));
#10670=DIRECTION('center_axis',(0.,1.,0.));
#10671=DIRECTION('ref_axis',(0.,0.,1.));
#10672=DIRECTION('center_axis',(0.,-1.,0.));
#10673=DIRECTION('ref_axis',(0.,0.,1.));
#10674=DIRECTION('center_axis',(0.,1.,0.));
#10675=DIRECTION('ref_axis',(-1.,0.,0.));
#10676=DIRECTION('center_axis',(0.,-1.,0.));
#10677=DIRECTION('ref_axis',(0.,0.,1.));
#10678=DIRECTION('',(0.,1.,0.));
#10679=DIRECTION('center_axis',(0.,1.,0.));
#10680=DIRECTION('ref_axis',(-1.,0.,0.));
#10681=DIRECTION('',(0.,1.,0.));
#10682=DIRECTION('center_axis',(0.,1.,0.));
#10683=DIRECTION('ref_axis',(0.,0.,1.));
#10684=DIRECTION('center_axis',(0.,1.,0.));
#10685=DIRECTION('ref_axis',(0.,0.,1.));
#10686=DIRECTION('',(1.,0.,0.));
#10687=DIRECTION('',(1.,0.,0.));
#10688=DIRECTION('center_axis',(0.,-1.,0.));
#10689=DIRECTION('ref_axis',(0.,0.,1.));
#10690=DIRECTION('',(1.,0.,0.));
#10691=DIRECTION('',(0.,0.,1.));
#10692=DIRECTION('',(1.,0.,0.));
#10693=DIRECTION('center_axis',(0.,1.,0.));
#10694=DIRECTION('ref_axis',(0.,0.,1.));
#10695=DIRECTION('center_axis',(0.,0.,1.));
#10696=DIRECTION('ref_axis',(1.,0.,0.));
#10697=DIRECTION('',(0.,1.,0.));
#10698=DIRECTION('center_axis',(0.,1.,0.));
#10699=DIRECTION('ref_axis',(1.,0.,0.));
#10700=DIRECTION('',(0.,1.,0.));
#10701=DIRECTION('center_axis',(0.,1.,0.));
#10702=DIRECTION('ref_axis',(0.,0.,1.));
#10703=DIRECTION('',(1.,0.,0.));
#10704=DIRECTION('',(1.,0.,0.));
#10705=DIRECTION('',(0.,0.,1.));
#10706=DIRECTION('',(1.,0.,0.));
#10707=DIRECTION('',(1.,0.,0.));
#10708=DIRECTION('center_axis',(0.,0.,1.));
#10709=DIRECTION('ref_axis',(1.,0.,0.));
#10710=DIRECTION('',(0.,1.,0.));
#10711=DIRECTION('center_axis',(0.,1.,0.));
#10712=DIRECTION('ref_axis',(1.,0.,0.));
#10713=DIRECTION('',(0.,1.,0.));
#10714=DIRECTION('center_axis',(0.,1.,0.));
#10715=DIRECTION('ref_axis',(0.,0.,1.));
#10716=DIRECTION('',(1.,0.,0.));
#10717=DIRECTION('',(1.,0.,0.));
#10718=DIRECTION('',(0.,0.,1.));
#10719=DIRECTION('',(1.,0.,0.));
#10720=DIRECTION('',(1.,0.,0.));
#10721=DIRECTION('center_axis',(0.,0.,1.));
#10722=DIRECTION('ref_axis',(1.,0.,0.));
#10723=DIRECTION('',(0.,1.,0.));
#10724=DIRECTION('center_axis',(0.,1.,0.));
#10725=DIRECTION('ref_axis',(0.,0.,1.));
#10726=DIRECTION('',(1.,0.,0.));
#10727=DIRECTION('center_axis',(0.,1.,0.));
#10728=DIRECTION('ref_axis',(0.,0.,1.));
#10729=DIRECTION('',(0.,0.,1.));
#10730=DIRECTION('center_axis',(0.,-1.,0.));
#10731=DIRECTION('ref_axis',(0.,0.,1.));
#10732=DIRECTION('',(1.,0.,0.));
#10733=DIRECTION('center_axis',(0.,1.,0.));
#10734=DIRECTION('ref_axis',(0.,0.,1.));
#10735=DIRECTION('center_axis',(0.,-1.,0.));
#10736=DIRECTION('ref_axis',(0.,0.,1.));
#10737=DIRECTION('center_axis',(0.,1.,0.));
#10738=DIRECTION('ref_axis',(0.,0.,1.));
#10739=DIRECTION('',(0.,0.,1.));
#10740=DIRECTION('',(1.,0.,0.));
#10741=DIRECTION('',(0.,0.,1.));
#10742=DIRECTION('center_axis',(1.,0.,0.));
#10743=DIRECTION('ref_axis',(0.,0.,1.));
#10744=DIRECTION('',(0.,1.,0.));
#10745=DIRECTION('',(0.,0.,1.));
#10746=DIRECTION('center_axis',(0.,1.,0.));
#10747=DIRECTION('ref_axis',(0.,0.,1.));
#10748=DIRECTION('',(1.,0.,0.));
#10749=DIRECTION('center_axis',(0.,-1.,0.));
#10750=DIRECTION('ref_axis',(0.,0.,1.));
#10751=DIRECTION('center_axis',(0.,1.,0.));
#10752=DIRECTION('ref_axis',(0.,0.,1.));
#10753=DIRECTION('',(1.,0.,0.));
#10754=DIRECTION('center_axis',(0.,-1.,0.));
#10755=DIRECTION('ref_axis',(0.,0.,1.));
#10756=DIRECTION('',(0.,0.,1.));
#10757=DIRECTION('center_axis',(0.,1.,0.));
#10758=DIRECTION('ref_axis',(0.,0.,1.));
#10759=DIRECTION('center_axis',(0.,1.,0.));
#10760=DIRECTION('ref_axis',(0.,0.,1.));
#10761=DIRECTION('',(1.,0.,0.));
#10762=DIRECTION('',(0.,0.,1.));
#10763=DIRECTION('center_axis',(0.,1.,0.));
#10764=DIRECTION('ref_axis',(-1.,0.,0.));
#10765=DIRECTION('',(0.,1.,0.));
#10766=DIRECTION('center_axis',(0.,0.,1.));
#10767=DIRECTION('ref_axis',(1.,0.,0.));
#10768=DIRECTION('',(0.,1.,0.));
#10769=DIRECTION('center_axis',(0.,1.,0.));
#10770=DIRECTION('ref_axis',(1.,0.,0.));
#10771=DIRECTION('',(0.,1.,0.));
#10772=DIRECTION('center_axis',(1.,0.,0.));
#10773=DIRECTION('ref_axis',(0.,0.,1.));
#10774=DIRECTION('',(0.,1.,0.));
#10775=DIRECTION('center_axis',(0.,1.,0.));
#10776=DIRECTION('ref_axis',(1.,0.,0.));
#10777=DIRECTION('',(0.,1.,0.));
#10778=DIRECTION('center_axis',(0.,0.,1.));
#10779=DIRECTION('ref_axis',(1.,0.,0.));
#10780=DIRECTION('',(0.,1.,0.));
#10781=DIRECTION('center_axis',(0.,1.,0.));
#10782=DIRECTION('ref_axis',(-1.,0.,0.));
#10783=DIRECTION('',(0.,1.,0.));
#10784=DIRECTION('center_axis',(1.,0.,0.));
#10785=DIRECTION('ref_axis',(0.,0.,1.));
#10786=DIRECTION('',(0.,1.,0.));
#10787=DIRECTION('center_axis',(0.,0.,1.));
#10788=DIRECTION('ref_axis',(1.,0.,0.));
#10789=DIRECTION('',(0.,0.,1.));
#10790=DIRECTION('',(1.,0.,0.));
#10791=DIRECTION('axis',(0.,0.,1.));
#10792=DIRECTION('refdir',(1.,0.,0.));
#10793=DIRECTION('center_axis',(0.,0.,1.));
#10794=DIRECTION('ref_axis',(-1.,-1.23259516440783E-32,0.));
#10795=DIRECTION('center_axis',(0.,0.,1.));
#10796=DIRECTION('ref_axis',(-1.,-1.23259516440783E-32,0.));
#10797=DIRECTION('',(0.,0.,-1.));
#10798=DIRECTION('center_axis',(0.,0.,-1.));
#10799=DIRECTION('ref_axis',(-1.,-1.23259516440783E-32,0.));
#10800=DIRECTION('center_axis',(0.,0.,-1.));
#10801=DIRECTION('ref_axis',(-1.,0.,0.));
#10802=DIRECTION('center_axis',(1.23259516440783E-32,-1.,0.));
#10803=DIRECTION('ref_axis',(1.,1.23259516440783E-32,0.));
#10804=DIRECTION('',(-1.,-1.23259516440783E-32,0.));
#10805=DIRECTION('',(0.,0.,1.));
#10806=DIRECTION('',(1.,1.23259516440783E-32,0.));
#10807=DIRECTION('',(0.,0.,1.));
#10808=DIRECTION('center_axis',(0.,0.,1.));
#10809=DIRECTION('ref_axis',(-1.,-1.77635683940029E-14,0.));
#10810=DIRECTION('center_axis',(0.,0.,-1.));
#10811=DIRECTION('ref_axis',(-1.,-1.77635683940029E-14,0.));
#10812=DIRECTION('center_axis',(0.,0.,1.));
#10813=DIRECTION('ref_axis',(-1.,-1.77635683940029E-14,0.));
#10814=DIRECTION('',(0.,0.,1.));
#10815=DIRECTION('center_axis',(-1.,-2.22044604925031E-15,0.));
#10816=DIRECTION('ref_axis',(2.22044604925031E-15,-1.,0.));
#10817=DIRECTION('',(-2.22044604925031E-15,1.,0.));
#10818=DIRECTION('',(2.22044604925031E-15,-1.,0.));
#10819=DIRECTION('',(0.,0.,1.));
#10820=DIRECTION('center_axis',(0.,0.,1.));
#10821=DIRECTION('ref_axis',(-1.23259516440783E-32,1.,0.));
#10822=DIRECTION('center_axis',(0.,0.,-1.));
#10823=DIRECTION('ref_axis',(-1.23259516440783E-32,1.,0.));
#10824=DIRECTION('center_axis',(0.,0.,1.));
#10825=DIRECTION('ref_axis',(-1.23259516440783E-32,1.,0.));
#10826=DIRECTION('',(0.,0.,1.));
#10827=DIRECTION('center_axis',(-1.23259516440783E-32,1.,0.));
#10828=DIRECTION('ref_axis',(-1.,-1.23259516440783E-32,0.));
#10829=DIRECTION('',(1.,1.23259516440783E-32,0.));
#10830=DIRECTION('',(-1.,-1.23259516440783E-32,0.));
#10831=DIRECTION('',(0.,0.,1.));
#10832=DIRECTION('center_axis',(0.,0.,1.));
#10833=DIRECTION('ref_axis',(1.,1.23259516440783E-32,0.));
#10834=DIRECTION('center_axis',(0.,0.,-1.));
#10835=DIRECTION('ref_axis',(1.,1.23259516440783E-32,0.));
#10836=DIRECTION('center_axis',(0.,0.,1.));
#10837=DIRECTION('ref_axis',(1.,1.23259516440783E-32,0.));
#10838=DIRECTION('',(0.,0.,1.));
#10839=DIRECTION('center_axis',(1.,2.22044604925031E-15,0.));
#10840=DIRECTION('ref_axis',(-2.22044604925031E-15,1.,0.));
#10841=DIRECTION('',(2.22044604925031E-15,-1.,0.));
#10842=DIRECTION('',(-2.22044604925031E-15,1.,0.));
#10843=DIRECTION('',(0.,0.,1.));
#10844=DIRECTION('center_axis',(0.,0.,1.));
#10845=DIRECTION('ref_axis',(1.23259516440783E-32,-1.,0.));
#10846=DIRECTION('center_axis',(0.,0.,-1.));
#10847=DIRECTION('ref_axis',(1.23259516440783E-32,-1.,0.));
#10848=DIRECTION('center_axis',(0.,0.,1.));
#10849=DIRECTION('ref_axis',(1.23259516440783E-32,-1.,0.));
#10850=DIRECTION('center_axis',(0.,0.,1.));
#10851=DIRECTION('ref_axis',(-1.,-1.23259516440783E-32,0.));
#10852=DIRECTION('center_axis',(0.,0.,-1.));
#10853=DIRECTION('ref_axis',(-1.,0.,0.));
#10854=DIRECTION('',(0.965926255043441,-0.258817444964118,0.));
#10855=DIRECTION('',(0.996194751993327,-0.0871551266475686,0.));
#10856=DIRECTION('',(1.,0.,0.));
#10857=DIRECTION('',(0.996194751993327,0.0871551266475686,0.));
#10858=DIRECTION('',(0.965926255043441,0.258817444964118,0.));
#10859=DIRECTION('',(0.906306352159043,0.42262133883202,0.));
#10860=DIRECTION('',(0.819151269569126,0.573577542764088,0.));
#10861=DIRECTION('',(0.707106781186548,0.707106781186548,0.));
#10862=DIRECTION('',(0.573577542764088,0.819151269569126,0.));
#10863=DIRECTION('',(0.42262133883202,0.906306352159043,0.));
#10864=DIRECTION('',(0.258817444963868,0.965926255043508,0.));
#10865=DIRECTION('',(0.0871551266475686,0.996194751993327,0.));
#10866=DIRECTION('',(0.,1.,0.));
#10867=DIRECTION('',(-0.0436195537243098,0.999048214318454,0.));
#10868=DIRECTION('',(-0.130526774014984,0.991444784778881,0.));
#10869=DIRECTION('',(-0.216439213260962,0.976296095947831,0.));
#10870=DIRECTION('',(-0.300704770406926,0.953717275220764,0.));
#10871=DIRECTION('',(-0.382683072655854,0.923879681507649,0.));
#10872=DIRECTION('',(-0.461749701516853,0.887010266653717,0.));
#10873=DIRECTION('',(-0.537300447393681,0.843390911280499,0.));
#10874=DIRECTION('',(-0.608760296108749,0.793354209594673,0.));
#10875=DIRECTION('',(-0.675591478170279,0.737276172559305,0.));
#10876=DIRECTION('',(-0.737276172559305,0.675591478170279,0.));
#10877=DIRECTION('',(-0.793354209594673,0.608760296108749,0.));
#10878=DIRECTION('',(-0.843390911280499,0.537300447393681,0.));
#10879=DIRECTION('',(-0.887010266653717,0.461749701516853,0.));
#10880=DIRECTION('',(-0.923879681507649,0.382683072655854,0.));
#10881=DIRECTION('',(-0.953717275220764,0.300704770406926,0.));
#10882=DIRECTION('',(-0.976296095947831,0.216439213260962,0.));
#10883=DIRECTION('',(-0.991444784778881,0.130526774014984,0.));
#10884=DIRECTION('',(-0.999048214318454,0.0436195537243098,0.));
#10885=DIRECTION('',(-1.,0.,0.));
#10886=DIRECTION('',(-0.999048214318454,-0.0436195537243098,0.));
#10887=DIRECTION('',(-0.991444784778881,-0.130526774014984,0.));
#10888=DIRECTION('',(-0.976296095947831,-0.216439213260962,0.));
#10889=DIRECTION('',(-0.953717275220764,-0.300704770406926,0.));
#10890=DIRECTION('',(-0.923879681507649,-0.382683072655854,0.));
#10891=DIRECTION('',(-0.887010266653717,-0.461749701516853,0.));
#10892=DIRECTION('',(-0.843390911280499,-0.537300447393681,0.));
#10893=DIRECTION('',(-0.793354209594673,-0.608760296108749,0.));
#10894=DIRECTION('',(-0.737276172559305,-0.675591478170279,0.));
#10895=DIRECTION('',(-0.675591478170279,-0.737276172559305,0.));
#10896=DIRECTION('',(-0.608760296108749,-0.793354209594673,0.));
#10897=DIRECTION('',(-0.537300447393681,-0.843390911280499,0.));
#10898=DIRECTION('',(-0.461749701516853,-0.887010266653717,0.));
#10899=DIRECTION('',(-0.382683072655854,-0.923879681507649,0.));
#10900=DIRECTION('',(-0.300704770406926,-0.953717275220764,0.));
#10901=DIRECTION('',(-0.216439213260962,-0.976296095947831,0.));
#10902=DIRECTION('',(-0.130526774014984,-0.991444784778881,0.));
#10903=DIRECTION('',(-0.0436195537243098,-0.999048214318454,0.));
#10904=DIRECTION('',(0.,-1.,0.));
#10905=DIRECTION('',(0.0871551266475686,-0.996194751993327,0.));
#10906=DIRECTION('',(0.258817444963868,-0.965926255043508,0.));
#10907=DIRECTION('',(0.42262133883202,-0.906306352159043,0.));
#10908=DIRECTION('',(0.573577542764088,-0.819151269569126,0.));
#10909=DIRECTION('',(0.707106781186548,-0.707106781186548,0.));
#10910=DIRECTION('',(0.819151269569126,-0.573577542764088,0.));
#10911=DIRECTION('',(0.906306352159043,-0.42262133883202,0.));
#10912=DIRECTION('center_axis',(0.,0.,1.));
#10913=DIRECTION('ref_axis',(1.,0.,0.));
#10914=DIRECTION('center_axis',(0.,0.,1.));
#10915=DIRECTION('ref_axis',(1.,0.,0.));
#10916=DIRECTION('center_axis',(0.,0.,1.));
#10917=DIRECTION('ref_axis',(1.,0.,0.));
#10918=DIRECTION('center_axis',(0.,0.,1.));
#10919=DIRECTION('ref_axis',(1.,0.,0.));
#10920=DIRECTION('center_axis',(0.258817444964118,0.965926255043441,0.));
#10921=DIRECTION('ref_axis',(0.965926255043441,-0.258817444964118,0.));
#10922=DIRECTION('',(0.,0.,1.));
#10923=DIRECTION('',(0.,0.,1.));
#10924=DIRECTION('',(0.965926255043441,-0.258817444964118,0.));
#10925=DIRECTION('center_axis',(0.0871551266475686,0.996194751993327,0.));
#10926=DIRECTION('ref_axis',(0.996194751993327,-0.0871551266475686,0.));
#10927=DIRECTION('',(0.,0.,1.));
#10928=DIRECTION('',(0.996194751993327,-0.0871551266475686,0.));
#10929=DIRECTION('center_axis',(0.42262133883202,0.906306352159043,0.));
#10930=DIRECTION('ref_axis',(0.906306352159043,-0.42262133883202,0.));
#10931=DIRECTION('',(0.,0.,1.));
#10932=DIRECTION('',(0.906306352159043,-0.42262133883202,0.));
#10933=DIRECTION('center_axis',(0.,0.,-1.));
#10934=DIRECTION('ref_axis',(-1.,0.,0.));
#10935=DIRECTION('',(0.819151269569126,-0.573577542764088,0.));
#10936=DIRECTION('',(0.707106781186548,-0.707106781186548,0.));
#10937=DIRECTION('',(0.573577542764088,-0.819151269569126,0.));
#10938=DIRECTION('',(0.42262133883202,-0.906306352159043,0.));
#10939=DIRECTION('',(0.258817444963868,-0.965926255043508,0.));
#10940=DIRECTION('',(0.0871551266475686,-0.996194751993327,0.));
#10941=DIRECTION('',(0.,-1.,0.));
#10942=DIRECTION('',(-0.0436195537243098,-0.999048214318454,0.));
#10943=DIRECTION('',(-0.130526774014984,-0.991444784778881,0.));
#10944=DIRECTION('',(-0.216439213260962,-0.976296095947831,0.));
#10945=DIRECTION('',(-0.300704770406926,-0.953717275220764,0.));
#10946=DIRECTION('',(-0.382683072655854,-0.923879681507649,0.));
#10947=DIRECTION('',(-0.461749701516853,-0.887010266653717,0.));
#10948=DIRECTION('',(-0.537300447393681,-0.843390911280499,0.));
#10949=DIRECTION('',(-0.608760296108749,-0.793354209594673,0.));
#10950=DIRECTION('',(-0.675591478170279,-0.737276172559305,0.));
#10951=DIRECTION('',(-0.737276172559305,-0.675591478170279,0.));
#10952=DIRECTION('',(-0.793354209594673,-0.608760296108749,0.));
#10953=DIRECTION('',(-0.843390911280499,-0.537300447393681,0.));
#10954=DIRECTION('',(-0.887010266653717,-0.461749701516853,0.));
#10955=DIRECTION('',(-0.923879681507649,-0.382683072655854,0.));
#10956=DIRECTION('',(-0.953717275220764,-0.300704770406926,0.));
#10957=DIRECTION('',(-0.976296095947831,-0.216439213260962,0.));
#10958=DIRECTION('',(-0.991444784778881,-0.130526774014984,0.));
#10959=DIRECTION('',(-0.999048214318454,-0.0436195537243098,0.));
#10960=DIRECTION('',(-1.,0.,0.));
#10961=DIRECTION('',(-0.999048214318454,0.0436195537243098,0.));
#10962=DIRECTION('',(-0.991444784778881,0.130526774014984,0.));
#10963=DIRECTION('',(-0.976296095947831,0.216439213260962,0.));
#10964=DIRECTION('',(-0.953717275220764,0.300704770406926,0.));
#10965=DIRECTION('',(-0.923879681507649,0.382683072655854,0.));
#10966=DIRECTION('',(-0.887010266653717,0.461749701516853,0.));
#10967=DIRECTION('',(-0.843390911280499,0.537300447393681,0.));
#10968=DIRECTION('',(-0.793354209594673,0.608760296108749,0.));
#10969=DIRECTION('',(-0.737276172559305,0.675591478170279,0.));
#10970=DIRECTION('',(-0.675591478170279,0.737276172559305,0.));
#10971=DIRECTION('',(-0.608760296108749,0.793354209594673,0.));
#10972=DIRECTION('',(-0.537300447393681,0.843390911280499,0.));
#10973=DIRECTION('',(-0.461749701516853,0.887010266653717,0.));
#10974=DIRECTION('',(-0.382683072655854,0.923879681507649,0.));
#10975=DIRECTION('',(-0.300704770406926,0.953717275220764,0.));
#10976=DIRECTION('',(-0.216439213260962,0.976296095947831,0.));
#10977=DIRECTION('',(-0.130526774014984,0.991444784778881,0.));
#10978=DIRECTION('',(-0.0436195537243098,0.999048214318454,0.));
#10979=DIRECTION('',(0.,1.,0.));
#10980=DIRECTION('',(0.0871551266475686,0.996194751993327,0.));
#10981=DIRECTION('',(0.258817444963868,0.965926255043508,0.));
#10982=DIRECTION('',(0.42262133883202,0.906306352159043,0.));
#10983=DIRECTION('',(0.573577542764088,0.819151269569126,0.));
#10984=DIRECTION('',(0.707106781186548,0.707106781186548,0.));
#10985=DIRECTION('',(0.819151269569126,0.573577542764088,0.));
#10986=DIRECTION('',(0.906306352159043,0.42262133883202,0.));
#10987=DIRECTION('',(0.965926255043441,0.258817444964118,0.));
#10988=DIRECTION('',(0.996194751993327,0.0871551266475686,0.));
#10989=DIRECTION('',(1.,0.,0.));
#10990=DIRECTION('center_axis',(0.,0.,1.));
#10991=DIRECTION('ref_axis',(1.,0.,0.));
#10992=DIRECTION('center_axis',(0.,0.,1.));
#10993=DIRECTION('ref_axis',(1.,0.,0.));
#10994=DIRECTION('center_axis',(0.,0.,1.));
#10995=DIRECTION('ref_axis',(1.,0.,0.));
#10996=DIRECTION('center_axis',(0.,0.,1.));
#10997=DIRECTION('ref_axis',(1.,0.,0.));
#10998=DIRECTION('center_axis',(0.,1.,0.));
#10999=DIRECTION('ref_axis',(1.,0.,0.));
#11000=DIRECTION('',(0.,0.,1.));
#11001=DIRECTION('center_axis',(0.573577542764088,0.819151269569126,0.));
#11002=DIRECTION('ref_axis',(0.819151269569126,-0.573577542764088,0.));
#11003=DIRECTION('',(0.,0.,1.));
#11004=DIRECTION('center_axis',(-0.0871551266475686,0.996194751993327,0.));
#11005=DIRECTION('ref_axis',(0.996194751993327,0.0871551266475686,0.));
#11006=DIRECTION('',(0.,0.,1.));
#11007=DIRECTION('center_axis',(0.707106781186548,0.707106781186548,0.));
#11008=DIRECTION('ref_axis',(0.707106781186548,-0.707106781186548,0.));
#11009=DIRECTION('',(0.,0.,1.));
#11010=DIRECTION('center_axis',(-0.258817444964118,0.965926255043441,0.));
#11011=DIRECTION('ref_axis',(0.965926255043441,0.258817444964118,0.));
#11012=DIRECTION('',(0.,0.,1.));
#11013=DIRECTION('center_axis',(0.819151269569126,0.573577542764088,0.));
#11014=DIRECTION('ref_axis',(0.573577542764088,-0.819151269569126,0.));
#11015=DIRECTION('',(0.,0.,1.));
#11016=DIRECTION('center_axis',(-0.42262133883202,0.906306352159043,0.));
#11017=DIRECTION('ref_axis',(0.906306352159043,0.42262133883202,0.));
#11018=DIRECTION('',(0.,0.,1.));
#11019=DIRECTION('center_axis',(0.906306352159043,0.42262133883202,0.));
#11020=DIRECTION('ref_axis',(0.42262133883202,-0.906306352159043,0.));
#11021=DIRECTION('',(0.,0.,1.));
#11022=DIRECTION('center_axis',(-0.573577542764088,0.819151269569126,0.));
#11023=DIRECTION('ref_axis',(0.819151269569126,0.573577542764088,0.));
#11024=DIRECTION('',(0.,0.,1.));
#11025=DIRECTION('center_axis',(0.965926255043508,0.258817444963868,0.));
#11026=DIRECTION('ref_axis',(0.258817444963868,-0.965926255043508,0.));
#11027=DIRECTION('',(0.,0.,1.));
#11028=DIRECTION('center_axis',(-0.707106781186548,0.707106781186548,0.));
#11029=DIRECTION('ref_axis',(0.707106781186548,0.707106781186548,0.));
#11030=DIRECTION('',(0.,0.,1.));
#11031=DIRECTION('center_axis',(0.996194751993327,0.0871551266475686,0.));
#11032=DIRECTION('ref_axis',(0.0871551266475686,-0.996194751993327,0.));
#11033=DIRECTION('',(0.,0.,1.));
#11034=DIRECTION('center_axis',(-0.819151269569126,0.573577542764088,0.));
#11035=DIRECTION('ref_axis',(0.573577542764088,0.819151269569126,0.));
#11036=DIRECTION('',(0.,0.,1.));
#11037=DIRECTION('center_axis',(1.,0.,0.));
#11038=DIRECTION('ref_axis',(0.,-1.,0.));
#11039=DIRECTION('',(0.,0.,1.));
#11040=DIRECTION('center_axis',(-0.906306352159043,0.42262133883202,0.));
#11041=DIRECTION('ref_axis',(0.42262133883202,0.906306352159043,0.));
#11042=DIRECTION('',(0.,0.,1.));
#11043=DIRECTION('center_axis',(0.999048214318454,-0.0436195537243098,0.));
#11044=DIRECTION('ref_axis',(-0.0436195537243098,-0.999048214318454,0.));
#11045=DIRECTION('',(0.,0.,1.));
#11046=DIRECTION('center_axis',(-0.965926255043508,0.258817444963868,0.));
#11047=DIRECTION('ref_axis',(0.258817444963868,0.965926255043508,0.));
#11048=DIRECTION('',(0.,0.,1.));
#11049=DIRECTION('center_axis',(0.991444784778881,-0.130526774014984,0.));
#11050=DIRECTION('ref_axis',(-0.130526774014984,-0.991444784778881,0.));
#11051=DIRECTION('',(0.,0.,1.));
#11052=DIRECTION('center_axis',(-0.996194751993327,0.0871551266475686,0.));
#11053=DIRECTION('ref_axis',(0.0871551266475686,0.996194751993327,0.));
#11054=DIRECTION('',(0.,0.,1.));
#11055=DIRECTION('center_axis',(0.976296095947831,-0.216439213260962,0.));
#11056=DIRECTION('ref_axis',(-0.216439213260962,-0.976296095947831,0.));
#11057=DIRECTION('',(0.,0.,1.));
#11058=DIRECTION('center_axis',(-1.,0.,0.));
#11059=DIRECTION('ref_axis',(0.,1.,0.));
#11060=DIRECTION('',(0.,0.,1.));
#11061=DIRECTION('center_axis',(0.953717275220764,-0.300704770406926,0.));
#11062=DIRECTION('ref_axis',(-0.300704770406926,-0.953717275220764,0.));
#11063=DIRECTION('',(0.,0.,1.));
#11064=DIRECTION('center_axis',(-0.999048214318454,-0.0436195537243098,
0.));
#11065=DIRECTION('ref_axis',(-0.0436195537243098,0.999048214318454,0.));
#11066=DIRECTION('',(0.,0.,1.));
#11067=DIRECTION('center_axis',(0.923879681507649,-0.382683072655854,0.));
#11068=DIRECTION('ref_axis',(-0.382683072655854,-0.923879681507649,0.));
#11069=DIRECTION('',(0.,0.,1.));
#11070=DIRECTION('center_axis',(-0.991444784778881,-0.130526774014984,0.));
#11071=DIRECTION('ref_axis',(-0.130526774014984,0.991444784778881,0.));
#11072=DIRECTION('',(0.,0.,1.));
#11073=DIRECTION('center_axis',(0.887010266653717,-0.461749701516853,0.));
#11074=DIRECTION('ref_axis',(-0.461749701516853,-0.887010266653717,0.));
#11075=DIRECTION('',(0.,0.,1.));
#11076=DIRECTION('center_axis',(-0.976296095947831,-0.216439213260962,0.));
#11077=DIRECTION('ref_axis',(-0.216439213260962,0.976296095947831,0.));
#11078=DIRECTION('',(0.,0.,1.));
#11079=DIRECTION('center_axis',(0.843390911280499,-0.537300447393681,0.));
#11080=DIRECTION('ref_axis',(-0.537300447393681,-0.843390911280499,0.));
#11081=DIRECTION('',(0.,0.,1.));
#11082=DIRECTION('center_axis',(-0.953717275220764,-0.300704770406926,0.));
#11083=DIRECTION('ref_axis',(-0.300704770406926,0.953717275220764,0.));
#11084=DIRECTION('',(0.,0.,1.));
#11085=DIRECTION('center_axis',(0.793354209594673,-0.608760296108749,0.));
#11086=DIRECTION('ref_axis',(-0.608760296108749,-0.793354209594673,0.));
#11087=DIRECTION('',(0.,0.,1.));
#11088=DIRECTION('center_axis',(-0.923879681507649,-0.382683072655854,0.));
#11089=DIRECTION('ref_axis',(-0.382683072655854,0.923879681507649,0.));
#11090=DIRECTION('',(0.,0.,1.));
#11091=DIRECTION('center_axis',(0.737276172559305,-0.675591478170279,0.));
#11092=DIRECTION('ref_axis',(-0.675591478170279,-0.737276172559305,0.));
#11093=DIRECTION('',(0.,0.,1.));
#11094=DIRECTION('center_axis',(-0.887010266653717,-0.461749701516853,0.));
#11095=DIRECTION('ref_axis',(-0.461749701516853,0.887010266653717,0.));
#11096=DIRECTION('',(0.,0.,1.));
#11097=DIRECTION('center_axis',(0.675591478170279,-0.737276172559305,0.));
#11098=DIRECTION('ref_axis',(-0.737276172559305,-0.675591478170279,0.));
#11099=DIRECTION('',(0.,0.,1.));
#11100=DIRECTION('center_axis',(-0.843390911280499,-0.537300447393681,0.));
#11101=DIRECTION('ref_axis',(-0.537300447393681,0.843390911280499,0.));
#11102=DIRECTION('',(0.,0.,1.));
#11103=DIRECTION('center_axis',(0.608760296108749,-0.793354209594673,0.));
#11104=DIRECTION('ref_axis',(-0.793354209594673,-0.608760296108749,0.));
#11105=DIRECTION('',(0.,0.,1.));
#11106=DIRECTION('center_axis',(-0.793354209594673,-0.608760296108749,0.));
#11107=DIRECTION('ref_axis',(-0.608760296108749,0.793354209594673,0.));
#11108=DIRECTION('',(0.,0.,1.));
#11109=DIRECTION('center_axis',(0.537300447393681,-0.843390911280499,0.));
#11110=DIRECTION('ref_axis',(-0.843390911280499,-0.537300447393681,0.));
#11111=DIRECTION('',(0.,0.,1.));
#11112=DIRECTION('center_axis',(-0.737276172559305,-0.675591478170279,0.));
#11113=DIRECTION('ref_axis',(-0.675591478170279,0.737276172559305,0.));
#11114=DIRECTION('',(0.,0.,1.));
#11115=DIRECTION('center_axis',(0.461749701516853,-0.887010266653717,0.));
#11116=DIRECTION('ref_axis',(-0.887010266653717,-0.461749701516853,0.));
#11117=DIRECTION('',(0.,0.,1.));
#11118=DIRECTION('center_axis',(-0.675591478170279,-0.737276172559305,0.));
#11119=DIRECTION('ref_axis',(-0.737276172559305,0.675591478170279,0.));
#11120=DIRECTION('',(0.,0.,1.));
#11121=DIRECTION('center_axis',(0.382683072655854,-0.923879681507649,0.));
#11122=DIRECTION('ref_axis',(-0.923879681507649,-0.382683072655854,0.));
#11123=DIRECTION('',(0.,0.,1.));
#11124=DIRECTION('center_axis',(-0.608760296108749,-0.793354209594673,0.));
#11125=DIRECTION('ref_axis',(-0.793354209594673,0.608760296108749,0.));
#11126=DIRECTION('',(0.,0.,1.));
#11127=DIRECTION('center_axis',(0.300704770406926,-0.953717275220764,0.));
#11128=DIRECTION('ref_axis',(-0.953717275220764,-0.300704770406926,0.));
#11129=DIRECTION('',(0.,0.,1.));
#11130=DIRECTION('center_axis',(-0.537300447393681,-0.843390911280499,0.));
#11131=DIRECTION('ref_axis',(-0.843390911280499,0.537300447393681,0.));
#11132=DIRECTION('',(0.,0.,1.));
#11133=DIRECTION('center_axis',(0.216439213260962,-0.976296095947831,0.));
#11134=DIRECTION('ref_axis',(-0.976296095947831,-0.216439213260962,0.));
#11135=DIRECTION('',(0.,0.,1.));
#11136=DIRECTION('center_axis',(-0.461749701516853,-0.887010266653717,0.));
#11137=DIRECTION('ref_axis',(-0.887010266653717,0.461749701516853,0.));
#11138=DIRECTION('',(0.,0.,1.));
#11139=DIRECTION('center_axis',(0.130526774014984,-0.991444784778881,0.));
#11140=DIRECTION('ref_axis',(-0.991444784778881,-0.130526774014984,0.));
#11141=DIRECTION('',(0.,0.,1.));
#11142=DIRECTION('center_axis',(-0.382683072655854,-0.923879681507649,0.));
#11143=DIRECTION('ref_axis',(-0.923879681507649,0.382683072655854,0.));
#11144=DIRECTION('',(0.,0.,1.));
#11145=DIRECTION('center_axis',(0.0436195537243098,-0.999048214318454,0.));
#11146=DIRECTION('ref_axis',(-0.999048214318454,-0.0436195537243098,0.));
#11147=DIRECTION('',(0.,0.,1.));
#11148=DIRECTION('center_axis',(-0.300704770406926,-0.953717275220764,0.));
#11149=DIRECTION('ref_axis',(-0.953717275220764,0.300704770406926,0.));
#11150=DIRECTION('',(0.,0.,1.));
#11151=DIRECTION('center_axis',(0.,-1.,0.));
#11152=DIRECTION('ref_axis',(-1.,0.,0.));
#11153=DIRECTION('',(0.,0.,1.));
#11154=DIRECTION('center_axis',(-0.216439213260962,-0.976296095947831,0.));
#11155=DIRECTION('ref_axis',(-0.976296095947831,0.216439213260962,0.));
#11156=DIRECTION('',(0.,0.,1.));
#11157=DIRECTION('center_axis',(-0.0436195537243098,-0.999048214318454,
0.));
#11158=DIRECTION('ref_axis',(-0.999048214318454,0.0436195537243098,0.));
#11159=DIRECTION('',(0.,0.,1.));
#11160=DIRECTION('center_axis',(-0.130526774014984,-0.991444784778881,0.));
#11161=DIRECTION('ref_axis',(-0.991444784778881,0.130526774014984,0.));
#11162=DIRECTION('center_axis',(0.,0.,1.));
#11163=DIRECTION('ref_axis',(1.,0.,0.));
#11164=DIRECTION('',(0.,0.,1.));
#11165=DIRECTION('center_axis',(0.,0.,1.));
#11166=DIRECTION('ref_axis',(1.,0.,0.));
#11167=DIRECTION('',(0.,0.,1.));
#11168=DIRECTION('center_axis',(0.,0.,1.));
#11169=DIRECTION('ref_axis',(1.,0.,0.));
#11170=DIRECTION('',(0.,0.,1.));
#11171=DIRECTION('center_axis',(0.,0.,1.));
#11172=DIRECTION('ref_axis',(1.,0.,0.));
#11173=DIRECTION('',(0.,0.,1.));
#11174=DIRECTION('',(0.,0.,1.));
#11175=DIRECTION('',(-1.,1.224646799147E-16,0.));
#11176=DIRECTION('',(0.,0.,1.));
#11177=DIRECTION('',(1.110223024625E-16,-1.,0.));
#11178=DIRECTION('',(0.,0.,1.));
#11179=DIRECTION('',(1.,-6.16297582203915E-33,0.));
#11180=DIRECTION('axis',(0.,0.,1.));
#11181=DIRECTION('refdir',(1.,0.,0.));
#11182=DIRECTION('center_axis',(1.,0.,0.));
#11183=DIRECTION('ref_axis',(0.,0.707106781186546,-0.707106781186549));
#11184=DIRECTION('center_axis',(1.,0.,0.));
#11185=DIRECTION('ref_axis',(0.,0.,-1.));
#11186=DIRECTION('',(1.,0.,0.));
#11187=DIRECTION('center_axis',(-1.,0.,0.));
#11188=DIRECTION('ref_axis',(0.,1.,0.));
#11189=DIRECTION('',(-1.,0.,0.));
#11190=DIRECTION('center_axis',(0.,0.,-1.));
#11191=DIRECTION('ref_axis',(-1.,0.,0.));
#11192=DIRECTION('center_axis',(0.,1.,0.));
#11193=DIRECTION('ref_axis',(1.,0.,0.));
#11194=DIRECTION('center_axis',(0.,0.,1.));
#11195=DIRECTION('ref_axis',(0.707106781186548,0.707106781186548,0.));
#11196=DIRECTION('center_axis',(0.,0.,-1.));
#11197=DIRECTION('ref_axis',(0.707106781186548,0.707106781186548,0.));
#11198=DIRECTION('center_axis',(0.,-1.,0.));
#11199=DIRECTION('ref_axis',(0.707106781186546,0.,-0.707106781186549));
#11200=DIRECTION('center_axis',(0.,1.,0.));
#11201=DIRECTION('ref_axis',(1.,0.,0.));
#11202=DIRECTION('',(0.,1.,0.));
#11203=DIRECTION('',(0.,-1.,0.));
#11204=DIRECTION('center_axis',(0.,0.,-1.));
#11205=DIRECTION('ref_axis',(-1.,0.,0.));
#11206=DIRECTION('center_axis',(1.,0.,0.));
#11207=DIRECTION('ref_axis',(0.,-1.,0.));
#11208=DIRECTION('center_axis',(0.,0.,1.));
#11209=DIRECTION('ref_axis',(0.707106781186548,-0.707106781186547,0.));
#11210=DIRECTION('center_axis',(0.,0.,-1.));
#11211=DIRECTION('ref_axis',(0.707106781186548,-0.707106781186547,0.));
#11212=DIRECTION('center_axis',(-1.,0.,0.));
#11213=DIRECTION('ref_axis',(0.,-0.707106781186547,-0.707106781186548));
#11214=DIRECTION('center_axis',(1.,0.,0.));
#11215=DIRECTION('ref_axis',(0.,-1.,0.));
#11216=DIRECTION('',(1.,0.,0.));
#11217=DIRECTION('',(-1.,0.,0.));
#11218=DIRECTION('center_axis',(0.,0.,-1.));
#11219=DIRECTION('ref_axis',(-1.,0.,0.));
#11220=DIRECTION('center_axis',(-5.55111512312579E-16,-1.,0.));
#11221=DIRECTION('ref_axis',(-1.,5.55111512312579E-16,0.));
#11222=DIRECTION('center_axis',(0.,0.,1.));
#11223=DIRECTION('ref_axis',(-0.707106781186548,-0.707106781186547,0.));
#11224=DIRECTION('center_axis',(0.,0.,-1.));
#11225=DIRECTION('ref_axis',(-0.707106781186548,-0.707106781186547,0.));
#11226=DIRECTION('center_axis',(0.,1.,0.));
#11227=DIRECTION('ref_axis',(-0.707106781186547,0.,-0.707106781186548));
#11228=DIRECTION('center_axis',(0.,-1.,0.));
#11229=DIRECTION('ref_axis',(-1.,0.,0.));
#11230=DIRECTION('',(0.,-1.,0.));
#11231=DIRECTION('',(0.,1.,0.));
#11232=DIRECTION('center_axis',(0.,0.,-1.));
#11233=DIRECTION('ref_axis',(-1.,0.,0.));
#11234=DIRECTION('center_axis',(0.,0.,1.));
#11235=DIRECTION('ref_axis',(-0.707106781186547,0.707106781186548,0.));
#11236=DIRECTION('center_axis',(0.,0.,-1.));
#11237=DIRECTION('ref_axis',(-0.707106781186547,0.707106781186548,0.));
#11238=DIRECTION('center_axis',(0.,0.,1.));
#11239=DIRECTION('ref_axis',(0.,-1.,0.));
#11240=DIRECTION('',(0.,0.,1.));
#11241=DIRECTION('center_axis',(0.,0.,1.));
#11242=DIRECTION('ref_axis',(0.,-1.,0.));
#11243=DIRECTION('',(0.,0.,-1.));
#11244=DIRECTION('center_axis',(1.,0.,0.));
#11245=DIRECTION('ref_axis',(0.,1.,0.));
#11246=DIRECTION('',(0.,0.,1.));
#11247=DIRECTION('',(0.,1.,0.));
#11248=DIRECTION('center_axis',(0.,0.,1.));
#11249=DIRECTION('ref_axis',(1.,0.,0.));
#11250=DIRECTION('',(0.,0.,1.));
#11251=DIRECTION('center_axis',(0.,0.,1.));
#11252=DIRECTION('ref_axis',(1.,0.,0.));
#11253=DIRECTION('center_axis',(0.,1.,0.));
#11254=DIRECTION('ref_axis',(-1.,0.,0.));
#11255=DIRECTION('',(0.,0.,1.));
#11256=DIRECTION('',(-1.,0.,0.));
#11257=DIRECTION('center_axis',(0.,0.,1.));
#11258=DIRECTION('ref_axis',(-1.,0.,0.));
#11259=DIRECTION('center_axis',(0.,0.,1.));
#11260=DIRECTION('ref_axis',(-1.,0.,0.));
#11261=DIRECTION('center_axis',(0.,0.,1.));
#11262=DIRECTION('ref_axis',(-1.,0.,0.));
#11263=DIRECTION('center_axis',(0.,0.,-1.));
#11264=DIRECTION('ref_axis',(-1.,0.,0.));
#11265=DIRECTION('center_axis',(0.,0.,-1.));
#11266=DIRECTION('ref_axis',(-1.,0.,0.));
#11267=DIRECTION('center_axis',(0.,0.,-1.));
#11268=DIRECTION('ref_axis',(-1.,0.,0.));
#11269=DIRECTION('center_axis',(0.,0.,-1.));
#11270=DIRECTION('ref_axis',(-1.,0.,0.));
#11271=DIRECTION('center_axis',(0.,0.,1.));
#11272=DIRECTION('ref_axis',(-1.,0.,0.));
#11273=DIRECTION('',(0.,1.,0.));
#11274=DIRECTION('',(-1.,0.,0.));
#11275=DIRECTION('',(0.,-1.,0.));
#11276=DIRECTION('',(-1.,0.,0.));
#11277=DIRECTION('',(1.64477485129653E-16,-1.,0.));
#11278=DIRECTION('',(1.,0.,0.));
#11279=DIRECTION('',(0.,-1.,0.));
#11280=DIRECTION('',(1.,0.,0.));
#11281=DIRECTION('',(0.,1.,0.));
#11282=DIRECTION('',(-0.965926255043495,-0.258817444963913,0.));
#11283=DIRECTION('',(-0.996194751993339,-0.0871551266474349,0.));
#11284=DIRECTION('',(-1.,-1.11600594741124E-15,0.));
#11285=DIRECTION('',(0.,1.,0.));
#11286=DIRECTION('',(1.,1.11753865350191E-15,0.));
#11287=DIRECTION('',(0.996194751993338,0.0871551266474437,0.));
#11288=DIRECTION('',(0.965926255043506,0.258817444963872,0.));
#11289=DIRECTION('',(0.906306352158828,0.42262133883248,0.));
#11290=DIRECTION('',(0.819151269569269,0.573577542763884,0.));
#11291=DIRECTION('',(0.707106781186548,0.707106781186548,0.));
#11292=DIRECTION('',(0.573577542764008,0.819151269569182,0.));
#11293=DIRECTION('',(0.422621338832282,0.906306352158921,0.));
#11294=DIRECTION('',(0.258817444963872,0.965926255043506,0.));
#11295=DIRECTION('',(0.0871551266475233,0.996194751993331,0.));
#11296=DIRECTION('',(0.,1.,0.));
#11297=DIRECTION('',(1.,0.,0.));
#11298=DIRECTION('',(0.,-1.,0.));
#11299=DIRECTION('',(1.,0.,0.));
#11300=DIRECTION('',(0.,1.,0.));
#11301=DIRECTION('',(-1.,0.,0.));
#11302=DIRECTION('',(-0.999048214318456,-0.0436195537242777,0.));
#11303=DIRECTION('',(-0.99144478477886,-0.130526774015139,0.));
#11304=DIRECTION('',(-0.976296095947766,-0.216439213261254,0.));
#11305=DIRECTION('',(-0.953717275220731,-0.300704770407029,0.));
#11306=DIRECTION('',(-0.923879681507517,-0.382683072656172,0.));
#11307=DIRECTION('',(-0.887010266653607,-0.461749701517063,0.));
#11308=DIRECTION('',(-0.843390911280583,-0.537300447393549,0.));
#11309=DIRECTION('',(-0.793354209594739,-0.608760296108664,0.));
#11310=DIRECTION('',(-0.737276172559139,-0.67559147817046,0.));
#11311=DIRECTION('',(-0.675591478170461,-0.737276172559138,0.));
#11312=DIRECTION('',(-0.608760296108669,-0.793354209594734,0.));
#11313=DIRECTION('',(-0.53730044739352,-0.843390911280601,0.));
#11314=DIRECTION('',(-0.461749701517079,-0.887010266653599,0.));
#11315=DIRECTION('',(-0.382683072656207,-0.923879681507503,0.));
#11316=DIRECTION('',(-0.300704770407017,-0.953717275220735,0.));
#11317=DIRECTION('',(-0.216439213261194,-0.976296095947779,0.));
#11318=DIRECTION('',(-0.130526774015174,-0.991444784778856,0.));
#11319=DIRECTION('',(-0.043619553724276,-0.999048214318456,0.));
#11320=DIRECTION('',(0.,-1.,0.));
#11321=DIRECTION('',(-1.,0.,0.));
#11322=DIRECTION('',(0.,1.,0.));
#11323=DIRECTION('',(0.0436195537242815,0.999048214318455,0.));
#11324=DIRECTION('',(0.130526774015178,0.991444784778855,0.));
#11325=DIRECTION('',(0.216439213261186,0.976296095947781,0.));
#11326=DIRECTION('',(0.300704770407018,0.953717275220735,0.));
#11327=DIRECTION('',(0.382683072656201,0.923879681507505,0.));
#11328=DIRECTION('',(0.461749701517084,0.887010266653596,0.));
#11329=DIRECTION('',(0.537300447393521,0.843390911280601,0.));
#11330=DIRECTION('',(0.60876029610867,0.793354209594733,0.));
#11331=DIRECTION('',(0.675591478170453,0.737276172559145,0.));
#11332=DIRECTION('',(0.73727617255915,0.675591478170448,0.));
#11333=DIRECTION('',(0.793354209594738,0.608760296108664,0.));
#11334=DIRECTION('',(0.84339091128058,0.537300447393554,0.));
#11335=DIRECTION('',(0.887010266653608,0.461749701517061,0.));
#11336=DIRECTION('',(0.923879681507516,0.382683072656174,0.));
#11337=DIRECTION('',(0.953717275220735,0.300704770407017,0.));
#11338=DIRECTION('',(0.97629609594776,0.216439213261279,0.));
#11339=DIRECTION('',(0.991444784778864,0.130526774015112,0.));
#11340=DIRECTION('',(0.999048214318455,0.0436195537242898,0.));
#11341=DIRECTION('',(1.,0.,0.));
#11342=DIRECTION('',(0.,-1.,0.));
#11343=DIRECTION('',(-1.,0.,0.));
#11344=DIRECTION('center_axis',(0.,0.,-1.));
#11345=DIRECTION('ref_axis',(-1.,0.,0.));
#11346=DIRECTION('center_axis',(0.,0.,-1.));
#11347=DIRECTION('ref_axis',(-1.,0.,0.));
#11348=DIRECTION('center_axis',(0.,0.,-1.));
#11349=DIRECTION('ref_axis',(-1.,0.,0.));
#11350=DIRECTION('center_axis',(0.,0.,-1.));
#11351=DIRECTION('ref_axis',(-1.,0.,0.));
#11352=DIRECTION('center_axis',(0.,0.,1.));
#11353=DIRECTION('ref_axis',(-1.,0.,0.));
#11354=DIRECTION('center_axis',(0.,0.,-1.));
#11355=DIRECTION('ref_axis',(-1.,0.,0.));
#11356=DIRECTION('center_axis',(0.,0.,1.));
#11357=DIRECTION('ref_axis',(-1.,0.,0.));
#11358=DIRECTION('center_axis',(0.,0.,-1.));
#11359=DIRECTION('ref_axis',(-1.,0.,0.));
#11360=DIRECTION('center_axis',(0.,0.,1.));
#11361=DIRECTION('ref_axis',(-1.,0.,0.));
#11362=DIRECTION('center_axis',(0.,0.,-1.));
#11363=DIRECTION('ref_axis',(-1.,0.,0.));
#11364=DIRECTION('center_axis',(0.,0.,1.));
#11365=DIRECTION('ref_axis',(-1.,0.,0.));
#11366=DIRECTION('center_axis',(0.,0.,-1.));
#11367=DIRECTION('ref_axis',(-1.,0.,0.));
#11368=DIRECTION('center_axis',(0.,0.,1.));
#11369=DIRECTION('ref_axis',(-1.,0.,0.));
#11370=DIRECTION('',(0.,0.,-1.));
#11371=DIRECTION('center_axis',(0.,0.,1.));
#11372=DIRECTION('ref_axis',(-1.,0.,0.));
#11373=DIRECTION('',(0.,0.,-1.));
#11374=DIRECTION('center_axis',(0.,0.,1.));
#11375=DIRECTION('ref_axis',(-1.,0.,0.));
#11376=DIRECTION('',(0.,0.,-1.));
#11377=DIRECTION('center_axis',(0.,0.,1.));
#11378=DIRECTION('ref_axis',(-1.,0.,0.));
#11379=DIRECTION('',(0.,0.,-1.));
#11380=DIRECTION('center_axis',(0.999048214318455,-0.0436195537242815,0.));
#11381=DIRECTION('ref_axis',(0.0436195537242815,0.999048214318455,0.));
#11382=DIRECTION('',(0.,0.,1.));
#11383=DIRECTION('',(0.0436195537242815,0.999048214318455,0.));
#11384=DIRECTION('',(0.,0.,1.));
#11385=DIRECTION('center_axis',(1.,0.,0.));
#11386=DIRECTION('ref_axis',(0.,1.,0.));
#11387=DIRECTION('',(0.,0.,1.));
#11388=DIRECTION('',(0.,1.,0.));
#11389=DIRECTION('center_axis',(0.,1.,0.));
#11390=DIRECTION('ref_axis',(-1.,0.,0.));
#11391=DIRECTION('',(0.,0.,1.));
#11392=DIRECTION('',(-1.,0.,0.));
#11393=DIRECTION('center_axis',(-1.,0.,0.));
#11394=DIRECTION('ref_axis',(0.,-1.,0.));
#11395=DIRECTION('',(0.,0.,1.));
#11396=DIRECTION('',(0.,-1.,0.));
#11397=DIRECTION('center_axis',(-0.999048214318456,0.043619553724276,0.));
#11398=DIRECTION('ref_axis',(-0.043619553724276,-0.999048214318456,0.));
#11399=DIRECTION('',(0.,0.,1.));
#11400=DIRECTION('',(-0.043619553724276,-0.999048214318456,0.));
#11401=DIRECTION('center_axis',(-0.991444784778856,0.130526774015174,0.));
#11402=DIRECTION('ref_axis',(-0.130526774015174,-0.991444784778856,0.));
#11403=DIRECTION('',(0.,0.,1.));
#11404=DIRECTION('',(-0.130526774015174,-0.991444784778856,0.));
#11405=DIRECTION('center_axis',(-0.976296095947779,0.216439213261194,0.));
#11406=DIRECTION('ref_axis',(-0.216439213261194,-0.976296095947779,0.));
#11407=DIRECTION('',(0.,0.,1.));
#11408=DIRECTION('',(-0.216439213261194,-0.976296095947779,0.));
#11409=DIRECTION('center_axis',(-0.953717275220735,0.300704770407017,0.));
#11410=DIRECTION('ref_axis',(-0.300704770407017,-0.953717275220735,0.));
#11411=DIRECTION('',(0.,0.,1.));
#11412=DIRECTION('',(-0.300704770407017,-0.953717275220735,0.));
#11413=DIRECTION('center_axis',(-0.923879681507503,0.382683072656207,0.));
#11414=DIRECTION('ref_axis',(-0.382683072656207,-0.923879681507503,0.));
#11415=DIRECTION('',(0.,0.,1.));
#11416=DIRECTION('',(-0.382683072656207,-0.923879681507503,0.));
#11417=DIRECTION('center_axis',(-0.887010266653599,0.461749701517079,0.));
#11418=DIRECTION('ref_axis',(-0.461749701517079,-0.887010266653599,0.));
#11419=DIRECTION('',(0.,0.,1.));
#11420=DIRECTION('',(-0.461749701517079,-0.887010266653599,0.));
#11421=DIRECTION('center_axis',(-0.843390911280601,0.53730044739352,0.));
#11422=DIRECTION('ref_axis',(-0.53730044739352,-0.843390911280601,0.));
#11423=DIRECTION('',(0.,0.,1.));
#11424=DIRECTION('',(-0.53730044739352,-0.843390911280601,0.));
#11425=DIRECTION('center_axis',(-0.793354209594734,0.608760296108669,0.));
#11426=DIRECTION('ref_axis',(-0.608760296108669,-0.793354209594734,0.));
#11427=DIRECTION('',(0.,0.,1.));
#11428=DIRECTION('',(-0.608760296108669,-0.793354209594734,0.));
#11429=DIRECTION('center_axis',(-0.737276172559138,0.675591478170461,0.));
#11430=DIRECTION('ref_axis',(-0.675591478170461,-0.737276172559138,0.));
#11431=DIRECTION('',(0.,0.,1.));
#11432=DIRECTION('',(-0.675591478170461,-0.737276172559137,0.));
#11433=DIRECTION('center_axis',(-0.67559147817046,0.737276172559139,0.));
#11434=DIRECTION('ref_axis',(-0.737276172559139,-0.67559147817046,0.));
#11435=DIRECTION('',(0.,0.,1.));
#11436=DIRECTION('',(-0.737276172559139,-0.67559147817046,0.));
#11437=DIRECTION('center_axis',(-0.608760296108664,0.793354209594739,0.));
#11438=DIRECTION('ref_axis',(-0.793354209594738,-0.608760296108663,0.));
#11439=DIRECTION('',(0.,0.,1.));
#11440=DIRECTION('',(-0.793354209594739,-0.608760296108663,0.));
#11441=DIRECTION('center_axis',(-0.537300447393549,0.843390911280583,0.));
#11442=DIRECTION('ref_axis',(-0.843390911280583,-0.537300447393549,0.));
#11443=DIRECTION('',(0.,0.,1.));
#11444=DIRECTION('',(-0.843390911280583,-0.537300447393549,0.));
#11445=DIRECTION('center_axis',(-0.461749701517063,0.887010266653607,0.));
#11446=DIRECTION('ref_axis',(-0.887010266653607,-0.461749701517063,0.));
#11447=DIRECTION('',(0.,0.,1.));
#11448=DIRECTION('',(-0.887010266653607,-0.461749701517063,0.));
#11449=DIRECTION('center_axis',(-0.382683072656172,0.923879681507517,0.));
#11450=DIRECTION('ref_axis',(-0.923879681507517,-0.382683072656172,0.));
#11451=DIRECTION('',(0.,0.,1.));
#11452=DIRECTION('',(-0.923879681507517,-0.382683072656172,0.));
#11453=DIRECTION('center_axis',(-0.300704770407029,0.953717275220731,0.));
#11454=DIRECTION('ref_axis',(-0.953717275220731,-0.300704770407029,0.));
#11455=DIRECTION('',(0.,0.,1.));
#11456=DIRECTION('',(-0.953717275220731,-0.300704770407029,0.));
#11457=DIRECTION('center_axis',(-0.216439213261254,0.976296095947766,0.));
#11458=DIRECTION('ref_axis',(-0.976296095947766,-0.216439213261254,0.));
#11459=DIRECTION('',(0.,0.,1.));
#11460=DIRECTION('',(-0.976296095947766,-0.216439213261254,0.));
#11461=DIRECTION('center_axis',(-0.130526774015139,0.99144478477886,0.));
#11462=DIRECTION('ref_axis',(-0.99144478477886,-0.130526774015139,0.));
#11463=DIRECTION('',(0.,0.,1.));
#11464=DIRECTION('',(-0.99144478477886,-0.130526774015139,0.));
#11465=DIRECTION('center_axis',(-0.0436195537242777,0.999048214318456,0.));
#11466=DIRECTION('ref_axis',(-0.999048214318456,-0.0436195537242777,0.));
#11467=DIRECTION('',(0.,0.,1.));
#11468=DIRECTION('',(-0.999048214318456,-0.0436195537242777,0.));
#11469=DIRECTION('center_axis',(0.991444784778855,-0.130526774015178,0.));
#11470=DIRECTION('ref_axis',(0.130526774015178,0.991444784778855,0.));
#11471=DIRECTION('',(0.130526774015178,0.991444784778855,0.));
#11472=DIRECTION('',(0.,0.,1.));
#11473=DIRECTION('center_axis',(0.976296095947781,-0.216439213261186,0.));
#11474=DIRECTION('ref_axis',(0.216439213261186,0.976296095947781,0.));
#11475=DIRECTION('',(0.216439213261185,0.976296095947781,0.));
#11476=DIRECTION('',(0.,0.,1.));
#11477=DIRECTION('center_axis',(0.953717275220735,-0.300704770407018,0.));
#11478=DIRECTION('ref_axis',(0.300704770407018,0.953717275220735,0.));
#11479=DIRECTION('',(0.300704770407018,0.953717275220735,0.));
#11480=DIRECTION('',(0.,0.,1.));
#11481=DIRECTION('center_axis',(0.923879681507505,-0.382683072656201,0.));
#11482=DIRECTION('ref_axis',(0.382683072656201,0.923879681507505,0.));
#11483=DIRECTION('',(0.382683072656201,0.923879681507505,0.));
#11484=DIRECTION('',(0.,0.,1.));
#11485=DIRECTION('center_axis',(0.887010266653597,-0.461749701517084,0.));
#11486=DIRECTION('ref_axis',(0.461749701517084,0.887010266653596,0.));
#11487=DIRECTION('',(0.461749701517084,0.887010266653596,0.));
#11488=DIRECTION('',(0.,0.,1.));
#11489=DIRECTION('center_axis',(0.843390911280601,-0.537300447393521,0.));
#11490=DIRECTION('ref_axis',(0.537300447393521,0.843390911280601,0.));
#11491=DIRECTION('',(0.537300447393521,0.843390911280601,0.));
#11492=DIRECTION('',(0.,0.,1.));
#11493=DIRECTION('center_axis',(0.793354209594733,-0.60876029610867,0.));
#11494=DIRECTION('ref_axis',(0.60876029610867,0.793354209594733,0.));
#11495=DIRECTION('',(0.60876029610867,0.793354209594733,0.));
#11496=DIRECTION('',(0.,0.,1.));
#11497=DIRECTION('center_axis',(0.737276172559145,-0.675591478170453,0.));
#11498=DIRECTION('ref_axis',(0.675591478170453,0.737276172559145,0.));
#11499=DIRECTION('',(0.675591478170453,0.737276172559145,0.));
#11500=DIRECTION('',(0.,0.,1.));
#11501=DIRECTION('center_axis',(0.675591478170448,-0.73727617255915,0.));
#11502=DIRECTION('ref_axis',(0.73727617255915,0.675591478170448,0.));
#11503=DIRECTION('',(0.73727617255915,0.675591478170448,0.));
#11504=DIRECTION('',(0.,0.,1.));
#11505=DIRECTION('center_axis',(0.608760296108664,-0.793354209594738,0.));
#11506=DIRECTION('ref_axis',(0.793354209594738,0.608760296108664,0.));
#11507=DIRECTION('',(0.793354209594738,0.608760296108664,0.));
#11508=DIRECTION('',(0.,0.,1.));
#11509=DIRECTION('center_axis',(0.537300447393554,-0.84339091128058,0.));
#11510=DIRECTION('ref_axis',(0.84339091128058,0.537300447393554,0.));
#11511=DIRECTION('',(0.84339091128058,0.537300447393554,0.));
#11512=DIRECTION('',(0.,0.,1.));
#11513=DIRECTION('center_axis',(0.461749701517061,-0.887010266653608,0.));
#11514=DIRECTION('ref_axis',(0.887010266653608,0.461749701517061,0.));
#11515=DIRECTION('',(0.887010266653608,0.461749701517061,0.));
#11516=DIRECTION('',(0.,0.,1.));
#11517=DIRECTION('center_axis',(0.382683072656174,-0.923879681507516,0.));
#11518=DIRECTION('ref_axis',(0.923879681507516,0.382683072656174,0.));
#11519=DIRECTION('',(0.923879681507516,0.382683072656173,0.));
#11520=DIRECTION('',(0.,0.,1.));
#11521=DIRECTION('center_axis',(0.300704770407017,-0.953717275220735,0.));
#11522=DIRECTION('ref_axis',(0.953717275220735,0.300704770407017,0.));
#11523=DIRECTION('',(0.953717275220735,0.300704770407017,0.));
#11524=DIRECTION('',(0.,0.,1.));
#11525=DIRECTION('center_axis',(0.216439213261279,-0.97629609594776,0.));
#11526=DIRECTION('ref_axis',(0.97629609594776,0.216439213261279,0.));
#11527=DIRECTION('',(0.97629609594776,0.216439213261279,0.));
#11528=DIRECTION('',(0.,0.,1.));
#11529=DIRECTION('center_axis',(0.130526774015112,-0.991444784778864,0.));
#11530=DIRECTION('ref_axis',(0.991444784778864,0.130526774015112,0.));
#11531=DIRECTION('',(0.991444784778864,0.130526774015112,0.));
#11532=DIRECTION('',(0.,0.,1.));
#11533=DIRECTION('center_axis',(0.0436195537242898,-0.999048214318455,0.));
#11534=DIRECTION('ref_axis',(0.999048214318455,0.0436195537242898,0.));
#11535=DIRECTION('',(0.999048214318455,0.0436195537242898,0.));
#11536=DIRECTION('',(0.,0.,1.));
#11537=DIRECTION('center_axis',(0.,-1.,0.));
#11538=DIRECTION('ref_axis',(1.,0.,0.));
#11539=DIRECTION('',(1.,0.,0.));
#11540=DIRECTION('',(0.,0.,1.));
#11541=DIRECTION('center_axis',(-1.,0.,0.));
#11542=DIRECTION('ref_axis',(0.,-1.,0.));
#11543=DIRECTION('',(0.,-1.,0.));
#11544=DIRECTION('',(0.,0.,1.));
#11545=DIRECTION('center_axis',(0.,1.,0.));
#11546=DIRECTION('ref_axis',(-1.,0.,0.));
#11547=DIRECTION('',(-1.,0.,0.));
#11548=DIRECTION('center_axis',(0.,0.,1.));
#11549=DIRECTION('ref_axis',(1.,0.,0.));
#11550=DIRECTION('center_axis',(-1.,0.,0.));
#11551=DIRECTION('ref_axis',(0.,-1.,0.));
#11552=DIRECTION('',(0.,0.,1.));
#11553=DIRECTION('',(0.,-1.,0.));
#11554=DIRECTION('',(0.,0.,1.));
#11555=DIRECTION('center_axis',(0.,0.,1.));
#11556=DIRECTION('ref_axis',(-1.,0.,0.));
#11557=DIRECTION('',(0.,0.,1.));
#11558=DIRECTION('center_axis',(0.,0.,1.));
#11559=DIRECTION('ref_axis',(-1.,0.,0.));
#11560=DIRECTION('center_axis',(0.,-1.,0.));
#11561=DIRECTION('ref_axis',(1.,0.,0.));
#11562=DIRECTION('',(1.,0.,0.));
#11563=DIRECTION('center_axis',(0.0871551266474437,-0.996194751993338,0.));
#11564=DIRECTION('ref_axis',(0.996194751993338,0.0871551266474437,0.));
#11565=DIRECTION('',(0.,0.,1.));
#11566=DIRECTION('',(0.996194751993338,0.0871551266474437,0.));
#11567=DIRECTION('',(0.,0.,1.));
#11568=DIRECTION('center_axis',(1.11753865350191E-15,-1.,0.));
#11569=DIRECTION('ref_axis',(1.,1.11753865350191E-15,0.));
#11570=DIRECTION('',(0.,0.,1.));
#11571=DIRECTION('',(1.,1.11753865350191E-15,0.));
#11572=DIRECTION('center_axis',(1.,0.,0.));
#11573=DIRECTION('ref_axis',(0.,1.,0.));
#11574=DIRECTION('',(0.,0.,1.));
#11575=DIRECTION('',(0.,1.,0.));
#11576=DIRECTION('center_axis',(-1.11600594741124E-15,1.,0.));
#11577=DIRECTION('ref_axis',(-1.,-1.11600594741124E-15,0.));
#11578=DIRECTION('',(0.,0.,1.));
#11579=DIRECTION('',(-1.,-1.11600594741124E-15,0.));
#11580=DIRECTION('center_axis',(-0.0871551266474349,0.996194751993339,0.));
#11581=DIRECTION('ref_axis',(-0.996194751993339,-0.0871551266474349,0.));
#11582=DIRECTION('',(0.,0.,1.));
#11583=DIRECTION('',(-0.996194751993339,-0.0871551266474349,0.));
#11584=DIRECTION('center_axis',(-0.258817444963913,0.965926255043495,0.));
#11585=DIRECTION('ref_axis',(-0.965926255043495,-0.258817444963913,0.));
#11586=DIRECTION('',(0.,0.,1.));
#11587=DIRECTION('',(-0.965926255043495,-0.258817444963913,0.));
#11588=DIRECTION('center_axis',(1.,0.,0.));
#11589=DIRECTION('ref_axis',(0.,1.,0.));
#11590=DIRECTION('',(0.,0.,1.));
#11591=DIRECTION('',(0.,1.,0.));
#11592=DIRECTION('center_axis',(0.,-1.,0.));
#11593=DIRECTION('ref_axis',(1.,0.,0.));
#11594=DIRECTION('',(0.,0.,1.));
#11595=DIRECTION('',(1.,0.,0.));
#11596=DIRECTION('center_axis',(-1.,0.,0.));
#11597=DIRECTION('ref_axis',(0.,-1.,0.));
#11598=DIRECTION('',(0.,0.,1.));
#11599=DIRECTION('',(0.,-1.,0.));
#11600=DIRECTION('center_axis',(0.,-1.,0.));
#11601=DIRECTION('ref_axis',(1.,0.,0.));
#11602=DIRECTION('',(0.,0.,1.));
#11603=DIRECTION('',(1.,0.,0.));
#11604=DIRECTION('center_axis',(-1.,-1.64477485129653E-16,0.));
#11605=DIRECTION('ref_axis',(1.64477485129653E-16,-1.,0.));
#11606=DIRECTION('',(0.,0.,1.));
#11607=DIRECTION('',(1.64477485129653E-16,-1.,0.));
#11608=DIRECTION('center_axis',(0.,1.,0.));
#11609=DIRECTION('ref_axis',(-1.,0.,0.));
#11610=DIRECTION('',(0.,0.,1.));
#11611=DIRECTION('',(-1.,0.,0.));
#11612=DIRECTION('center_axis',(-1.,0.,0.));
#11613=DIRECTION('ref_axis',(0.,-1.,0.));
#11614=DIRECTION('',(0.,0.,1.));
#11615=DIRECTION('',(0.,-1.,0.));
#11616=DIRECTION('center_axis',(0.,1.,0.));
#11617=DIRECTION('ref_axis',(-1.,0.,0.));
#11618=DIRECTION('',(0.,0.,1.));
#11619=DIRECTION('',(-1.,0.,0.));
#11620=DIRECTION('center_axis',(0.,0.,1.));
#11621=DIRECTION('ref_axis',(-1.,0.,0.));
#11622=DIRECTION('center_axis',(0.,0.,-1.));
#11623=DIRECTION('ref_axis',(-1.,0.,0.));
#11624=DIRECTION('',(0.,0.,-1.));
#11625=DIRECTION('center_axis',(1.,0.,0.));
#11626=DIRECTION('ref_axis',(0.,1.,0.));
#11627=DIRECTION('',(0.,0.,1.));
#11628=DIRECTION('',(0.,1.,0.));
#11629=DIRECTION('center_axis',(0.258817444963872,-0.965926255043506,0.));
#11630=DIRECTION('ref_axis',(0.965926255043506,0.258817444963872,0.));
#11631=DIRECTION('',(0.965926255043506,0.258817444963872,0.));
#11632=DIRECTION('',(0.,0.,1.));
#11633=DIRECTION('center_axis',(0.42262133883248,-0.906306352158828,0.));
#11634=DIRECTION('ref_axis',(0.906306352158828,0.42262133883248,0.));
#11635=DIRECTION('',(0.906306352158828,0.42262133883248,0.));
#11636=DIRECTION('',(0.,0.,1.));
#11637=DIRECTION('center_axis',(0.573577542763884,-0.819151269569269,0.));
#11638=DIRECTION('ref_axis',(0.819151269569269,0.573577542763884,0.));
#11639=DIRECTION('',(0.819151269569269,0.573577542763884,0.));
#11640=DIRECTION('',(0.,0.,1.));
#11641=DIRECTION('center_axis',(0.707106781186548,-0.707106781186548,0.));
#11642=DIRECTION('ref_axis',(0.707106781186548,0.707106781186548,0.));
#11643=DIRECTION('',(0.707106781186547,0.707106781186547,0.));
#11644=DIRECTION('',(0.,0.,1.));
#11645=DIRECTION('center_axis',(0.819151269569182,-0.573577542764008,0.));
#11646=DIRECTION('ref_axis',(0.573577542764008,0.819151269569182,0.));
#11647=DIRECTION('',(0.573577542764008,0.819151269569182,0.));
#11648=DIRECTION('',(0.,0.,1.));
#11649=DIRECTION('center_axis',(0.906306352158921,-0.422621338832282,0.));
#11650=DIRECTION('ref_axis',(0.422621338832282,0.906306352158921,0.));
#11651=DIRECTION('',(0.422621338832282,0.906306352158921,0.));
#11652=DIRECTION('',(0.,0.,1.));
#11653=DIRECTION('center_axis',(0.965926255043506,-0.258817444963872,0.));
#11654=DIRECTION('ref_axis',(0.258817444963872,0.965926255043506,0.));
#11655=DIRECTION('',(0.258817444963872,0.965926255043506,0.));
#11656=DIRECTION('',(0.,0.,1.));
#11657=DIRECTION('center_axis',(0.996194751993331,-0.0871551266475233,0.));
#11658=DIRECTION('ref_axis',(0.0871551266475233,0.996194751993331,0.));
#11659=DIRECTION('',(0.0871551266475233,0.996194751993331,0.));
#11660=DIRECTION('',(0.,0.,1.));
#11661=DIRECTION('center_axis',(1.,0.,0.));
#11662=DIRECTION('ref_axis',(0.,1.,0.));
#11663=DIRECTION('',(0.,1.,0.));
#11664=DIRECTION('',(0.,0.,1.));
#11665=DIRECTION('center_axis',(0.,-1.,0.));
#11666=DIRECTION('ref_axis',(1.,0.,0.));
#11667=DIRECTION('',(1.,0.,0.));
#11668=DIRECTION('',(0.,0.,1.));
#11669=DIRECTION('center_axis',(-1.,0.,0.));
#11670=DIRECTION('ref_axis',(0.,-1.,0.));
#11671=DIRECTION('',(0.,-1.,0.));
#11672=DIRECTION('',(0.,0.,1.));
#11673=DIRECTION('center_axis',(0.,-1.,0.));
#11674=DIRECTION('ref_axis',(1.,0.,0.));
#11675=DIRECTION('',(1.,0.,0.));
#11676=DIRECTION('',(0.,0.,1.));
#11677=DIRECTION('center_axis',(1.,0.,0.));
#11678=DIRECTION('ref_axis',(0.,1.,0.));
#11679=DIRECTION('',(0.,1.,0.));
#11680=DIRECTION('',(0.,0.,1.));
#11681=DIRECTION('center_axis',(0.,1.,0.));
#11682=DIRECTION('ref_axis',(-1.,0.,0.));
#11683=DIRECTION('',(-1.,0.,0.));
#11684=DIRECTION('center_axis',(0.,0.,1.));
#11685=DIRECTION('ref_axis',(-1.,0.,0.));
#11686=DIRECTION('center_axis',(0.,0.,-1.));
#11687=DIRECTION('ref_axis',(-1.,0.,0.));
#11688=DIRECTION('',(0.,0.,-1.));
#11689=DIRECTION('center_axis',(0.,0.,1.));
#11690=DIRECTION('ref_axis',(-1.,0.,0.));
#11691=DIRECTION('center_axis',(0.,0.,-1.));
#11692=DIRECTION('ref_axis',(-1.,0.,0.));
#11693=DIRECTION('',(0.,0.,-1.));
#11694=DIRECTION('center_axis',(0.,0.,1.));
#11695=DIRECTION('ref_axis',(-1.,0.,0.));
#11696=DIRECTION('center_axis',(0.,0.,-1.));
#11697=DIRECTION('ref_axis',(-1.,0.,0.));
#11698=DIRECTION('',(0.,0.,-1.));
#11699=DIRECTION('center_axis',(0.,0.,1.));
#11700=DIRECTION('ref_axis',(0.,1.,0.));
#11701=DIRECTION('center_axis',(0.,0.,1.));
#11702=DIRECTION('ref_axis',(0.,1.,0.));
#11703=DIRECTION('center_axis',(0.,0.,1.));
#11704=DIRECTION('ref_axis',(-1.,0.,0.));
#11705=DIRECTION('axis',(0.,0.,1.));
#11706=DIRECTION('refdir',(1.,0.,0.));
#11707=DIRECTION('',(0.,0.,-1.));
#11708=DIRECTION('',(0.,0.,-1.));
#11709=DIRECTION('',(0.,0.,-1.));
#11710=DIRECTION('center_axis',(-1.,0.,0.));
#11711=DIRECTION('ref_axis',(0.,1.,0.));
#11712=DIRECTION('',(0.,1.,0.));
#11713=DIRECTION('',(0.,0.,-1.));
#11714=DIRECTION('',(0.,1.,0.));
#11715=DIRECTION('center_axis',(0.,-1.,0.));
#11716=DIRECTION('ref_axis',(-1.,0.,0.));
#11717=DIRECTION('',(-1.,0.,0.));
#11718=DIRECTION('',(0.,0.,-1.));
#11719=DIRECTION('',(-1.,0.,0.));
#11720=DIRECTION('center_axis',(1.,0.,0.));
#11721=DIRECTION('ref_axis',(0.,-1.,0.));
#11722=DIRECTION('',(0.,-1.,0.));
#11723=DIRECTION('',(0.,0.,-1.));
#11724=DIRECTION('',(0.,-1.,0.));
#11725=DIRECTION('',(0.,0.,-1.));
#11726=DIRECTION('',(0.,0.,-1.));
#11727=DIRECTION('',(0.,0.,-1.));
#11728=DIRECTION('',(0.,0.,-1.));
#11729=DIRECTION('',(0.,0.,-1.));
#11730=DIRECTION('',(0.,0.,-1.));
#11731=DIRECTION('',(0.,0.,-1.));
#11732=DIRECTION('',(0.,0.,-1.));
#11733=DIRECTION('center_axis',(-1.,0.,0.));
#11734=DIRECTION('ref_axis',(0.,1.,0.));
#11735=DIRECTION('',(0.,1.,0.));
#11736=DIRECTION('',(0.,0.,-1.));
#11737=DIRECTION('',(0.,1.,0.));
#11738=DIRECTION('center_axis',(0.,-1.,0.));
#11739=DIRECTION('ref_axis',(-1.,0.,0.));
#11740=DIRECTION('',(-1.,0.,0.));
#11741=DIRECTION('',(0.,0.,-1.));
#11742=DIRECTION('',(-1.,0.,0.));
#11743=DIRECTION('center_axis',(1.,0.,0.));
#11744=DIRECTION('ref_axis',(0.,-1.,0.));
#11745=DIRECTION('',(0.,-1.,0.));
#11746=DIRECTION('',(0.,0.,-1.));
#11747=DIRECTION('',(0.,-1.,0.));
#11748=DIRECTION('',(0.,0.,-1.));
#11749=DIRECTION('',(0.,0.,-1.));
#11750=DIRECTION('',(0.,0.,-1.));
#11751=DIRECTION('',(0.,0.,-1.));
#11752=DIRECTION('',(0.,0.,-1.));
#11753=DIRECTION('',(0.,0.,-1.));
#11754=DIRECTION('center_axis',(0.,1.,0.));
#11755=DIRECTION('ref_axis',(1.,0.,0.));
#11756=DIRECTION('',(1.,0.,0.));
#11757=DIRECTION('',(0.,0.,-1.));
#11758=DIRECTION('',(1.,0.,0.));
#11759=DIRECTION('center_axis',(1.,0.,0.));
#11760=DIRECTION('ref_axis',(0.,-1.,0.));
#11761=DIRECTION('',(0.,-1.,0.));
#11762=DIRECTION('',(0.,0.,-1.));
#11763=DIRECTION('',(0.,0.,-1.));
#11764=DIRECTION('center_axis',(0.,1.,0.));
#11765=DIRECTION('ref_axis',(1.,0.,0.));
#11766=DIRECTION('',(1.,0.,0.));
#11767=DIRECTION('',(1.,0.,0.));
#11768=DIRECTION('center_axis',(0.,0.,1.));
#11769=DIRECTION('ref_axis',(-1.,0.,0.));
#11770=DIRECTION('center_axis',(0.,1.,0.));
#11771=DIRECTION('ref_axis',(1.,0.,0.));
#11772=DIRECTION('',(1.,0.,0.));
#11773=DIRECTION('',(0.,0.,-1.));
#11774=DIRECTION('',(1.,0.,0.));
#11775=DIRECTION('',(0.,0.,-1.));
#11776=DIRECTION('center_axis',(-0.805154683618164,0.593064866138379,0.));
#11777=DIRECTION('ref_axis',(0.593064866138379,0.805154683618164,0.));
#11778=DIRECTION('',(0.593064866138379,0.805154683618164,0.));
#11779=DIRECTION('',(0.,0.,-1.));
#11780=DIRECTION('',(0.593064866138379,0.805154683618164,0.));
#11781=DIRECTION('center_axis',(0.793917650376615,0.608025299161536,0.));
#11782=DIRECTION('ref_axis',(0.608025299161536,-0.793917650376615,0.));
#11783=DIRECTION('',(0.608025299161536,-0.793917650376615,0.));
#11784=DIRECTION('',(0.,0.,-1.));
#11785=DIRECTION('',(0.608025299161536,-0.793917650376615,0.));
#11786=DIRECTION('center_axis',(0.,1.,0.));
#11787=DIRECTION('ref_axis',(1.,0.,0.));
#11788=DIRECTION('',(1.,0.,0.));
#11789=DIRECTION('',(0.,0.,-1.));
#11790=DIRECTION('',(1.,0.,0.));
#11791=DIRECTION('center_axis',(-0.786973323372926,-0.616987024417347,0.));
#11792=DIRECTION('ref_axis',(-0.616987024417347,0.786973323372926,0.));
#11793=DIRECTION('',(-0.616987024417347,0.786973323372926,0.));
#11794=DIRECTION('',(0.,0.,-1.));
#11795=DIRECTION('',(-0.616987024417347,0.786973323372926,0.));
#11796=DIRECTION('center_axis',(-0.800880941789885,0.598823610988868,0.));
#11797=DIRECTION('ref_axis',(0.598823610988868,0.800880941789885,0.));
#11798=DIRECTION('',(0.598823610988868,0.800880941789885,0.));
#11799=DIRECTION('',(0.,0.,-1.));
#11800=DIRECTION('',(0.598823610988868,0.800880941789885,0.));
#11801=DIRECTION('center_axis',(0.,-1.,0.));
#11802=DIRECTION('ref_axis',(-1.,0.,0.));
#11803=DIRECTION('',(-1.,0.,0.));
#11804=DIRECTION('',(0.,0.,-1.));
#11805=DIRECTION('',(-1.,0.,0.));
#11806=DIRECTION('center_axis',(0.81593301875126,-0.578146442444694,0.));
#11807=DIRECTION('ref_axis',(-0.578146442444694,-0.81593301875126,0.));
#11808=DIRECTION('',(-0.578146442444694,-0.81593301875126,0.));
#11809=DIRECTION('',(0.,0.,-1.));
#11810=DIRECTION('',(-0.578146442444694,-0.81593301875126,0.));
#11811=DIRECTION('center_axis',(-0.802743543486609,-0.596324411197934,0.));
#11812=DIRECTION('ref_axis',(-0.596324411197934,0.802743543486609,0.));
#11813=DIRECTION('',(-0.596324411197934,0.802743543486609,0.));
#11814=DIRECTION('',(0.,0.,-1.));
#11815=DIRECTION('',(-0.596324411197934,0.802743543486609,0.));
#11816=DIRECTION('center_axis',(0.,-1.,0.));
#11817=DIRECTION('ref_axis',(-1.,0.,0.));
#11818=DIRECTION('',(-1.,0.,0.));
#11819=DIRECTION('',(0.,0.,-1.));
#11820=DIRECTION('',(-1.,0.,0.));
#11821=DIRECTION('center_axis',(0.78857230780385,0.614942042281149,0.));
#11822=DIRECTION('ref_axis',(0.614942042281149,-0.78857230780385,0.));
#11823=DIRECTION('',(0.614942042281149,-0.78857230780385,0.));
#11824=DIRECTION('',(0.,0.,-1.));
#11825=DIRECTION('',(0.614942042281149,-0.78857230780385,0.));
#11826=DIRECTION('center_axis',(0.79156348719395,-0.611086937956747,0.));
#11827=DIRECTION('ref_axis',(-0.611086937956747,-0.79156348719395,0.));
#11828=DIRECTION('',(-0.611086937956747,-0.79156348719395,0.));
#11829=DIRECTION('',(-0.611086937956747,-0.79156348719395,0.));
#11830=DIRECTION('center_axis',(0.,0.,-1.));
#11831=DIRECTION('ref_axis',(-1.,0.,0.));
#11832=DIRECTION('',(0.,0.,-1.));
#11833=DIRECTION('',(0.,0.,-1.));
#11834=DIRECTION('',(0.,0.,-1.));
#11835=DIRECTION('center_axis',(-1.,0.,0.));
#11836=DIRECTION('ref_axis',(0.,1.,0.));
#11837=DIRECTION('',(0.,1.,0.));
#11838=DIRECTION('',(0.,0.,-1.));
#11839=DIRECTION('',(0.,1.,0.));
#11840=DIRECTION('center_axis',(0.,-1.,0.));
#11841=DIRECTION('ref_axis',(-1.,0.,0.));
#11842=DIRECTION('',(-1.,0.,0.));
#11843=DIRECTION('',(0.,0.,-1.));
#11844=DIRECTION('',(-1.,0.,0.));
#11845=DIRECTION('center_axis',(1.,0.,0.));
#11846=DIRECTION('ref_axis',(0.,-1.,0.));
#11847=DIRECTION('',(0.,-1.,0.));
#11848=DIRECTION('',(0.,0.,-1.));
#11849=DIRECTION('',(0.,-1.,0.));
#11850=DIRECTION('',(0.,0.,-1.));
#11851=DIRECTION('',(0.,0.,-1.));
#11852=DIRECTION('',(0.,0.,-1.));
#11853=DIRECTION('',(0.,0.,-1.));
#11854=DIRECTION('',(0.,0.,-1.));
#11855=DIRECTION('',(0.,0.,-1.));
#11856=DIRECTION('',(0.,0.,-1.));
#11857=DIRECTION('',(0.,0.,-1.));
#11858=DIRECTION('center_axis',(-1.,0.,0.));
#11859=DIRECTION('ref_axis',(0.,1.,0.));
#11860=DIRECTION('',(0.,1.,0.));
#11861=DIRECTION('',(0.,0.,-1.));
#11862=DIRECTION('',(0.,1.,0.));
#11863=DIRECTION('center_axis',(0.,-1.,0.));
#11864=DIRECTION('ref_axis',(-1.,0.,0.));
#11865=DIRECTION('',(-1.,0.,0.));
#11866=DIRECTION('',(0.,0.,-1.));
#11867=DIRECTION('',(-1.,0.,0.));
#11868=DIRECTION('center_axis',(1.,0.,0.));
#11869=DIRECTION('ref_axis',(0.,-1.,0.));
#11870=DIRECTION('',(0.,-1.,0.));
#11871=DIRECTION('',(0.,0.,-1.));
#11872=DIRECTION('',(0.,-1.,0.));
#11873=DIRECTION('',(0.,0.,-1.));
#11874=DIRECTION('',(0.,0.,-1.));
#11875=DIRECTION('',(0.,0.,-1.));
#11876=DIRECTION('',(0.,0.,-1.));
#11877=DIRECTION('',(0.,0.,-1.));
#11878=DIRECTION('',(0.,0.,-1.));
#11879=DIRECTION('center_axis',(0.,1.,0.));
#11880=DIRECTION('ref_axis',(1.,0.,0.));
#11881=DIRECTION('',(1.,0.,0.));
#11882=DIRECTION('',(0.,0.,-1.));
#11883=DIRECTION('',(1.,0.,0.));
#11884=DIRECTION('center_axis',(1.,1.24110840338549E-13,0.));
#11885=DIRECTION('ref_axis',(1.24110840338549E-13,-1.,0.));
#11886=DIRECTION('',(1.24110840338549E-13,-1.,0.));
#11887=DIRECTION('',(0.,0.,-1.));
#11888=DIRECTION('',(0.,0.,-1.));
#11889=DIRECTION('center_axis',(0.,1.,0.));
#11890=DIRECTION('ref_axis',(1.,0.,0.));
#11891=DIRECTION('',(1.,0.,0.));
#11892=DIRECTION('',(1.,0.,0.));
#11893=DIRECTION('center_axis',(0.,0.,1.));
#11894=DIRECTION('ref_axis',(-1.,0.,0.));
#11895=DIRECTION('center_axis',(1.,0.,0.));
#11896=DIRECTION('ref_axis',(0.,-1.,0.));
#11897=DIRECTION('',(0.,-1.,0.));
#11898=DIRECTION('',(0.,0.,-1.));
#11899=DIRECTION('',(0.,-1.,0.));
#11900=DIRECTION('',(0.,0.,-1.));
#11901=DIRECTION('',(0.,0.,-1.));
#11902=DIRECTION('',(0.,0.,-1.));
#11903=DIRECTION('',(0.,0.,-1.));
#11904=DIRECTION('',(0.,0.,-1.));
#11905=DIRECTION('',(0.,0.,-1.));
#11906=DIRECTION('',(0.,0.,-1.));
#11907=DIRECTION('',(0.,0.,-1.));
#11908=DIRECTION('',(0.,0.,-1.));
#11909=DIRECTION('',(0.,0.,-1.));
#11910=DIRECTION('',(0.,0.,-1.));
#11911=DIRECTION('',(0.,0.,-1.));
#11912=DIRECTION('',(0.,0.,-1.));
#11913=DIRECTION('center_axis',(0.,1.,0.));
#11914=DIRECTION('ref_axis',(1.,0.,0.));
#11915=DIRECTION('',(1.,0.,0.));
#11916=DIRECTION('',(1.,0.,0.));
#11917=DIRECTION('',(0.,0.,-1.));
#11918=DIRECTION('',(0.,0.,-1.));
#11919=DIRECTION('',(0.,0.,-1.));
#11920=DIRECTION('',(0.,0.,-1.));
#11921=DIRECTION('',(0.,0.,-1.));
#11922=DIRECTION('',(0.,0.,-1.));
#11923=DIRECTION('',(0.,0.,-1.));
#11924=DIRECTION('',(0.,0.,-1.));
#11925=DIRECTION('',(0.,0.,-1.));
#11926=DIRECTION('',(0.,0.,-1.));
#11927=DIRECTION('',(0.,0.,-1.));
#11928=DIRECTION('center_axis',(0.,1.,0.));
#11929=DIRECTION('ref_axis',(1.,0.,0.));
#11930=DIRECTION('',(1.,0.,0.));
#11931=DIRECTION('',(0.,0.,-1.));
#11932=DIRECTION('',(1.,0.,0.));
#11933=DIRECTION('',(0.,0.,-1.));
#11934=DIRECTION('',(0.,0.,-1.));
#11935=DIRECTION('center_axis',(0.,1.,0.));
#11936=DIRECTION('ref_axis',(1.,0.,0.));
#11937=DIRECTION('',(1.,0.,0.));
#11938=DIRECTION('',(0.,0.,-1.));
#11939=DIRECTION('',(1.,0.,0.));
#11940=DIRECTION('',(0.,0.,-1.));
#11941=DIRECTION('',(0.,0.,-1.));
#11942=DIRECTION('center_axis',(-1.,0.,0.));
#11943=DIRECTION('ref_axis',(0.,1.,0.));
#11944=DIRECTION('',(0.,1.,0.));
#11945=DIRECTION('',(0.,0.,-1.));
#11946=DIRECTION('',(0.,1.,0.));
#11947=DIRECTION('',(0.,0.,-1.));
#11948=DIRECTION('',(0.,0.,-1.));
#11949=DIRECTION('',(0.,0.,-1.));
#11950=DIRECTION('',(0.,0.,-1.));
#11951=DIRECTION('',(0.,0.,-1.));
#11952=DIRECTION('center_axis',(0.76153766636751,0.648120654433669,0.));
#11953=DIRECTION('ref_axis',(0.648120654433669,-0.76153766636751,0.));
#11954=DIRECTION('',(0.648120654433669,-0.76153766636751,0.));
#11955=DIRECTION('',(0.,0.,-1.));
#11956=DIRECTION('',(0.648120654433668,-0.76153766636751,0.));
#11957=DIRECTION('',(0.,0.,-1.));
#11958=DIRECTION('',(0.,0.,-1.));
#11959=DIRECTION('center_axis',(1.,0.,0.));
#11960=DIRECTION('ref_axis',(0.,-1.,0.));
#11961=DIRECTION('',(0.,-1.,0.));
#11962=DIRECTION('',(0.,0.,-1.));
#11963=DIRECTION('',(0.,-1.,0.));
#11964=DIRECTION('center_axis',(0.,-1.,0.));
#11965=DIRECTION('ref_axis',(-1.,0.,0.));
#11966=DIRECTION('',(-1.,0.,0.));
#11967=DIRECTION('',(-1.,0.,0.));
#11968=DIRECTION('center_axis',(0.,0.,1.));
#11969=DIRECTION('ref_axis',(-1.,0.,0.));
#11970=DIRECTION('center_axis',(0.,1.,0.));
#11971=DIRECTION('ref_axis',(1.,0.,0.));
#11972=DIRECTION('',(1.,0.,0.));
#11973=DIRECTION('',(0.,0.,-1.));
#11974=DIRECTION('',(1.,0.,0.));
#11975=DIRECTION('',(0.,0.,-1.));
#11976=DIRECTION('',(0.,0.,-1.));
#11977=DIRECTION('',(0.,0.,-1.));
#11978=DIRECTION('',(0.,0.,-1.));
#11979=DIRECTION('',(0.,0.,-1.));
#11980=DIRECTION('',(0.,0.,-1.));
#11981=DIRECTION('',(0.,0.,-1.));
#11982=DIRECTION('',(0.,0.,-1.));
#11983=DIRECTION('',(0.,0.,-1.));
#11984=DIRECTION('center_axis',(0.,-1.,0.));
#11985=DIRECTION('ref_axis',(-1.,0.,0.));
#11986=DIRECTION('',(-1.,0.,0.));
#11987=DIRECTION('',(0.,0.,-1.));
#11988=DIRECTION('',(-1.,0.,0.));
#11989=DIRECTION('center_axis',(-1.,0.,0.));
#11990=DIRECTION('ref_axis',(0.,1.,0.));
#11991=DIRECTION('',(0.,1.,0.));
#11992=DIRECTION('',(0.,1.,0.));
#11993=DIRECTION('center_axis',(0.,1.,0.));
#11994=DIRECTION('ref_axis',(1.,0.,0.));
#11995=DIRECTION('',(1.,0.,0.));
#11996=DIRECTION('',(0.,0.,-1.));
#11997=DIRECTION('',(1.,0.,0.));
#11998=DIRECTION('',(0.,0.,-1.));
#11999=DIRECTION('',(0.,0.,-1.));
#12000=DIRECTION('',(0.,0.,-1.));
#12001=DIRECTION('',(0.,0.,-1.));
#12002=DIRECTION('',(0.,0.,-1.));
#12003=DIRECTION('',(0.,0.,-1.));
#12004=DIRECTION('',(0.,0.,-1.));
#12005=DIRECTION('',(0.,0.,-1.));
#12006=DIRECTION('',(0.,0.,-1.));
#12007=DIRECTION('center_axis',(0.,-1.,0.));
#12008=DIRECTION('ref_axis',(-1.,0.,0.));
#12009=DIRECTION('',(-1.,0.,0.));
#12010=DIRECTION('',(0.,0.,-1.));
#12011=DIRECTION('',(-1.,0.,0.));
#12012=DIRECTION('center_axis',(1.,0.,0.));
#12013=DIRECTION('ref_axis',(0.,-1.,0.));
#12014=DIRECTION('',(0.,-1.,0.));
#12015=DIRECTION('',(0.,-1.,0.));
#12016=DIRECTION('center_axis',(0.,0.,1.));
#12017=DIRECTION('ref_axis',(-1.,0.,0.));
#12018=DIRECTION('',(0.,0.,-1.));
#12019=DIRECTION('',(0.,0.,-1.));
#12020=DIRECTION('',(0.,0.,-1.));
#12021=DIRECTION('',(0.,0.,-1.));
#12022=DIRECTION('',(0.,0.,-1.));
#12023=DIRECTION('',(0.,0.,-1.));
#12024=DIRECTION('',(0.,0.,-1.));
#12025=DIRECTION('',(0.,0.,-1.));
#12026=DIRECTION('',(0.,0.,-1.));
#12027=DIRECTION('',(0.,0.,-1.));
#12028=DIRECTION('',(0.,0.,-1.));
#12029=DIRECTION('',(0.,0.,-1.));
#12030=DIRECTION('',(0.,0.,-1.));
#12031=DIRECTION('',(0.,0.,-1.));
#12032=DIRECTION('',(0.,0.,-1.));
#12033=DIRECTION('',(0.,0.,-1.));
#12034=DIRECTION('',(0.,0.,-1.));
#12035=DIRECTION('',(0.,0.,-1.));
#12036=DIRECTION('',(0.,0.,-1.));
#12037=DIRECTION('',(0.,0.,-1.));
#12038=DIRECTION('',(0.,0.,-1.));
#12039=DIRECTION('',(0.,0.,-1.));
#12040=DIRECTION('',(0.,0.,-1.));
#12041=DIRECTION('',(0.,0.,-1.));
#12042=DIRECTION('',(0.,0.,-1.));
#12043=DIRECTION('',(0.,0.,-1.));
#12044=DIRECTION('',(0.,0.,-1.));
#12045=DIRECTION('',(0.,0.,-1.));
#12046=DIRECTION('',(0.,0.,-1.));
#12047=DIRECTION('',(0.,0.,-1.));
#12048=DIRECTION('',(0.,0.,-1.));
#12049=DIRECTION('',(0.,0.,-1.));
#12050=DIRECTION('center_axis',(0.,0.,1.));
#12051=DIRECTION('ref_axis',(-1.,0.,0.));
#12052=DIRECTION('center_axis',(0.,-1.,0.));
#12053=DIRECTION('ref_axis',(-1.,0.,0.));
#12054=DIRECTION('',(-1.,0.,0.));
#12055=DIRECTION('',(0.,0.,-1.));
#12056=DIRECTION('',(-1.,0.,0.));
#12057=DIRECTION('',(0.,0.,-1.));
#12058=DIRECTION('center_axis',(1.,0.,0.));
#12059=DIRECTION('ref_axis',(0.,-1.,0.));
#12060=DIRECTION('',(0.,-1.,0.));
#12061=DIRECTION('',(0.,0.,-1.));
#12062=DIRECTION('',(0.,-1.,0.));
#12063=DIRECTION('center_axis',(0.,1.,0.));
#12064=DIRECTION('ref_axis',(1.,0.,0.));
#12065=DIRECTION('',(1.,0.,0.));
#12066=DIRECTION('',(0.,0.,-1.));
#12067=DIRECTION('',(1.,0.,0.));
#12068=DIRECTION('center_axis',(-1.,0.,0.));
#12069=DIRECTION('ref_axis',(0.,1.,0.));
#12070=DIRECTION('',(0.,1.,0.));
#12071=DIRECTION('',(0.,1.,0.));
#12072=DIRECTION('center_axis',(0.,0.,-1.));
#12073=DIRECTION('ref_axis',(-1.,0.,0.));
#12074=DIRECTION('',(0.,0.,-1.));
#12075=DIRECTION('',(0.,0.,-1.));
#12076=DIRECTION('',(0.,0.,-1.));
#12077=DIRECTION('',(0.,0.,-1.));
#12078=DIRECTION('',(0.,0.,-1.));
#12079=DIRECTION('',(0.,0.,-1.));
#12080=DIRECTION('',(0.,0.,-1.));
#12081=DIRECTION('',(0.,0.,-1.));
#12082=DIRECTION('center_axis',(0.,0.,1.));
#12083=DIRECTION('ref_axis',(-1.,0.,0.));
#12084=DIRECTION('',(0.,0.,-1.));
#12085=DIRECTION('',(0.,0.,-1.));
#12086=DIRECTION('',(0.,0.,-1.));
#12087=DIRECTION('center_axis',(1.,0.,0.));
#12088=DIRECTION('ref_axis',(0.,-1.,0.));
#12089=DIRECTION('',(0.,-1.,0.));
#12090=DIRECTION('',(0.,0.,-1.));
#12091=DIRECTION('',(0.,-1.,0.));
#12092=DIRECTION('center_axis',(0.,1.,0.));
#12093=DIRECTION('ref_axis',(1.,0.,0.));
#12094=DIRECTION('',(1.,0.,0.));
#12095=DIRECTION('',(0.,0.,-1.));
#12096=DIRECTION('',(1.,0.,0.));
#12097=DIRECTION('center_axis',(-1.,0.,0.));
#12098=DIRECTION('ref_axis',(0.,1.,0.));
#12099=DIRECTION('',(0.,1.,0.));
#12100=DIRECTION('',(0.,0.,-1.));
#12101=DIRECTION('',(0.,1.,0.));
#12102=DIRECTION('',(0.,0.,-1.));
#12103=DIRECTION('',(0.,0.,-1.));
#12104=DIRECTION('',(0.,0.,-1.));
#12105=DIRECTION('',(0.,0.,-1.));
#12106=DIRECTION('',(0.,0.,-1.));
#12107=DIRECTION('',(0.,0.,-1.));
#12108=DIRECTION('center_axis',(1.,0.,0.));
#12109=DIRECTION('ref_axis',(0.,-1.,0.));
#12110=DIRECTION('',(0.,-1.,0.));
#12111=DIRECTION('',(0.,0.,-1.));
#12112=DIRECTION('',(0.,-1.,0.));
#12113=DIRECTION('center_axis',(0.,1.,0.));
#12114=DIRECTION('ref_axis',(1.,0.,0.));
#12115=DIRECTION('',(1.,0.,0.));
#12116=DIRECTION('',(0.,0.,-1.));
#12117=DIRECTION('',(1.,0.,0.));
#12118=DIRECTION('center_axis',(-1.,0.,0.));
#12119=DIRECTION('ref_axis',(0.,1.,0.));
#12120=DIRECTION('',(0.,1.,0.));
#12121=DIRECTION('',(0.,0.,-1.));
#12122=DIRECTION('',(0.,1.,0.));
#12123=DIRECTION('',(0.,0.,-1.));
#12124=DIRECTION('',(0.,0.,-1.));
#12125=DIRECTION('',(0.,0.,-1.));
#12126=DIRECTION('',(0.,0.,-1.));
#12127=DIRECTION('',(0.,0.,-1.));
#12128=DIRECTION('',(0.,0.,-1.));
#12129=DIRECTION('center_axis',(0.,-1.,0.));
#12130=DIRECTION('ref_axis',(-1.,0.,0.));
#12131=DIRECTION('',(-1.,0.,0.));
#12132=DIRECTION('',(0.,0.,-1.));
#12133=DIRECTION('',(-1.,0.,0.));
#12134=DIRECTION('',(0.,0.,-1.));
#12135=DIRECTION('',(0.,0.,-1.));
#12136=DIRECTION('center_axis',(0.,-1.,0.));
#12137=DIRECTION('ref_axis',(-1.,0.,0.));
#12138=DIRECTION('',(-1.,0.,0.));
#12139=DIRECTION('',(-1.,0.,0.));
#12140=DIRECTION('center_axis',(0.,0.,1.));
#12141=DIRECTION('ref_axis',(-1.,0.,0.));
#12142=DIRECTION('center_axis',(-0.835542347732726,0.54942605066131,0.));
#12143=DIRECTION('ref_axis',(0.54942605066131,0.835542347732726,0.));
#12144=DIRECTION('',(0.54942605066131,0.835542347732726,0.));
#12145=DIRECTION('',(0.,0.,-1.));
#12146=DIRECTION('',(0.54942605066131,0.835542347732726,0.));
#12147=DIRECTION('',(0.,0.,-1.));
#12148=DIRECTION('center_axis',(0.,-1.,0.));
#12149=DIRECTION('ref_axis',(-1.,0.,0.));
#12150=DIRECTION('',(-1.,0.,0.));
#12151=DIRECTION('',(0.,0.,-1.));
#12152=DIRECTION('',(-1.,0.,0.));
#12153=DIRECTION('center_axis',(0.845428753926854,-0.534088215591476,0.));
#12154=DIRECTION('ref_axis',(-0.534088215591476,-0.845428753926854,0.));
#12155=DIRECTION('',(-0.534088215591476,-0.845428753926854,0.));
#12156=DIRECTION('',(0.,0.,-1.));
#12157=DIRECTION('',(-0.534088215591476,-0.845428753926854,0.));
#12158=DIRECTION('center_axis',(-0.845428753926854,-0.534088215591476,0.));
#12159=DIRECTION('ref_axis',(-0.534088215591476,0.845428753926854,0.));
#12160=DIRECTION('',(-0.534088215591476,0.845428753926854,0.));
#12161=DIRECTION('',(0.,0.,-1.));
#12162=DIRECTION('',(-0.534088215591476,0.845428753926854,0.));
#12163=DIRECTION('center_axis',(0.,-1.,0.));
#12164=DIRECTION('ref_axis',(-1.,0.,0.));
#12165=DIRECTION('',(-1.,0.,0.));
#12166=DIRECTION('',(0.,0.,-1.));
#12167=DIRECTION('',(-1.,0.,0.));
#12168=DIRECTION('center_axis',(0.835542347732726,0.54942605066131,0.));
#12169=DIRECTION('ref_axis',(0.54942605066131,-0.835542347732726,0.));
#12170=DIRECTION('',(0.54942605066131,-0.835542347732726,0.));
#12171=DIRECTION('',(0.,0.,-1.));
#12172=DIRECTION('',(0.54942605066131,-0.835542347732726,0.));
#12173=DIRECTION('center_axis',(1.,0.,0.));
#12174=DIRECTION('ref_axis',(0.,-1.,0.));
#12175=DIRECTION('',(0.,-1.,0.));
#12176=DIRECTION('',(0.,0.,-1.));
#12177=DIRECTION('',(0.,-1.,0.));
#12178=DIRECTION('center_axis',(0.,1.,0.));
#12179=DIRECTION('ref_axis',(1.,0.,0.));
#12180=DIRECTION('',(1.,0.,0.));
#12181=DIRECTION('',(0.,0.,-1.));
#12182=DIRECTION('',(1.,0.,0.));
#12183=DIRECTION('center_axis',(-1.,0.,0.));
#12184=DIRECTION('ref_axis',(0.,1.,0.));
#12185=DIRECTION('',(0.,1.,0.));
#12186=DIRECTION('',(0.,1.,0.));
#12187=DIRECTION('center_axis',(0.,0.,-1.));
#12188=DIRECTION('ref_axis',(-1.,0.,0.));
#12189=DIRECTION('center_axis',(0.,0.,1.));
#12190=DIRECTION('ref_axis',(1.,0.,0.));
#12191=DIRECTION('',(0.,-1.,0.));
#12192=DIRECTION('center_axis',(0.,0.,-1.));
#12193=DIRECTION('ref_axis',(0.707106781186548,0.707106781186548,0.));
#12194=DIRECTION('',(1.,0.,0.));
#12195=DIRECTION('center_axis',(0.,0.,-1.));
#12196=DIRECTION('ref_axis',(-0.707106781186547,0.707106781186548,0.));
#12197=DIRECTION('',(0.,1.,0.));
#12198=DIRECTION('center_axis',(0.,0.,-1.));
#12199=DIRECTION('ref_axis',(-0.707106781186548,-0.707106781186548,0.));
#12200=DIRECTION('',(-1.,0.,0.));
#12201=DIRECTION('center_axis',(0.,0.,-1.));
#12202=DIRECTION('ref_axis',(0.707106781186548,-0.707106781186547,0.));
#12203=DIRECTION('center_axis',(0.,0.,-1.));
#12204=DIRECTION('ref_axis',(-1.,0.,0.));
#12205=DIRECTION('center_axis',(0.,0.,-1.));
#12206=DIRECTION('ref_axis',(-1.,0.,0.));
#12207=DIRECTION('center_axis',(0.,0.,-1.));
#12208=DIRECTION('ref_axis',(-1.,0.,0.));
#12209=DIRECTION('center_axis',(0.,0.,-1.));
#12210=DIRECTION('ref_axis',(-1.,0.,0.));
#12211=DIRECTION('',(1.,0.,0.));
#12212=DIRECTION('',(-2.32256601446391E-16,-1.,0.));
#12213=DIRECTION('center_axis',(0.,0.,-1.));
#12214=DIRECTION('ref_axis',(-1.,0.,0.));
#12215=DIRECTION('',(0.,1.,0.));
#12216=DIRECTION('',(1.,0.,0.));
#12217=DIRECTION('',(0.,-1.,0.));
#12218=DIRECTION('center_axis',(0.,0.,1.));
#12219=DIRECTION('ref_axis',(-1.,0.,0.));
#12220=DIRECTION('',(0.,1.,0.));
#12221=DIRECTION('center_axis',(0.,0.,-1.));
#12222=DIRECTION('ref_axis',(-1.,0.,0.));
#12223=DIRECTION('center_axis',(0.,0.,-1.));
#12224=DIRECTION('ref_axis',(0.,1.,0.));
#12225=DIRECTION('',(1.,0.,0.));
#12226=DIRECTION('center_axis',(0.,0.,-1.));
#12227=DIRECTION('ref_axis',(1.,0.,0.));
#12228=DIRECTION('center_axis',(0.,0.,-1.));
#12229=DIRECTION('ref_axis',(0.,-1.,0.));
#12230=DIRECTION('',(-1.,0.,0.));
#12231=DIRECTION('center_axis',(0.,0.,1.));
#12232=DIRECTION('ref_axis',(1.,0.,0.));
#12233=DIRECTION('center_axis',(0.,0.,1.));
#12234=DIRECTION('ref_axis',(1.,0.,0.));
#12235=DIRECTION('center_axis',(0.,0.,-1.));
#12236=DIRECTION('ref_axis',(-1.,0.,0.));
#12237=DIRECTION('center_axis',(0.,0.,1.));
#12238=DIRECTION('ref_axis',(-1.,0.,0.));
#12239=DIRECTION('',(0.,0.,-1.));
#12240=DIRECTION('',(0.,0.,-1.));
#12241=DIRECTION('center_axis',(0.,-1.,0.));
#12242=DIRECTION('ref_axis',(-1.,0.,0.));
#12243=DIRECTION('',(1.,0.,0.));
#12244=DIRECTION('',(0.,0.,-1.));
#12245=DIRECTION('center_axis',(0.,0.,-1.));
#12246=DIRECTION('ref_axis',(0.,-1.,0.));
#12247=DIRECTION('center_axis',(0.,0.,1.));
#12248=DIRECTION('ref_axis',(0.,-1.,0.));
#12249=DIRECTION('',(0.,0.,-1.));
#12250=DIRECTION('center_axis',(0.,0.,-1.));
#12251=DIRECTION('ref_axis',(1.,0.,0.));
#12252=DIRECTION('center_axis',(0.,0.,1.));
#12253=DIRECTION('ref_axis',(1.,0.,0.));
#12254=DIRECTION('',(0.,0.,-1.));
#12255=DIRECTION('center_axis',(0.,1.,0.));
#12256=DIRECTION('ref_axis',(1.,0.,0.));
#12257=DIRECTION('',(-1.,0.,0.));
#12258=DIRECTION('',(0.,0.,-1.));
#12259=DIRECTION('center_axis',(0.,0.,-1.));
#12260=DIRECTION('ref_axis',(0.,1.,0.));
#12261=DIRECTION('center_axis',(0.,0.,1.));
#12262=DIRECTION('ref_axis',(0.,1.,0.));
#12263=DIRECTION('center_axis',(0.,1.,0.));
#12264=DIRECTION('ref_axis',(1.,0.,0.));
#12265=DIRECTION('',(-1.,0.,0.));
#12266=DIRECTION('',(0.,0.,-1.));
#12267=DIRECTION('',(0.,0.,-1.));
#12268=DIRECTION('center_axis',(-1.,0.,0.));
#12269=DIRECTION('ref_axis',(0.,1.,0.));
#12270=DIRECTION('',(0.,-1.,0.));
#12271=DIRECTION('',(0.,0.,-1.));
#12272=DIRECTION('center_axis',(0.,0.,-1.));
#12273=DIRECTION('ref_axis',(-1.,0.,0.));
#12274=DIRECTION('center_axis',(0.,0.,-1.));
#12275=DIRECTION('ref_axis',(-1.,0.,0.));
#12276=DIRECTION('',(0.,0.,-1.));
#12277=DIRECTION('center_axis',(1.,0.,0.));
#12278=DIRECTION('ref_axis',(0.,-1.,0.));
#12279=DIRECTION('',(0.,1.,0.));
#12280=DIRECTION('',(0.,0.,-1.));
#12281=DIRECTION('center_axis',(0.,1.,0.));
#12282=DIRECTION('ref_axis',(1.,0.,0.));
#12283=DIRECTION('',(-1.,0.,0.));
#12284=DIRECTION('',(0.,0.,-1.));
#12285=DIRECTION('center_axis',(-1.,0.,0.));
#12286=DIRECTION('ref_axis',(0.,1.,0.));
#12287=DIRECTION('',(0.,-1.,0.));
#12288=DIRECTION('',(0.,0.,-1.));
#12289=DIRECTION('center_axis',(0.,0.,-1.));
#12290=DIRECTION('ref_axis',(-1.,0.,0.));
#12291=DIRECTION('center_axis',(0.,0.,1.));
#12292=DIRECTION('ref_axis',(-1.,0.,0.));
#12293=DIRECTION('',(0.,0.,-1.));
#12294=DIRECTION('center_axis',(1.,-2.32256601446391E-16,0.));
#12295=DIRECTION('ref_axis',(-2.32256601446391E-16,-1.,0.));
#12296=DIRECTION('',(2.32256601446391E-16,1.,0.));
#12297=DIRECTION('center_axis',(0.,1.,0.));
#12298=DIRECTION('ref_axis',(0.707106781186546,0.,0.707106781186549));
#12299=DIRECTION('center_axis',(0.,1.,0.));
#12300=DIRECTION('ref_axis',(0.,0.,1.));
#12301=DIRECTION('',(0.,-1.,0.));
#12302=DIRECTION('center_axis',(0.,-1.,0.));
#12303=DIRECTION('ref_axis',(1.,0.,0.));
#12304=DIRECTION('center_axis',(0.,0.,1.));
#12305=DIRECTION('ref_axis',(1.,0.,0.));
#12306=DIRECTION('center_axis',(0.,0.,-1.));
#12307=DIRECTION('ref_axis',(1.,0.,0.));
#12308=DIRECTION('center_axis',(1.,0.,0.));
#12309=DIRECTION('ref_axis',(0.,1.,0.));
#12310=DIRECTION('center_axis',(-1.,0.,0.));
#12311=DIRECTION('ref_axis',(0.,0.707106781186549,0.707106781186546));
#12312=DIRECTION('',(1.,0.,0.));
#12313=DIRECTION('center_axis',(1.,0.,0.));
#12314=DIRECTION('ref_axis',(0.,1.,0.));
#12315=DIRECTION('center_axis',(0.,0.,1.));
#12316=DIRECTION('ref_axis',(1.,0.,0.));
#12317=DIRECTION('center_axis',(0.,0.,-1.));
#12318=DIRECTION('ref_axis',(0.,1.,0.));
#12319=DIRECTION('center_axis',(0.,1.,0.));
#12320=DIRECTION('ref_axis',(-1.,0.,0.));
#12321=DIRECTION('center_axis',(0.,-1.,0.));
#12322=DIRECTION('ref_axis',(-0.707106781186548,0.,0.707106781186547));
#12323=DIRECTION('',(0.,1.,0.));
#12324=DIRECTION('center_axis',(0.,1.,0.));
#12325=DIRECTION('ref_axis',(-1.,0.,0.));
#12326=DIRECTION('center_axis',(0.,0.,1.));
#12327=DIRECTION('ref_axis',(1.,0.,0.));
#12328=DIRECTION('center_axis',(0.,0.,-1.));
#12329=DIRECTION('ref_axis',(-1.,0.,0.));
#12330=DIRECTION('center_axis',(-1.,0.,0.));
#12331=DIRECTION('ref_axis',(0.,-1.,0.));
#12332=DIRECTION('center_axis',(1.,0.,0.));
#12333=DIRECTION('ref_axis',(0.,-0.707106781186548,0.707106781186548));
#12334=DIRECTION('',(-1.,0.,0.));
#12335=DIRECTION('center_axis',(-1.,0.,0.));
#12336=DIRECTION('ref_axis',(0.,-1.,0.));
#12337=DIRECTION('center_axis',(0.,0.,1.));
#12338=DIRECTION('ref_axis',(1.,0.,0.));
#12339=DIRECTION('center_axis',(0.,0.,-1.));
#12340=DIRECTION('ref_axis',(0.,-1.,0.));
#12341=DIRECTION('center_axis',(0.,0.,1.));
#12342=DIRECTION('ref_axis',(1.,0.,0.));
#12343=DIRECTION('center_axis',(0.,0.,1.));
#12344=DIRECTION('ref_axis',(-1.,0.,0.));
#12345=DIRECTION('',(0.,0.,-1.));
#12346=DIRECTION('center_axis',(0.,0.,1.));
#12347=DIRECTION('ref_axis',(-1.,0.,0.));
#12348=DIRECTION('center_axis',(0.,0.,1.));
#12349=DIRECTION('ref_axis',(-1.,0.,0.));
#12350=DIRECTION('',(0.,0.,-1.));
#12351=DIRECTION('center_axis',(0.,0.,1.));
#12352=DIRECTION('ref_axis',(-1.,0.,0.));
#12353=DIRECTION('center_axis',(0.,0.,1.));
#12354=DIRECTION('ref_axis',(-1.,0.,0.));
#12355=DIRECTION('',(0.,0.,-1.));
#12356=DIRECTION('center_axis',(0.,0.,1.));
#12357=DIRECTION('ref_axis',(-1.,0.,0.));
#12358=DIRECTION('center_axis',(0.,0.,1.));
#12359=DIRECTION('ref_axis',(-1.,0.,0.));
#12360=DIRECTION('',(0.,0.,-1.));
#12361=DIRECTION('center_axis',(0.,0.,1.));
#12362=DIRECTION('ref_axis',(-1.,0.,0.));
#12363=DIRECTION('center_axis',(0.,0.,1.));
#12364=DIRECTION('ref_axis',(1.,0.,0.));
#12365=DIRECTION('axis',(0.,0.,1.));
#12366=DIRECTION('refdir',(1.,0.,0.));
#12367=DIRECTION('center_axis',(-1.245180224677E-14,1.,0.));
#12368=DIRECTION('ref_axis',(1.,1.245180224677E-14,0.));
#12369=DIRECTION('',(1.,1.245180224677E-14,0.));
#12370=DIRECTION('',(0.,0.,-1.));
#12371=DIRECTION('',(1.,1.245180224677E-14,0.));
#12372=DIRECTION('',(0.,0.,-1.));
#12373=DIRECTION('center_axis',(0.,0.,-1.));
#12374=DIRECTION('ref_axis',(-2.96059473233374E-15,1.,0.));
#12375=DIRECTION('center_axis',(0.,0.,1.));
#12376=DIRECTION('ref_axis',(-2.96059473233374E-15,1.,0.));
#12377=DIRECTION('center_axis',(0.,0.,-1.));
#12378=DIRECTION('ref_axis',(-2.96059473233374E-15,1.,0.));
#12379=DIRECTION('',(0.,0.,-1.));
#12380=DIRECTION('center_axis',(0.,0.,-1.));
#12381=DIRECTION('ref_axis',(-0.998709905393413,-0.0507791775148103,0.));
#12382=DIRECTION('center_axis',(0.,0.,1.));
#12383=DIRECTION('ref_axis',(-0.998709905393413,-0.0507791775148103,0.));
#12384=DIRECTION('center_axis',(0.,0.,-1.));
#12385=DIRECTION('ref_axis',(-0.998709905393413,-0.0507791775148103,0.));
#12386=DIRECTION('',(0.,0.,-1.));
#12387=DIRECTION('center_axis',(2.490360449354E-14,-1.,0.));
#12388=DIRECTION('ref_axis',(-1.,-2.490360449354E-14,0.));
#12389=DIRECTION('',(-1.,-2.490360449354E-14,0.));
#12390=DIRECTION('',(-1.,-2.490360449354E-14,0.));
#12391=DIRECTION('',(0.,0.,-1.));
#12392=DIRECTION('center_axis',(0.,0.,-1.));
#12393=DIRECTION('ref_axis',(-5.92118946466754E-15,-1.,0.));
#12394=DIRECTION('center_axis',(0.,0.,1.));
#12395=DIRECTION('ref_axis',(-5.92118946466754E-15,-1.,0.));
#12396=DIRECTION('center_axis',(0.,0.,-1.));
#12397=DIRECTION('ref_axis',(-5.92118946466754E-15,-1.,0.));
#12398=DIRECTION('',(0.,0.,-1.));
#12399=DIRECTION('center_axis',(0.,0.,-1.));
#12400=DIRECTION('ref_axis',(0.998709905393413,0.0507791775148013,0.));
#12401=DIRECTION('center_axis',(0.,0.,1.));
#12402=DIRECTION('ref_axis',(0.998709905393413,0.0507791775148013,0.));
#12403=DIRECTION('center_axis',(0.,0.,-1.));
#12404=DIRECTION('ref_axis',(0.998709905393413,0.0507791775148013,0.));
#12405=DIRECTION('center_axis',(0.,0.,1.));
#12406=DIRECTION('ref_axis',(-1.,0.,0.));
#12407=DIRECTION('center_axis',(0.,0.,1.));
#12408=DIRECTION('ref_axis',(-1.,0.,0.));
#12409=DIRECTION('',(0.,0.,1.));
#12410=DIRECTION('',(1.,-6.16297582203915E-33,0.));
#12411=DIRECTION('',(0.,0.,1.));
#12412=DIRECTION('',(1.,5.55111512312578E-17,0.));
#12413=DIRECTION('',(0.,0.,1.));
#12414=DIRECTION('',(1.,5.55111512312578E-17,0.));
#12415=DIRECTION('',(0.,0.,1.));
#12416=DIRECTION('',(1.,0.,0.));
#12417=DIRECTION('',(0.,0.,1.));
#12418=DIRECTION('',(1.,-5.55111512312578E-17,0.));
#12419=CARTESIAN_POINT('',(0.,0.,0.));
#12420=CARTESIAN_POINT('',(0.,0.,0.));
#12421=CARTESIAN_POINT('',(0.,0.,0.));
#12422=CARTESIAN_POINT('',(0.,0.,0.));
#12423=CARTESIAN_POINT('',(0.,0.,0.));
#12424=CARTESIAN_POINT('Origin',(1.481626402817E-17,-0.625,0.771483451357));
#12425=CARTESIAN_POINT('',(-0.65,-0.625,0.465));
#12426=CARTESIAN_POINT('',(-0.585,-0.625,1.1));
#12427=CARTESIAN_POINT('',(-0.65,-0.625,0.465));
#12428=CARTESIAN_POINT('',(0.65,-0.625,0.465));
#12429=CARTESIAN_POINT('',(0.65,-0.625,0.465));
#12430=CARTESIAN_POINT('',(0.585,-0.625,1.1));
#12431=CARTESIAN_POINT('',(0.585,-0.625,1.1));
#12432=CARTESIAN_POINT('',(-0.585,-0.625,1.1));
#12433=CARTESIAN_POINT('Origin',(-0.65,0.625,0.465));
#12434=CARTESIAN_POINT('',(-0.65,0.625,0.465));
#12435=CARTESIAN_POINT('',(-0.65,0.46875,0.465));
#12436=CARTESIAN_POINT('',(-0.65,0.625,0.465));
#12437=CARTESIAN_POINT('',(-0.65,-0.46875,0.465));
#12438=CARTESIAN_POINT('',(-0.65,-0.625,0.465));
#12439=CARTESIAN_POINT('',(-0.65,0.625,0.465));
#12440=CARTESIAN_POINT('',(-0.585,0.625,1.1));
#12441=CARTESIAN_POINT('',(-0.585,0.625,1.1));
#12442=CARTESIAN_POINT('',(-0.65,0.625,0.465));
#12443=CARTESIAN_POINT('Origin',(-0.965,-0.625,0.035));
#12444=CARTESIAN_POINT('',(-0.965,-0.625,0.035));
#12445=CARTESIAN_POINT('',(-0.9125,-0.625,0.035));
#12446=CARTESIAN_POINT('',(-0.965,-0.625,0.035));
#12447=CARTESIAN_POINT('',(0.9125,-0.625,0.035));
#12448=CARTESIAN_POINT('',(-0.965,-0.625,0.035));
#12449=CARTESIAN_POINT('',(0.965,-0.625,0.035));
#12450=CARTESIAN_POINT('',(-0.965,-0.625,0.035));
#12451=CARTESIAN_POINT('',(0.965,-0.625,0.465));
#12452=CARTESIAN_POINT('',(0.965,-0.625,0.035));
#12453=CARTESIAN_POINT('',(0.9125,-0.625,0.465));
#12454=CARTESIAN_POINT('',(-0.965,-0.625,0.465));
#12455=CARTESIAN_POINT('',(-0.965,-0.625,0.465));
#12456=CARTESIAN_POINT('',(-0.9125,-0.625,0.465));
#12457=CARTESIAN_POINT('',(-0.965,-0.625,0.465));
#12458=CARTESIAN_POINT('',(-0.965,-0.625,0.465));
#12459=CARTESIAN_POINT('',(-0.965,-0.625,0.465));
#12460=CARTESIAN_POINT('',(-0.965,-0.625,0.035));
#12461=CARTESIAN_POINT('Origin',(-0.585,0.625,1.1));
#12462=CARTESIAN_POINT('',(0.585,0.625,1.1));
#12463=CARTESIAN_POINT('',(0.585,0.625,1.1));
#12464=CARTESIAN_POINT('',(-0.585,0.625,1.1));
#12465=CARTESIAN_POINT('Origin',(0.585,0.625,1.1));
#12466=CARTESIAN_POINT('',(0.65,-0.46875,0.465));
#12467=CARTESIAN_POINT('',(0.65,0.625,0.465));
#12468=CARTESIAN_POINT('',(0.65,0.46875,0.465));
#12469=CARTESIAN_POINT('',(0.65,0.625,0.465));
#12470=CARTESIAN_POINT('',(0.65,0.625,0.465));
#12471=CARTESIAN_POINT('',(0.65,0.625,0.465));
#12472=CARTESIAN_POINT('',(0.585,0.625,1.1));
#12473=CARTESIAN_POINT('Origin',(-0.965,-0.625,0.465));
#12474=CARTESIAN_POINT('',(-0.9125,0.625,0.465));
#12475=CARTESIAN_POINT('',(-0.965,0.625,0.465));
#12476=CARTESIAN_POINT('',(-0.9125,0.46875,0.465));
#12477=CARTESIAN_POINT('',(-0.9125,0.078125,0.465));
#12478=CARTESIAN_POINT('',(-0.93875,0.46875,0.465));
#12479=CARTESIAN_POINT('Origin',(1.481626402817E-17,0.625,0.771483451357));
#12480=CARTESIAN_POINT('',(0.65,0.625,0.465));
#12481=CARTESIAN_POINT('Origin',(-0.685,-0.625,0.465));
#12482=CARTESIAN_POINT('',(-0.685,0.46875,0.5));
#12483=CARTESIAN_POINT('Origin',(-0.685,0.46875,0.465));
#12484=CARTESIAN_POINT('',(-0.685,-0.46875,0.5));
#12485=CARTESIAN_POINT('',(-0.685,-0.625,0.5));
#12486=CARTESIAN_POINT('Origin',(-0.685,-0.46875,0.465));
#12487=CARTESIAN_POINT('Origin',(-0.965,-0.625,0.465));
#12488=CARTESIAN_POINT('',(-0.9125,-0.46875,0.465));
#12489=CARTESIAN_POINT('',(-0.9125,-0.546875,0.465));
#12490=CARTESIAN_POINT('',(-0.02625,-0.46875,0.465));
#12491=CARTESIAN_POINT('Origin',(-1.,-0.625,0.));
#12492=CARTESIAN_POINT('',(-0.965,-0.625,-6.938893903907E-18));
#12493=CARTESIAN_POINT('',(-0.9125,-0.625,0.));
#12494=CARTESIAN_POINT('',(-1.,-0.625,0.));
#12495=CARTESIAN_POINT('',(-0.9125,-0.625,0.375));
#12496=CARTESIAN_POINT('',(-0.9125,-0.625,0.5));
#12497=CARTESIAN_POINT('',(-0.9125,-0.625,0.375));
#12498=CARTESIAN_POINT('',(-0.965,-0.625,0.5));
#12499=CARTESIAN_POINT('',(-1.,-0.625,0.5));
#12500=CARTESIAN_POINT('',(-1.,-0.625,0.465));
#12501=CARTESIAN_POINT('Origin',(-0.965,-0.625,0.465));
#12502=CARTESIAN_POINT('',(-1.,-0.625,0.035));
#12503=CARTESIAN_POINT('',(-1.,-0.625,0.));
#12504=CARTESIAN_POINT('Origin',(-0.965,-0.625,0.035));
#12505=CARTESIAN_POINT('Origin',(-0.965,-0.625,0.035));
#12506=CARTESIAN_POINT('',(-0.9125,-0.46875,0.035));
#12507=CARTESIAN_POINT('',(-0.9125,-0.546875,0.035));
#12508=CARTESIAN_POINT('',(-0.65,-0.46875,0.035));
#12509=CARTESIAN_POINT('',(-0.02625,-0.46875,0.035));
#12510=CARTESIAN_POINT('',(-0.65,0.46875,0.035));
#12511=CARTESIAN_POINT('',(-0.65,-0.625,0.035));
#12512=CARTESIAN_POINT('',(-0.9125,0.46875,0.035));
#12513=CARTESIAN_POINT('',(-0.93875,0.46875,0.035));
#12514=CARTESIAN_POINT('',(-0.9125,0.625,0.035));
#12515=CARTESIAN_POINT('',(-0.9125,0.078125,0.035));
#12516=CARTESIAN_POINT('',(0.9125,0.625,0.035));
#12517=CARTESIAN_POINT('',(-0.965,0.625,0.035));
#12518=CARTESIAN_POINT('',(0.9125,0.46875,0.035));
#12519=CARTESIAN_POINT('',(0.9125,-0.078125,0.035));
#12520=CARTESIAN_POINT('',(0.65,0.46875,0.035));
#12521=CARTESIAN_POINT('',(-0.93875,0.46875,0.035));
#12522=CARTESIAN_POINT('',(0.65,-0.46875,0.035));
#12523=CARTESIAN_POINT('',(0.65,-0.625,0.035));
#12524=CARTESIAN_POINT('',(0.9125,-0.46875,0.035));
#12525=CARTESIAN_POINT('',(-0.02625,-0.46875,0.035));
#12526=CARTESIAN_POINT('',(0.9125,-0.703125,0.035));
#12527=CARTESIAN_POINT('',(0.433012701892,0.5,0.035));
#12528=CARTESIAN_POINT('',(0.433012701892,-0.5,0.035));
#12529=CARTESIAN_POINT('',(0.433012701892,0.5,0.035));
#12530=CARTESIAN_POINT('',(-0.433012701892,0.,0.035));
#12531=CARTESIAN_POINT('',(-0.433012701892,0.,0.035));
#12532=CARTESIAN_POINT('',(0.433012701892,-0.5,0.035));
#12533=CARTESIAN_POINT('Origin',(0.65,-0.625,0.));
#12534=CARTESIAN_POINT('',(0.9125,-0.625,0.));
#12535=CARTESIAN_POINT('',(0.965,-0.625,-6.938893903907E-18));
#12536=CARTESIAN_POINT('',(0.65,-0.625,0.));
#12537=CARTESIAN_POINT('',(1.,-0.625,0.035));
#12538=CARTESIAN_POINT('Origin',(0.965,-0.625,0.035));
#12539=CARTESIAN_POINT('',(1.,-0.625,0.465));
#12540=CARTESIAN_POINT('',(1.,-0.625,0.));
#12541=CARTESIAN_POINT('',(0.965,-0.625,0.5));
#12542=CARTESIAN_POINT('Origin',(0.965,-0.625,0.465));
#12543=CARTESIAN_POINT('',(0.9125,-0.625,0.5));
#12544=CARTESIAN_POINT('',(0.65,-0.625,0.5));
#12545=CARTESIAN_POINT('',(0.9125,-0.625,0.375));
#12546=CARTESIAN_POINT('',(0.9125,-0.625,0.375));
#12547=CARTESIAN_POINT('Origin',(-0.965,-0.625,0.465));
#12548=CARTESIAN_POINT('',(0.9125,-0.46875,0.465));
#12549=CARTESIAN_POINT('',(-0.02625,-0.46875,0.465));
#12550=CARTESIAN_POINT('',(0.9125,-0.703125,0.465));
#12551=CARTESIAN_POINT('Origin',(-0.965,-0.625,0.465));
#12552=CARTESIAN_POINT('',(0.9125,0.625,0.465));
#12553=CARTESIAN_POINT('',(-0.965,0.625,0.465));
#12554=CARTESIAN_POINT('',(0.9125,0.46875,0.465));
#12555=CARTESIAN_POINT('',(-0.93875,0.46875,0.465));
#12556=CARTESIAN_POINT('',(0.9125,-0.078125,0.465));
#12557=CARTESIAN_POINT('Origin',(0.685,-0.625,0.465));
#12558=CARTESIAN_POINT('',(0.685,-0.46875,0.5));
#12559=CARTESIAN_POINT('Origin',(0.685,-0.46875,0.465));
#12560=CARTESIAN_POINT('',(0.685,0.46875,0.5));
#12561=CARTESIAN_POINT('',(0.685,-0.625,0.5));
#12562=CARTESIAN_POINT('Origin',(0.685,0.46875,0.465));
#12563=CARTESIAN_POINT('Origin',(-0.965,0.625,0.035));
#12564=CARTESIAN_POINT('',(-0.965,0.625,0.035));
#12565=CARTESIAN_POINT('',(-0.965,0.625,0.035));
#12566=CARTESIAN_POINT('',(-0.965,0.625,0.465));
#12567=CARTESIAN_POINT('',(-0.965,0.625,0.035));
#12568=CARTESIAN_POINT('',(-0.965,0.625,0.465));
#12569=CARTESIAN_POINT('',(0.965,0.625,0.465));
#12570=CARTESIAN_POINT('',(-0.965,0.625,0.465));
#12571=CARTESIAN_POINT('',(0.965,0.625,0.035));
#12572=CARTESIAN_POINT('',(0.965,0.625,0.035));
#12573=CARTESIAN_POINT('',(-0.965,0.625,0.035));
#12574=CARTESIAN_POINT('Origin',(-0.9125,0.46875,0.75));
#12575=CARTESIAN_POINT('',(-0.9125,0.46875,0.5));
#12576=CARTESIAN_POINT('',(-0.95625,0.46875,0.5));
#12577=CARTESIAN_POINT('',(-0.9125,0.46875,0.75));
#12578=CARTESIAN_POINT('Origin',(-0.9125,0.78125,0.75));
#12579=CARTESIAN_POINT('',(-0.9125,0.625,0.5));
#12580=CARTESIAN_POINT('',(-0.9125,0.625,0.375));
#12581=CARTESIAN_POINT('',(-0.9125,0.078125,0.5));
#12582=CARTESIAN_POINT('Origin',(0.9125,-0.46875,0.75));
#12583=CARTESIAN_POINT('',(-0.9125,-0.46875,0.5));
#12584=CARTESIAN_POINT('',(-0.9125,-0.46875,0.75));
#12585=CARTESIAN_POINT('',(-0.04375,-0.46875,0.5));
#12586=CARTESIAN_POINT('Origin',(-1.,-0.625,0.5));
#12587=CARTESIAN_POINT('',(-0.965,0.625,0.5));
#12588=CARTESIAN_POINT('',(-1.,0.625,0.5));
#12589=CARTESIAN_POINT('',(-0.965,-0.625,0.5));
#12590=CARTESIAN_POINT('',(-0.9125,-0.546875,0.5));
#12591=CARTESIAN_POINT('Origin',(-0.9125,-0.46875,0.75));
#12592=CARTESIAN_POINT('Origin',(-1.,-0.625,0.));
#12593=CARTESIAN_POINT('',(-0.965,0.625,-6.938893903907E-18));
#12594=CARTESIAN_POINT('',(-0.9125,0.625,0.));
#12595=CARTESIAN_POINT('',(-1.,0.625,0.));
#12596=CARTESIAN_POINT('',(-0.9125,0.46875,0.));
#12597=CARTESIAN_POINT('',(-0.9125,0.078125,0.));
#12598=CARTESIAN_POINT('',(-0.685,0.46875,-6.938893903907E-18));
#12599=CARTESIAN_POINT('',(-0.95625,0.46875,0.));
#12600=CARTESIAN_POINT('',(-0.685,-0.46875,-6.938893903907E-18));
#12601=CARTESIAN_POINT('',(-0.685,-0.625,-6.938893903907E-18));
#12602=CARTESIAN_POINT('',(-0.9125,-0.46875,0.));
#12603=CARTESIAN_POINT('',(-0.04375,-0.46875,0.));
#12604=CARTESIAN_POINT('',(-0.9125,-0.546875,0.));
#12605=CARTESIAN_POINT('',(-0.965,-0.625,-6.938893903907E-18));
#12606=CARTESIAN_POINT('Origin',(-0.965,-0.625,0.035));
#12607=CARTESIAN_POINT('',(-1.,0.625,0.035));
#12608=CARTESIAN_POINT('',(-1.,-0.625,0.035));
#12609=CARTESIAN_POINT('Origin',(-0.965,0.625,0.035));
#12610=CARTESIAN_POINT('Origin',(-0.9125,-0.46875,0.75));
#12611=CARTESIAN_POINT('',(-0.9125,-0.46875,0.75));
#12612=CARTESIAN_POINT('Origin',(-1.,-0.625,0.));
#12613=CARTESIAN_POINT('',(-1.,0.625,0.465));
#12614=CARTESIAN_POINT('',(-1.,-0.625,0.465));
#12615=CARTESIAN_POINT('',(-1.,0.625,0.));
#12616=CARTESIAN_POINT('Origin',(-0.965,-0.625,0.465));
#12617=CARTESIAN_POINT('Origin',(-0.965,0.625,0.465));
#12618=CARTESIAN_POINT('Origin',(0.9125,-0.46875,0.75));
#12619=CARTESIAN_POINT('Origin',(-0.685,-0.46875,0.035));
#12620=CARTESIAN_POINT('Origin',(-0.685,-0.625,0.035));
#12621=CARTESIAN_POINT('Origin',(-0.685,0.46875,0.035));
#12622=CARTESIAN_POINT('Origin',(-0.9125,0.46875,0.75));
#12623=CARTESIAN_POINT('',(-0.9125,0.46875,0.75));
#12624=CARTESIAN_POINT('Origin',(-0.9125,0.78125,0.75));
#12625=CARTESIAN_POINT('',(-0.9125,0.625,0.375));
#12626=CARTESIAN_POINT('Origin',(0.9125,0.46875,0.75));
#12627=CARTESIAN_POINT('',(0.9125,0.625,0.));
#12628=CARTESIAN_POINT('',(0.9125,0.625,0.375));
#12629=CARTESIAN_POINT('',(0.9125,0.46875,0.));
#12630=CARTESIAN_POINT('',(0.9125,-0.078125,0.));
#12631=CARTESIAN_POINT('',(0.9125,0.46875,0.75));
#12632=CARTESIAN_POINT('Origin',(-0.9125,0.46875,0.75));
#12633=CARTESIAN_POINT('',(0.685,0.46875,-6.938893903907E-18));
#12634=CARTESIAN_POINT('',(-0.13125,0.46875,0.));
#12635=CARTESIAN_POINT('Origin',(0.685,0.46875,0.035));
#12636=CARTESIAN_POINT('Origin',(0.685,-0.625,0.035));
#12637=CARTESIAN_POINT('',(0.685,-0.46875,-6.938893903907E-18));
#12638=CARTESIAN_POINT('',(0.685,-0.625,-6.938893903907E-18));
#12639=CARTESIAN_POINT('Origin',(0.685,-0.46875,0.035));
#12640=CARTESIAN_POINT('Origin',(0.9125,-0.46875,0.75));
#12641=CARTESIAN_POINT('',(0.9125,-0.46875,0.));
#12642=CARTESIAN_POINT('',(0.78125,-0.46875,0.));
#12643=CARTESIAN_POINT('',(0.9125,-0.46875,0.75));
#12644=CARTESIAN_POINT('Origin',(0.9125,-0.78125,0.75));
#12645=CARTESIAN_POINT('',(0.9125,-0.703125,0.));
#12646=CARTESIAN_POINT('Origin',(0.433012701892,0.5,0.0175));
#12647=CARTESIAN_POINT('',(0.433012701892,0.5,0.0175));
#12648=CARTESIAN_POINT('',(0.433012701892,0.5,0.0175));
#12649=CARTESIAN_POINT('',(0.433012701892,-0.5,0.0175));
#12650=CARTESIAN_POINT('',(0.433012701892,-0.5,0.0175));
#12651=CARTESIAN_POINT('',(0.433012701892,0.5,0.0175));
#12652=CARTESIAN_POINT('Origin',(-0.433012701892,0.,0.0175));
#12653=CARTESIAN_POINT('',(-0.433012701892,0.,0.0175));
#12654=CARTESIAN_POINT('',(-0.433012701892,0.,0.0175));
#12655=CARTESIAN_POINT('',(-0.433012701892,0.,0.0175));
#12656=CARTESIAN_POINT('Origin',(0.433012701892,-0.5,0.0175));
#12657=CARTESIAN_POINT('',(0.433012701892,-0.5,0.0175));
#12658=CARTESIAN_POINT('Origin',(0.65,-0.625,0.));
#12659=CARTESIAN_POINT('',(0.965,0.625,-6.938893903907E-18));
#12660=CARTESIAN_POINT('',(0.65,0.625,0.));
#12661=CARTESIAN_POINT('',(0.965,-0.625,-6.938893903907E-18));
#12662=CARTESIAN_POINT('Origin',(0.965,-0.625,0.035));
#12663=CARTESIAN_POINT('',(1.,0.625,0.035));
#12664=CARTESIAN_POINT('Origin',(0.965,0.625,0.035));
#12665=CARTESIAN_POINT('',(1.,-0.625,0.035));
#12666=CARTESIAN_POINT('Origin',(1.,-0.625,0.));
#12667=CARTESIAN_POINT('',(1.,0.625,0.465));
#12668=CARTESIAN_POINT('',(1.,0.625,0.));
#12669=CARTESIAN_POINT('',(1.,-0.625,0.465));
#12670=CARTESIAN_POINT('Origin',(0.965,-0.625,0.465));
#12671=CARTESIAN_POINT('',(0.965,0.625,0.5));
#12672=CARTESIAN_POINT('Origin',(0.965,0.625,0.465));
#12673=CARTESIAN_POINT('',(0.965,-0.625,0.5));
#12674=CARTESIAN_POINT('Origin',(0.65,-0.625,0.5));
#12675=CARTESIAN_POINT('',(0.9125,0.625,0.5));
#12676=CARTESIAN_POINT('',(0.65,0.625,0.5));
#12677=CARTESIAN_POINT('',(0.9125,0.46875,0.5));
#12678=CARTESIAN_POINT('',(0.9125,-0.078125,0.5));
#12679=CARTESIAN_POINT('',(-0.13125,0.46875,0.5));
#12680=CARTESIAN_POINT('',(0.9125,-0.46875,0.5));
#12681=CARTESIAN_POINT('',(0.78125,-0.46875,0.5));
#12682=CARTESIAN_POINT('',(0.9125,-0.703125,0.5));
#12683=CARTESIAN_POINT('Origin',(0.9125,-0.78125,0.75));
#12684=CARTESIAN_POINT('',(0.9125,-0.46875,0.75));
#12685=CARTESIAN_POINT('Origin',(0.9125,-0.46875,0.75));
#12686=CARTESIAN_POINT('Origin',(0.9125,0.46875,0.75));
#12687=CARTESIAN_POINT('',(0.9125,0.625,0.375));
#12688=CARTESIAN_POINT('',(0.9125,0.46875,0.75));
#12689=CARTESIAN_POINT('Origin',(-0.9125,0.46875,0.75));
#12690=CARTESIAN_POINT('Origin',(-1.,0.625,0.));
#12691=CARTESIAN_POINT('Origin',(0.65,0.625,0.));
#12692=CARTESIAN_POINT('Origin',(0.144337567297,9.251858538543E-18,0.0175));
#12693=CARTESIAN_POINT('',(0.,8.88178419700125E-16,0.));
#12694=CARTESIAN_POINT('',(0.,0.,0.));
#12695=CARTESIAN_POINT('',(0.,0.,0.));
#12696=CARTESIAN_POINT('Origin',(-1.,-0.6,0.));
#12697=CARTESIAN_POINT('',(-1.,-0.6,0.045));
#12698=CARTESIAN_POINT('',(-1.,-0.6,0.405));
#12699=CARTESIAN_POINT('',(-1.,-0.6,0.));
#12700=CARTESIAN_POINT('',(-1.,0.6,0.405));
#12701=CARTESIAN_POINT('',(-1.,-0.6,0.405));
#12702=CARTESIAN_POINT('',(-1.,0.6,0.045));
#12703=CARTESIAN_POINT('',(-1.,0.6,0.));
#12704=CARTESIAN_POINT('',(-1.,-0.6,0.045));
#12705=CARTESIAN_POINT('Origin',(-1.,-0.6,0.));
#12706=CARTESIAN_POINT('',(-0.955,-0.6,-2.775557561563E-17));
#12707=CARTESIAN_POINT('',(-0.745,-0.6,-2.775557561563E-17));
#12708=CARTESIAN_POINT('',(-1.,-0.6,0.));
#12709=CARTESIAN_POINT('',(-0.7,-0.6,0.045));
#12710=CARTESIAN_POINT('Origin',(-0.745,-0.6,0.045));
#12711=CARTESIAN_POINT('',(-0.955,-0.6,0.045));
#12712=CARTESIAN_POINT('',(-0.955,-0.6,0.045));
#12713=CARTESIAN_POINT('',(-0.955,-0.6,0.405));
#12714=CARTESIAN_POINT('',(-0.955,-0.6,0.045));
#12715=CARTESIAN_POINT('',(-0.7,-0.6,0.405));
#12716=CARTESIAN_POINT('',(-0.955,-0.6,0.405));
#12717=CARTESIAN_POINT('',(-0.745,-0.6,0.45));
#12718=CARTESIAN_POINT('Origin',(-0.745,-0.6,0.405));
#12719=CARTESIAN_POINT('',(-0.955,-0.6,0.45));
#12720=CARTESIAN_POINT('',(-1.,-0.6,0.45));
#12721=CARTESIAN_POINT('Origin',(-0.955,-0.6,0.405));
#12722=CARTESIAN_POINT('Origin',(-0.955,-0.6,0.045));
#12723=CARTESIAN_POINT('Origin',(-0.955,-0.6,0.045));
#12724=CARTESIAN_POINT('',(-0.955,0.6,-2.775557561563E-17));
#12725=CARTESIAN_POINT('Origin',(-0.955,0.6,0.045));
#12726=CARTESIAN_POINT('',(-0.955,-0.6,-2.775557561563E-17));
#12727=CARTESIAN_POINT('Origin',(-0.955,-0.6,0.405));
#12728=CARTESIAN_POINT('',(-0.955,0.6,0.45));
#12729=CARTESIAN_POINT('',(-0.955,-0.6,0.45));
#12730=CARTESIAN_POINT('Origin',(-0.955,0.6,0.405));
#12731=CARTESIAN_POINT('Origin',(-1.,0.6,0.));
#12732=CARTESIAN_POINT('',(-0.745,0.6,-2.775557561563E-17));
#12733=CARTESIAN_POINT('',(-1.,0.6,0.));
#12734=CARTESIAN_POINT('',(-0.745,0.6,0.45));
#12735=CARTESIAN_POINT('',(-1.,0.6,0.45));
#12736=CARTESIAN_POINT('',(-0.7,0.6,0.405));
#12737=CARTESIAN_POINT('Origin',(-0.745,0.6,0.405));
#12738=CARTESIAN_POINT('',(-0.955,0.6,0.405));
#12739=CARTESIAN_POINT('',(-0.955,0.6,0.405));
#12740=CARTESIAN_POINT('',(-0.955,0.6,0.045));
#12741=CARTESIAN_POINT('',(-0.955,0.6,0.045));
#12742=CARTESIAN_POINT('',(-0.7,0.6,0.045));
#12743=CARTESIAN_POINT('',(-0.955,0.6,0.045));
#12744=CARTESIAN_POINT('Origin',(-0.745,0.6,0.045));
#12745=CARTESIAN_POINT('Origin',(-1.,-0.6,0.));
#12746=CARTESIAN_POINT('',(-0.745,-0.6,-2.775557561563E-17));
#12747=CARTESIAN_POINT('Origin',(-0.745,-0.6,0.045));
#12748=CARTESIAN_POINT('',(-0.7,-0.6,0.045));
#12749=CARTESIAN_POINT('Origin',(-0.955,-0.6,0.045));
#12750=CARTESIAN_POINT('',(0.7,-0.6,0.045));
#12751=CARTESIAN_POINT('',(-0.955,-0.6,0.045));
#12752=CARTESIAN_POINT('',(0.955,-0.6,0.045));
#12753=CARTESIAN_POINT('',(-0.955,-0.6,0.045));
#12754=CARTESIAN_POINT('',(0.955,-0.6,0.405));
#12755=CARTESIAN_POINT('',(0.955,-0.6,0.045));
#12756=CARTESIAN_POINT('',(0.7,-0.6,0.405));
#12757=CARTESIAN_POINT('',(-0.955,-0.6,0.405));
#12758=CARTESIAN_POINT('',(-0.7,-0.6,0.405));
#12759=CARTESIAN_POINT('Origin',(-1.,-0.6,0.45));
#12760=CARTESIAN_POINT('',(-0.745,-0.6,0.45));
#12761=CARTESIAN_POINT('Origin',(-0.745,-0.6,0.405));
#12762=CARTESIAN_POINT('',(-0.7,-0.6,0.405));
#12763=CARTESIAN_POINT('Origin',(-0.955,0.6,0.045));
#12764=CARTESIAN_POINT('',(0.7,0.6,0.405));
#12765=CARTESIAN_POINT('',(-0.7,0.6,0.405));
#12766=CARTESIAN_POINT('',(0.955,0.6,0.405));
#12767=CARTESIAN_POINT('',(-0.955,0.6,0.405));
#12768=CARTESIAN_POINT('',(0.955,0.6,0.045));
#12769=CARTESIAN_POINT('',(0.955,0.6,0.045));
#12770=CARTESIAN_POINT('',(0.7,0.6,0.045));
#12771=CARTESIAN_POINT('',(-0.955,0.6,0.045));
#12772=CARTESIAN_POINT('',(-0.955,0.6,0.045));
#12773=CARTESIAN_POINT('Origin',(-0.955,-0.6,0.045));
#12774=CARTESIAN_POINT('',(0.7,-0.6,0.045));
#12775=CARTESIAN_POINT('Origin',(0.7,-0.6,0.));
#12776=CARTESIAN_POINT('',(0.745,-0.6,-2.775557561563E-17));
#12777=CARTESIAN_POINT('',(0.955,-0.6,-2.775557561563E-17));
#12778=CARTESIAN_POINT('',(0.7,-0.6,0.));
#12779=CARTESIAN_POINT('',(1.,-0.6,0.045));
#12780=CARTESIAN_POINT('Origin',(0.955,-0.6,0.045));
#12781=CARTESIAN_POINT('',(1.,-0.6,0.405));
#12782=CARTESIAN_POINT('',(1.,-0.6,0.));
#12783=CARTESIAN_POINT('',(0.955,-0.6,0.45));
#12784=CARTESIAN_POINT('Origin',(0.955,-0.6,0.405));
#12785=CARTESIAN_POINT('',(0.745,-0.6,0.45));
#12786=CARTESIAN_POINT('',(0.7,-0.6,0.45));
#12787=CARTESIAN_POINT('Origin',(0.745,-0.6,0.405));
#12788=CARTESIAN_POINT('Origin',(0.745,-0.6,0.045));
#12789=CARTESIAN_POINT('Origin',(-0.7,-0.6,0.405));
#12790=CARTESIAN_POINT('',(0.7,-0.6,0.45));
#12791=CARTESIAN_POINT('',(0.7,-0.6,0.405));
#12792=CARTESIAN_POINT('',(-0.7,-0.6,0.45));
#12793=CARTESIAN_POINT('',(-0.7,-0.6,0.45));
#12794=CARTESIAN_POINT('',(-0.7,-0.6,0.405));
#12795=CARTESIAN_POINT('Origin',(-0.7,-0.6,0.405));
#12796=CARTESIAN_POINT('',(-0.7,0.6,0.45));
#12797=CARTESIAN_POINT('',(-0.7,-0.6,0.45));
#12798=CARTESIAN_POINT('',(-0.7,0.6,0.405));
#12799=CARTESIAN_POINT('Origin',(0.7,0.6,0.));
#12800=CARTESIAN_POINT('',(0.745,0.6,-2.775557561563E-17));
#12801=CARTESIAN_POINT('',(0.955,0.6,-2.775557561563E-17));
#12802=CARTESIAN_POINT('',(0.7,0.6,0.));
#12803=CARTESIAN_POINT('Origin',(0.745,0.6,0.045));
#12804=CARTESIAN_POINT('',(0.745,0.6,0.45));
#12805=CARTESIAN_POINT('Origin',(0.745,0.6,0.405));
#12806=CARTESIAN_POINT('',(0.955,0.6,0.45));
#12807=CARTESIAN_POINT('',(0.7,0.6,0.45));
#12808=CARTESIAN_POINT('',(1.,0.6,0.405));
#12809=CARTESIAN_POINT('Origin',(0.955,0.6,0.405));
#12810=CARTESIAN_POINT('',(1.,0.6,0.045));
#12811=CARTESIAN_POINT('',(1.,0.6,0.));
#12812=CARTESIAN_POINT('Origin',(0.955,0.6,0.045));
#12813=CARTESIAN_POINT('Origin',(-0.7,0.6,0.405));
#12814=CARTESIAN_POINT('',(0.7,0.6,0.45));
#12815=CARTESIAN_POINT('',(-0.7,0.6,0.45));
#12816=CARTESIAN_POINT('',(0.7,0.6,0.405));
#12817=CARTESIAN_POINT('Origin',(0.745,-0.6,0.045));
#12818=CARTESIAN_POINT('',(0.745,-0.6,-2.775557561563E-17));
#12819=CARTESIAN_POINT('Origin',(0.7,-0.6,0.));
#12820=CARTESIAN_POINT('',(0.955,-0.6,-2.775557561563E-17));
#12821=CARTESIAN_POINT('Origin',(0.955,-0.6,0.045));
#12822=CARTESIAN_POINT('',(1.,-0.6,0.045));
#12823=CARTESIAN_POINT('Origin',(1.,-0.6,0.));
#12824=CARTESIAN_POINT('',(1.,-0.6,0.405));
#12825=CARTESIAN_POINT('Origin',(0.955,-0.6,0.405));
#12826=CARTESIAN_POINT('',(0.955,-0.6,0.45));
#12827=CARTESIAN_POINT('Origin',(0.7,-0.6,0.45));
#12828=CARTESIAN_POINT('',(0.745,-0.6,0.45));
#12829=CARTESIAN_POINT('Origin',(0.745,-0.6,0.405));
#12830=CARTESIAN_POINT('',(0.7,-0.6,0.405));
#12831=CARTESIAN_POINT('Origin',(0.7,-0.6,0.405));
#12832=CARTESIAN_POINT('',(0.7,-0.6,0.45));
#12833=CARTESIAN_POINT('Origin',(-0.7,-0.6,0.45));
#12834=CARTESIAN_POINT('',(0.,-4.44089209850063E-16,0.));
#12835=CARTESIAN_POINT('',(0.,0.,0.));
#12836=CARTESIAN_POINT('Origin',(128.99002902976,-103.547356393137,1.6));
#12837=CARTESIAN_POINT('',(132.665656188771,-103.547356393137,3.6));
#12838=CARTESIAN_POINT('Origin',(128.99002902976,-103.547356393137,3.6));
#12839=CARTESIAN_POINT('',(132.665656188771,-103.547356393137,2.6));
#12840=CARTESIAN_POINT('',(132.665656188771,-103.547356393137,1.6));
#12841=CARTESIAN_POINT('Origin',(128.99002902976,-103.547356393137,2.6));
#12842=CARTESIAN_POINT('Origin',(127.635,-96.00755727761,3.6));
#12843=CARTESIAN_POINT('Origin',(125.000003784559,-108.374414950582,1.6));
#12844=CARTESIAN_POINT('',(133.000003784559,-108.374414950582,1.6));
#12845=CARTESIAN_POINT('',(125.000003784559,-108.374414950582,1.6));
#12846=CARTESIAN_POINT('',(126.31750189228,-108.374414950582,1.6));
#12847=CARTESIAN_POINT('',(133.000003784559,-108.374414950582,2.6));
#12848=CARTESIAN_POINT('',(133.000003784559,-108.374414950582,1.6));
#12849=CARTESIAN_POINT('',(125.000003784559,-108.374414950582,2.6));
#12850=CARTESIAN_POINT('',(133.000003784559,-108.374414950582,2.6));
#12851=CARTESIAN_POINT('',(125.000003784559,-108.374414950582,1.6));
#12852=CARTESIAN_POINT('Origin',(125.000003784559,-107.374414950582,1.6));
#12853=CARTESIAN_POINT('',(124.000003784559,-107.374414950582,1.6));
#12854=CARTESIAN_POINT('Origin',(125.000003784559,-107.374414950582,1.6));
#12855=CARTESIAN_POINT('',(124.000003784559,-107.374414950582,2.6));
#12856=CARTESIAN_POINT('Origin',(125.000003784559,-107.374414950582,2.6));
#12857=CARTESIAN_POINT('',(124.000003784559,-107.374414950582,1.6));
#12858=CARTESIAN_POINT('Origin',(124.000003784559,-99.3744149505818,1.6));
#12859=CARTESIAN_POINT('',(124.000003784559,-99.3744149505818,1.6));
#12860=CARTESIAN_POINT('',(124.000003784559,-97.6909861140959,1.6));
#12861=CARTESIAN_POINT('',(124.000003784559,-99.3744149505818,2.6));
#12862=CARTESIAN_POINT('',(124.000003784559,-107.374414950582,2.6));
#12863=CARTESIAN_POINT('',(124.000003784559,-99.3744149505818,1.6));
#12864=CARTESIAN_POINT('Origin',(125.000003784559,-99.3744149505818,1.6));
#12865=CARTESIAN_POINT('',(125.000003784559,-98.3744149505818,1.6));
#12866=CARTESIAN_POINT('Origin',(125.000003784559,-99.3744149505818,1.6));
#12867=CARTESIAN_POINT('',(125.000003784559,-98.3744149505818,2.6));
#12868=CARTESIAN_POINT('Origin',(125.000003784559,-99.3744149505818,2.6));
#12869=CARTESIAN_POINT('',(125.000003784559,-98.3744149505818,1.6));
#12870=CARTESIAN_POINT('Origin',(133.000003784559,-98.3744149505818,1.6));
#12871=CARTESIAN_POINT('',(133.000003784559,-98.3744149505818,1.6));
#12872=CARTESIAN_POINT('',(130.31750189228,-98.3744149505818,1.6));
#12873=CARTESIAN_POINT('',(133.000003784559,-98.3744149505818,2.6));
#12874=CARTESIAN_POINT('',(125.000003784559,-98.3744149505818,2.6));
#12875=CARTESIAN_POINT('',(133.000003784559,-98.3744149505818,1.6));
#12876=CARTESIAN_POINT('Origin',(133.000003784559,-99.3744149505818,1.6));
#12877=CARTESIAN_POINT('',(134.000003784559,-99.3744149505818,1.6));
#12878=CARTESIAN_POINT('Origin',(133.000003784559,-99.3744149505818,1.6));
#12879=CARTESIAN_POINT('',(134.000003784559,-99.3744149505818,2.6));
#12880=CARTESIAN_POINT('Origin',(133.000003784559,-99.3744149505818,2.6));
#12881=CARTESIAN_POINT('',(134.000003784559,-99.3744149505818,1.6));
#12882=CARTESIAN_POINT('Origin',(134.000003784559,-107.374414950582,1.6));
#12883=CARTESIAN_POINT('',(134.000003784559,-107.374414950582,1.6));
#12884=CARTESIAN_POINT('',(134.000003784559,-101.690986114096,1.6));
#12885=CARTESIAN_POINT('',(134.000003784559,-107.374414950582,2.6));
#12886=CARTESIAN_POINT('',(134.000003784559,-99.3744149505818,2.6));
#12887=CARTESIAN_POINT('',(134.000003784559,-107.374414950582,1.6));
#12888=CARTESIAN_POINT('Origin',(133.000003784559,-107.374414950582,1.6));
#12889=CARTESIAN_POINT('Origin',(133.000003784559,-107.374414950582,1.6));
#12890=CARTESIAN_POINT('Origin',(133.000003784559,-107.374414950582,2.6));
#12891=CARTESIAN_POINT('Origin',(129.000003784559,-103.374414950582,2.6));
#12892=CARTESIAN_POINT('Origin',(127.635,-96.00755727761,1.6));
#12893=CARTESIAN_POINT('',(146.270533,-68.599294,1.6));
#12894=CARTESIAN_POINT('',(146.484366,-68.65659,1.6));
#12895=CARTESIAN_POINT('',(146.270533,-68.599294,1.6));
#12896=CARTESIAN_POINT('',(146.05,-68.58,1.6));
#12897=CARTESIAN_POINT('',(146.05,-68.58,1.6));
#12898=CARTESIAN_POINT('',(109.22,-68.58,1.6));
#12899=CARTESIAN_POINT('',(109.22,-68.58,1.6));
#12900=CARTESIAN_POINT('',(108.999467,-68.599294,1.6));
#12901=CARTESIAN_POINT('',(108.999467,-68.599294,1.6));
#12902=CARTESIAN_POINT('',(108.785634,-68.65659,1.6));
#12903=CARTESIAN_POINT('',(108.785634,-68.65659,1.6));
#12904=CARTESIAN_POINT('',(108.585,-68.750148,1.6));
#12905=CARTESIAN_POINT('',(108.585,-68.750148,1.6));
#12906=CARTESIAN_POINT('',(108.40366,-68.877124,1.6));
#12907=CARTESIAN_POINT('',(108.40366,-68.877124,1.6));
#12908=CARTESIAN_POINT('',(108.247124,-69.03366,1.6));
#12909=CARTESIAN_POINT('',(108.247124,-69.03366,1.6));
#12910=CARTESIAN_POINT('',(108.120148,-69.215,1.6));
#12911=CARTESIAN_POINT('',(108.120148,-69.215,1.6));
#12912=CARTESIAN_POINT('',(108.02659,-69.415634,1.6));
#12913=CARTESIAN_POINT('',(108.02659,-69.415634,1.6));
#12914=CARTESIAN_POINT('',(107.969294,-69.629467,1.6));
#12915=CARTESIAN_POINT('',(107.969294,-69.629467,1.6));
#12916=CARTESIAN_POINT('',(107.95,-69.85,1.6));
#12917=CARTESIAN_POINT('',(107.95,-69.85,1.6));
#12918=CARTESIAN_POINT('',(107.95,-119.38,1.6));
#12919=CARTESIAN_POINT('',(107.95,-119.38,1.6));
#12920=CARTESIAN_POINT('',(107.969331,-119.822751,1.6));
#12921=CARTESIAN_POINT('',(107.969331,-119.822751,1.6));
#12922=CARTESIAN_POINT('',(108.027177,-120.262133,1.6));
#12923=CARTESIAN_POINT('',(108.027177,-120.262133,1.6));
#12924=CARTESIAN_POINT('',(108.123097,-120.694801,1.6));
#12925=CARTESIAN_POINT('',(108.123097,-120.694801,1.6));
#12926=CARTESIAN_POINT('',(108.256361,-121.117462,1.6));
#12927=CARTESIAN_POINT('',(108.256361,-121.117462,1.6));
#12928=CARTESIAN_POINT('',(108.425956,-121.526901,1.6));
#12929=CARTESIAN_POINT('',(108.425956,-121.526901,1.6));
#12930=CARTESIAN_POINT('',(108.630591,-121.92,1.6));
#12931=CARTESIAN_POINT('',(108.630591,-121.92,1.6));
#12932=CARTESIAN_POINT('',(108.868708,-122.293768,1.6));
#12933=CARTESIAN_POINT('',(108.868708,-122.293768,1.6));
#12934=CARTESIAN_POINT('',(109.138494,-122.645361,1.6));
#12935=CARTESIAN_POINT('',(109.138494,-122.645361,1.6));
#12936=CARTESIAN_POINT('',(109.437898,-122.972102,1.6));
#12937=CARTESIAN_POINT('',(109.437898,-122.972102,1.6));
#12938=CARTESIAN_POINT('',(109.764639,-123.271506,1.6));
#12939=CARTESIAN_POINT('',(109.764639,-123.271506,1.6));
#12940=CARTESIAN_POINT('',(110.116232,-123.541292,1.6));
#12941=CARTESIAN_POINT('',(110.116232,-123.541292,1.6));
#12942=CARTESIAN_POINT('',(110.49,-123.779409,1.6));
#12943=CARTESIAN_POINT('',(110.49,-123.779409,1.6));
#12944=CARTESIAN_POINT('',(110.883099,-123.984044,1.6));
#12945=CARTESIAN_POINT('',(110.883099,-123.984044,1.6));
#12946=CARTESIAN_POINT('',(111.292538,-124.153639,1.6));
#12947=CARTESIAN_POINT('',(111.292538,-124.153639,1.6));
#12948=CARTESIAN_POINT('',(111.715199,-124.286903,1.6));
#12949=CARTESIAN_POINT('',(111.715199,-124.286903,1.6));
#12950=CARTESIAN_POINT('',(112.147867,-124.382823,1.6));
#12951=CARTESIAN_POINT('',(112.147867,-124.382823,1.6));
#12952=CARTESIAN_POINT('',(112.587249,-124.440669,1.6));
#12953=CARTESIAN_POINT('',(112.587249,-124.440669,1.6));
#12954=CARTESIAN_POINT('',(113.03,-124.46,1.6));
#12955=CARTESIAN_POINT('',(113.03,-124.46,1.6));
#12956=CARTESIAN_POINT('',(142.24,-124.46,1.6));
#12957=CARTESIAN_POINT('',(142.24,-124.46,1.6));
#12958=CARTESIAN_POINT('',(142.682751,-124.440669,1.6));
#12959=CARTESIAN_POINT('',(142.682751,-124.440669,1.6));
#12960=CARTESIAN_POINT('',(143.122133,-124.382823,1.6));
#12961=CARTESIAN_POINT('',(143.122133,-124.382823,1.6));
#12962=CARTESIAN_POINT('',(143.554801,-124.286903,1.6));
#12963=CARTESIAN_POINT('',(143.554801,-124.286903,1.6));
#12964=CARTESIAN_POINT('',(143.977462,-124.153639,1.6));
#12965=CARTESIAN_POINT('',(143.977462,-124.153639,1.6));
#12966=CARTESIAN_POINT('',(144.386901,-123.984044,1.6));
#12967=CARTESIAN_POINT('',(144.386901,-123.984044,1.6));
#12968=CARTESIAN_POINT('',(144.78,-123.779409,1.6));
#12969=CARTESIAN_POINT('',(144.78,-123.779409,1.6));
#12970=CARTESIAN_POINT('',(145.153768,-123.541292,1.6));
#12971=CARTESIAN_POINT('',(145.153768,-123.541292,1.6));
#12972=CARTESIAN_POINT('',(145.505361,-123.271506,1.6));
#12973=CARTESIAN_POINT('',(145.505361,-123.271506,1.6));
#12974=CARTESIAN_POINT('',(145.832102,-122.972102,1.6));
#12975=CARTESIAN_POINT('',(145.832102,-122.972102,1.6));
#12976=CARTESIAN_POINT('',(146.131506,-122.645361,1.6));
#12977=CARTESIAN_POINT('',(146.131506,-122.645361,1.6));
#12978=CARTESIAN_POINT('',(146.401292,-122.293768,1.6));
#12979=CARTESIAN_POINT('',(146.401292,-122.293768,1.6));
#12980=CARTESIAN_POINT('',(146.639409,-121.92,1.6));
#12981=CARTESIAN_POINT('',(146.639409,-121.92,1.6));
#12982=CARTESIAN_POINT('',(146.844044,-121.526901,1.6));
#12983=CARTESIAN_POINT('',(146.844044,-121.526901,1.6));
#12984=CARTESIAN_POINT('',(147.013639,-121.117462,1.6));
#12985=CARTESIAN_POINT('',(147.013639,-121.117462,1.6));
#12986=CARTESIAN_POINT('',(147.146903,-120.694801,1.6));
#12987=CARTESIAN_POINT('',(147.146903,-120.694801,1.6));
#12988=CARTESIAN_POINT('',(147.242823,-120.262133,1.6));
#12989=CARTESIAN_POINT('',(147.242823,-120.262133,1.6));
#12990=CARTESIAN_POINT('',(147.300669,-119.822751,1.6));
#12991=CARTESIAN_POINT('',(147.300669,-119.822751,1.6));
#12992=CARTESIAN_POINT('',(147.32,-119.38,1.6));
#12993=CARTESIAN_POINT('',(147.32,-119.38,1.6));
#12994=CARTESIAN_POINT('',(147.32,-69.85,1.6));
#12995=CARTESIAN_POINT('',(147.32,-69.85,1.6));
#12996=CARTESIAN_POINT('',(147.300706,-69.629467,1.6));
#12997=CARTESIAN_POINT('',(147.300706,-69.629467,1.6));
#12998=CARTESIAN_POINT('',(147.24341,-69.415634,1.6));
#12999=CARTESIAN_POINT('',(147.24341,-69.415634,1.6));
#13000=CARTESIAN_POINT('',(147.149852,-69.215,1.6));
#13001=CARTESIAN_POINT('',(147.149852,-69.215,1.6));
#13002=CARTESIAN_POINT('',(147.022876,-69.03366,1.6));
#13003=CARTESIAN_POINT('',(147.022876,-69.03366,1.6));
#13004=CARTESIAN_POINT('',(146.86634,-68.877124,1.6));
#13005=CARTESIAN_POINT('',(146.86634,-68.877124,1.6));
#13006=CARTESIAN_POINT('',(146.685,-68.750148,1.6));
#13007=CARTESIAN_POINT('',(146.685,-68.750148,1.6));
#13008=CARTESIAN_POINT('',(146.484366,-68.65659,1.6));
#13009=CARTESIAN_POINT('',(113.05,-73.66,1.6));
#13010=CARTESIAN_POINT('Origin',(114.3,-73.66,1.6));
#13011=CARTESIAN_POINT('',(107.97,-83.735,1.6));
#13012=CARTESIAN_POINT('Origin',(108.345,-83.735,1.6));
#13013=CARTESIAN_POINT('',(110.72,-83.735,1.6));
#13014=CARTESIAN_POINT('Origin',(111.095,-83.735,1.6));
#13015=CARTESIAN_POINT('',(140.99,-116.84,1.6));
#13016=CARTESIAN_POINT('Origin',(142.24,-116.84,1.6));
#13017=CARTESIAN_POINT('Origin',(146.270533,-68.599294,0.));
#13018=CARTESIAN_POINT('',(146.270533,-68.599294,0.));
#13019=CARTESIAN_POINT('',(146.270533,-68.599294,0.));
#13020=CARTESIAN_POINT('',(146.484366,-68.65659,0.));
#13021=CARTESIAN_POINT('',(146.484366,-68.65659,0.));
#13022=CARTESIAN_POINT('',(146.270533,-68.599294,0.));
#13023=CARTESIAN_POINT('Origin',(146.05,-68.58,0.));
#13024=CARTESIAN_POINT('',(146.05,-68.58,0.));
#13025=CARTESIAN_POINT('',(146.05,-68.58,0.));
#13026=CARTESIAN_POINT('',(146.05,-68.58,0.));
#13027=CARTESIAN_POINT('Origin',(146.484366,-68.65659,0.));
#13028=CARTESIAN_POINT('',(146.685,-68.750148,0.));
#13029=CARTESIAN_POINT('',(146.685,-68.750148,0.));
#13030=CARTESIAN_POINT('',(146.484366,-68.65659,0.));
#13031=CARTESIAN_POINT('Origin',(127.635,-96.00755727761,0.));
#13032=CARTESIAN_POINT('',(146.86634,-68.877124,0.));
#13033=CARTESIAN_POINT('',(146.685,-68.750148,0.));
#13034=CARTESIAN_POINT('',(147.022876,-69.03366,0.));
#13035=CARTESIAN_POINT('',(146.86634,-68.877124,0.));
#13036=CARTESIAN_POINT('',(147.149852,-69.215,0.));
#13037=CARTESIAN_POINT('',(147.022876,-69.03366,0.));
#13038=CARTESIAN_POINT('',(147.24341,-69.415634,0.));
#13039=CARTESIAN_POINT('',(147.149852,-69.215,0.));
#13040=CARTESIAN_POINT('',(147.300706,-69.629467,0.));
#13041=CARTESIAN_POINT('',(147.24341,-69.415634,0.));
#13042=CARTESIAN_POINT('',(147.32,-69.85,0.));
#13043=CARTESIAN_POINT('',(147.300706,-69.629467,0.));
#13044=CARTESIAN_POINT('',(147.32,-119.38,0.));
#13045=CARTESIAN_POINT('',(147.32,-69.85,0.));
#13046=CARTESIAN_POINT('',(147.300669,-119.822751,0.));
#13047=CARTESIAN_POINT('',(147.32,-119.38,0.));
#13048=CARTESIAN_POINT('',(147.242823,-120.262133,0.));
#13049=CARTESIAN_POINT('',(147.300669,-119.822751,0.));
#13050=CARTESIAN_POINT('',(147.146903,-120.694801,0.));
#13051=CARTESIAN_POINT('',(147.242823,-120.262133,0.));
#13052=CARTESIAN_POINT('',(147.013639,-121.117462,0.));
#13053=CARTESIAN_POINT('',(147.146903,-120.694801,0.));
#13054=CARTESIAN_POINT('',(146.844044,-121.526901,0.));
#13055=CARTESIAN_POINT('',(147.013639,-121.117462,0.));
#13056=CARTESIAN_POINT('',(146.639409,-121.92,0.));
#13057=CARTESIAN_POINT('',(146.844044,-121.526901,0.));
#13058=CARTESIAN_POINT('',(146.401292,-122.293768,0.));
#13059=CARTESIAN_POINT('',(146.639409,-121.92,0.));
#13060=CARTESIAN_POINT('',(146.131506,-122.645361,0.));
#13061=CARTESIAN_POINT('',(146.401292,-122.293768,0.));
#13062=CARTESIAN_POINT('',(145.832102,-122.972102,0.));
#13063=CARTESIAN_POINT('',(146.131506,-122.645361,0.));
#13064=CARTESIAN_POINT('',(145.505361,-123.271506,0.));
#13065=CARTESIAN_POINT('',(145.832102,-122.972102,0.));
#13066=CARTESIAN_POINT('',(145.153768,-123.541292,0.));
#13067=CARTESIAN_POINT('',(145.505361,-123.271506,0.));
#13068=CARTESIAN_POINT('',(144.78,-123.779409,0.));
#13069=CARTESIAN_POINT('',(145.153768,-123.541292,0.));
#13070=CARTESIAN_POINT('',(144.386901,-123.984044,0.));
#13071=CARTESIAN_POINT('',(144.78,-123.779409,0.));
#13072=CARTESIAN_POINT('',(143.977462,-124.153639,0.));
#13073=CARTESIAN_POINT('',(144.386901,-123.984044,0.));
#13074=CARTESIAN_POINT('',(143.554801,-124.286903,0.));
#13075=CARTESIAN_POINT('',(143.977462,-124.153639,0.));
#13076=CARTESIAN_POINT('',(143.122133,-124.382823,0.));
#13077=CARTESIAN_POINT('',(143.554801,-124.286903,0.));
#13078=CARTESIAN_POINT('',(142.682751,-124.440669,0.));
#13079=CARTESIAN_POINT('',(143.122133,-124.382823,0.));
#13080=CARTESIAN_POINT('',(142.24,-124.46,0.));
#13081=CARTESIAN_POINT('',(142.682751,-124.440669,0.));
#13082=CARTESIAN_POINT('',(113.03,-124.46,0.));
#13083=CARTESIAN_POINT('',(142.24,-124.46,0.));
#13084=CARTESIAN_POINT('',(112.587249,-124.440669,0.));
#13085=CARTESIAN_POINT('',(113.03,-124.46,0.));
#13086=CARTESIAN_POINT('',(112.147867,-124.382823,0.));
#13087=CARTESIAN_POINT('',(112.587249,-124.440669,0.));
#13088=CARTESIAN_POINT('',(111.715199,-124.286903,0.));
#13089=CARTESIAN_POINT('',(112.147867,-124.382823,0.));
#13090=CARTESIAN_POINT('',(111.292538,-124.153639,0.));
#13091=CARTESIAN_POINT('',(111.715199,-124.286903,0.));
#13092=CARTESIAN_POINT('',(110.883099,-123.984044,0.));
#13093=CARTESIAN_POINT('',(111.292538,-124.153639,0.));
#13094=CARTESIAN_POINT('',(110.49,-123.779409,0.));
#13095=CARTESIAN_POINT('',(110.883099,-123.984044,0.));
#13096=CARTESIAN_POINT('',(110.116232,-123.541292,0.));
#13097=CARTESIAN_POINT('',(110.49,-123.779409,0.));
#13098=CARTESIAN_POINT('',(109.764639,-123.271506,0.));
#13099=CARTESIAN_POINT('',(110.116232,-123.541292,0.));
#13100=CARTESIAN_POINT('',(109.437898,-122.972102,0.));
#13101=CARTESIAN_POINT('',(109.764639,-123.271506,0.));
#13102=CARTESIAN_POINT('',(109.138494,-122.645361,0.));
#13103=CARTESIAN_POINT('',(109.437898,-122.972102,0.));
#13104=CARTESIAN_POINT('',(108.868708,-122.293768,0.));
#13105=CARTESIAN_POINT('',(109.138494,-122.645361,0.));
#13106=CARTESIAN_POINT('',(108.630591,-121.92,0.));
#13107=CARTESIAN_POINT('',(108.868708,-122.293768,0.));
#13108=CARTESIAN_POINT('',(108.425956,-121.526901,0.));
#13109=CARTESIAN_POINT('',(108.630591,-121.92,0.));
#13110=CARTESIAN_POINT('',(108.256361,-121.117462,0.));
#13111=CARTESIAN_POINT('',(108.425956,-121.526901,0.));
#13112=CARTESIAN_POINT('',(108.123097,-120.694801,0.));
#13113=CARTESIAN_POINT('',(108.256361,-121.117462,0.));
#13114=CARTESIAN_POINT('',(108.027177,-120.262133,0.));
#13115=CARTESIAN_POINT('',(108.123097,-120.694801,0.));
#13116=CARTESIAN_POINT('',(107.969331,-119.822751,0.));
#13117=CARTESIAN_POINT('',(108.027177,-120.262133,0.));
#13118=CARTESIAN_POINT('',(107.95,-119.38,0.));
#13119=CARTESIAN_POINT('',(107.969331,-119.822751,0.));
#13120=CARTESIAN_POINT('',(107.95,-69.85,0.));
#13121=CARTESIAN_POINT('',(107.95,-119.38,0.));
#13122=CARTESIAN_POINT('',(107.969294,-69.629467,0.));
#13123=CARTESIAN_POINT('',(107.95,-69.85,0.));
#13124=CARTESIAN_POINT('',(108.02659,-69.415634,0.));
#13125=CARTESIAN_POINT('',(107.969294,-69.629467,0.));
#13126=CARTESIAN_POINT('',(108.120148,-69.215,0.));
#13127=CARTESIAN_POINT('',(108.02659,-69.415634,0.));
#13128=CARTESIAN_POINT('',(108.247124,-69.03366,0.));
#13129=CARTESIAN_POINT('',(108.120148,-69.215,0.));
#13130=CARTESIAN_POINT('',(108.40366,-68.877124,0.));
#13131=CARTESIAN_POINT('',(108.247124,-69.03366,0.));
#13132=CARTESIAN_POINT('',(108.585,-68.750148,0.));
#13133=CARTESIAN_POINT('',(108.40366,-68.877124,0.));
#13134=CARTESIAN_POINT('',(108.785634,-68.65659,0.));
#13135=CARTESIAN_POINT('',(108.585,-68.750148,0.));
#13136=CARTESIAN_POINT('',(108.999467,-68.599294,0.));
#13137=CARTESIAN_POINT('',(108.785634,-68.65659,0.));
#13138=CARTESIAN_POINT('',(109.22,-68.58,0.));
#13139=CARTESIAN_POINT('',(108.999467,-68.599294,0.));
#13140=CARTESIAN_POINT('',(109.22,-68.58,0.));
#13141=CARTESIAN_POINT('',(140.99,-116.84,0.));
#13142=CARTESIAN_POINT('Origin',(142.24,-116.84,0.));
#13143=CARTESIAN_POINT('',(110.72,-83.735,0.));
#13144=CARTESIAN_POINT('Origin',(111.095,-83.735,0.));
#13145=CARTESIAN_POINT('',(107.97,-83.735,0.));
#13146=CARTESIAN_POINT('Origin',(108.345,-83.735,0.));
#13147=CARTESIAN_POINT('',(113.05,-73.66,0.));
#13148=CARTESIAN_POINT('Origin',(114.3,-73.66,0.));
#13149=CARTESIAN_POINT('Origin',(109.22,-68.58,0.));
#13150=CARTESIAN_POINT('',(109.22,-68.58,0.));
#13151=CARTESIAN_POINT('Origin',(146.685,-68.750148,0.));
#13152=CARTESIAN_POINT('',(146.86634,-68.877124,0.));
#13153=CARTESIAN_POINT('Origin',(108.999467,-68.599294,0.));
#13154=CARTESIAN_POINT('',(108.999467,-68.599294,0.));
#13155=CARTESIAN_POINT('Origin',(146.86634,-68.877124,0.));
#13156=CARTESIAN_POINT('',(147.022876,-69.03366,0.));
#13157=CARTESIAN_POINT('Origin',(108.785634,-68.65659,0.));
#13158=CARTESIAN_POINT('',(108.785634,-68.65659,0.));
#13159=CARTESIAN_POINT('Origin',(147.022876,-69.03366,0.));
#13160=CARTESIAN_POINT('',(147.149852,-69.215,0.));
#13161=CARTESIAN_POINT('Origin',(108.585,-68.750148,0.));
#13162=CARTESIAN_POINT('',(108.585,-68.750148,0.));
#13163=CARTESIAN_POINT('Origin',(147.149852,-69.215,0.));
#13164=CARTESIAN_POINT('',(147.24341,-69.415634,0.));
#13165=CARTESIAN_POINT('Origin',(108.40366,-68.877124,0.));
#13166=CARTESIAN_POINT('',(108.40366,-68.877124,0.));
#13167=CARTESIAN_POINT('Origin',(147.24341,-69.415634,0.));
#13168=CARTESIAN_POINT('',(147.300706,-69.629467,0.));
#13169=CARTESIAN_POINT('Origin',(108.247124,-69.03366,0.));
#13170=CARTESIAN_POINT('',(108.247124,-69.03366,0.));
#13171=CARTESIAN_POINT('Origin',(147.300706,-69.629467,0.));
#13172=CARTESIAN_POINT('',(147.32,-69.85,0.));
#13173=CARTESIAN_POINT('Origin',(108.120148,-69.215,0.));
#13174=CARTESIAN_POINT('',(108.120148,-69.215,0.));
#13175=CARTESIAN_POINT('Origin',(147.32,-69.85,0.));
#13176=CARTESIAN_POINT('',(147.32,-119.38,0.));
#13177=CARTESIAN_POINT('Origin',(108.02659,-69.415634,0.));
#13178=CARTESIAN_POINT('',(108.02659,-69.415634,0.));
#13179=CARTESIAN_POINT('Origin',(147.32,-119.38,0.));
#13180=CARTESIAN_POINT('',(147.300669,-119.822751,0.));
#13181=CARTESIAN_POINT('Origin',(107.969294,-69.629467,0.));
#13182=CARTESIAN_POINT('',(107.969294,-69.629467,0.));
#13183=CARTESIAN_POINT('Origin',(147.300669,-119.822751,0.));
#13184=CARTESIAN_POINT('',(147.242823,-120.262133,0.));
#13185=CARTESIAN_POINT('Origin',(107.95,-69.85,0.));
#13186=CARTESIAN_POINT('',(107.95,-69.85,0.));
#13187=CARTESIAN_POINT('Origin',(147.242823,-120.262133,0.));
#13188=CARTESIAN_POINT('',(147.146903,-120.694801,0.));
#13189=CARTESIAN_POINT('Origin',(107.95,-119.38,0.));
#13190=CARTESIAN_POINT('',(107.95,-119.38,0.));
#13191=CARTESIAN_POINT('Origin',(147.146903,-120.694801,0.));
#13192=CARTESIAN_POINT('',(147.013639,-121.117462,0.));
#13193=CARTESIAN_POINT('Origin',(107.969331,-119.822751,0.));
#13194=CARTESIAN_POINT('',(107.969331,-119.822751,0.));
#13195=CARTESIAN_POINT('Origin',(147.013639,-121.117462,0.));
#13196=CARTESIAN_POINT('',(146.844044,-121.526901,0.));
#13197=CARTESIAN_POINT('Origin',(108.027177,-120.262133,0.));
#13198=CARTESIAN_POINT('',(108.027177,-120.262133,0.));
#13199=CARTESIAN_POINT('Origin',(146.844044,-121.526901,0.));
#13200=CARTESIAN_POINT('',(146.639409,-121.92,0.));
#13201=CARTESIAN_POINT('Origin',(108.123097,-120.694801,0.));
#13202=CARTESIAN_POINT('',(108.123097,-120.694801,0.));
#13203=CARTESIAN_POINT('Origin',(146.639409,-121.92,0.));
#13204=CARTESIAN_POINT('',(146.401292,-122.293768,0.));
#13205=CARTESIAN_POINT('Origin',(108.256361,-121.117462,0.));
#13206=CARTESIAN_POINT('',(108.256361,-121.117462,0.));
#13207=CARTESIAN_POINT('Origin',(146.401292,-122.293768,0.));
#13208=CARTESIAN_POINT('',(146.131506,-122.645361,0.));
#13209=CARTESIAN_POINT('Origin',(108.425956,-121.526901,0.));
#13210=CARTESIAN_POINT('',(108.425956,-121.526901,0.));
#13211=CARTESIAN_POINT('Origin',(146.131506,-122.645361,0.));
#13212=CARTESIAN_POINT('',(145.832102,-122.972102,0.));
#13213=CARTESIAN_POINT('Origin',(108.630591,-121.92,0.));
#13214=CARTESIAN_POINT('',(108.630591,-121.92,0.));
#13215=CARTESIAN_POINT('Origin',(145.832102,-122.972102,0.));
#13216=CARTESIAN_POINT('',(145.505361,-123.271506,0.));
#13217=CARTESIAN_POINT('Origin',(108.868708,-122.293768,0.));
#13218=CARTESIAN_POINT('',(108.868708,-122.293768,0.));
#13219=CARTESIAN_POINT('Origin',(145.505361,-123.271506,0.));
#13220=CARTESIAN_POINT('',(145.153768,-123.541292,0.));
#13221=CARTESIAN_POINT('Origin',(109.138494,-122.645361,0.));
#13222=CARTESIAN_POINT('',(109.138494,-122.645361,0.));
#13223=CARTESIAN_POINT('Origin',(145.153768,-123.541292,0.));
#13224=CARTESIAN_POINT('',(144.78,-123.779409,0.));
#13225=CARTESIAN_POINT('Origin',(109.437898,-122.972102,0.));
#13226=CARTESIAN_POINT('',(109.437898,-122.972102,0.));
#13227=CARTESIAN_POINT('Origin',(144.78,-123.779409,0.));
#13228=CARTESIAN_POINT('',(144.386901,-123.984044,0.));
#13229=CARTESIAN_POINT('Origin',(109.764639,-123.271506,0.));
#13230=CARTESIAN_POINT('',(109.764639,-123.271506,0.));
#13231=CARTESIAN_POINT('Origin',(144.386901,-123.984044,0.));
#13232=CARTESIAN_POINT('',(143.977462,-124.153639,0.));
#13233=CARTESIAN_POINT('Origin',(110.116232,-123.541292,0.));
#13234=CARTESIAN_POINT('',(110.116232,-123.541292,0.));
#13235=CARTESIAN_POINT('Origin',(143.977462,-124.153639,0.));
#13236=CARTESIAN_POINT('',(143.554801,-124.286903,0.));
#13237=CARTESIAN_POINT('Origin',(110.49,-123.779409,0.));
#13238=CARTESIAN_POINT('',(110.49,-123.779409,0.));
#13239=CARTESIAN_POINT('Origin',(143.554801,-124.286903,0.));
#13240=CARTESIAN_POINT('',(143.122133,-124.382823,0.));
#13241=CARTESIAN_POINT('Origin',(110.883099,-123.984044,0.));
#13242=CARTESIAN_POINT('',(110.883099,-123.984044,0.));
#13243=CARTESIAN_POINT('Origin',(143.122133,-124.382823,0.));
#13244=CARTESIAN_POINT('',(142.682751,-124.440669,0.));
#13245=CARTESIAN_POINT('Origin',(111.292538,-124.153639,0.));
#13246=CARTESIAN_POINT('',(111.292538,-124.153639,0.));
#13247=CARTESIAN_POINT('Origin',(142.682751,-124.440669,0.));
#13248=CARTESIAN_POINT('',(142.24,-124.46,0.));
#13249=CARTESIAN_POINT('Origin',(111.715199,-124.286903,0.));
#13250=CARTESIAN_POINT('',(111.715199,-124.286903,0.));
#13251=CARTESIAN_POINT('Origin',(142.24,-124.46,0.));
#13252=CARTESIAN_POINT('',(113.03,-124.46,0.));
#13253=CARTESIAN_POINT('Origin',(112.147867,-124.382823,0.));
#13254=CARTESIAN_POINT('',(112.147867,-124.382823,0.));
#13255=CARTESIAN_POINT('Origin',(113.03,-124.46,0.));
#13256=CARTESIAN_POINT('',(112.587249,-124.440669,0.));
#13257=CARTESIAN_POINT('Origin',(112.587249,-124.440669,0.));
#13258=CARTESIAN_POINT('Origin',(142.24,-116.84,-0.8));
#13259=CARTESIAN_POINT('',(140.99,-116.84,-0.8));
#13260=CARTESIAN_POINT('Origin',(111.095,-83.735,-0.8));
#13261=CARTESIAN_POINT('',(110.72,-83.735,-0.8));
#13262=CARTESIAN_POINT('Origin',(108.345,-83.735,-0.8));
#13263=CARTESIAN_POINT('',(107.97,-83.735,-0.8));
#13264=CARTESIAN_POINT('Origin',(114.3,-73.66,-0.8));
#13265=CARTESIAN_POINT('',(113.05,-73.66,-0.8));
#13266=CARTESIAN_POINT('',(131.7475,-72.39,1.65));
#13267=CARTESIAN_POINT('',(137.16,-75.8425,1.65));
#13268=CARTESIAN_POINT('',(1.77635683940025E-15,1.77635683940025E-15,0.));
#13269=CARTESIAN_POINT('',(0.,0.,0.));
#13270=CARTESIAN_POINT('Origin',(30.0692442432399,58.2671592171956,0.6));
#13271=CARTESIAN_POINT('',(0.0692442432398543,58.2671592171956,-0.4));
#13272=CARTESIAN_POINT('',(0.0692442432398543,59.2671592171956,0.6));
#13273=CARTESIAN_POINT('Origin',(0.0692442432398543,58.2671592171956,0.6));
#13274=CARTESIAN_POINT('',(40.0692442432398,59.2671592171956,0.6));
#13275=CARTESIAN_POINT('',(30.0692442432399,59.2671592171956,0.6));
#13276=CARTESIAN_POINT('',(40.0692442432398,58.2671592171956,-0.4));
#13277=CARTESIAN_POINT('Origin',(40.0692442432398,58.2671592171956,0.6));
#13278=CARTESIAN_POINT('',(30.0692442432399,58.2671592171956,-0.4));
#13279=CARTESIAN_POINT('Origin',(40.0692442432398,54.2671592171956,0.6));
#13280=CARTESIAN_POINT('',(45.0692442432398,54.2671592171956,0.6));
#13281=CARTESIAN_POINT('',(44.0692442432399,54.2671592171956,-0.4));
#13282=CARTESIAN_POINT('Origin',(44.0692442432399,54.2671592171956,0.6));
#13283=CARTESIAN_POINT('Origin',(40.0692442432398,54.2671592171956,-0.4));
#13284=CARTESIAN_POINT('Origin',(40.0692442432398,54.2671592171956,0.6));
#13285=CARTESIAN_POINT('Origin',(44.0692442432399,13.0171592171956,0.6));
#13286=CARTESIAN_POINT('',(45.0692442432398,-0.732840782804391,0.6));
#13287=CARTESIAN_POINT('',(44.0692442432399,-0.732840782804391,-0.4));
#13288=CARTESIAN_POINT('Origin',(44.0692442432399,-0.732840782804391,0.6));
#13289=CARTESIAN_POINT('',(44.0692442432399,13.0171592171956,-0.4));
#13290=CARTESIAN_POINT('',(45.0692442432398,13.0171592171956,0.6));
#13291=CARTESIAN_POINT('Origin',(40.0692442432398,-0.732840782804391,0.6));
#13292=CARTESIAN_POINT('',(40.0692442432398,-5.73284078280439,0.6));
#13293=CARTESIAN_POINT('',(40.0692442432398,-4.73284078280439,-0.4));
#13294=CARTESIAN_POINT('Origin',(40.0692442432398,-4.73284078280439,0.6));
#13295=CARTESIAN_POINT('Origin',(40.0692442432398,-0.732840782804391,-0.4));
#13296=CARTESIAN_POINT('Origin',(40.0692442432398,-0.732840782804391,0.6));
#13297=CARTESIAN_POINT('Origin',(10.0692442432399,-4.73284078280439,0.6));
#13298=CARTESIAN_POINT('',(0.0692442432398543,-5.73284078280439,0.6));
#13299=CARTESIAN_POINT('',(0.0692442432398543,-4.73284078280439,-0.4));
#13300=CARTESIAN_POINT('Origin',(0.0692442432398543,-4.73284078280439,0.6));
#13301=CARTESIAN_POINT('',(10.0692442432399,-4.73284078280439,-0.4));
#13302=CARTESIAN_POINT('',(10.0692442432399,-5.73284078280439,0.6));
#13303=CARTESIAN_POINT('Origin',(0.0692442432398543,-0.732840782804391,
0.6));
#13304=CARTESIAN_POINT('',(-4.93075575676015,-0.732840782804391,0.6));
#13305=CARTESIAN_POINT('',(-3.93075575676015,-0.732840782804392,-0.4));
#13306=CARTESIAN_POINT('Origin',(-3.93075575676015,-0.732840782804392,0.6));
#13307=CARTESIAN_POINT('Origin',(0.0692442432398543,-0.732840782804391,
-0.4));
#13308=CARTESIAN_POINT('Origin',(0.0692442432398543,-0.732840782804391,
0.6));
#13309=CARTESIAN_POINT('Origin',(-3.93075575676015,40.5171592171956,0.6));
#13310=CARTESIAN_POINT('',(-4.93075575676015,54.2671592171956,0.6));
#13311=CARTESIAN_POINT('',(-3.93075575676015,54.2671592171956,-0.4));
#13312=CARTESIAN_POINT('Origin',(-3.93075575676015,54.2671592171956,0.6));
#13313=CARTESIAN_POINT('',(-3.93075575676015,40.5171592171956,-0.4));
#13314=CARTESIAN_POINT('',(-4.93075575676015,40.5171592171956,0.6));
#13315=CARTESIAN_POINT('Origin',(0.0692442432398543,54.2671592171956,0.6));
#13316=CARTESIAN_POINT('Origin',(0.0692442432398543,54.2671592171956,-0.4));
#13317=CARTESIAN_POINT('Origin',(0.0692442432398543,54.2671592171956,0.6));
#13318=CARTESIAN_POINT('Origin',(40.0692442432398,-0.732840782804391,1.6));
#13319=CARTESIAN_POINT('',(45.0692442432398,-0.732840782804391,5.6));
#13320=CARTESIAN_POINT('',(45.0692442432398,-0.732840782804391,1.6));
#13321=CARTESIAN_POINT('',(40.0692442432398,-5.73284078280439,5.6));
#13322=CARTESIAN_POINT('Origin',(40.0692442432398,-0.732840782804391,5.6));
#13323=CARTESIAN_POINT('',(40.0692442432398,-5.73284078280439,1.6));
#13324=CARTESIAN_POINT('Origin',(45.0692442432398,-0.732840782804391,1.6));
#13325=CARTESIAN_POINT('',(45.0692442432398,54.2671592171956,5.6));
#13326=CARTESIAN_POINT('',(45.0692442432398,54.2671592171956,1.6));
#13327=CARTESIAN_POINT('',(45.0692442432398,54.2671592171956,5.6));
#13328=CARTESIAN_POINT('Origin',(40.0692442432398,54.2671592171956,1.6));
#13329=CARTESIAN_POINT('',(40.0692442432398,59.2671592171956,5.6));
#13330=CARTESIAN_POINT('',(40.0692442432398,59.2671592171956,1.6));
#13331=CARTESIAN_POINT('Origin',(40.0692442432398,54.2671592171956,5.6));
#13332=CARTESIAN_POINT('Origin',(40.0692442432398,59.2671592171956,1.6));
#13333=CARTESIAN_POINT('',(0.0692442432398543,59.2671592171956,5.6));
#13334=CARTESIAN_POINT('',(0.0692442432398543,59.2671592171956,1.6));
#13335=CARTESIAN_POINT('',(0.0692442432398543,59.2671592171956,5.6));
#13336=CARTESIAN_POINT('Origin',(20.0692442432399,26.7671592171956,-0.4));
#13337=CARTESIAN_POINT('',(3.47084865059683,40.6450223968661,-0.4));
#13338=CARTESIAN_POINT('Origin',(3.09584865059684,40.6450223968661,-0.4));
#13339=CARTESIAN_POINT('',(0.720848650596828,40.6450223968661,-0.4));
#13340=CARTESIAN_POINT('Origin',(0.345848650596832,40.6450223968661,-0.4));
#13341=CARTESIAN_POINT('Origin',(19.6358486505968,27.8600223968661,0.1));
#13342=CARTESIAN_POINT('',(35.4908486505968,7.54002239686606,0.1));
#13343=CARTESIAN_POINT('Origin',(34.2408486505968,7.54002239686606,0.1));
#13344=CARTESIAN_POINT('Origin',(19.6358486505968,27.8600223968661,0.1));
#13345=CARTESIAN_POINT('',(7.55084865059683,50.7200223968661,0.1));
#13346=CARTESIAN_POINT('Origin',(6.30084865059683,50.7200223968661,0.1));
#13347=CARTESIAN_POINT('Origin',(20.0692442432399,26.7671592171956,2.6));
#13348=CARTESIAN_POINT('',(0.569244243239844,-3.7328407828044,2.6));
#13349=CARTESIAN_POINT('',(0.569244243239844,-0.232840782804402,2.6));
#13350=CARTESIAN_POINT('',(0.569244243239844,11.5171592171956,2.6));
#13351=CARTESIAN_POINT('',(39.5692442432399,-3.7328407828044,2.6));
#13352=CARTESIAN_POINT('',(29.8192442432399,-3.7328407828044,2.6));
#13353=CARTESIAN_POINT('',(39.5692442432399,-0.232840782804402,2.6));
#13354=CARTESIAN_POINT('',(39.5692442432399,13.2671592171956,2.6));
#13355=CARTESIAN_POINT('',(43.0692442432399,-0.232840782804402,2.6));
#13356=CARTESIAN_POINT('',(31.5692442432399,-0.232840782804402,2.6));
#13357=CARTESIAN_POINT('',(43.0692442432398,53.7671592171956,2.6));
#13358=CARTESIAN_POINT('',(43.0692442432398,40.2671592171956,2.6));
#13359=CARTESIAN_POINT('',(39.5692442432399,53.7671592171956,2.6));
#13360=CARTESIAN_POINT('',(29.8192442432399,53.7671592171956,2.6));
#13361=CARTESIAN_POINT('',(39.5692442432399,57.2671592171956,2.6));
#13362=CARTESIAN_POINT('',(39.5692442432399,42.0171592171956,2.6));
#13363=CARTESIAN_POINT('',(0.569244243239844,57.2671592171956,2.6));
#13364=CARTESIAN_POINT('',(10.3192442432398,57.2671592171956,2.6));
#13365=CARTESIAN_POINT('',(0.569244243239844,56.7004996476339,2.6));
#13366=CARTESIAN_POINT('',(0.569244243239844,41.7338294324148,2.6));
#13367=CARTESIAN_POINT('',(0.82600529753444,56.7692981088951,2.6));
#13368=CARTESIAN_POINT('',(6.05286060773506,58.1698204878228,2.6));
#13369=CARTESIAN_POINT('',(1.17718801750485,56.8000223968661,2.6));
#13370=CARTESIAN_POINT('',(9.24768510429709,57.5060943715474,2.6));
#13371=CARTESIAN_POINT('',(33.0113703266726,56.8000223968661,2.6));
#13372=CARTESIAN_POINT('',(26.5403072849562,56.8000223968661,2.6));
#13373=CARTESIAN_POINT('',(33.0113703266726,55.8000223968661,2.6));
#13374=CARTESIAN_POINT('',(33.0113703266726,41.2835908070308,2.6));
#13375=CARTESIAN_POINT('',(1.22084865059684,55.8000223968661,2.6));
#13376=CARTESIAN_POINT('',(10.6450464469183,55.8000223968661,2.6));
#13377=CARTESIAN_POINT('',(1.00031565059684,55.7807283968661,2.6));
#13378=CARTESIAN_POINT('',(9.20282648416666,56.4983499955508,2.6));
#13379=CARTESIAN_POINT('',(0.786482650596838,55.7234323968661,2.6));
#13380=CARTESIAN_POINT('',(6.16250800674895,57.1639245042865,2.6));
#13381=CARTESIAN_POINT('',(0.585848650596823,55.6298743968661,2.6));
#13382=CARTESIAN_POINT('',(3.06003139324855,56.7836149843892,2.6));
#13383=CARTESIAN_POINT('',(0.404508650596842,55.5028983968661,2.6));
#13384=CARTESIAN_POINT('',(0.25141683837537,55.3957020477505,2.6));
#13385=CARTESIAN_POINT('',(0.247972650596839,55.3463623968661,2.6));
#13386=CARTESIAN_POINT('',(-1.94151024616003,53.1568795001092,2.6));
#13387=CARTESIAN_POINT('',(0.12099665059683,55.1650223968661,2.6));
#13388=CARTESIAN_POINT('',(-3.26892659533174,50.3237241876247,2.6));
#13389=CARTESIAN_POINT('',(0.0274386505968316,54.9643883968661,2.6));
#13390=CARTESIAN_POINT('',(-3.58285341542854,47.2221607052202,2.6));
#13391=CARTESIAN_POINT('',(-0.0298573494031551,54.7505553968661,2.6));
#13392=CARTESIAN_POINT('',(-2.85457786762812,44.2084850503543,2.6));
#13393=CARTESIAN_POINT('',(-0.0491513494031537,54.5300223968661,2.6));
#13394=CARTESIAN_POINT('',(-1.17797571587581,41.6274089413189,2.6));
#13395=CARTESIAN_POINT('',(-0.0491513494031537,51.3292527642886,2.6));
#13396=CARTESIAN_POINT('',(-0.0491513494031537,39.0482059907421,2.6));
#13397=CARTESIAN_POINT('',(-1.04915134940315,51.3292527642886,2.6));
#13398=CARTESIAN_POINT('',(9.51004644691835,51.3292527642886,2.6));
#13399=CARTESIAN_POINT('',(-1.04915134940315,53.7671592171956,2.6));
#13400=CARTESIAN_POINT('',(-1.04915134940315,40.2671592171956,2.6));
#13401=CARTESIAN_POINT('',(-2.93075575676015,53.7671592171956,2.6));
#13402=CARTESIAN_POINT('',(8.56924424323985,53.7671592171956,2.6));
#13403=CARTESIAN_POINT('',(-2.93075575676015,-0.232840782804402,2.6));
#13404=CARTESIAN_POINT('',(-2.93075575676015,13.2671592171956,2.6));
#13405=CARTESIAN_POINT('',(10.3192442432398,-0.232840782804402,2.6));
#13406=CARTESIAN_POINT('',(34.6835996505968,-0.0606466031339359,2.6));
#13407=CARTESIAN_POINT('',(34.2408486505968,-0.0799776031339228,2.6));
#13408=CARTESIAN_POINT('',(27.9748766223862,-0.353556895506526,2.6));
#13409=CARTESIAN_POINT('',(35.1229816505968,-0.00280060313393449,2.6));
#13410=CARTESIAN_POINT('',(29.4565014523561,-0.74881025657318,2.6));
#13411=CARTESIAN_POINT('',(35.5556496505968,0.0931193968660793,2.6));
#13412=CARTESIAN_POINT('',(30.9934136271358,-0.918302014864014,2.6));
#13413=CARTESIAN_POINT('',(35.9783106505968,0.226383396866066,2.6));
#13414=CARTESIAN_POINT('',(32.5488322316362,-0.854922926699011,2.6));
#13415=CARTESIAN_POINT('',(36.3877496505968,0.39597839686607,2.6));
#13416=CARTESIAN_POINT('',(34.085196160719,-0.557769436427369,2.6));
#13417=CARTESIAN_POINT('',(36.7808486505968,0.60061339686607,2.6));
#13418=CARTESIAN_POINT('',(35.5652144033485,-0.0322076334231536,2.6));
#13419=CARTESIAN_POINT('',(37.1546166505969,0.838730396866065,2.6));
#13420=CARTESIAN_POINT('',(36.9529233412367,0.710237305577037,2.6));
#13421=CARTESIAN_POINT('',(37.5062096505968,1.10851639686606,2.6));
#13422=CARTESIAN_POINT('',(38.2147832893333,1.65222246524669,2.6));
#13423=CARTESIAN_POINT('',(37.8329506505968,1.40792039686605,2.6));
#13424=CARTESIAN_POINT('',(39.3206737597177,2.77117217660362,2.6));
#13425=CARTESIAN_POINT('',(38.1323546505968,1.73466139686607,2.6));
#13426=CARTESIAN_POINT('',(40.2444497768103,4.03960078857136,2.6));
#13427=CARTESIAN_POINT('',(38.4021406505968,2.08625439686607,2.6));
#13428=CARTESIAN_POINT('',(40.9651311624424,5.42641853819012,2.6));
#13429=CARTESIAN_POINT('',(38.6402576505968,2.46002239686607,2.6));
#13430=CARTESIAN_POINT('',(41.4670502328802,6.89718820147053,2.6));
#13431=CARTESIAN_POINT('',(38.8448926505968,2.85312139686607,2.6));
#13432=CARTESIAN_POINT('',(41.7406051460518,8.41571668237846,2.6));
#13433=CARTESIAN_POINT('',(39.0144876505968,3.26256039686607,2.6));
#13434=CARTESIAN_POINT('',(41.782318996013,9.94470372795318,2.6));
#13435=CARTESIAN_POINT('',(39.1477516505968,3.68522139686608,2.6));
#13436=CARTESIAN_POINT('',(41.5949839976133,11.4468799920039,2.6));
#13437=CARTESIAN_POINT('',(39.2436716505968,4.11788939686605,2.6));
#13438=CARTESIAN_POINT('',(41.1875442274758,12.8861489891638,2.6));
#13439=CARTESIAN_POINT('',(39.3015176505968,4.55727139686607,2.6));
#13440=CARTESIAN_POINT('',(40.574777017748,14.2285926162665,2.6));
#13441=CARTESIAN_POINT('',(39.3208486505968,5.00002239686607,2.6));
#13442=CARTESIAN_POINT('',(39.7768185188246,15.4434094501917,2.6));
#13443=CARTESIAN_POINT('',(39.3208486505968,8.10236559232592,2.6));
#13444=CARTESIAN_POINT('',(39.3208486505968,17.4347624047608,2.6));
#13445=CARTESIAN_POINT('',(40.3208486505968,8.10236559232592,2.6));
#13446=CARTESIAN_POINT('',(30.1950464469183,8.10236559232592,2.6));
#13447=CARTESIAN_POINT('',(40.3208486505968,4.97820223594546,2.6));
#13448=CARTESIAN_POINT('',(40.3208486505968,15.8726807265705,2.6));
#13449=CARTESIAN_POINT('',(40.2986613848864,4.47003224574436,2.6));
#13450=CARTESIAN_POINT('',(40.7652489931286,15.1566045977686,2.6));
#13451=CARTESIAN_POINT('',(40.2294175785534,3.94407570399268,2.6));
#13452=CARTESIAN_POINT('',(41.5344493741157,13.8567313828222,2.6));
#13453=CARTESIAN_POINT('',(40.1145978789084,3.42615650251195,2.6));
#13454=CARTESIAN_POINT('',(42.1111553896054,12.4320629353563,2.6));
#13455=CARTESIAN_POINT('',(39.95507576811,2.92021510144217,2.6));
#13456=CARTESIAN_POINT('',(42.4755046939802,10.9140244590884,2.6));
#13457=CARTESIAN_POINT('',(39.7520637184706,2.43010011814496,2.6));
#13458=CARTESIAN_POINT('',(42.6130468707037,9.33713205226462,2.6));
#13459=CARTESIAN_POINT('',(39.5071075435737,1.95954509385389,2.6));
#13460=CARTESIAN_POINT('',(42.515217725867,7.73805368011377,2.6));
#13461=CARTESIAN_POINT('',(39.2220731698556,1.51213173069261,2.6));
#13462=CARTESIAN_POINT('',(42.1796534481499,6.15459264468702,2.6));
#13463=CARTESIAN_POINT('',(38.8991288506376,1.09126125547586,2.6));
#13464=CARTESIAN_POINT('',(41.6103023672601,4.62454181944067,2.6));
#13465=CARTESIAN_POINT('',(38.5407310286695,0.700140018793451,2.6));
#13466=CARTESIAN_POINT('',(40.8172760521263,3.18454436044997,2.6));
#13467=CARTESIAN_POINT('',(38.149609791987,0.341742196825283,2.6));
#13468=CARTESIAN_POINT('',(39.8167990694979,1.86944499030348,2.6));
#13469=CARTESIAN_POINT('',(37.7287393167703,0.0187978776073194,2.6));
#13470=CARTESIAN_POINT('',(38.6304282704743,0.710686100819966,2.6));
#13471=CARTESIAN_POINT('',(37.2813259536091,-0.26623649611075,2.6));
#13472=CARTESIAN_POINT('',(37.2849282164396,-0.263941596551609,2.6));
#13473=CARTESIAN_POINT('',(36.810770929318,-0.511192671007699,2.6));
#13474=CARTESIAN_POINT('',(35.8110503934675,-1.03161580068685,2.6));
#13475=CARTESIAN_POINT('',(36.3206559460207,-0.714204720647089,2.6));
#13476=CARTESIAN_POINT('',(34.2429908447591,-1.5748008359377,2.6));
#13477=CARTESIAN_POINT('',(35.814714544951,-0.873726831445456,2.6));
#13478=CARTESIAN_POINT('',(32.6173865640165,-1.88183667846515,2.6));
#13479=CARTESIAN_POINT('',(35.2967953434703,-0.988546531090542,2.6));
#13480=CARTESIAN_POINT('',(30.9722060802035,-1.94728302681624,2.6));
#13481=CARTESIAN_POINT('',(34.7708388017185,-1.05779033742346,2.6));
#13482=CARTESIAN_POINT('',(29.3456934149241,-1.77202751610727,2.6));
#13483=CARTESIAN_POINT('',(34.2626688115174,-1.07997760313392,2.6));
#13484=CARTESIAN_POINT('',(27.7862209797088,-1.36274650266581,2.6));
#13485=CARTESIAN_POINT('',(7.95940451513015,-1.07997760313392,2.6));
#13486=CARTESIAN_POINT('',(14.014324379185,-1.07997760313392,2.6));
#13487=CARTESIAN_POINT('',(7.95940451513015,-0.0799776031339228,2.6));
#13488=CARTESIAN_POINT('',(7.95940451513015,13.3435908070308,2.6));
#13489=CARTESIAN_POINT('',(27.1550464469184,-0.0799776031339228,2.6));
#13490=CARTESIAN_POINT('',(0.720848650596828,40.6450223968661,2.6));
#13491=CARTESIAN_POINT('Origin',(0.345848650596832,40.6450223968661,2.6));
#13492=CARTESIAN_POINT('',(35.4908486505968,7.54002239686606,2.6));
#13493=CARTESIAN_POINT('Origin',(34.2408486505968,7.54002239686606,2.6));
#13494=CARTESIAN_POINT('',(7.55084865059683,50.7200223968661,2.6));
#13495=CARTESIAN_POINT('Origin',(6.30084865059683,50.7200223968661,2.6));
#13496=CARTESIAN_POINT('',(3.47084865059683,40.6450223968661,2.6));
#13497=CARTESIAN_POINT('Origin',(3.09584865059684,40.6450223968661,2.6));
#13498=CARTESIAN_POINT('Origin',(20.0692442432399,26.7671592171956,2.6));
#13499=CARTESIAN_POINT('',(42.0991528447347,55.2199735887611,2.6));
#13500=CARTESIAN_POINT('Origin',(41.0991528447347,55.2199735887611,2.6));
#13501=CARTESIAN_POINT('Origin',(20.0692442432399,26.7671592171956,2.6));
#13502=CARTESIAN_POINT('',(42.0991528447347,-1.88002513495444,2.6));
#13503=CARTESIAN_POINT('Origin',(41.0991528447347,-1.88002513495444,2.6));
#13504=CARTESIAN_POINT('Origin',(20.0692442432399,26.7671592171956,2.6));
#13505=CARTESIAN_POINT('',(-0.100846234373542,55.4199735842908,2.6));
#13506=CARTESIAN_POINT('Origin',(-1.1008462120218,55.4199735842908,2.6));
#13507=CARTESIAN_POINT('Origin',(20.0692442432399,26.7671592171956,2.6));
#13508=CARTESIAN_POINT('',(-0.000850274823402941,-1.88002057147383,2.6));
#13509=CARTESIAN_POINT('Origin',(-1.0008502748234,-1.88002057147383,2.6));
#13510=CARTESIAN_POINT('Origin',(3.09584865059684,40.6450223968661,1.6));
#13511=CARTESIAN_POINT('',(3.47084865059683,40.6450223968661,1.6));
#13512=CARTESIAN_POINT('Origin',(6.30084865059683,50.7200223968661,1.6));
#13513=CARTESIAN_POINT('',(7.55084865059683,50.7200223968661,1.6));
#13514=CARTESIAN_POINT('Origin',(34.2408486505968,7.54002239686606,1.6));
#13515=CARTESIAN_POINT('',(35.4908486505968,7.54002239686606,1.6));
#13516=CARTESIAN_POINT('Origin',(0.345848650596832,40.6450223968661,1.6));
#13517=CARTESIAN_POINT('',(0.720848650596828,40.6450223968661,1.6));
#13518=CARTESIAN_POINT('Origin',(40.2986613848864,4.47003224574436,1.6));
#13519=CARTESIAN_POINT('',(40.3208486505968,4.97820223594546,5.6));
#13520=CARTESIAN_POINT('',(40.3208486505968,4.97820223594546,1.6));
#13521=CARTESIAN_POINT('',(40.2986613848864,4.47003224574436,5.6));
#13522=CARTESIAN_POINT('',(40.2986613848864,4.47003224574436,5.6));
#13523=CARTESIAN_POINT('',(40.2986613848864,4.47003224574436,1.6));
#13524=CARTESIAN_POINT('Origin',(40.3208486505968,4.97820223594546,1.6));
#13525=CARTESIAN_POINT('',(40.3208486505968,8.10236559232592,5.6));
#13526=CARTESIAN_POINT('',(40.3208486505968,8.10236559232592,1.6));
#13527=CARTESIAN_POINT('',(40.3208486505968,4.97820223594546,5.6));
#13528=CARTESIAN_POINT('Origin',(40.3208486505968,8.10236559232592,1.6));
#13529=CARTESIAN_POINT('',(39.3208486505968,8.10236559232592,5.6));
#13530=CARTESIAN_POINT('',(39.3208486505968,8.10236559232592,1.6));
#13531=CARTESIAN_POINT('',(39.3208486505968,8.10236559232592,5.6));
#13532=CARTESIAN_POINT('Origin',(39.3208486505968,8.10236559232592,1.6));
#13533=CARTESIAN_POINT('',(39.3208486505968,5.00002239686607,5.6));
#13534=CARTESIAN_POINT('',(39.3208486505968,5.00002239686607,1.6));
#13535=CARTESIAN_POINT('',(39.3208486505968,5.00002239686607,5.6));
#13536=CARTESIAN_POINT('Origin',(39.3208486505968,5.00002239686607,1.6));
#13537=CARTESIAN_POINT('',(39.3015176505968,4.55727139686607,5.6));
#13538=CARTESIAN_POINT('',(39.3015176505968,4.55727139686607,1.6));
#13539=CARTESIAN_POINT('',(39.3015176505968,4.55727139686607,5.6));
#13540=CARTESIAN_POINT('Origin',(39.3015176505968,4.55727139686607,1.6));
#13541=CARTESIAN_POINT('',(39.2436716505968,4.11788939686605,5.6));
#13542=CARTESIAN_POINT('',(39.2436716505968,4.11788939686605,1.6));
#13543=CARTESIAN_POINT('',(39.2436716505968,4.11788939686605,5.6));
#13544=CARTESIAN_POINT('Origin',(39.2436716505968,4.11788939686605,1.6));
#13545=CARTESIAN_POINT('',(39.1477516505968,3.68522139686608,5.6));
#13546=CARTESIAN_POINT('',(39.1477516505968,3.68522139686608,1.6));
#13547=CARTESIAN_POINT('',(39.1477516505968,3.68522139686608,5.6));
#13548=CARTESIAN_POINT('Origin',(39.1477516505968,3.68522139686608,1.6));
#13549=CARTESIAN_POINT('',(39.0144876505968,3.26256039686607,5.6));
#13550=CARTESIAN_POINT('',(39.0144876505968,3.26256039686607,1.6));
#13551=CARTESIAN_POINT('',(39.0144876505968,3.26256039686607,5.6));
#13552=CARTESIAN_POINT('Origin',(39.0144876505968,3.26256039686607,1.6));
#13553=CARTESIAN_POINT('',(38.8448926505968,2.85312139686607,5.6));
#13554=CARTESIAN_POINT('',(38.8448926505968,2.85312139686607,1.6));
#13555=CARTESIAN_POINT('',(38.8448926505968,2.85312139686607,5.6));
#13556=CARTESIAN_POINT('Origin',(38.8448926505968,2.85312139686607,1.6));
#13557=CARTESIAN_POINT('',(38.6402576505968,2.46002239686607,5.6));
#13558=CARTESIAN_POINT('',(38.6402576505968,2.46002239686607,1.6));
#13559=CARTESIAN_POINT('',(38.6402576505968,2.46002239686607,5.6));
#13560=CARTESIAN_POINT('Origin',(38.6402576505968,2.46002239686607,1.6));
#13561=CARTESIAN_POINT('',(38.4021406505968,2.08625439686607,5.6));
#13562=CARTESIAN_POINT('',(38.4021406505968,2.08625439686607,1.6));
#13563=CARTESIAN_POINT('',(38.4021406505968,2.08625439686607,5.6));
#13564=CARTESIAN_POINT('Origin',(38.4021406505968,2.08625439686607,1.6));
#13565=CARTESIAN_POINT('',(38.1323546505968,1.73466139686607,5.6));
#13566=CARTESIAN_POINT('',(38.1323546505968,1.73466139686607,1.6));
#13567=CARTESIAN_POINT('',(38.1323546505968,1.73466139686607,5.6));
#13568=CARTESIAN_POINT('Origin',(38.1323546505968,1.73466139686607,1.6));
#13569=CARTESIAN_POINT('',(37.8329506505968,1.40792039686605,5.6));
#13570=CARTESIAN_POINT('',(37.8329506505968,1.40792039686605,1.6));
#13571=CARTESIAN_POINT('',(37.8329506505968,1.40792039686605,5.6));
#13572=CARTESIAN_POINT('Origin',(37.8329506505968,1.40792039686605,1.6));
#13573=CARTESIAN_POINT('',(37.5062096505968,1.10851639686606,5.6));
#13574=CARTESIAN_POINT('',(37.5062096505968,1.10851639686606,1.6));
#13575=CARTESIAN_POINT('',(37.5062096505968,1.10851639686606,5.6));
#13576=CARTESIAN_POINT('Origin',(37.5062096505968,1.10851639686606,1.6));
#13577=CARTESIAN_POINT('',(37.1546166505969,0.838730396866065,5.6));
#13578=CARTESIAN_POINT('',(37.1546166505969,0.838730396866065,1.6));
#13579=CARTESIAN_POINT('',(37.1546166505969,0.838730396866065,5.6));
#13580=CARTESIAN_POINT('Origin',(37.1546166505969,0.838730396866065,1.6));
#13581=CARTESIAN_POINT('',(36.7808486505968,0.60061339686607,5.6));
#13582=CARTESIAN_POINT('',(36.7808486505968,0.60061339686607,1.6));
#13583=CARTESIAN_POINT('',(36.7808486505968,0.60061339686607,5.6));
#13584=CARTESIAN_POINT('Origin',(36.7808486505968,0.60061339686607,1.6));
#13585=CARTESIAN_POINT('',(36.3877496505968,0.39597839686607,5.6));
#13586=CARTESIAN_POINT('',(36.3877496505968,0.39597839686607,1.6));
#13587=CARTESIAN_POINT('',(36.3877496505968,0.39597839686607,5.6));
#13588=CARTESIAN_POINT('Origin',(36.3877496505968,0.39597839686607,1.6));
#13589=CARTESIAN_POINT('',(35.9783106505968,0.226383396866066,5.6));
#13590=CARTESIAN_POINT('',(35.9783106505968,0.226383396866066,1.6));
#13591=CARTESIAN_POINT('',(35.9783106505968,0.226383396866066,5.6));
#13592=CARTESIAN_POINT('Origin',(35.9783106505968,0.226383396866066,1.6));
#13593=CARTESIAN_POINT('',(35.5556496505968,0.0931193968660793,5.6));
#13594=CARTESIAN_POINT('',(35.5556496505968,0.0931193968660793,1.6));
#13595=CARTESIAN_POINT('',(35.5556496505968,0.0931193968660793,5.6));
#13596=CARTESIAN_POINT('Origin',(35.5556496505968,0.0931193968660793,1.6));
#13597=CARTESIAN_POINT('',(35.1229816505968,-0.00280060313393449,5.6));
#13598=CARTESIAN_POINT('',(35.1229816505968,-0.00280060313393449,1.6));
#13599=CARTESIAN_POINT('',(35.1229816505968,-0.00280060313393449,5.6));
#13600=CARTESIAN_POINT('Origin',(35.1229816505968,-0.00280060313393449,
1.6));
#13601=CARTESIAN_POINT('',(34.6835996505968,-0.0606466031339359,5.6));
#13602=CARTESIAN_POINT('',(34.6835996505968,-0.0606466031339359,1.6));
#13603=CARTESIAN_POINT('',(34.6835996505968,-0.0606466031339359,5.6));
#13604=CARTESIAN_POINT('Origin',(34.6835996505968,-0.0606466031339359,1.6));
#13605=CARTESIAN_POINT('',(34.2408486505968,-0.0799776031339228,5.6));
#13606=CARTESIAN_POINT('',(34.2408486505968,-0.0799776031339228,1.6));
#13607=CARTESIAN_POINT('',(34.2408486505968,-0.0799776031339228,5.6));
#13608=CARTESIAN_POINT('Origin',(40.2294175785534,3.94407570399268,1.6));
#13609=CARTESIAN_POINT('',(40.2294175785534,3.94407570399268,5.6));
#13610=CARTESIAN_POINT('',(40.2294175785534,3.94407570399268,5.6));
#13611=CARTESIAN_POINT('',(40.2294175785534,3.94407570399268,1.6));
#13612=CARTESIAN_POINT('Origin',(40.1145978789084,3.42615650251195,1.6));
#13613=CARTESIAN_POINT('',(40.1145978789084,3.42615650251195,5.6));
#13614=CARTESIAN_POINT('',(40.1145978789084,3.42615650251195,5.6));
#13615=CARTESIAN_POINT('',(40.1145978789084,3.42615650251195,1.6));
#13616=CARTESIAN_POINT('Origin',(39.95507576811,2.92021510144217,1.6));
#13617=CARTESIAN_POINT('',(39.95507576811,2.92021510144217,5.6));
#13618=CARTESIAN_POINT('',(39.95507576811,2.92021510144217,5.6));
#13619=CARTESIAN_POINT('',(39.95507576811,2.92021510144217,1.6));
#13620=CARTESIAN_POINT('Origin',(39.7520637184706,2.43010011814496,1.6));
#13621=CARTESIAN_POINT('',(39.7520637184706,2.43010011814496,5.6));
#13622=CARTESIAN_POINT('',(39.7520637184706,2.43010011814496,5.6));
#13623=CARTESIAN_POINT('',(39.7520637184706,2.43010011814496,1.6));
#13624=CARTESIAN_POINT('Origin',(39.5071075435737,1.95954509385389,1.6));
#13625=CARTESIAN_POINT('',(39.5071075435737,1.95954509385389,5.6));
#13626=CARTESIAN_POINT('',(39.5071075435737,1.95954509385389,5.6));
#13627=CARTESIAN_POINT('',(39.5071075435737,1.95954509385389,1.6));
#13628=CARTESIAN_POINT('Origin',(39.2220731698556,1.51213173069261,1.6));
#13629=CARTESIAN_POINT('',(39.2220731698556,1.51213173069261,5.6));
#13630=CARTESIAN_POINT('',(39.2220731698556,1.51213173069261,5.6));
#13631=CARTESIAN_POINT('',(39.2220731698556,1.51213173069261,1.6));
#13632=CARTESIAN_POINT('Origin',(38.8991288506376,1.09126125547586,1.6));
#13633=CARTESIAN_POINT('',(38.8991288506376,1.09126125547586,5.6));
#13634=CARTESIAN_POINT('',(38.8991288506376,1.09126125547586,5.6));
#13635=CARTESIAN_POINT('',(38.8991288506376,1.09126125547586,1.6));
#13636=CARTESIAN_POINT('Origin',(38.5407310286695,0.700140018793451,1.6));
#13637=CARTESIAN_POINT('',(38.5407310286695,0.700140018793451,5.6));
#13638=CARTESIAN_POINT('',(38.5407310286695,0.700140018793451,5.6));
#13639=CARTESIAN_POINT('',(38.5407310286695,0.700140018793451,1.6));
#13640=CARTESIAN_POINT('Origin',(38.149609791987,0.341742196825283,1.6));
#13641=CARTESIAN_POINT('',(38.149609791987,0.341742196825283,5.6));
#13642=CARTESIAN_POINT('',(38.149609791987,0.341742196825283,5.6));
#13643=CARTESIAN_POINT('',(38.149609791987,0.341742196825283,1.6));
#13644=CARTESIAN_POINT('Origin',(37.7287393167703,0.0187978776073194,1.6));
#13645=CARTESIAN_POINT('',(37.7287393167703,0.0187978776073194,5.6));
#13646=CARTESIAN_POINT('',(37.7287393167703,0.0187978776073194,5.6));
#13647=CARTESIAN_POINT('',(37.7287393167703,0.0187978776073194,1.6));
#13648=CARTESIAN_POINT('Origin',(37.2813259536091,-0.26623649611075,1.6));
#13649=CARTESIAN_POINT('',(37.2813259536091,-0.26623649611075,5.6));
#13650=CARTESIAN_POINT('',(37.2813259536091,-0.26623649611075,5.6));
#13651=CARTESIAN_POINT('',(37.2813259536091,-0.26623649611075,1.6));
#13652=CARTESIAN_POINT('Origin',(36.810770929318,-0.511192671007699,1.6));
#13653=CARTESIAN_POINT('',(36.810770929318,-0.511192671007699,5.6));
#13654=CARTESIAN_POINT('',(36.810770929318,-0.511192671007699,5.6));
#13655=CARTESIAN_POINT('',(36.810770929318,-0.511192671007699,1.6));
#13656=CARTESIAN_POINT('Origin',(36.3206559460207,-0.714204720647089,1.6));
#13657=CARTESIAN_POINT('',(36.3206559460207,-0.714204720647089,5.6));
#13658=CARTESIAN_POINT('',(36.3206559460207,-0.714204720647089,5.6));
#13659=CARTESIAN_POINT('',(36.3206559460207,-0.714204720647089,1.6));
#13660=CARTESIAN_POINT('Origin',(35.814714544951,-0.873726831445456,1.6));
#13661=CARTESIAN_POINT('',(35.814714544951,-0.873726831445456,5.6));
#13662=CARTESIAN_POINT('',(35.814714544951,-0.873726831445456,5.6));
#13663=CARTESIAN_POINT('',(35.814714544951,-0.873726831445456,1.6));
#13664=CARTESIAN_POINT('Origin',(35.2967953434703,-0.988546531090542,1.6));
#13665=CARTESIAN_POINT('',(35.2967953434703,-0.988546531090542,5.6));
#13666=CARTESIAN_POINT('',(35.2967953434703,-0.988546531090542,5.6));
#13667=CARTESIAN_POINT('',(35.2967953434703,-0.988546531090542,1.6));
#13668=CARTESIAN_POINT('Origin',(34.7708388017185,-1.05779033742346,1.6));
#13669=CARTESIAN_POINT('',(34.7708388017185,-1.05779033742346,5.6));
#13670=CARTESIAN_POINT('',(34.7708388017185,-1.05779033742346,5.6));
#13671=CARTESIAN_POINT('',(34.7708388017185,-1.05779033742346,1.6));
#13672=CARTESIAN_POINT('Origin',(34.2626688115174,-1.07997760313392,1.6));
#13673=CARTESIAN_POINT('',(34.2626688115174,-1.07997760313392,5.6));
#13674=CARTESIAN_POINT('',(34.2626688115174,-1.07997760313392,5.6));
#13675=CARTESIAN_POINT('',(34.2626688115174,-1.07997760313392,1.6));
#13676=CARTESIAN_POINT('Origin',(7.95940451513015,-1.07997760313392,1.6));
#13677=CARTESIAN_POINT('',(7.95940451513015,-1.07997760313392,5.6));
#13678=CARTESIAN_POINT('',(7.95940451513015,-1.07997760313392,5.6));
#13679=CARTESIAN_POINT('',(7.95940451513015,-1.07997760313392,1.6));
#13680=CARTESIAN_POINT('Origin',(7.95940451513015,-0.0799776031339228,1.6));
#13681=CARTESIAN_POINT('',(7.95940451513015,-0.0799776031339228,5.6));
#13682=CARTESIAN_POINT('',(7.95940451513015,-0.0799776031339228,5.6));
#13683=CARTESIAN_POINT('',(7.95940451513015,-0.0799776031339228,1.6));
#13684=CARTESIAN_POINT('Origin',(34.2408486505968,-0.0799776031339228,1.6));
#13685=CARTESIAN_POINT('',(7.95940451513015,-0.0799776031339228,5.6));
#13686=CARTESIAN_POINT('Origin',(24.1401265828635,3.511193994596,5.6));
#13687=CARTESIAN_POINT('Origin',(-4.93075575676015,54.2671592171956,1.6));
#13688=CARTESIAN_POINT('',(-4.93075575676015,-0.732840782804391,5.6));
#13689=CARTESIAN_POINT('',(-4.93075575676015,-0.732840782804391,1.6));
#13690=CARTESIAN_POINT('',(-4.93075575676015,54.2671592171956,5.6));
#13691=CARTESIAN_POINT('',(-4.93075575676015,-0.732840782804391,5.6));
#13692=CARTESIAN_POINT('',(-4.93075575676015,54.2671592171956,1.6));
#13693=CARTESIAN_POINT('Origin',(0.0692442432398543,-0.732840782804391,
1.6));
#13694=CARTESIAN_POINT('',(0.0692442432398543,-5.73284078280439,5.6));
#13695=CARTESIAN_POINT('',(0.0692442432398543,-5.73284078280439,1.6));
#13696=CARTESIAN_POINT('Origin',(0.0692442432398543,-0.732840782804391,
5.6));
#13697=CARTESIAN_POINT('Origin',(0.0692442432398543,-5.73284078280439,1.6));
#13698=CARTESIAN_POINT('',(40.0692442432398,-5.73284078280439,5.6));
#13699=CARTESIAN_POINT('Origin',(1.00031565059684,55.7807283968661,1.6));
#13700=CARTESIAN_POINT('',(1.22084865059684,55.8000223968661,5.6));
#13701=CARTESIAN_POINT('',(1.22084865059684,55.8000223968661,1.6));
#13702=CARTESIAN_POINT('',(1.00031565059684,55.7807283968661,5.6));
#13703=CARTESIAN_POINT('',(1.22084865059684,55.8000223968661,5.6));
#13704=CARTESIAN_POINT('',(1.00031565059684,55.7807283968661,1.6));
#13705=CARTESIAN_POINT('Origin',(1.22084865059684,55.8000223968661,1.6));
#13706=CARTESIAN_POINT('',(33.0113703266726,55.8000223968661,5.6));
#13707=CARTESIAN_POINT('',(33.0113703266726,55.8000223968661,1.6));
#13708=CARTESIAN_POINT('',(33.0113703266726,55.8000223968661,5.6));
#13709=CARTESIAN_POINT('Origin',(33.0113703266726,55.8000223968661,1.6));
#13710=CARTESIAN_POINT('',(33.0113703266726,56.8000223968661,5.6));
#13711=CARTESIAN_POINT('',(33.0113703266726,56.8000223968661,1.6));
#13712=CARTESIAN_POINT('',(33.0113703266726,55.8000223968661,5.6));
#13713=CARTESIAN_POINT('Origin',(33.0113703266726,56.8000223968661,1.6));
#13714=CARTESIAN_POINT('',(1.17718801750485,56.8000223968661,5.6));
#13715=CARTESIAN_POINT('',(1.17718801750485,56.8000223968661,1.6));
#13716=CARTESIAN_POINT('',(33.0113703266726,56.8000223968661,5.6));
#13717=CARTESIAN_POINT('Origin',(1.17718801750485,56.8000223968661,1.6));
#13718=CARTESIAN_POINT('',(0.82600529753444,56.7692981088951,5.6));
#13719=CARTESIAN_POINT('',(0.82600529753444,56.7692981088951,1.6));
#13720=CARTESIAN_POINT('',(1.17718801750485,56.8000223968661,5.6));
#13721=CARTESIAN_POINT('Origin',(0.82600529753444,56.7692981088951,1.6));
#13722=CARTESIAN_POINT('',(0.569244243239844,56.7004996476339,5.6));
#13723=CARTESIAN_POINT('',(0.569244243239844,56.7004996476339,1.6));
#13724=CARTESIAN_POINT('',(0.82600529753444,56.7692981088951,5.6));
#13725=CARTESIAN_POINT('Origin',(0.569244243239844,56.7004996476339,1.6));
#13726=CARTESIAN_POINT('',(0.569244243239844,57.2671592171956,5.6));
#13727=CARTESIAN_POINT('',(0.569244243239844,57.2671592171956,1.6));
#13728=CARTESIAN_POINT('',(0.569244243239844,56.7004996476339,5.6));
#13729=CARTESIAN_POINT('Origin',(0.569244243239844,57.2671592171956,1.6));
#13730=CARTESIAN_POINT('',(39.5692442432399,57.2671592171956,5.6));
#13731=CARTESIAN_POINT('',(39.5692442432399,57.2671592171956,1.6));
#13732=CARTESIAN_POINT('',(0.569244243239844,57.2671592171956,5.6));
#13733=CARTESIAN_POINT('Origin',(39.5692442432399,57.2671592171956,1.6));
#13734=CARTESIAN_POINT('',(39.5692442432399,53.7671592171956,5.6));
#13735=CARTESIAN_POINT('',(39.5692442432399,53.7671592171956,1.6));
#13736=CARTESIAN_POINT('',(39.5692442432399,53.7671592171956,5.6));
#13737=CARTESIAN_POINT('Origin',(39.5692442432399,53.7671592171956,1.6));
#13738=CARTESIAN_POINT('',(43.0692442432398,53.7671592171956,5.6));
#13739=CARTESIAN_POINT('',(43.0692442432398,53.7671592171956,1.6));
#13740=CARTESIAN_POINT('',(43.0692442432398,53.7671592171956,5.6));
#13741=CARTESIAN_POINT('Origin',(43.0692442432398,53.7671592171956,1.6));
#13742=CARTESIAN_POINT('',(43.0692442432399,-0.232840782804402,5.6));
#13743=CARTESIAN_POINT('',(43.0692442432399,-0.232840782804402,1.6));
#13744=CARTESIAN_POINT('',(43.0692442432398,53.7671592171956,5.6));
#13745=CARTESIAN_POINT('Origin',(43.0692442432399,-0.232840782804402,1.6));
#13746=CARTESIAN_POINT('',(39.5692442432399,-0.232840782804402,5.6));
#13747=CARTESIAN_POINT('',(39.5692442432399,-0.232840782804402,1.6));
#13748=CARTESIAN_POINT('',(43.0692442432399,-0.232840782804402,5.6));
#13749=CARTESIAN_POINT('Origin',(39.5692442432399,-0.232840782804402,1.6));
#13750=CARTESIAN_POINT('',(39.5692442432399,-3.7328407828044,5.6));
#13751=CARTESIAN_POINT('',(39.5692442432399,-3.7328407828044,1.6));
#13752=CARTESIAN_POINT('',(39.5692442432399,-0.232840782804402,5.6));
#13753=CARTESIAN_POINT('Origin',(39.5692442432399,-3.7328407828044,1.6));
#13754=CARTESIAN_POINT('',(0.569244243239844,-3.7328407828044,5.6));
#13755=CARTESIAN_POINT('',(0.569244243239844,-3.7328407828044,1.6));
#13756=CARTESIAN_POINT('',(39.5692442432399,-3.7328407828044,5.6));
#13757=CARTESIAN_POINT('Origin',(-1.0008502748234,-1.88002057147383,1.6));
#13758=CARTESIAN_POINT('',(-0.000850274823402941,-1.88002057147383,5.6));
#13759=CARTESIAN_POINT('Origin',(-1.0008502748234,-1.88002057147383,5.6));
#13760=CARTESIAN_POINT('',(-0.000850274823402941,-1.88002057147383,1.6));
#13761=CARTESIAN_POINT('Origin',(0.569244243239844,-3.7328407828044,1.6));
#13762=CARTESIAN_POINT('',(0.569244243239844,-0.232840782804402,5.6));
#13763=CARTESIAN_POINT('',(0.569244243239844,-0.232840782804402,1.6));
#13764=CARTESIAN_POINT('',(0.569244243239844,-0.232840782804402,5.6));
#13765=CARTESIAN_POINT('Origin',(0.786482650596838,55.7234323968661,1.6));
#13766=CARTESIAN_POINT('',(0.786482650596838,55.7234323968661,5.6));
#13767=CARTESIAN_POINT('',(1.00031565059684,55.7807283968661,5.6));
#13768=CARTESIAN_POINT('',(0.786482650596838,55.7234323968661,1.6));
#13769=CARTESIAN_POINT('Origin',(0.585848650596823,55.6298743968661,1.6));
#13770=CARTESIAN_POINT('',(0.585848650596823,55.6298743968661,5.6));
#13771=CARTESIAN_POINT('',(0.786482650596838,55.7234323968661,5.6));
#13772=CARTESIAN_POINT('',(0.585848650596823,55.6298743968661,1.6));
#13773=CARTESIAN_POINT('Origin',(0.404508650596842,55.5028983968661,1.6));
#13774=CARTESIAN_POINT('',(0.404508650596842,55.5028983968661,5.6));
#13775=CARTESIAN_POINT('',(0.585848650596823,55.6298743968661,5.6));
#13776=CARTESIAN_POINT('',(0.404508650596842,55.5028983968661,1.6));
#13777=CARTESIAN_POINT('Origin',(0.247972650596839,55.3463623968661,1.6));
#13778=CARTESIAN_POINT('',(0.247972650596839,55.3463623968661,5.6));
#13779=CARTESIAN_POINT('',(0.404508650596842,55.5028983968661,5.6));
#13780=CARTESIAN_POINT('',(0.247972650596839,55.3463623968661,1.6));
#13781=CARTESIAN_POINT('Origin',(0.12099665059683,55.1650223968661,1.6));
#13782=CARTESIAN_POINT('',(0.12099665059683,55.1650223968661,5.6));
#13783=CARTESIAN_POINT('',(0.247972650596839,55.3463623968661,5.6));
#13784=CARTESIAN_POINT('',(0.12099665059683,55.1650223968661,1.6));
#13785=CARTESIAN_POINT('Origin',(0.0274386505968316,54.9643883968661,1.6));
#13786=CARTESIAN_POINT('',(0.0274386505968316,54.9643883968661,5.6));
#13787=CARTESIAN_POINT('',(0.12099665059683,55.1650223968661,5.6));
#13788=CARTESIAN_POINT('',(0.0274386505968316,54.9643883968661,1.6));
#13789=CARTESIAN_POINT('Origin',(-0.0298573494031551,54.7505553968661,1.6));
#13790=CARTESIAN_POINT('',(-0.0298573494031551,54.7505553968661,5.6));
#13791=CARTESIAN_POINT('',(0.0274386505968316,54.9643883968661,5.6));
#13792=CARTESIAN_POINT('',(-0.0298573494031551,54.7505553968661,1.6));
#13793=CARTESIAN_POINT('Origin',(-0.0491513494031537,54.5300223968661,1.6));
#13794=CARTESIAN_POINT('',(-0.0491513494031537,54.5300223968661,5.6));
#13795=CARTESIAN_POINT('',(-0.0298573494031551,54.7505553968661,5.6));
#13796=CARTESIAN_POINT('',(-0.0491513494031537,54.5300223968661,1.6));
#13797=CARTESIAN_POINT('Origin',(-0.0491513494031537,51.3292527642886,1.6));
#13798=CARTESIAN_POINT('',(-0.0491513494031537,51.3292527642886,5.6));
#13799=CARTESIAN_POINT('',(-0.0491513494031537,54.5300223968661,5.6));
#13800=CARTESIAN_POINT('',(-0.0491513494031537,51.3292527642886,1.6));
#13801=CARTESIAN_POINT('Origin',(-1.04915134940315,51.3292527642886,1.6));
#13802=CARTESIAN_POINT('',(-1.04915134940315,51.3292527642886,5.6));
#13803=CARTESIAN_POINT('',(-1.04915134940315,51.3292527642886,5.6));
#13804=CARTESIAN_POINT('',(-1.04915134940315,51.3292527642886,1.6));
#13805=CARTESIAN_POINT('Origin',(-1.04915134940315,53.7671592171956,1.6));
#13806=CARTESIAN_POINT('',(-1.04915134940315,53.7671592171956,5.6));
#13807=CARTESIAN_POINT('',(-1.04915134940315,53.7671592171956,5.6));
#13808=CARTESIAN_POINT('',(-1.04915134940315,53.7671592171956,1.6));
#13809=CARTESIAN_POINT('Origin',(-2.93075575676015,53.7671592171956,1.6));
#13810=CARTESIAN_POINT('',(-2.93075575676015,53.7671592171956,5.6));
#13811=CARTESIAN_POINT('',(-2.93075575676015,53.7671592171956,5.6));
#13812=CARTESIAN_POINT('',(-2.93075575676015,53.7671592171956,1.6));
#13813=CARTESIAN_POINT('Origin',(-2.93075575676015,-0.232840782804402,1.6));
#13814=CARTESIAN_POINT('',(-2.93075575676015,-0.232840782804402,5.6));
#13815=CARTESIAN_POINT('',(-2.93075575676015,-0.232840782804402,5.6));
#13816=CARTESIAN_POINT('',(-2.93075575676015,-0.232840782804402,1.6));
#13817=CARTESIAN_POINT('Origin',(0.569244243239844,-0.232840782804402,1.6));
#13818=CARTESIAN_POINT('',(-2.93075575676015,-0.232840782804402,5.6));
#13819=CARTESIAN_POINT('Origin',(-1.1008462120218,55.4199735842908,1.6));
#13820=CARTESIAN_POINT('',(-0.100846234373542,55.4199735842908,5.6));
#13821=CARTESIAN_POINT('Origin',(-1.1008462120218,55.4199735842908,5.6));
#13822=CARTESIAN_POINT('',(-0.100846234373542,55.4199735842908,1.6));
#13823=CARTESIAN_POINT('Origin',(41.0991528447347,-1.88002513495444,1.6));
#13824=CARTESIAN_POINT('',(42.0991528447347,-1.88002513495444,5.6));
#13825=CARTESIAN_POINT('Origin',(41.0991528447347,-1.88002513495444,5.6));
#13826=CARTESIAN_POINT('',(42.0991528447347,-1.88002513495444,1.6));
#13827=CARTESIAN_POINT('Origin',(41.0991528447347,55.2199735887611,1.6));
#13828=CARTESIAN_POINT('',(42.0991528447347,55.2199735887611,5.6));
#13829=CARTESIAN_POINT('Origin',(41.0991528447347,55.2199735887611,5.6));
#13830=CARTESIAN_POINT('',(42.0991528447347,55.2199735887611,1.6));
#13831=CARTESIAN_POINT('Origin',(0.0692442432398543,54.2671592171956,1.6));
#13832=CARTESIAN_POINT('Origin',(0.0692442432398543,54.2671592171956,5.6));
#13833=CARTESIAN_POINT('Origin',(20.0692442432399,26.7671592171956,5.6));
#13834=CARTESIAN_POINT('',(0.,0.,0.));
#13835=CARTESIAN_POINT('Ctrl Pts',(23.7920999918127,2.47979309643434,7.6));
#13836=CARTESIAN_POINT('Ctrl Pts',(23.7920999918127,2.47979309643434,7.4));
#13837=CARTESIAN_POINT('Ctrl Pts',(23.7902438506144,2.50639581731023,7.6));
#13838=CARTESIAN_POINT('Ctrl Pts',(23.7902438506144,2.50639581731023,7.4));
#13839=CARTESIAN_POINT('Ctrl Pts',(23.7866296193572,2.55819596344218,7.6));
#13840=CARTESIAN_POINT('Ctrl Pts',(23.7866296193572,2.55819596344218,7.4));
#13841=CARTESIAN_POINT('Ctrl Pts',(23.7827086390214,2.60997378557352,7.6));
#13842=CARTESIAN_POINT('Ctrl Pts',(23.7827086390214,2.60997378557352,7.4));
#13843=CARTESIAN_POINT('Ctrl Pts',(23.7808013353491,2.63516035164522,7.6));
#13844=CARTESIAN_POINT('Ctrl Pts',(23.7808013353491,2.63516035164522,7.4));
#13845=CARTESIAN_POINT('',(23.7920999918127,2.47979309643434,7.6));
#13846=CARTESIAN_POINT('',(23.7808013353491,2.63516035164522,7.6));
#13847=CARTESIAN_POINT('Ctrl Pts',(23.7920999918127,2.47979309643434,7.6));
#13848=CARTESIAN_POINT('Ctrl Pts',(23.7902438506144,2.50639581731023,7.6));
#13849=CARTESIAN_POINT('Ctrl Pts',(23.7866296193572,2.55819596344218,7.6));
#13850=CARTESIAN_POINT('Ctrl Pts',(23.7827086390214,2.60997378557352,7.6));
#13851=CARTESIAN_POINT('Ctrl Pts',(23.7808013353491,2.63516035164522,7.6));
#13852=CARTESIAN_POINT('',(23.7920999918127,2.47979309643434,7.4));
#13853=CARTESIAN_POINT('',(23.7920999918127,2.47979309643434,7.6));
#13854=CARTESIAN_POINT('',(23.7808013353491,2.63516035164522,7.4));
#13855=CARTESIAN_POINT('Ctrl Pts',(23.7920999918127,2.47979309643434,7.4));
#13856=CARTESIAN_POINT('Ctrl Pts',(23.7902438506144,2.50639581731023,7.4));
#13857=CARTESIAN_POINT('Ctrl Pts',(23.7866296193572,2.55819596344218,7.4));
#13858=CARTESIAN_POINT('Ctrl Pts',(23.7827086390214,2.60997378557352,7.4));
#13859=CARTESIAN_POINT('Ctrl Pts',(23.7808013353491,2.63516035164522,7.4));
#13860=CARTESIAN_POINT('',(23.7808013353491,2.63516035164522,7.6));
#13861=CARTESIAN_POINT('Ctrl Pts',(23.7949252519751,2.34419998015093,7.6));
#13862=CARTESIAN_POINT('Ctrl Pts',(23.7949252519751,2.34419998015093,7.4));
#13863=CARTESIAN_POINT('Ctrl Pts',(23.7947653677142,2.3644463056304,7.6));
#13864=CARTESIAN_POINT('Ctrl Pts',(23.7947653677142,2.3644463056304,7.4));
#13865=CARTESIAN_POINT('Ctrl Pts',(23.7944083514056,2.409655686132,7.6));
#13866=CARTESIAN_POINT('Ctrl Pts',(23.7944083514056,2.409655686132,7.4));
#13867=CARTESIAN_POINT('Ctrl Pts',(23.7929211647861,2.45484250124095,7.6));
#13868=CARTESIAN_POINT('Ctrl Pts',(23.7929211647861,2.45484250124095,7.4));
#13869=CARTESIAN_POINT('Ctrl Pts',(23.7920999918127,2.47979309643434,7.6));
#13870=CARTESIAN_POINT('Ctrl Pts',(23.7920999918127,2.47979309643434,7.4));
#13871=CARTESIAN_POINT('',(23.7949252519751,2.34419998015093,7.6));
#13872=CARTESIAN_POINT('Ctrl Pts',(23.7949252519751,2.34419998015093,7.6));
#13873=CARTESIAN_POINT('Ctrl Pts',(23.7947653677142,2.3644463056304,7.6));
#13874=CARTESIAN_POINT('Ctrl Pts',(23.7944083514056,2.409655686132,7.6));
#13875=CARTESIAN_POINT('Ctrl Pts',(23.7929211647861,2.45484250124095,7.6));
#13876=CARTESIAN_POINT('Ctrl Pts',(23.7920999918127,2.47979309643434,7.6));
#13877=CARTESIAN_POINT('',(23.7949252519751,2.34419998015093,7.4));
#13878=CARTESIAN_POINT('',(23.7949252519751,2.34419998015093,7.6));
#13879=CARTESIAN_POINT('Ctrl Pts',(23.7949252519751,2.34419998015093,7.4));
#13880=CARTESIAN_POINT('Ctrl Pts',(23.7947653677142,2.3644463056304,7.4));
#13881=CARTESIAN_POINT('Ctrl Pts',(23.7944083514056,2.409655686132,7.4));
#13882=CARTESIAN_POINT('Ctrl Pts',(23.7929211647861,2.45484250124095,7.4));
#13883=CARTESIAN_POINT('Ctrl Pts',(23.7920999918127,2.47979309643434,7.4));
#13884=CARTESIAN_POINT('Origin',(23.7949252519751,1.31312635029482,7.6));
#13885=CARTESIAN_POINT('',(23.7949252519751,1.31312635029482,7.6));
#13886=CARTESIAN_POINT('',(23.7949252519751,14.0401427837452,7.6));
#13887=CARTESIAN_POINT('',(23.7949252519751,1.31312635029482,7.4));
#13888=CARTESIAN_POINT('',(23.7949252519751,1.31312635029482,7.6));
#13889=CARTESIAN_POINT('',(23.7949252519751,1.31312635029482,7.4));
#13890=CARTESIAN_POINT('Origin',(23.9813661966467,1.31312635029482,7.6));
#13891=CARTESIAN_POINT('',(23.9813661966467,1.31312635029482,7.6));
#13892=CARTESIAN_POINT('',(22.0253052199433,1.31312635029482,7.6));
#13893=CARTESIAN_POINT('',(23.9813661966467,1.31312635029482,7.4));
#13894=CARTESIAN_POINT('',(23.9813661966467,1.31312635029482,7.6));
#13895=CARTESIAN_POINT('',(23.9813661966467,1.31312635029482,7.4));
#13896=CARTESIAN_POINT('Origin',(23.9813661966467,1.99109252775835,7.6));
#13897=CARTESIAN_POINT('',(23.9813661966467,1.99109252775835,7.6));
#13898=CARTESIAN_POINT('',(23.9813661966467,14.379125872477,7.6));
#13899=CARTESIAN_POINT('',(23.9813661966467,1.99109252775835,7.4));
#13900=CARTESIAN_POINT('',(23.9813661966467,1.99109252775835,7.6));
#13901=CARTESIAN_POINT('',(23.9813661966467,1.99109252775835,7.4));
#13902=CARTESIAN_POINT('Ctrl Pts',(24.0378630552435,2.27357845987009,7.6));
#13903=CARTESIAN_POINT('Ctrl Pts',(24.0378630552435,2.27357845987009,7.4));
#13904=CARTESIAN_POINT('Ctrl Pts',(24.0214392623725,2.23358270841479,7.6));
#13905=CARTESIAN_POINT('Ctrl Pts',(24.0214392623725,2.23358270841479,7.4));
#13906=CARTESIAN_POINT('Ctrl Pts',(23.9843802752291,2.14333546463759,7.6));
#13907=CARTESIAN_POINT('Ctrl Pts',(23.9843802752291,2.14333546463759,7.4));
#13908=CARTESIAN_POINT('Ctrl Pts',(23.9824442273176,2.0455445106449,7.6));
#13909=CARTESIAN_POINT('Ctrl Pts',(23.9824442273176,2.0455445106449,7.4));
#13910=CARTESIAN_POINT('Ctrl Pts',(23.9813661966467,1.99109252775835,7.6));
#13911=CARTESIAN_POINT('Ctrl Pts',(23.9813661966467,1.99109252775835,7.4));
#13912=CARTESIAN_POINT('',(24.0378630552435,2.27357845987009,7.6));
#13913=CARTESIAN_POINT('Ctrl Pts',(24.0378630552435,2.27357845987009,7.6));
#13914=CARTESIAN_POINT('Ctrl Pts',(24.0214392623725,2.23358270841479,7.6));
#13915=CARTESIAN_POINT('Ctrl Pts',(23.9843802752291,2.14333546463759,7.6));
#13916=CARTESIAN_POINT('Ctrl Pts',(23.9824442273176,2.0455445106449,7.6));
#13917=CARTESIAN_POINT('Ctrl Pts',(23.9813661966467,1.99109252775835,7.6));
#13918=CARTESIAN_POINT('',(24.0378630552435,2.27357845987009,7.4));
#13919=CARTESIAN_POINT('',(24.0378630552435,2.27357845987009,7.6));
#13920=CARTESIAN_POINT('Ctrl Pts',(24.0378630552435,2.27357845987009,7.4));
#13921=CARTESIAN_POINT('Ctrl Pts',(24.0214392623725,2.23358270841479,7.4));
#13922=CARTESIAN_POINT('Ctrl Pts',(23.9843802752291,2.14333546463759,7.4));
#13923=CARTESIAN_POINT('Ctrl Pts',(23.9824442273176,2.0455445106449,7.4));
#13924=CARTESIAN_POINT('Ctrl Pts',(23.9813661966467,1.99109252775835,7.4));
#13925=CARTESIAN_POINT('Ctrl Pts',(24.1678065452719,2.42612090195345,7.6));
#13926=CARTESIAN_POINT('Ctrl Pts',(24.1678065452719,2.42612090195345,7.4));
#13927=CARTESIAN_POINT('Ctrl Pts',(24.143476343098,2.40602548617607,7.6));
#13928=CARTESIAN_POINT('Ctrl Pts',(24.143476343098,2.40602548617607,7.4));
#13929=CARTESIAN_POINT('Ctrl Pts',(24.0912510244284,2.36289023044444,7.6));
#13930=CARTESIAN_POINT('Ctrl Pts',(24.0912510244284,2.36289023044444,7.4));
#13931=CARTESIAN_POINT('Ctrl Pts',(24.0564508676638,2.3046736759591,7.6));
#13932=CARTESIAN_POINT('Ctrl Pts',(24.0564508676638,2.3046736759591,7.4));
#13933=CARTESIAN_POINT('Ctrl Pts',(24.0378630552435,2.27357845987009,7.6));
#13934=CARTESIAN_POINT('Ctrl Pts',(24.0378630552435,2.27357845987009,7.4));
#13935=CARTESIAN_POINT('',(24.1678065452719,2.42612090195345,7.6));
#13936=CARTESIAN_POINT('Ctrl Pts',(24.1678065452719,2.42612090195345,7.6));
#13937=CARTESIAN_POINT('Ctrl Pts',(24.143476343098,2.40602548617607,7.6));
#13938=CARTESIAN_POINT('Ctrl Pts',(24.0912510244284,2.36289023044444,7.6));
#13939=CARTESIAN_POINT('Ctrl Pts',(24.0564508676638,2.3046736759591,7.6));
#13940=CARTESIAN_POINT('Ctrl Pts',(24.0378630552435,2.27357845987009,7.6));
#13941=CARTESIAN_POINT('',(24.1678065452719,2.42612090195345,7.4));
#13942=CARTESIAN_POINT('',(24.1678065452719,2.42612090195345,7.6));
#13943=CARTESIAN_POINT('Ctrl Pts',(24.1678065452719,2.42612090195345,7.4));
#13944=CARTESIAN_POINT('Ctrl Pts',(24.143476343098,2.40602548617607,7.4));
#13945=CARTESIAN_POINT('Ctrl Pts',(24.0912510244284,2.36289023044444,7.4));
#13946=CARTESIAN_POINT('Ctrl Pts',(24.0564508676638,2.3046736759591,7.4));
#13947=CARTESIAN_POINT('Ctrl Pts',(24.0378630552435,2.27357845987009,7.4));
#13948=CARTESIAN_POINT('Ctrl Pts',(24.3033999595785,2.48826768482851,7.6));
#13949=CARTESIAN_POINT('Ctrl Pts',(24.3033999595785,2.48826768482851,7.4));
#13950=CARTESIAN_POINT('Ctrl Pts',(24.2807754845901,2.48231227212702,7.6));
#13951=CARTESIAN_POINT('Ctrl Pts',(24.2807754845901,2.48231227212702,7.4));
#13952=CARTESIAN_POINT('Ctrl Pts',(24.2320398424566,2.4694836490396,7.6));
#13953=CARTESIAN_POINT('Ctrl Pts',(24.2320398424566,2.4694836490396,7.4));
#13954=CARTESIAN_POINT('Ctrl Pts',(24.1902150670945,2.44124849320216,7.6));
#13955=CARTESIAN_POINT('Ctrl Pts',(24.1902150670945,2.44124849320216,7.4));
#13956=CARTESIAN_POINT('Ctrl Pts',(24.1678065452719,2.42612090195345,7.6));
#13957=CARTESIAN_POINT('Ctrl Pts',(24.1678065452719,2.42612090195345,7.4));
#13958=CARTESIAN_POINT('',(24.3033999595785,2.48826768482851,7.6));
#13959=CARTESIAN_POINT('Ctrl Pts',(24.3033999595785,2.48826768482851,7.6));
#13960=CARTESIAN_POINT('Ctrl Pts',(24.2807754845901,2.48231227212702,7.6));
#13961=CARTESIAN_POINT('Ctrl Pts',(24.2320398424566,2.4694836490396,7.6));
#13962=CARTESIAN_POINT('Ctrl Pts',(24.1902150670945,2.44124849320216,7.6));
#13963=CARTESIAN_POINT('Ctrl Pts',(24.1678065452719,2.42612090195345,7.6));
#13964=CARTESIAN_POINT('',(24.3033999595785,2.48826768482851,7.4));
#13965=CARTESIAN_POINT('',(24.3033999595785,2.48826768482851,7.6));
#13966=CARTESIAN_POINT('Ctrl Pts',(24.3033999595785,2.48826768482851,7.4));
#13967=CARTESIAN_POINT('Ctrl Pts',(24.2807754845901,2.48231227212702,7.4));
#13968=CARTESIAN_POINT('Ctrl Pts',(24.2320398424566,2.4694836490396,7.4));
#13969=CARTESIAN_POINT('Ctrl Pts',(24.1902150670945,2.44124849320216,7.4));
#13970=CARTESIAN_POINT('Ctrl Pts',(24.1678065452719,2.42612090195345,7.4));
#13971=CARTESIAN_POINT('Ctrl Pts',(24.3824959192419,2.4995672353618,7.6));
#13972=CARTESIAN_POINT('Ctrl Pts',(24.3824959192419,2.4995672353618,7.4));
#13973=CARTESIAN_POINT('Ctrl Pts',(24.3735392181006,2.49870967815957,7.6));
#13974=CARTESIAN_POINT('Ctrl Pts',(24.3735392181006,2.49870967815957,7.4));
#13975=CARTESIAN_POINT('Ctrl Pts',(24.3470100292516,2.49616964733708,7.6));
#13976=CARTESIAN_POINT('Ctrl Pts',(24.3470100292516,2.49616964733708,7.4));
#13977=CARTESIAN_POINT('Ctrl Pts',(24.3207765645762,2.49141625308917,7.6));
#13978=CARTESIAN_POINT('Ctrl Pts',(24.3207765645762,2.49141625308917,7.4));
#13979=CARTESIAN_POINT('Ctrl Pts',(24.3033999595785,2.48826768482851,7.6));
#13980=CARTESIAN_POINT('Ctrl Pts',(24.3033999595785,2.48826768482851,7.4));
#13981=CARTESIAN_POINT('',(24.3824959192419,2.4995672353618,7.6));
#13982=CARTESIAN_POINT('Ctrl Pts',(24.3824959192419,2.4995672353618,7.6));
#13983=CARTESIAN_POINT('Ctrl Pts',(24.3735392181006,2.49870967815957,7.6));
#13984=CARTESIAN_POINT('Ctrl Pts',(24.3470100292516,2.49616964733708,7.6));
#13985=CARTESIAN_POINT('Ctrl Pts',(24.3207765645762,2.49141625308917,7.6));
#13986=CARTESIAN_POINT('Ctrl Pts',(24.3033999595785,2.48826768482851,7.6));
#13987=CARTESIAN_POINT('',(24.3824959192419,2.4995672353618,7.4));
#13988=CARTESIAN_POINT('',(24.3824959192419,2.4995672353618,7.6));
#13989=CARTESIAN_POINT('Ctrl Pts',(24.3824959192419,2.4995672353618,7.4));
#13990=CARTESIAN_POINT('Ctrl Pts',(24.3735392181006,2.49870967815957,7.4));
#13991=CARTESIAN_POINT('Ctrl Pts',(24.3470100292516,2.49616964733708,7.4));
#13992=CARTESIAN_POINT('Ctrl Pts',(24.3207765645762,2.49141625308917,7.4));
#13993=CARTESIAN_POINT('Ctrl Pts',(24.3033999595785,2.48826768482851,7.4));
#13994=CARTESIAN_POINT('Ctrl Pts',(24.557637015357,2.47131850804018,7.6));
#13995=CARTESIAN_POINT('Ctrl Pts',(24.557637015357,2.47131850804018,7.4));
#13996=CARTESIAN_POINT('Ctrl Pts',(24.5314683741787,2.47954356390788,7.6));
#13997=CARTESIAN_POINT('Ctrl Pts',(24.5314683741787,2.47954356390788,7.4));
#13998=CARTESIAN_POINT('Ctrl Pts',(24.4745227291598,2.49744212839625,7.6));
#13999=CARTESIAN_POINT('Ctrl Pts',(24.4745227291598,2.49744212839625,7.4));
#14000=CARTESIAN_POINT('Ctrl Pts',(24.4147830140698,2.49882165339305,7.6));
#14001=CARTESIAN_POINT('Ctrl Pts',(24.4147830140698,2.49882165339305,7.4));
#14002=CARTESIAN_POINT('Ctrl Pts',(24.3824959192419,2.4995672353618,7.6));
#14003=CARTESIAN_POINT('Ctrl Pts',(24.3824959192419,2.4995672353618,7.4));
#14004=CARTESIAN_POINT('',(24.557637015357,2.47131850804018,7.6));
#14005=CARTESIAN_POINT('Ctrl Pts',(24.557637015357,2.47131850804018,7.6));
#14006=CARTESIAN_POINT('Ctrl Pts',(24.5314683741787,2.47954356390788,7.6));
#14007=CARTESIAN_POINT('Ctrl Pts',(24.4745227291598,2.49744212839625,7.6));
#14008=CARTESIAN_POINT('Ctrl Pts',(24.4147830140698,2.49882165339305,7.6));
#14009=CARTESIAN_POINT('Ctrl Pts',(24.3824959192419,2.4995672353618,7.6));
#14010=CARTESIAN_POINT('',(24.557637015357,2.47131850804018,7.4));
#14011=CARTESIAN_POINT('',(24.557637015357,2.47131850804018,7.6));
#14012=CARTESIAN_POINT('Ctrl Pts',(24.557637015357,2.47131850804018,7.4));
#14013=CARTESIAN_POINT('Ctrl Pts',(24.5314683741787,2.47954356390788,7.4));
#14014=CARTESIAN_POINT('Ctrl Pts',(24.4745227291598,2.49744212839625,7.4));
#14015=CARTESIAN_POINT('Ctrl Pts',(24.4147830140698,2.49882165339305,7.4));
#14016=CARTESIAN_POINT('Ctrl Pts',(24.3824959192419,2.4995672353618,7.4));
#14017=CARTESIAN_POINT('Ctrl Pts',(24.6678066644812,2.38374795998262,7.6));
#14018=CARTESIAN_POINT('Ctrl Pts',(24.6678066644812,2.38374795998262,7.4));
#14019=CARTESIAN_POINT('Ctrl Pts',(24.6524657333413,2.4015924265586,7.6));
#14020=CARTESIAN_POINT('Ctrl Pts',(24.6524657333413,2.4015924265586,7.4));
#14021=CARTESIAN_POINT('Ctrl Pts',(24.6213396596362,2.43779806341397,7.6));
#14022=CARTESIAN_POINT('Ctrl Pts',(24.6213396596362,2.43779806341397,7.4));
#14023=CARTESIAN_POINT('Ctrl Pts',(24.5790723010238,2.46003922262949,7.6));
#14024=CARTESIAN_POINT('Ctrl Pts',(24.5790723010238,2.46003922262949,7.4));
#14025=CARTESIAN_POINT('Ctrl Pts',(24.557637015357,2.47131850804018,7.6));
#14026=CARTESIAN_POINT('Ctrl Pts',(24.557637015357,2.47131850804018,7.4));
#14027=CARTESIAN_POINT('',(24.6678066644812,2.38374795998262,7.6));
#14028=CARTESIAN_POINT('Ctrl Pts',(24.6678066644812,2.38374795998262,7.6));
#14029=CARTESIAN_POINT('Ctrl Pts',(24.6524657333413,2.4015924265586,7.6));
#14030=CARTESIAN_POINT('Ctrl Pts',(24.6213396596362,2.43779806341397,7.6));
#14031=CARTESIAN_POINT('Ctrl Pts',(24.5790723010238,2.46003922262949,7.6));
#14032=CARTESIAN_POINT('Ctrl Pts',(24.557637015357,2.47131850804018,7.6));
#14033=CARTESIAN_POINT('',(24.6678066644812,2.38374795998262,7.4));
#14034=CARTESIAN_POINT('',(24.6678066644812,2.38374795998262,7.6));
#14035=CARTESIAN_POINT('Ctrl Pts',(24.6678066644812,2.38374795998262,7.4));
#14036=CARTESIAN_POINT('Ctrl Pts',(24.6524657333413,2.4015924265586,7.4));
#14037=CARTESIAN_POINT('Ctrl Pts',(24.6213396596362,2.43779806341397,7.4));
#14038=CARTESIAN_POINT('Ctrl Pts',(24.5790723010238,2.46003922262949,7.4));
#14039=CARTESIAN_POINT('Ctrl Pts',(24.557637015357,2.47131850804018,7.4));
#14040=CARTESIAN_POINT('Ctrl Pts',(24.724303523078,2.23968010629343,7.6));
#14041=CARTESIAN_POINT('Ctrl Pts',(24.724303523078,2.23968010629343,7.4));
#14042=CARTESIAN_POINT('Ctrl Pts',(24.718066499741,2.26632545453925,7.6));
#14043=CARTESIAN_POINT('Ctrl Pts',(24.718066499741,2.26632545453925,7.4));
#14044=CARTESIAN_POINT('Ctrl Pts',(24.7061789882084,2.31711039912737,7.6));
#14045=CARTESIAN_POINT('Ctrl Pts',(24.7061789882084,2.31711039912737,7.4));
#14046=CARTESIAN_POINT('Ctrl Pts',(24.6801696685648,2.36227830797935,7.6));
#14047=CARTESIAN_POINT('Ctrl Pts',(24.6801696685648,2.36227830797935,7.4));
#14048=CARTESIAN_POINT('Ctrl Pts',(24.6678066644812,2.38374795998262,7.6));
#14049=CARTESIAN_POINT('Ctrl Pts',(24.6678066644812,2.38374795998262,7.4));
#14050=CARTESIAN_POINT('',(24.724303523078,2.23968010629343,7.6));
#14051=CARTESIAN_POINT('Ctrl Pts',(24.724303523078,2.23968010629343,7.6));
#14052=CARTESIAN_POINT('Ctrl Pts',(24.718066499741,2.26632545453925,7.6));
#14053=CARTESIAN_POINT('Ctrl Pts',(24.7061789882084,2.31711039912737,7.6));
#14054=CARTESIAN_POINT('Ctrl Pts',(24.6801696685648,2.36227830797935,7.6));
#14055=CARTESIAN_POINT('Ctrl Pts',(24.6678066644812,2.38374795998262,7.6));
#14056=CARTESIAN_POINT('',(24.724303523078,2.23968010629343,7.4));
#14057=CARTESIAN_POINT('',(24.724303523078,2.23968010629343,7.6));
#14058=CARTESIAN_POINT('Ctrl Pts',(24.724303523078,2.23968010629343,7.4));
#14059=CARTESIAN_POINT('Ctrl Pts',(24.718066499741,2.26632545453925,7.4));
#14060=CARTESIAN_POINT('Ctrl Pts',(24.7061789882084,2.31711039912737,7.4));
#14061=CARTESIAN_POINT('Ctrl Pts',(24.6801696685648,2.36227830797935,7.4));
#14062=CARTESIAN_POINT('Ctrl Pts',(24.6678066644812,2.38374795998262,7.4));
#14063=CARTESIAN_POINT('Ctrl Pts',(24.7412526998663,2.04476487125086,7.6));
#14064=CARTESIAN_POINT('Ctrl Pts',(24.7412526998663,2.04476487125086,7.4));
#14065=CARTESIAN_POINT('Ctrl Pts',(24.7407350167102,2.07944988092532,7.6));
#14066=CARTESIAN_POINT('Ctrl Pts',(24.7407350167102,2.07944988092532,7.4));
#14067=CARTESIAN_POINT('Ctrl Pts',(24.7397590206377,2.14484206690043,7.6));
#14068=CARTESIAN_POINT('Ctrl Pts',(24.7397590206377,2.14484206690043,7.4));
#14069=CARTESIAN_POINT('Ctrl Pts',(24.729242106198,2.20937596767395,7.6));
#14070=CARTESIAN_POINT('Ctrl Pts',(24.729242106198,2.20937596767395,7.4));
#14071=CARTESIAN_POINT('Ctrl Pts',(24.724303523078,2.23968010629343,7.6));
#14072=CARTESIAN_POINT('Ctrl Pts',(24.724303523078,2.23968010629343,7.4));
#14073=CARTESIAN_POINT('',(24.7412526998663,2.04476487125086,7.6));
#14074=CARTESIAN_POINT('Ctrl Pts',(24.7412526998663,2.04476487125086,7.6));
#14075=CARTESIAN_POINT('Ctrl Pts',(24.7407350167102,2.07944988092532,7.6));
#14076=CARTESIAN_POINT('Ctrl Pts',(24.7397590206377,2.14484206690043,7.6));
#14077=CARTESIAN_POINT('Ctrl Pts',(24.729242106198,2.20937596767395,7.6));
#14078=CARTESIAN_POINT('Ctrl Pts',(24.724303523078,2.23968010629343,7.6));
#14079=CARTESIAN_POINT('',(24.7412526998663,2.04476487125086,7.4));
#14080=CARTESIAN_POINT('',(24.7412526998663,2.04476487125086,7.6));
#14081=CARTESIAN_POINT('Ctrl Pts',(24.7412526998663,2.04476487125086,7.4));
#14082=CARTESIAN_POINT('Ctrl Pts',(24.7407350167102,2.07944988092532,7.4));
#14083=CARTESIAN_POINT('Ctrl Pts',(24.7397590206377,2.14484206690043,7.4));
#14084=CARTESIAN_POINT('Ctrl Pts',(24.729242106198,2.20937596767395,7.4));
#14085=CARTESIAN_POINT('Ctrl Pts',(24.724303523078,2.23968010629343,7.4));
#14086=CARTESIAN_POINT('Origin',(24.7412526998663,1.31312635029482,7.6));
#14087=CARTESIAN_POINT('',(24.7412526998663,1.31312635029482,7.6));
#14088=CARTESIAN_POINT('',(24.7412526998663,14.0401427837452,7.6));
#14089=CARTESIAN_POINT('',(24.7412526998663,1.31312635029482,7.4));
#14090=CARTESIAN_POINT('',(24.7412526998663,1.31312635029482,7.6));
#14091=CARTESIAN_POINT('',(24.7412526998663,1.31312635029482,7.4));
#14092=CARTESIAN_POINT('Origin',(24.9276936445379,1.31312635029482,7.6));
#14093=CARTESIAN_POINT('',(24.9276936445379,1.31312635029482,7.6));
#14094=CARTESIAN_POINT('',(22.4984689438889,1.31312635029482,7.6));
#14095=CARTESIAN_POINT('',(24.9276936445379,1.31312635029482,7.4));
#14096=CARTESIAN_POINT('',(24.9276936445379,1.31312635029482,7.6));
#14097=CARTESIAN_POINT('',(24.9276936445379,1.31312635029482,7.4));
#14098=CARTESIAN_POINT('Origin',(24.9276936445379,2.15210940922426,7.6));
#14099=CARTESIAN_POINT('',(24.9276936445379,2.15210940922426,7.6));
#14100=CARTESIAN_POINT('',(24.9276936445379,14.4596343132099,7.6));
#14101=CARTESIAN_POINT('',(24.9276936445379,2.15210940922426,7.4));
#14102=CARTESIAN_POINT('',(24.9276936445379,2.15210940922426,7.6));
#14103=CARTESIAN_POINT('',(24.9276936445379,2.15210940922426,7.4));
#14104=CARTESIAN_POINT('Ctrl Pts',(24.8062247429037,2.53629025305437,7.6));
#14105=CARTESIAN_POINT('Ctrl Pts',(24.8062247429037,2.53629025305437,7.4));
#14106=CARTESIAN_POINT('Ctrl Pts',(24.8415852690531,2.48334330997868,7.6));
#14107=CARTESIAN_POINT('Ctrl Pts',(24.8415852690531,2.48334330997868,7.4));
#14108=CARTESIAN_POINT('Ctrl Pts',(24.918899729219,2.36757681080281,7.6));
#14109=CARTESIAN_POINT('Ctrl Pts',(24.918899729219,2.36757681080281,7.4));
#14110=CARTESIAN_POINT('Ctrl Pts',(24.9246002907155,2.22790237357582,7.6));
#14111=CARTESIAN_POINT('Ctrl Pts',(24.9246002907155,2.22790237357582,7.4));
#14112=CARTESIAN_POINT('Ctrl Pts',(24.9276936445379,2.15210940922426,7.6));
#14113=CARTESIAN_POINT('Ctrl Pts',(24.9276936445379,2.15210940922426,7.4));
#14114=CARTESIAN_POINT('',(24.8062247429037,2.53629025305437,7.6));
#14115=CARTESIAN_POINT('Ctrl Pts',(24.8062247429037,2.53629025305437,7.6));
#14116=CARTESIAN_POINT('Ctrl Pts',(24.8415852690531,2.48334330997868,7.6));
#14117=CARTESIAN_POINT('Ctrl Pts',(24.918899729219,2.36757681080281,7.6));
#14118=CARTESIAN_POINT('Ctrl Pts',(24.9246002907155,2.22790237357582,7.6));
#14119=CARTESIAN_POINT('Ctrl Pts',(24.9276936445379,2.15210940922426,7.6));
#14120=CARTESIAN_POINT('',(24.8062247429037,2.53629025305437,7.4));
#14121=CARTESIAN_POINT('',(24.8062247429037,2.53629025305437,7.6));
#14122=CARTESIAN_POINT('Ctrl Pts',(24.8062247429037,2.53629025305437,7.4));
#14123=CARTESIAN_POINT('Ctrl Pts',(24.8415852690531,2.48334330997868,7.4));
#14124=CARTESIAN_POINT('Ctrl Pts',(24.918899729219,2.36757681080281,7.4));
#14125=CARTESIAN_POINT('Ctrl Pts',(24.9246002907155,2.22790237357582,7.4));
#14126=CARTESIAN_POINT('Ctrl Pts',(24.9276936445379,2.15210940922426,7.4));
#14127=CARTESIAN_POINT('Ctrl Pts',(24.4305181894445,2.66905870522188,7.6));
#14128=CARTESIAN_POINT('Ctrl Pts',(24.4305181894445,2.66905870522188,7.4));
#14129=CARTESIAN_POINT('Ctrl Pts',(24.5072268771266,2.66602301651499,7.6));
#14130=CARTESIAN_POINT('Ctrl Pts',(24.5072268771266,2.66602301651499,7.4));
#14131=CARTESIAN_POINT('Ctrl Pts',(24.6470613716272,2.66048917141065,7.6));
#14132=CARTESIAN_POINT('Ctrl Pts',(24.6470613716272,2.66048917141065,7.4));
#14133=CARTESIAN_POINT('Ctrl Pts',(24.7567208933209,2.57491927004082,7.6));
#14134=CARTESIAN_POINT('Ctrl Pts',(24.7567208933209,2.57491927004082,7.4));
#14135=CARTESIAN_POINT('Ctrl Pts',(24.8062247429037,2.53629025305437,7.6));
#14136=CARTESIAN_POINT('Ctrl Pts',(24.8062247429037,2.53629025305437,7.4));
#14137=CARTESIAN_POINT('',(24.4305181894445,2.66905870522188,7.6));
#14138=CARTESIAN_POINT('Ctrl Pts',(24.4305181894445,2.66905870522188,7.6));
#14139=CARTESIAN_POINT('Ctrl Pts',(24.5072268771266,2.66602301651499,7.6));
#14140=CARTESIAN_POINT('Ctrl Pts',(24.6470613716272,2.66048917141065,7.6));
#14141=CARTESIAN_POINT('Ctrl Pts',(24.7567208933209,2.57491927004082,7.6));
#14142=CARTESIAN_POINT('Ctrl Pts',(24.8062247429037,2.53629025305437,7.6));
#14143=CARTESIAN_POINT('',(24.4305181894445,2.66905870522188,7.4));
#14144=CARTESIAN_POINT('',(24.4305181894445,2.66905870522188,7.6));
#14145=CARTESIAN_POINT('Ctrl Pts',(24.4305181894445,2.66905870522188,7.4));
#14146=CARTESIAN_POINT('Ctrl Pts',(24.5072268771266,2.66602301651499,7.4));
#14147=CARTESIAN_POINT('Ctrl Pts',(24.6470613716272,2.66048917141065,7.4));
#14148=CARTESIAN_POINT('Ctrl Pts',(24.7567208933209,2.57491927004082,7.4));
#14149=CARTESIAN_POINT('Ctrl Pts',(24.8062247429037,2.53629025305437,7.4));
#14150=CARTESIAN_POINT('Ctrl Pts',(24.3005752954626,2.64928456629442,7.6));
#14151=CARTESIAN_POINT('Ctrl Pts',(24.3005752954626,2.64928456629442,7.4));
#14152=CARTESIAN_POINT('Ctrl Pts',(24.3221078029443,2.65505177485821,7.6));
#14153=CARTESIAN_POINT('Ctrl Pts',(24.3221078029443,2.65505177485821,7.4));
#14154=CARTESIAN_POINT('Ctrl Pts',(24.3646935482088,2.66645782568596,7.6));
#14155=CARTESIAN_POINT('Ctrl Pts',(24.3646935482088,2.66645782568596,7.4));
#14156=CARTESIAN_POINT('Ctrl Pts',(24.4087418857146,2.66819827451271,7.6));
#14157=CARTESIAN_POINT('Ctrl Pts',(24.4087418857146,2.66819827451271,7.4));
#14158=CARTESIAN_POINT('Ctrl Pts',(24.4305181894445,2.66905870522188,7.6));
#14159=CARTESIAN_POINT('Ctrl Pts',(24.4305181894445,2.66905870522188,7.4));
#14160=CARTESIAN_POINT('',(24.3005752954626,2.64928456629442,7.6));
#14161=CARTESIAN_POINT('Ctrl Pts',(24.3005752954626,2.64928456629442,7.6));
#14162=CARTESIAN_POINT('Ctrl Pts',(24.3221078029443,2.65505177485821,7.6));
#14163=CARTESIAN_POINT('Ctrl Pts',(24.3646935482088,2.66645782568596,7.6));
#14164=CARTESIAN_POINT('Ctrl Pts',(24.4087418857146,2.66819827451271,7.6));
#14165=CARTESIAN_POINT('Ctrl Pts',(24.4305181894445,2.66905870522188,7.6));
#14166=CARTESIAN_POINT('',(24.3005752954626,2.64928456629442,7.4));
#14167=CARTESIAN_POINT('',(24.3005752954626,2.64928456629442,7.6));
#14168=CARTESIAN_POINT('Ctrl Pts',(24.3005752954626,2.64928456629442,7.4));
#14169=CARTESIAN_POINT('Ctrl Pts',(24.3221078029443,2.65505177485821,7.4));
#14170=CARTESIAN_POINT('Ctrl Pts',(24.3646935482088,2.66645782568596,7.4));
#14171=CARTESIAN_POINT('Ctrl Pts',(24.4087418857146,2.66819827451271,7.4));
#14172=CARTESIAN_POINT('Ctrl Pts',(24.4305181894445,2.66905870522188,7.4));
#14173=CARTESIAN_POINT('Ctrl Pts',(24.1734564695501,2.60126199806856,7.6));
#14174=CARTESIAN_POINT('Ctrl Pts',(24.1734564695501,2.60126199806856,7.4));
#14175=CARTESIAN_POINT('Ctrl Pts',(24.1937026450883,2.6110609619587,7.6));
#14176=CARTESIAN_POINT('Ctrl Pts',(24.1937026450883,2.6110609619587,7.4));
#14177=CARTESIAN_POINT('Ctrl Pts',(24.2346358211759,2.63087224501492,7.6));
#14178=CARTESIAN_POINT('Ctrl Pts',(24.2346358211759,2.63087224501492,7.4));
#14179=CARTESIAN_POINT('Ctrl Pts',(24.2784382290787,2.64310321919005,7.6));
#14180=CARTESIAN_POINT('Ctrl Pts',(24.2784382290787,2.64310321919005,7.4));
#14181=CARTESIAN_POINT('Ctrl Pts',(24.3005752954626,2.64928456629442,7.6));
#14182=CARTESIAN_POINT('Ctrl Pts',(24.3005752954626,2.64928456629442,7.4));
#14183=CARTESIAN_POINT('',(24.1734564695501,2.60126199806856,7.6));
#14184=CARTESIAN_POINT('Ctrl Pts',(24.1734564695501,2.60126199806856,7.6));
#14185=CARTESIAN_POINT('Ctrl Pts',(24.1937026450883,2.6110609619587,7.6));
#14186=CARTESIAN_POINT('Ctrl Pts',(24.2346358211759,2.63087224501492,7.6));
#14187=CARTESIAN_POINT('Ctrl Pts',(24.2784382290787,2.64310321919005,7.6));
#14188=CARTESIAN_POINT('Ctrl Pts',(24.3005752954626,2.64928456629442,7.6));
#14189=CARTESIAN_POINT('',(24.1734564695501,2.60126199806856,7.4));
#14190=CARTESIAN_POINT('',(24.1734564695501,2.60126199806856,7.6));
#14191=CARTESIAN_POINT('Ctrl Pts',(24.1734564695501,2.60126199806856,7.4));
#14192=CARTESIAN_POINT('Ctrl Pts',(24.1937026450883,2.6110609619587,7.4));
#14193=CARTESIAN_POINT('Ctrl Pts',(24.2346358211759,2.63087224501492,7.4));
#14194=CARTESIAN_POINT('Ctrl Pts',(24.2784382290787,2.64310321919005,7.4));
#14195=CARTESIAN_POINT('Ctrl Pts',(24.3005752954626,2.64928456629442,7.4));
#14196=CARTESIAN_POINT('Ctrl Pts',(24.0661120805883,2.52216603840517,7.6));
#14197=CARTESIAN_POINT('Ctrl Pts',(24.0661120805883,2.52216603840517,7.4));
#14198=CARTESIAN_POINT('Ctrl Pts',(24.0826774215271,2.53681059487418,7.6));
#14199=CARTESIAN_POINT('Ctrl Pts',(24.0826774215271,2.53681059487418,7.4));
#14200=CARTESIAN_POINT('Ctrl Pts',(24.1161071196996,2.56636405256864,7.6));
#14201=CARTESIAN_POINT('Ctrl Pts',(24.1161071196996,2.56636405256864,7.4));
#14202=CARTESIAN_POINT('Ctrl Pts',(24.1542263654118,2.58956018927864,7.6));
#14203=CARTESIAN_POINT('Ctrl Pts',(24.1542263654118,2.58956018927864,7.4));
#14204=CARTESIAN_POINT('Ctrl Pts',(24.1734564695501,2.60126199806856,7.6));
#14205=CARTESIAN_POINT('Ctrl Pts',(24.1734564695501,2.60126199806856,7.4));
#14206=CARTESIAN_POINT('',(24.0661120805883,2.52216603840517,7.6));
#14207=CARTESIAN_POINT('Ctrl Pts',(24.0661120805883,2.52216603840517,7.6));
#14208=CARTESIAN_POINT('Ctrl Pts',(24.0826774215271,2.53681059487418,7.6));
#14209=CARTESIAN_POINT('Ctrl Pts',(24.1161071196996,2.56636405256864,7.6));
#14210=CARTESIAN_POINT('Ctrl Pts',(24.1542263654118,2.58956018927864,7.6));
#14211=CARTESIAN_POINT('Ctrl Pts',(24.1734564695501,2.60126199806856,7.6));
#14212=CARTESIAN_POINT('',(24.0661120805883,2.52216603840517,7.4));
#14213=CARTESIAN_POINT('',(24.0661120805883,2.52216603840517,7.6));
#14214=CARTESIAN_POINT('Ctrl Pts',(24.0661120805883,2.52216603840517,7.4));
#14215=CARTESIAN_POINT('Ctrl Pts',(24.0826774215271,2.53681059487418,7.4));
#14216=CARTESIAN_POINT('Ctrl Pts',(24.1161071196996,2.56636405256864,7.4));
#14217=CARTESIAN_POINT('Ctrl Pts',(24.1542263654118,2.58956018927864,7.4));
#14218=CARTESIAN_POINT('Ctrl Pts',(24.1734564695501,2.60126199806856,7.4));
#14219=CARTESIAN_POINT('Ctrl Pts',(23.9870155248785,2.42329593981432,7.6));
#14220=CARTESIAN_POINT('Ctrl Pts',(23.9870155248785,2.42329593981432,7.4));
#14221=CARTESIAN_POINT('Ctrl Pts',(23.9982009836719,2.44094725972263,7.6));
#14222=CARTESIAN_POINT('Ctrl Pts',(23.9982009836719,2.44094725972263,7.4));
#14223=CARTESIAN_POINT('Ctrl Pts',(24.0209263706416,2.47680927332897,7.6));
#14224=CARTESIAN_POINT('Ctrl Pts',(24.0209263706416,2.47680927332897,7.4));
#14225=CARTESIAN_POINT('Ctrl Pts',(24.0508943642137,2.50689071380774,7.6));
#14226=CARTESIAN_POINT('Ctrl Pts',(24.0508943642137,2.50689071380774,7.4));
#14227=CARTESIAN_POINT('Ctrl Pts',(24.0661120805883,2.52216603840517,7.6));
#14228=CARTESIAN_POINT('Ctrl Pts',(24.0661120805883,2.52216603840517,7.4));
#14229=CARTESIAN_POINT('',(23.9870155248785,2.42329593981432,7.6));
#14230=CARTESIAN_POINT('Ctrl Pts',(23.9870155248785,2.42329593981432,7.6));
#14231=CARTESIAN_POINT('Ctrl Pts',(23.9982009836719,2.44094725972263,7.6));
#14232=CARTESIAN_POINT('Ctrl Pts',(24.0209263706416,2.47680927332897,7.6));
#14233=CARTESIAN_POINT('Ctrl Pts',(24.0508943642137,2.50689071380774,7.6));
#14234=CARTESIAN_POINT('Ctrl Pts',(24.0661120805883,2.52216603840517,7.6));
#14235=CARTESIAN_POINT('',(23.9870155248785,2.42329593981432,7.4));
#14236=CARTESIAN_POINT('',(23.9870155248785,2.42329593981432,7.6));
#14237=CARTESIAN_POINT('Ctrl Pts',(23.9870155248785,2.42329593981432,7.4));
#14238=CARTESIAN_POINT('Ctrl Pts',(23.9982009836719,2.44094725972263,7.4));
#14239=CARTESIAN_POINT('Ctrl Pts',(24.0209263706416,2.47680927332897,7.4));
#14240=CARTESIAN_POINT('Ctrl Pts',(24.0508943642137,2.50689071380774,7.4));
#14241=CARTESIAN_POINT('Ctrl Pts',(24.0661120805883,2.52216603840517,7.4));
#14242=CARTESIAN_POINT('Origin',(23.9813661966467,2.42329593981432,7.6));
#14243=CARTESIAN_POINT('',(23.9813661966467,2.42329593981432,7.6));
#14244=CARTESIAN_POINT('',(22.0253052199433,2.42329593981432,7.6));
#14245=CARTESIAN_POINT('',(23.9813661966467,2.42329593981432,7.4));
#14246=CARTESIAN_POINT('',(23.9813661966467,2.42329593981432,7.6));
#14247=CARTESIAN_POINT('',(23.9813661966467,2.42329593981432,7.4));
#14248=CARTESIAN_POINT('Origin',(23.9813661966467,2.53064062679933,7.6));
#14249=CARTESIAN_POINT('',(23.9813661966467,2.53064062679933,7.6));
#14250=CARTESIAN_POINT('',(23.9813661966467,14.6488999219975,7.6));
#14251=CARTESIAN_POINT('',(23.9813661966467,2.53064062679933,7.4));
#14252=CARTESIAN_POINT('',(23.9813661966467,2.53064062679933,7.6));
#14253=CARTESIAN_POINT('Ctrl Pts',(23.9813661966467,2.53064062679933,7.4));
#14254=CARTESIAN_POINT('Ctrl Pts',(23.9813661966467,2.51274979596463,7.4));
#14255=CARTESIAN_POINT('Ctrl Pts',(23.9813661966467,2.47696823363629,7.4));
#14256=CARTESIAN_POINT('Ctrl Pts',(23.9813661966467,2.44118667130795,7.4));
#14257=CARTESIAN_POINT('Ctrl Pts',(23.9813661966467,2.42329593981432,7.4));
#14258=CARTESIAN_POINT('Ctrl Pts',(23.9728916082525,2.63516035164522,7.6));
#14259=CARTESIAN_POINT('Ctrl Pts',(23.9728916082525,2.63516035164522,7.4));
#14260=CARTESIAN_POINT('Ctrl Pts',(23.974650115759,2.61751400920502,7.6));
#14261=CARTESIAN_POINT('Ctrl Pts',(23.974650115759,2.61751400920502,7.4));
#14262=CARTESIAN_POINT('Ctrl Pts',(23.9781168356543,2.58272602781046,7.6));
#14263=CARTESIAN_POINT('Ctrl Pts',(23.9781168356543,2.58272602781046,7.4));
#14264=CARTESIAN_POINT('Ctrl Pts',(23.9802936031521,2.54783368796417,7.6));
#14265=CARTESIAN_POINT('Ctrl Pts',(23.9802936031521,2.54783368796417,7.4));
#14266=CARTESIAN_POINT('Ctrl Pts',(23.9813661966467,2.53064062679933,7.6));
#14267=CARTESIAN_POINT('Ctrl Pts',(23.9813661966467,2.53064062679933,7.4));
#14268=CARTESIAN_POINT('',(23.9728916082525,2.63516035164522,7.6));
#14269=CARTESIAN_POINT('Ctrl Pts',(23.9728916082525,2.63516035164522,7.6));
#14270=CARTESIAN_POINT('Ctrl Pts',(23.974650115759,2.61751400920502,7.6));
#14271=CARTESIAN_POINT('Ctrl Pts',(23.9781168356543,2.58272602781046,7.6));
#14272=CARTESIAN_POINT('Ctrl Pts',(23.9802936031521,2.54783368796417,7.6));
#14273=CARTESIAN_POINT('Ctrl Pts',(23.9813661966467,2.53064062679933,7.6));
#14274=CARTESIAN_POINT('',(23.9728916082525,2.63516035164522,7.4));
#14275=CARTESIAN_POINT('',(23.9728916082525,2.63516035164522,7.6));
#14276=CARTESIAN_POINT('Ctrl Pts',(23.9728916082525,2.63516035164522,7.4));
#14277=CARTESIAN_POINT('Ctrl Pts',(23.974650115759,2.61751400920502,7.4));
#14278=CARTESIAN_POINT('Ctrl Pts',(23.9781168356543,2.58272602781046,7.4));
#14279=CARTESIAN_POINT('Ctrl Pts',(23.9802936031521,2.54783368796417,7.4));
#14280=CARTESIAN_POINT('Ctrl Pts',(23.9813661966467,2.53064062679933,7.4));
#14281=CARTESIAN_POINT('Origin',(23.7808013353491,2.63516035164522,7.6));
#14282=CARTESIAN_POINT('',(21.9250227892945,2.63516035164522,7.6));
#14283=CARTESIAN_POINT('',(23.7808013353491,2.63516035164522,7.4));
#14284=CARTESIAN_POINT('Origin',(19.6861677262926,1.65210951353239,7.4));
#14285=CARTESIAN_POINT('Origin',(21.7525524292135,2.63516035164522,7.6));
#14286=CARTESIAN_POINT('',(21.7525524292135,2.63516035164522,7.6));
#14287=CARTESIAN_POINT('',(21.9898403082037,2.63516035164522,7.6));
#14288=CARTESIAN_POINT('',(20.9108983362267,2.63516035164522,7.6));
#14289=CARTESIAN_POINT('',(21.7525524292135,2.63516035164522,7.4));
#14290=CARTESIAN_POINT('',(21.7525524292135,2.63516035164522,7.6));
#14291=CARTESIAN_POINT('',(21.9898403082037,2.63516035164522,7.4));
#14292=CARTESIAN_POINT('',(21.7525524292135,2.63516035164522,7.4));
#14293=CARTESIAN_POINT('',(21.9898403082037,2.63516035164522,7.6));
#14294=CARTESIAN_POINT('Origin',(21.3259989414358,2.05606427277254,7.6));
#14295=CARTESIAN_POINT('',(21.3259989414358,2.05606427277254,7.6));
#14296=CARTESIAN_POINT('',(27.0048668882265,9.76578944125135,7.6));
#14297=CARTESIAN_POINT('',(21.3259989414358,2.05606427277254,7.4));
#14298=CARTESIAN_POINT('',(21.3259989414358,2.05606427277254,7.6));
#14299=CARTESIAN_POINT('',(21.3259989414358,2.05606427277254,7.4));
#14300=CARTESIAN_POINT('Origin',(20.8824956808233,2.63516035164522,7.6));
#14301=CARTESIAN_POINT('',(20.8824956808233,2.63516035164522,7.6));
#14302=CARTESIAN_POINT('',(14.9076446996468,10.4367101537134,7.6));
#14303=CARTESIAN_POINT('',(20.8824956808233,2.63516035164522,7.4));
#14304=CARTESIAN_POINT('',(20.8824956808233,2.63516035164522,7.6));
#14305=CARTESIAN_POINT('',(20.8824956808233,2.63516035164522,7.4));
#14306=CARTESIAN_POINT('Origin',(20.6282586250448,2.63516035164522,7.6));
#14307=CARTESIAN_POINT('',(20.6282586250448,2.63516035164522,7.6));
#14308=CARTESIAN_POINT('',(20.3487514341423,2.63516035164522,7.6));
#14309=CARTESIAN_POINT('',(20.6282586250448,2.63516035164522,7.4));
#14310=CARTESIAN_POINT('',(20.6282586250448,2.63516035164522,7.6));
#14311=CARTESIAN_POINT('',(20.6282586250448,2.63516035164522,7.4));
#14312=CARTESIAN_POINT('Origin',(21.181930938735,1.92894559587168,7.6));
#14313=CARTESIAN_POINT('',(21.181930938735,1.92894559587168,7.6));
#14314=CARTESIAN_POINT('',(14.9400198169714,9.89056771317892,7.6));
#14315=CARTESIAN_POINT('',(21.181930938735,1.92894559587168,7.4));
#14316=CARTESIAN_POINT('',(21.181930938735,1.92894559587168,7.6));
#14317=CARTESIAN_POINT('',(21.181930938735,1.92894559587168,7.4));
#14318=CARTESIAN_POINT('Origin',(20.7214790973806,1.31312635029482,7.6));
#14319=CARTESIAN_POINT('',(20.7214790973806,1.31312635029482,7.6));
#14320=CARTESIAN_POINT('',(26.7082409586981,9.31996407308605,7.6));
#14321=CARTESIAN_POINT('',(20.7214790973806,1.31312635029482,7.4));
#14322=CARTESIAN_POINT('',(20.7214790973806,1.31312635029482,7.6));
#14323=CARTESIAN_POINT('',(20.7214790973806,1.31312635029482,7.4));
#14324=CARTESIAN_POINT('Origin',(20.953117648139,1.31312635029482,7.6));
#14325=CARTESIAN_POINT('',(20.953117648139,1.31312635029482,7.6));
#14326=CARTESIAN_POINT('',(20.5111809456894,1.31312635029482,7.6));
#14327=CARTESIAN_POINT('',(20.953117648139,1.31312635029482,7.4));
#14328=CARTESIAN_POINT('',(20.953117648139,1.31312635029482,7.6));
#14329=CARTESIAN_POINT('',(20.953117648139,1.31312635029482,7.4));
#14330=CARTESIAN_POINT('Origin',(21.3033998403692,1.80747654522585,7.6));
#14331=CARTESIAN_POINT('',(21.3033998403692,1.80747654522585,7.6));
#14332=CARTESIAN_POINT('',(26.9842397733234,9.82479626778281,7.6));
#14333=CARTESIAN_POINT('',(21.3033998403692,1.80747654522585,7.4));
#14334=CARTESIAN_POINT('',(21.3033998403692,1.80747654522585,7.6));
#14335=CARTESIAN_POINT('',(21.3033998403692,1.80747654522585,7.4));
#14336=CARTESIAN_POINT('Origin',(21.6706318054342,1.31312635029482,7.6));
#14337=CARTESIAN_POINT('',(21.6706318054342,1.31312635029482,7.6));
#14338=CARTESIAN_POINT('',(15.2935364545942,9.89766862788097,7.6));
#14339=CARTESIAN_POINT('',(21.6706318054342,1.31312635029482,7.4));
#14340=CARTESIAN_POINT('',(21.6706318054342,1.31312635029482,7.6));
#14341=CARTESIAN_POINT('',(21.6706318054342,1.31312635029482,7.4));
#14342=CARTESIAN_POINT('Origin',(21.9248688612127,1.31312635029482,7.6));
#14343=CARTESIAN_POINT('',(21.9248688612127,1.31312635029482,7.6));
#14344=CARTESIAN_POINT('',(20.9970565522263,1.31312635029482,7.6));
#14345=CARTESIAN_POINT('',(21.9248688612127,1.31312635029482,7.4));
#14346=CARTESIAN_POINT('',(21.9248688612127,1.31312635029482,7.6));
#14347=CARTESIAN_POINT('',(21.9248688612127,1.31312635029482,7.4));
#14348=CARTESIAN_POINT('Origin',(21.4446425829077,1.92894559587168,7.6));
#14349=CARTESIAN_POINT('',(21.4446425829077,1.92894559587168,7.6));
#14350=CARTESIAN_POINT('',(15.1622355008967,9.98520441474689,7.6));
#14351=CARTESIAN_POINT('',(21.4446425829077,1.92894559587168,7.4));
#14352=CARTESIAN_POINT('',(21.4446425829077,1.92894559587168,7.6));
#14353=CARTESIAN_POINT('',(21.4446425829077,1.92894559587168,7.4));
#14354=CARTESIAN_POINT('Origin',(21.9898403082037,2.63516035164522,7.6));
#14355=CARTESIAN_POINT('',(27.4677330066219,9.73087714332221,7.6));
#14356=CARTESIAN_POINT('',(21.9898403082037,2.63516035164522,7.4));
#14357=CARTESIAN_POINT('Origin',(19.6861677262926,1.65210951353239,7.4));
#14358=CARTESIAN_POINT('Ctrl Pts',(12.5915337000036,2.47979309643434,7.6));
#14359=CARTESIAN_POINT('Ctrl Pts',(12.5915337000036,2.47979309643434,7.4));
#14360=CARTESIAN_POINT('Ctrl Pts',(12.5896775588053,2.50639581731023,7.6));
#14361=CARTESIAN_POINT('Ctrl Pts',(12.5896775588053,2.50639581731023,7.4));
#14362=CARTESIAN_POINT('Ctrl Pts',(12.5860633275481,2.55819596344218,7.6));
#14363=CARTESIAN_POINT('Ctrl Pts',(12.5860633275481,2.55819596344218,7.4));
#14364=CARTESIAN_POINT('Ctrl Pts',(12.5821423472123,2.60997378557352,7.6));
#14365=CARTESIAN_POINT('Ctrl Pts',(12.5821423472123,2.60997378557352,7.4));
#14366=CARTESIAN_POINT('Ctrl Pts',(12.58023504354,2.63516035164522,7.6));
#14367=CARTESIAN_POINT('Ctrl Pts',(12.58023504354,2.63516035164522,7.4));
#14368=CARTESIAN_POINT('',(12.5915337000036,2.47979309643434,7.6));
#14369=CARTESIAN_POINT('',(12.58023504354,2.63516035164522,7.6));
#14370=CARTESIAN_POINT('Ctrl Pts',(12.5915337000036,2.47979309643434,7.6));
#14371=CARTESIAN_POINT('Ctrl Pts',(12.5896775588053,2.50639581731023,7.6));
#14372=CARTESIAN_POINT('Ctrl Pts',(12.5860633275481,2.55819596344218,7.6));
#14373=CARTESIAN_POINT('Ctrl Pts',(12.5821423472123,2.60997378557352,7.6));
#14374=CARTESIAN_POINT('Ctrl Pts',(12.58023504354,2.63516035164522,7.6));
#14375=CARTESIAN_POINT('',(12.5915337000036,2.47979309643434,7.4));
#14376=CARTESIAN_POINT('',(12.5915337000036,2.47979309643434,7.6));
#14377=CARTESIAN_POINT('',(12.58023504354,2.63516035164522,7.4));
#14378=CARTESIAN_POINT('Ctrl Pts',(12.5915337000036,2.47979309643434,7.4));
#14379=CARTESIAN_POINT('Ctrl Pts',(12.5896775588053,2.50639581731023,7.4));
#14380=CARTESIAN_POINT('Ctrl Pts',(12.5860633275481,2.55819596344218,7.4));
#14381=CARTESIAN_POINT('Ctrl Pts',(12.5821423472123,2.60997378557352,7.4));
#14382=CARTESIAN_POINT('Ctrl Pts',(12.58023504354,2.63516035164522,7.4));
#14383=CARTESIAN_POINT('',(12.58023504354,2.63516035164522,7.6));
#14384=CARTESIAN_POINT('Ctrl Pts',(12.594358960166,2.34419998015093,7.6));
#14385=CARTESIAN_POINT('Ctrl Pts',(12.594358960166,2.34419998015093,7.4));
#14386=CARTESIAN_POINT('Ctrl Pts',(12.5941993551003,2.36444630716771,7.6));
#14387=CARTESIAN_POINT('Ctrl Pts',(12.5941993551003,2.36444630716771,7.4));
#14388=CARTESIAN_POINT('Ctrl Pts',(12.5938429621586,2.40965569957203,7.6));
#14389=CARTESIAN_POINT('Ctrl Pts',(12.5938429621586,2.40965569957203,7.4));
#14390=CARTESIAN_POINT('Ctrl Pts',(12.5923551941338,2.45484250357954,7.6));
#14391=CARTESIAN_POINT('Ctrl Pts',(12.5923551941338,2.45484250357954,7.4));
#14392=CARTESIAN_POINT('Ctrl Pts',(12.5915337000036,2.47979309643434,7.6));
#14393=CARTESIAN_POINT('Ctrl Pts',(12.5915337000036,2.47979309643434,7.4));
#14394=CARTESIAN_POINT('',(12.594358960166,2.34419998015093,7.6));
#14395=CARTESIAN_POINT('Ctrl Pts',(12.594358960166,2.34419998015093,7.6));
#14396=CARTESIAN_POINT('Ctrl Pts',(12.5941993551003,2.36444630716771,7.6));
#14397=CARTESIAN_POINT('Ctrl Pts',(12.5938429621586,2.40965569957203,7.6));
#14398=CARTESIAN_POINT('Ctrl Pts',(12.5923551941338,2.45484250357954,7.6));
#14399=CARTESIAN_POINT('Ctrl Pts',(12.5915337000036,2.47979309643434,7.6));
#14400=CARTESIAN_POINT('',(12.594358960166,2.34419998015093,7.4));
#14401=CARTESIAN_POINT('',(12.594358960166,2.34419998015093,7.6));
#14402=CARTESIAN_POINT('Ctrl Pts',(12.594358960166,2.34419998015093,7.4));
#14403=CARTESIAN_POINT('Ctrl Pts',(12.5941993551003,2.36444630716771,7.4));
#14404=CARTESIAN_POINT('Ctrl Pts',(12.5938429621586,2.40965569957203,7.4));
#14405=CARTESIAN_POINT('Ctrl Pts',(12.5923551941338,2.45484250357954,7.4));
#14406=CARTESIAN_POINT('Ctrl Pts',(12.5915337000036,2.47979309643434,7.4));
#14407=CARTESIAN_POINT('Origin',(12.594358960166,1.31312635029482,7.6));
#14408=CARTESIAN_POINT('',(12.594358960166,1.31312635029482,7.6));
#14409=CARTESIAN_POINT('',(12.594358960166,14.0401427837452,7.6));
#14410=CARTESIAN_POINT('',(12.594358960166,1.31312635029482,7.4));
#14411=CARTESIAN_POINT('',(12.594358960166,1.31312635029482,7.6));
#14412=CARTESIAN_POINT('',(12.594358960166,1.31312635029482,7.4));
#14413=CARTESIAN_POINT('Origin',(12.7807999048376,1.31312635029482,7.6));
#14414=CARTESIAN_POINT('',(12.7807999048376,1.31312635029482,7.6));
#14415=CARTESIAN_POINT('',(16.4250220740387,1.31312635029482,7.6));
#14416=CARTESIAN_POINT('',(12.7807999048376,1.31312635029482,7.4));
#14417=CARTESIAN_POINT('',(12.7807999048376,1.31312635029482,7.6));
#14418=CARTESIAN_POINT('',(12.7807999048376,1.31312635029482,7.4));
#14419=CARTESIAN_POINT('Origin',(12.7807999048376,1.99109252775835,7.6));
#14420=CARTESIAN_POINT('',(12.7807999048376,1.99109252775835,7.6));
#14421=CARTESIAN_POINT('',(12.7807999048376,14.379125872477,7.6));
#14422=CARTESIAN_POINT('',(12.7807999048376,1.99109252775835,7.4));
#14423=CARTESIAN_POINT('',(12.7807999048376,1.99109252775835,7.6));
#14424=CARTESIAN_POINT('',(12.7807999048376,1.99109252775835,7.4));
#14425=CARTESIAN_POINT('Ctrl Pts',(12.8372979555273,2.27357845987009,7.6));
#14426=CARTESIAN_POINT('Ctrl Pts',(12.8372979555273,2.27357845987009,7.4));
#14427=CARTESIAN_POINT('Ctrl Pts',(12.8208736758663,2.2335827381455,7.6));
#14428=CARTESIAN_POINT('Ctrl Pts',(12.8208736758663,2.2335827381455,7.4));
#14429=CARTESIAN_POINT('Ctrl Pts',(12.7838136533026,2.14333571482642,7.6));
#14430=CARTESIAN_POINT('Ctrl Pts',(12.7838136533026,2.14333571482642,7.4));
#14431=CARTESIAN_POINT('Ctrl Pts',(12.7818778165005,2.04554455281822,7.6));
#14432=CARTESIAN_POINT('Ctrl Pts',(12.7818778165005,2.04554455281822,7.4));
#14433=CARTESIAN_POINT('Ctrl Pts',(12.7807999048376,1.99109252775835,7.6));
#14434=CARTESIAN_POINT('Ctrl Pts',(12.7807999048376,1.99109252775835,7.4));
#14435=CARTESIAN_POINT('',(12.8372979555273,2.27357845987009,7.6));
#14436=CARTESIAN_POINT('Ctrl Pts',(12.8372979555273,2.27357845987009,7.6));
#14437=CARTESIAN_POINT('Ctrl Pts',(12.8208736758663,2.2335827381455,7.6));
#14438=CARTESIAN_POINT('Ctrl Pts',(12.7838136533026,2.14333571482642,7.6));
#14439=CARTESIAN_POINT('Ctrl Pts',(12.7818778165005,2.04554455281822,7.6));
#14440=CARTESIAN_POINT('Ctrl Pts',(12.7807999048376,1.99109252775835,7.6));
#14441=CARTESIAN_POINT('',(12.8372979555273,2.27357845987009,7.4));
#14442=CARTESIAN_POINT('',(12.8372979555273,2.27357845987009,7.6));
#14443=CARTESIAN_POINT('Ctrl Pts',(12.8372979555273,2.27357845987009,7.4));
#14444=CARTESIAN_POINT('Ctrl Pts',(12.8208736758663,2.2335827381455,7.4));
#14445=CARTESIAN_POINT('Ctrl Pts',(12.7838136533026,2.14333571482642,7.4));
#14446=CARTESIAN_POINT('Ctrl Pts',(12.7818778165005,2.04554455281822,7.4));
#14447=CARTESIAN_POINT('Ctrl Pts',(12.7807999048376,1.99109252775835,7.4));
#14448=CARTESIAN_POINT('Ctrl Pts',(12.9672408495092,2.42612090195345,7.6));
#14449=CARTESIAN_POINT('Ctrl Pts',(12.9672408495092,2.42612090195345,7.4));
#14450=CARTESIAN_POINT('Ctrl Pts',(12.9429103591681,2.40602555827866,7.6));
#14451=CARTESIAN_POINT('Ctrl Pts',(12.9429103591681,2.40602555827866,7.4));
#14452=CARTESIAN_POINT('Ctrl Pts',(12.8906847262739,2.36289070867529,7.6));
#14453=CARTESIAN_POINT('Ctrl Pts',(12.8906847262739,2.36289070867529,7.4));
#14454=CARTESIAN_POINT('Ctrl Pts',(12.8558852891135,2.3046737394433,7.6));
#14455=CARTESIAN_POINT('Ctrl Pts',(12.8558852891135,2.3046737394433,7.4));
#14456=CARTESIAN_POINT('Ctrl Pts',(12.8372979555273,2.27357845987009,7.6));
#14457=CARTESIAN_POINT('Ctrl Pts',(12.8372979555273,2.27357845987009,7.4));
#14458=CARTESIAN_POINT('',(12.9672408495092,2.42612090195345,7.6));
#14459=CARTESIAN_POINT('Ctrl Pts',(12.9672408495092,2.42612090195345,7.6));
#14460=CARTESIAN_POINT('Ctrl Pts',(12.9429103591681,2.40602555827866,7.6));
#14461=CARTESIAN_POINT('Ctrl Pts',(12.8906847262739,2.36289070867529,7.6));
#14462=CARTESIAN_POINT('Ctrl Pts',(12.8558852891135,2.3046737394433,7.6));
#14463=CARTESIAN_POINT('Ctrl Pts',(12.8372979555273,2.27357845987009,7.6));
#14464=CARTESIAN_POINT('',(12.9672408495092,2.42612090195345,7.4));
#14465=CARTESIAN_POINT('',(12.9672408495092,2.42612090195345,7.6));
#14466=CARTESIAN_POINT('Ctrl Pts',(12.9672408495092,2.42612090195345,7.4));
#14467=CARTESIAN_POINT('Ctrl Pts',(12.9429103591681,2.40602555827866,7.4));
#14468=CARTESIAN_POINT('Ctrl Pts',(12.8906847262739,2.36289070867529,7.4));
#14469=CARTESIAN_POINT('Ctrl Pts',(12.8558852891135,2.3046737394433,7.4));
#14470=CARTESIAN_POINT('Ctrl Pts',(12.8372979555273,2.27357845987009,7.4));
#14471=CARTESIAN_POINT('Ctrl Pts',(13.1028342638159,2.48826768482851,7.6));
#14472=CARTESIAN_POINT('Ctrl Pts',(13.1028342638159,2.48826768482851,7.4));
#14473=CARTESIAN_POINT('Ctrl Pts',(13.0802097888275,2.48231227212702,7.6));
#14474=CARTESIAN_POINT('Ctrl Pts',(13.0802097888275,2.48231227212702,7.4));
#14475=CARTESIAN_POINT('Ctrl Pts',(13.031474146694,2.4694836490396,7.6));
#14476=CARTESIAN_POINT('Ctrl Pts',(13.031474146694,2.4694836490396,7.4));
#14477=CARTESIAN_POINT('Ctrl Pts',(12.9896493713319,2.44124849320216,7.6));
#14478=CARTESIAN_POINT('Ctrl Pts',(12.9896493713319,2.44124849320216,7.4));
#14479=CARTESIAN_POINT('Ctrl Pts',(12.9672408495092,2.42612090195345,7.6));
#14480=CARTESIAN_POINT('Ctrl Pts',(12.9672408495092,2.42612090195345,7.4));
#14481=CARTESIAN_POINT('',(13.1028342638159,2.48826768482851,7.6));
#14482=CARTESIAN_POINT('Ctrl Pts',(13.1028342638159,2.48826768482851,7.6));
#14483=CARTESIAN_POINT('Ctrl Pts',(13.0802097888275,2.48231227212702,7.6));
#14484=CARTESIAN_POINT('Ctrl Pts',(13.031474146694,2.4694836490396,7.6));
#14485=CARTESIAN_POINT('Ctrl Pts',(12.9896493713319,2.44124849320216,7.6));
#14486=CARTESIAN_POINT('Ctrl Pts',(12.9672408495092,2.42612090195345,7.6));
#14487=CARTESIAN_POINT('',(13.1028342638159,2.48826768482851,7.4));
#14488=CARTESIAN_POINT('',(13.1028342638159,2.48826768482851,7.6));
#14489=CARTESIAN_POINT('Ctrl Pts',(13.1028342638159,2.48826768482851,7.4));
#14490=CARTESIAN_POINT('Ctrl Pts',(13.0802097888275,2.48231227212702,7.4));
#14491=CARTESIAN_POINT('Ctrl Pts',(13.031474146694,2.4694836490396,7.4));
#14492=CARTESIAN_POINT('Ctrl Pts',(12.9896493713319,2.44124849320216,7.4));
#14493=CARTESIAN_POINT('Ctrl Pts',(12.9672408495092,2.42612090195345,7.4));
#14494=CARTESIAN_POINT('Ctrl Pts',(13.1819296274328,2.4995672353618,7.6));
#14495=CARTESIAN_POINT('Ctrl Pts',(13.1819296274328,2.4995672353618,7.4));
#14496=CARTESIAN_POINT('Ctrl Pts',(13.1729729257707,2.49870968147982,7.6));
#14497=CARTESIAN_POINT('Ctrl Pts',(13.1729729257707,2.49870968147982,7.4));
#14498=CARTESIAN_POINT('Ctrl Pts',(13.1464439306669,2.4961696791894,7.6));
#14499=CARTESIAN_POINT('Ctrl Pts',(13.1464439306669,2.4961696791894,7.4));
#14500=CARTESIAN_POINT('Ctrl Pts',(13.1202106690883,2.4914162586744,7.6));
#14501=CARTESIAN_POINT('Ctrl Pts',(13.1202106690883,2.4914162586744,7.4));
#14502=CARTESIAN_POINT('Ctrl Pts',(13.1028342638159,2.48826768482851,7.6));
#14503=CARTESIAN_POINT('Ctrl Pts',(13.1028342638159,2.48826768482851,7.4));
#14504=CARTESIAN_POINT('',(13.1819296274328,2.4995672353618,7.6));
#14505=CARTESIAN_POINT('Ctrl Pts',(13.1819296274328,2.4995672353618,7.6));
#14506=CARTESIAN_POINT('Ctrl Pts',(13.1729729257707,2.49870968147982,7.6));
#14507=CARTESIAN_POINT('Ctrl Pts',(13.1464439306669,2.4961696791894,7.6));
#14508=CARTESIAN_POINT('Ctrl Pts',(13.1202106690883,2.4914162586744,7.6));
#14509=CARTESIAN_POINT('Ctrl Pts',(13.1028342638159,2.48826768482851,7.6));
#14510=CARTESIAN_POINT('',(13.1819296274328,2.4995672353618,7.4));
#14511=CARTESIAN_POINT('',(13.1819296274328,2.4995672353618,7.6));
#14512=CARTESIAN_POINT('Ctrl Pts',(13.1819296274328,2.4995672353618,7.4));
#14513=CARTESIAN_POINT('Ctrl Pts',(13.1729729257707,2.49870968147982,7.4));
#14514=CARTESIAN_POINT('Ctrl Pts',(13.1464439306669,2.4961696791894,7.4));
#14515=CARTESIAN_POINT('Ctrl Pts',(13.1202106690883,2.4914162586744,7.4));
#14516=CARTESIAN_POINT('Ctrl Pts',(13.1028342638159,2.48826768482851,7.4));
#14517=CARTESIAN_POINT('Ctrl Pts',(13.3570719156408,2.47131850804018,7.6));
#14518=CARTESIAN_POINT('Ctrl Pts',(13.3570719156408,2.47131850804018,7.4));
#14519=CARTESIAN_POINT('Ctrl Pts',(13.3309034727283,2.47954355960097,7.6));
#14520=CARTESIAN_POINT('Ctrl Pts',(13.3309034727283,2.47954355960097,7.4));
#14521=CARTESIAN_POINT('Ctrl Pts',(13.2739574728399,2.49744236186555,7.6));
#14522=CARTESIAN_POINT('Ctrl Pts',(13.2739574728399,2.49744236186555,7.4));
#14523=CARTESIAN_POINT('Ctrl Pts',(13.2142173316326,2.49882172962269,7.6));
#14524=CARTESIAN_POINT('Ctrl Pts',(13.2142173316326,2.49882172962269,7.4));
#14525=CARTESIAN_POINT('Ctrl Pts',(13.1819296274328,2.4995672353618,7.6));
#14526=CARTESIAN_POINT('Ctrl Pts',(13.1819296274328,2.4995672353618,7.4));
#14527=CARTESIAN_POINT('',(13.3570719156408,2.47131850804018,7.6));
#14528=CARTESIAN_POINT('Ctrl Pts',(13.3570719156408,2.47131850804018,7.6));
#14529=CARTESIAN_POINT('Ctrl Pts',(13.3309034727283,2.47954355960097,7.6));
#14530=CARTESIAN_POINT('Ctrl Pts',(13.2739574728399,2.49744236186555,7.6));
#14531=CARTESIAN_POINT('Ctrl Pts',(13.2142173316326,2.49882172962269,7.6));
#14532=CARTESIAN_POINT('Ctrl Pts',(13.1819296274328,2.4995672353618,7.6));
#14533=CARTESIAN_POINT('',(13.3570719156408,2.47131850804018,7.4));
#14534=CARTESIAN_POINT('',(13.3570719156408,2.47131850804018,7.6));
#14535=CARTESIAN_POINT('Ctrl Pts',(13.3570719156408,2.47131850804018,7.4));
#14536=CARTESIAN_POINT('Ctrl Pts',(13.3309034727283,2.47954355960097,7.4));
#14537=CARTESIAN_POINT('Ctrl Pts',(13.2739574728399,2.49744236186555,7.4));
#14538=CARTESIAN_POINT('Ctrl Pts',(13.2142173316326,2.49882172962269,7.4));
#14539=CARTESIAN_POINT('Ctrl Pts',(13.1819296274328,2.4995672353618,7.4));
#14540=CARTESIAN_POINT('Ctrl Pts',(13.4672403726721,2.38374795998262,7.6));
#14541=CARTESIAN_POINT('Ctrl Pts',(13.4672403726721,2.38374795998262,7.4));
#14542=CARTESIAN_POINT('Ctrl Pts',(13.4518998731007,2.40159245525017,7.6));
#14543=CARTESIAN_POINT('Ctrl Pts',(13.4518998731007,2.40159245525017,7.4));
#14544=CARTESIAN_POINT('Ctrl Pts',(13.4207744874663,2.43779836849776,7.6));
#14545=CARTESIAN_POINT('Ctrl Pts',(13.4207744874663,2.43779836849776,7.4));
#14546=CARTESIAN_POINT('Ctrl Pts',(13.3785072602211,2.46003928145825,7.6));
#14547=CARTESIAN_POINT('Ctrl Pts',(13.3785072602211,2.46003928145825,7.4));
#14548=CARTESIAN_POINT('Ctrl Pts',(13.3570719156408,2.47131850804018,7.6));
#14549=CARTESIAN_POINT('Ctrl Pts',(13.3570719156408,2.47131850804018,7.4));
#14550=CARTESIAN_POINT('',(13.4672403726721,2.38374795998262,7.6));
#14551=CARTESIAN_POINT('Ctrl Pts',(13.4672403726721,2.38374795998262,7.6));
#14552=CARTESIAN_POINT('Ctrl Pts',(13.4518998731007,2.40159245525017,7.6));
#14553=CARTESIAN_POINT('Ctrl Pts',(13.4207744874663,2.43779836849776,7.6));
#14554=CARTESIAN_POINT('Ctrl Pts',(13.3785072602211,2.46003928145825,7.6));
#14555=CARTESIAN_POINT('Ctrl Pts',(13.3570719156408,2.47131850804018,7.6));
#14556=CARTESIAN_POINT('',(13.4672403726721,2.38374795998262,7.4));
#14557=CARTESIAN_POINT('',(13.4672403726721,2.38374795998262,7.6));
#14558=CARTESIAN_POINT('Ctrl Pts',(13.4672403726721,2.38374795998262,7.4));
#14559=CARTESIAN_POINT('Ctrl Pts',(13.4518998731007,2.40159245525017,7.4));
#14560=CARTESIAN_POINT('Ctrl Pts',(13.4207744874663,2.43779836849776,7.4));
#14561=CARTESIAN_POINT('Ctrl Pts',(13.3785072602211,2.46003928145825,7.4));
#14562=CARTESIAN_POINT('Ctrl Pts',(13.3570719156408,2.47131850804018,7.4));
#14563=CARTESIAN_POINT('Ctrl Pts',(13.5237384233618,2.23968010629343,7.6));
#14564=CARTESIAN_POINT('Ctrl Pts',(13.5237384233618,2.23968010629343,7.4));
#14565=CARTESIAN_POINT('Ctrl Pts',(13.5175009141547,2.26632542987087,7.6));
#14566=CARTESIAN_POINT('Ctrl Pts',(13.5175009141547,2.26632542987087,7.4));
#14567=CARTESIAN_POINT('Ctrl Pts',(13.5056124994469,2.31711022973235,7.6));
#14568=CARTESIAN_POINT('Ctrl Pts',(13.5056124994469,2.31711022973235,7.4));
#14569=CARTESIAN_POINT('Ctrl Pts',(13.4796032955043,2.36227828430802,7.6));
#14570=CARTESIAN_POINT('Ctrl Pts',(13.4796032955043,2.36227828430802,7.4));
#14571=CARTESIAN_POINT('Ctrl Pts',(13.4672403726721,2.38374795998262,7.6));
#14572=CARTESIAN_POINT('Ctrl Pts',(13.4672403726721,2.38374795998262,7.4));
#14573=CARTESIAN_POINT('',(13.5237384233618,2.23968010629343,7.6));
#14574=CARTESIAN_POINT('Ctrl Pts',(13.5237384233618,2.23968010629343,7.6));
#14575=CARTESIAN_POINT('Ctrl Pts',(13.5175009141547,2.26632542987087,7.6));
#14576=CARTESIAN_POINT('Ctrl Pts',(13.5056124994469,2.31711022973235,7.6));
#14577=CARTESIAN_POINT('Ctrl Pts',(13.4796032955043,2.36227828430802,7.6));
#14578=CARTESIAN_POINT('Ctrl Pts',(13.4672403726721,2.38374795998262,7.6));
#14579=CARTESIAN_POINT('',(13.5237384233618,2.23968010629343,7.4));
#14580=CARTESIAN_POINT('',(13.5237384233618,2.23968010629343,7.6));
#14581=CARTESIAN_POINT('Ctrl Pts',(13.5237384233618,2.23968010629343,7.4));
#14582=CARTESIAN_POINT('Ctrl Pts',(13.5175009141547,2.26632542987087,7.4));
#14583=CARTESIAN_POINT('Ctrl Pts',(13.5056124994469,2.31711022973235,7.4));
#14584=CARTESIAN_POINT('Ctrl Pts',(13.4796032955043,2.36227828430802,7.4));
#14585=CARTESIAN_POINT('Ctrl Pts',(13.4672403726721,2.38374795998262,7.4));
#14586=CARTESIAN_POINT('Ctrl Pts',(13.5406876001501,2.04476487125086,7.6));
#14587=CARTESIAN_POINT('Ctrl Pts',(13.5406876001501,2.04476487125086,7.4));
#14588=CARTESIAN_POINT('Ctrl Pts',(13.5401702259777,2.07944989115716,7.6));
#14589=CARTESIAN_POINT('Ctrl Pts',(13.5401702259777,2.07944989115716,7.4));
#14590=CARTESIAN_POINT('Ctrl Pts',(13.5391948119194,2.14484213110493,7.6));
#14591=CARTESIAN_POINT('Ctrl Pts',(13.5391948119194,2.14484213110493,7.4));
#14592=CARTESIAN_POINT('Ctrl Pts',(13.5286772932008,2.20937597583602,7.6));
#14593=CARTESIAN_POINT('Ctrl Pts',(13.5286772932008,2.20937597583602,7.4));
#14594=CARTESIAN_POINT('Ctrl Pts',(13.5237384233618,2.23968010629343,7.6));
#14595=CARTESIAN_POINT('Ctrl Pts',(13.5237384233618,2.23968010629343,7.4));
#14596=CARTESIAN_POINT('',(13.5406876001501,2.04476487125086,7.6));
#14597=CARTESIAN_POINT('Ctrl Pts',(13.5406876001501,2.04476487125086,7.6));
#14598=CARTESIAN_POINT('Ctrl Pts',(13.5401702259777,2.07944989115716,7.6));
#14599=CARTESIAN_POINT('Ctrl Pts',(13.5391948119194,2.14484213110493,7.6));
#14600=CARTESIAN_POINT('Ctrl Pts',(13.5286772932008,2.20937597583602,7.6));
#14601=CARTESIAN_POINT('Ctrl Pts',(13.5237384233618,2.23968010629343,7.6));
#14602=CARTESIAN_POINT('',(13.5406876001501,2.04476487125086,7.4));
#14603=CARTESIAN_POINT('',(13.5406876001501,2.04476487125086,7.6));
#14604=CARTESIAN_POINT('Ctrl Pts',(13.5406876001501,2.04476487125086,7.4));
#14605=CARTESIAN_POINT('Ctrl Pts',(13.5401702259777,2.07944989115716,7.4));
#14606=CARTESIAN_POINT('Ctrl Pts',(13.5391948119194,2.14484213110493,7.4));
#14607=CARTESIAN_POINT('Ctrl Pts',(13.5286772932008,2.20937597583602,7.4));
#14608=CARTESIAN_POINT('Ctrl Pts',(13.5237384233618,2.23968010629343,7.4));
#14609=CARTESIAN_POINT('Origin',(13.5406876001501,1.31312635029482,7.6));
#14610=CARTESIAN_POINT('',(13.5406876001501,1.31312635029482,7.6));
#14611=CARTESIAN_POINT('',(13.5406876001501,14.0401427837452,7.6));
#14612=CARTESIAN_POINT('',(13.5406876001501,1.31312635029482,7.4));
#14613=CARTESIAN_POINT('',(13.5406876001501,1.31312635029482,7.6));
#14614=CARTESIAN_POINT('',(13.5406876001501,1.31312635029482,7.4));
#14615=CARTESIAN_POINT('Origin',(13.7271285448217,1.31312635029482,7.6));
#14616=CARTESIAN_POINT('',(13.7271285448217,1.31312635029482,7.6));
#14617=CARTESIAN_POINT('',(16.8981863940308,1.31312635029482,7.6));
#14618=CARTESIAN_POINT('',(13.7271285448217,1.31312635029482,7.4));
#14619=CARTESIAN_POINT('',(13.7271285448217,1.31312635029482,7.6));
#14620=CARTESIAN_POINT('',(13.7271285448217,1.31312635029482,7.4));
#14621=CARTESIAN_POINT('Origin',(13.7271285448217,2.15210940922426,7.6));
#14622=CARTESIAN_POINT('',(13.7271285448217,2.15210940922426,7.6));
#14623=CARTESIAN_POINT('',(13.7271285448217,14.4596343132099,7.6));
#14624=CARTESIAN_POINT('',(13.7271285448217,2.15210940922426,7.4));
#14625=CARTESIAN_POINT('',(13.7271285448217,2.15210940922426,7.6));
#14626=CARTESIAN_POINT('',(13.7271285448217,2.15210940922426,7.4));
#14627=CARTESIAN_POINT('Ctrl Pts',(13.6056590471411,2.53629025305437,7.6));
#14628=CARTESIAN_POINT('Ctrl Pts',(13.6056590471411,2.53629025305437,7.4));
#14629=CARTESIAN_POINT('Ctrl Pts',(13.6410198185794,2.48334333324918,7.6));
#14630=CARTESIAN_POINT('Ctrl Pts',(13.6410198185794,2.48334333324918,7.4));
#14631=CARTESIAN_POINT('Ctrl Pts',(13.7183347502363,2.36757698201646,7.6));
#14632=CARTESIAN_POINT('Ctrl Pts',(13.7183347502363,2.36757698201646,7.4));
#14633=CARTESIAN_POINT('Ctrl Pts',(13.7240352348856,2.22790239908183,7.6));
#14634=CARTESIAN_POINT('Ctrl Pts',(13.7240352348856,2.22790239908183,7.4));
#14635=CARTESIAN_POINT('Ctrl Pts',(13.7271285448217,2.15210940922426,7.6));
#14636=CARTESIAN_POINT('Ctrl Pts',(13.7271285448217,2.15210940922426,7.4));
#14637=CARTESIAN_POINT('',(13.6056590471411,2.53629025305437,7.6));
#14638=CARTESIAN_POINT('Ctrl Pts',(13.6056590471411,2.53629025305437,7.6));
#14639=CARTESIAN_POINT('Ctrl Pts',(13.6410198185794,2.48334333324918,7.6));
#14640=CARTESIAN_POINT('Ctrl Pts',(13.7183347502363,2.36757698201646,7.6));
#14641=CARTESIAN_POINT('Ctrl Pts',(13.7240352348856,2.22790239908183,7.6));
#14642=CARTESIAN_POINT('Ctrl Pts',(13.7271285448217,2.15210940922426,7.6));
#14643=CARTESIAN_POINT('',(13.6056590471411,2.53629025305437,7.4));
#14644=CARTESIAN_POINT('',(13.6056590471411,2.53629025305437,7.6));
#14645=CARTESIAN_POINT('Ctrl Pts',(13.6056590471411,2.53629025305437,7.4));
#14646=CARTESIAN_POINT('Ctrl Pts',(13.6410198185794,2.48334333324918,7.4));
#14647=CARTESIAN_POINT('Ctrl Pts',(13.7183347502363,2.36757698201646,7.4));
#14648=CARTESIAN_POINT('Ctrl Pts',(13.7240352348856,2.22790239908183,7.4));
#14649=CARTESIAN_POINT('Ctrl Pts',(13.7271285448217,2.15210940922426,7.4));
#14650=CARTESIAN_POINT('Ctrl Pts',(13.2299518976355,2.66905870522188,7.6));
#14651=CARTESIAN_POINT('Ctrl Pts',(13.2299518976355,2.66905870522188,7.4));
#14652=CARTESIAN_POINT('Ctrl Pts',(13.3066603275916,2.66602289775393,7.6));
#14653=CARTESIAN_POINT('Ctrl Pts',(13.3066603275916,2.66602289775393,7.4));
#14654=CARTESIAN_POINT('Ctrl Pts',(13.4464948627145,2.66048881595554,7.6));
#14655=CARTESIAN_POINT('Ctrl Pts',(13.4464948627145,2.66048881595554,7.4));
#14656=CARTESIAN_POINT('Ctrl Pts',(13.5561547933579,2.57491927753947,7.6));
#14657=CARTESIAN_POINT('Ctrl Pts',(13.5561547933579,2.57491927753947,7.4));
#14658=CARTESIAN_POINT('Ctrl Pts',(13.6056590471411,2.53629025305437,7.6));
#14659=CARTESIAN_POINT('Ctrl Pts',(13.6056590471411,2.53629025305437,7.4));
#14660=CARTESIAN_POINT('',(13.2299518976355,2.66905870522188,7.6));
#14661=CARTESIAN_POINT('Ctrl Pts',(13.2299518976355,2.66905870522188,7.6));
#14662=CARTESIAN_POINT('Ctrl Pts',(13.3066603275916,2.66602289775393,7.6));
#14663=CARTESIAN_POINT('Ctrl Pts',(13.4464948627145,2.66048881595554,7.6));
#14664=CARTESIAN_POINT('Ctrl Pts',(13.5561547933579,2.57491927753947,7.6));
#14665=CARTESIAN_POINT('Ctrl Pts',(13.6056590471411,2.53629025305437,7.6));
#14666=CARTESIAN_POINT('',(13.2299518976355,2.66905870522188,7.4));
#14667=CARTESIAN_POINT('',(13.2299518976355,2.66905870522188,7.6));
#14668=CARTESIAN_POINT('Ctrl Pts',(13.2299518976355,2.66905870522188,7.4));
#14669=CARTESIAN_POINT('Ctrl Pts',(13.3066603275916,2.66602289775393,7.4));
#14670=CARTESIAN_POINT('Ctrl Pts',(13.4464948627145,2.66048881595554,7.4));
#14671=CARTESIAN_POINT('Ctrl Pts',(13.5561547933579,2.57491927753947,7.4));
#14672=CARTESIAN_POINT('Ctrl Pts',(13.6056590471411,2.53629025305437,7.4));
#14673=CARTESIAN_POINT('Ctrl Pts',(13.1000090036535,2.64928456629442,7.6));
#14674=CARTESIAN_POINT('Ctrl Pts',(13.1000090036535,2.64928456629442,7.4));
#14675=CARTESIAN_POINT('Ctrl Pts',(13.1215415111352,2.65505177485821,7.6));
#14676=CARTESIAN_POINT('Ctrl Pts',(13.1215415111352,2.65505177485821,7.4));
#14677=CARTESIAN_POINT('Ctrl Pts',(13.1641272563997,2.66645782568596,7.6));
#14678=CARTESIAN_POINT('Ctrl Pts',(13.1641272563997,2.66645782568596,7.4));
#14679=CARTESIAN_POINT('Ctrl Pts',(13.2081755939055,2.66819827451271,7.6));
#14680=CARTESIAN_POINT('Ctrl Pts',(13.2081755939055,2.66819827451271,7.4));
#14681=CARTESIAN_POINT('Ctrl Pts',(13.2299518976355,2.66905870522188,7.6));
#14682=CARTESIAN_POINT('Ctrl Pts',(13.2299518976355,2.66905870522188,7.4));
#14683=CARTESIAN_POINT('',(13.1000090036535,2.64928456629442,7.6));
#14684=CARTESIAN_POINT('Ctrl Pts',(13.1000090036535,2.64928456629442,7.6));
#14685=CARTESIAN_POINT('Ctrl Pts',(13.1215415111352,2.65505177485821,7.6));
#14686=CARTESIAN_POINT('Ctrl Pts',(13.1641272563997,2.66645782568596,7.6));
#14687=CARTESIAN_POINT('Ctrl Pts',(13.2081755939055,2.66819827451271,7.6));
#14688=CARTESIAN_POINT('Ctrl Pts',(13.2299518976355,2.66905870522188,7.6));
#14689=CARTESIAN_POINT('',(13.1000090036535,2.64928456629442,7.4));
#14690=CARTESIAN_POINT('',(13.1000090036535,2.64928456629442,7.6));
#14691=CARTESIAN_POINT('Ctrl Pts',(13.1000090036535,2.64928456629442,7.4));
#14692=CARTESIAN_POINT('Ctrl Pts',(13.1215415111352,2.65505177485821,7.4));
#14693=CARTESIAN_POINT('Ctrl Pts',(13.1641272563997,2.66645782568596,7.4));
#14694=CARTESIAN_POINT('Ctrl Pts',(13.2081755939055,2.66819827451271,7.4));
#14695=CARTESIAN_POINT('Ctrl Pts',(13.2299518976355,2.66905870522188,7.4));
#14696=CARTESIAN_POINT('Ctrl Pts',(12.9728913698339,2.60126199806856,7.6));
#14697=CARTESIAN_POINT('Ctrl Pts',(12.9728913698339,2.60126199806856,7.4));
#14698=CARTESIAN_POINT('Ctrl Pts',(12.9931375519393,2.6110609397932,7.6));
#14699=CARTESIAN_POINT('Ctrl Pts',(12.9931375519393,2.6110609397932,7.4));
#14700=CARTESIAN_POINT('Ctrl Pts',(13.0340703991,2.63087201241245,7.6));
#14701=CARTESIAN_POINT('Ctrl Pts',(13.0340703991,2.63087201241245,7.4));
#14702=CARTESIAN_POINT('Ctrl Pts',(13.0778723495717,2.64310317469829,7.6));
#14703=CARTESIAN_POINT('Ctrl Pts',(13.0778723495717,2.64310317469829,7.4));
#14704=CARTESIAN_POINT('Ctrl Pts',(13.1000090036535,2.64928456629442,7.6));
#14705=CARTESIAN_POINT('Ctrl Pts',(13.1000090036535,2.64928456629442,7.4));
#14706=CARTESIAN_POINT('',(12.9728913698339,2.60126199806856,7.6));
#14707=CARTESIAN_POINT('Ctrl Pts',(12.9728913698339,2.60126199806856,7.6));
#14708=CARTESIAN_POINT('Ctrl Pts',(12.9931375519393,2.6110609397932,7.6));
#14709=CARTESIAN_POINT('Ctrl Pts',(13.0340703991,2.63087201241245,7.6));
#14710=CARTESIAN_POINT('Ctrl Pts',(13.0778723495717,2.64310317469829,7.6));
#14711=CARTESIAN_POINT('Ctrl Pts',(13.1000090036535,2.64928456629442,7.6));
#14712=CARTESIAN_POINT('',(12.9728913698339,2.60126199806856,7.4));
#14713=CARTESIAN_POINT('',(12.9728913698339,2.60126199806856,7.6));
#14714=CARTESIAN_POINT('Ctrl Pts',(12.9728913698339,2.60126199806856,7.4));
#14715=CARTESIAN_POINT('Ctrl Pts',(12.9931375519393,2.6110609397932,7.4));
#14716=CARTESIAN_POINT('Ctrl Pts',(13.0340703991,2.63087201241245,7.4));
#14717=CARTESIAN_POINT('Ctrl Pts',(13.0778723495717,2.64310317469829,7.4));
#14718=CARTESIAN_POINT('Ctrl Pts',(13.1000090036535,2.64928456629442,7.4));
#14719=CARTESIAN_POINT('Ctrl Pts',(12.8655457887793,2.52216603840517,7.6));
#14720=CARTESIAN_POINT('Ctrl Pts',(12.8655457887793,2.52216603840517,7.4));
#14721=CARTESIAN_POINT('Ctrl Pts',(12.8821111038676,2.5368106351693,7.6));
#14722=CARTESIAN_POINT('Ctrl Pts',(12.8821111038676,2.5368106351693,7.4));
#14723=CARTESIAN_POINT('Ctrl Pts',(12.915541000023,2.56636439532743,7.6));
#14724=CARTESIAN_POINT('Ctrl Pts',(12.915541000023,2.56636439532743,7.4));
#14725=CARTESIAN_POINT('Ctrl Pts',(12.9536608297365,2.58956024704186,7.6));
#14726=CARTESIAN_POINT('Ctrl Pts',(12.9536608297365,2.58956024704186,7.4));
#14727=CARTESIAN_POINT('Ctrl Pts',(12.9728913698339,2.60126199806856,7.6));
#14728=CARTESIAN_POINT('Ctrl Pts',(12.9728913698339,2.60126199806856,7.4));
#14729=CARTESIAN_POINT('',(12.8655457887793,2.52216603840517,7.6));
#14730=CARTESIAN_POINT('Ctrl Pts',(12.8655457887793,2.52216603840517,7.6));
#14731=CARTESIAN_POINT('Ctrl Pts',(12.8821111038676,2.5368106351693,7.6));
#14732=CARTESIAN_POINT('Ctrl Pts',(12.915541000023,2.56636439532743,7.6));
#14733=CARTESIAN_POINT('Ctrl Pts',(12.9536608297365,2.58956024704186,7.6));
#14734=CARTESIAN_POINT('Ctrl Pts',(12.9728913698339,2.60126199806856,7.6));
#14735=CARTESIAN_POINT('',(12.8655457887793,2.52216603840517,7.4));
#14736=CARTESIAN_POINT('',(12.8655457887793,2.52216603840517,7.6));
#14737=CARTESIAN_POINT('Ctrl Pts',(12.8655457887793,2.52216603840517,7.4));
#14738=CARTESIAN_POINT('Ctrl Pts',(12.8821111038676,2.5368106351693,7.4));
#14739=CARTESIAN_POINT('Ctrl Pts',(12.915541000023,2.56636439532743,7.4));
#14740=CARTESIAN_POINT('Ctrl Pts',(12.9536608297365,2.58956024704186,7.4));
#14741=CARTESIAN_POINT('Ctrl Pts',(12.9728913698339,2.60126199806856,7.4));
#14742=CARTESIAN_POINT('Ctrl Pts',(12.7864504251623,2.42329593981432,7.6));
#14743=CARTESIAN_POINT('Ctrl Pts',(12.7864504251623,2.42329593981432,7.4));
#14744=CARTESIAN_POINT('Ctrl Pts',(12.7976359312891,2.44094721544747,7.6));
#14745=CARTESIAN_POINT('Ctrl Pts',(12.7976359312891,2.44094721544747,7.4));
#14746=CARTESIAN_POINT('Ctrl Pts',(12.8203612694938,2.47680891039077,7.6));
#14747=CARTESIAN_POINT('Ctrl Pts',(12.8203612694938,2.47680891039077,7.4));
#14748=CARTESIAN_POINT('Ctrl Pts',(12.8503285357852,2.50689065420298,7.6));
#14749=CARTESIAN_POINT('Ctrl Pts',(12.8503285357852,2.50689065420298,7.4));
#14750=CARTESIAN_POINT('Ctrl Pts',(12.8655457887793,2.52216603840517,7.6));
#14751=CARTESIAN_POINT('Ctrl Pts',(12.8655457887793,2.52216603840517,7.4));
#14752=CARTESIAN_POINT('',(12.7864504251623,2.42329593981432,7.6));
#14753=CARTESIAN_POINT('Ctrl Pts',(12.7864504251623,2.42329593981432,7.6));
#14754=CARTESIAN_POINT('Ctrl Pts',(12.7976359312891,2.44094721544747,7.6));
#14755=CARTESIAN_POINT('Ctrl Pts',(12.8203612694938,2.47680891039077,7.6));
#14756=CARTESIAN_POINT('Ctrl Pts',(12.8503285357852,2.50689065420298,7.6));
#14757=CARTESIAN_POINT('Ctrl Pts',(12.8655457887793,2.52216603840517,7.6));
#14758=CARTESIAN_POINT('',(12.7864504251623,2.42329593981432,7.4));
#14759=CARTESIAN_POINT('',(12.7864504251623,2.42329593981432,7.6));
#14760=CARTESIAN_POINT('Ctrl Pts',(12.7864504251623,2.42329593981432,7.4));
#14761=CARTESIAN_POINT('Ctrl Pts',(12.7976359312891,2.44094721544747,7.4));
#14762=CARTESIAN_POINT('Ctrl Pts',(12.8203612694938,2.47680891039077,7.4));
#14763=CARTESIAN_POINT('Ctrl Pts',(12.8503285357852,2.50689065420298,7.4));
#14764=CARTESIAN_POINT('Ctrl Pts',(12.8655457887793,2.52216603840517,7.4));
#14765=CARTESIAN_POINT('Origin',(12.7807999048376,2.42329593981432,7.6));
#14766=CARTESIAN_POINT('',(12.7807999048376,2.42329593981432,7.6));
#14767=CARTESIAN_POINT('',(16.4250220740387,2.42329593981432,7.6));
#14768=CARTESIAN_POINT('',(12.7807999048376,2.42329593981432,7.4));
#14769=CARTESIAN_POINT('',(12.7807999048376,2.42329593981432,7.6));
#14770=CARTESIAN_POINT('',(12.7807999048376,2.42329593981432,7.4));
#14771=CARTESIAN_POINT('Origin',(12.7807999048376,2.53064062679933,7.6));
#14772=CARTESIAN_POINT('',(12.7807999048376,2.53064062679933,7.6));
#14773=CARTESIAN_POINT('',(12.7807999048361,14.648899921997,7.6));
#14774=CARTESIAN_POINT('',(12.7807999048376,2.53064062679933,7.4));
#14775=CARTESIAN_POINT('',(12.7807999048376,2.53064062679933,7.6));
#14776=CARTESIAN_POINT('Ctrl Pts',(12.7807999048376,2.53064062679933,7.4));
#14777=CARTESIAN_POINT('Ctrl Pts',(12.7807999048376,2.51274979596463,7.4));
#14778=CARTESIAN_POINT('Ctrl Pts',(12.7807999048376,2.47696823363629,7.4));
#14779=CARTESIAN_POINT('Ctrl Pts',(12.7807999048376,2.44118667130795,7.4));
#14780=CARTESIAN_POINT('Ctrl Pts',(12.7807999048376,2.42329593981432,7.4));
#14781=CARTESIAN_POINT('Ctrl Pts',(12.7723265085363,2.63516035164522,7.6));
#14782=CARTESIAN_POINT('Ctrl Pts',(12.7723265085363,2.63516035164522,7.4));
#14783=CARTESIAN_POINT('Ctrl Pts',(12.7740845184227,2.61751399985297,7.6));
#14784=CARTESIAN_POINT('Ctrl Pts',(12.7740845184227,2.61751399985297,7.4));
#14785=CARTESIAN_POINT('Ctrl Pts',(12.7775502608662,2.58272596432769,7.6));
#14786=CARTESIAN_POINT('Ctrl Pts',(12.7775502608662,2.58272596432769,7.4));
#14787=CARTESIAN_POINT('Ctrl Pts',(12.7797272171744,2.54783367917456,7.6));
#14788=CARTESIAN_POINT('Ctrl Pts',(12.7797272171744,2.54783367917456,7.4));
#14789=CARTESIAN_POINT('Ctrl Pts',(12.7807999048376,2.53064062679933,7.6));
#14790=CARTESIAN_POINT('Ctrl Pts',(12.7807999048376,2.53064062679933,7.4));
#14791=CARTESIAN_POINT('',(12.7723265085363,2.63516035164522,7.6));
#14792=CARTESIAN_POINT('Ctrl Pts',(12.7723265085363,2.63516035164522,7.6));
#14793=CARTESIAN_POINT('Ctrl Pts',(12.7740845184227,2.61751399985297,7.6));
#14794=CARTESIAN_POINT('Ctrl Pts',(12.7775502608662,2.58272596432769,7.6));
#14795=CARTESIAN_POINT('Ctrl Pts',(12.7797272171744,2.54783367917456,7.6));
#14796=CARTESIAN_POINT('Ctrl Pts',(12.7807999048376,2.53064062679933,7.6));
#14797=CARTESIAN_POINT('',(12.7723265085363,2.63516035164522,7.4));
#14798=CARTESIAN_POINT('',(12.7723265085363,2.63516035164522,7.6));
#14799=CARTESIAN_POINT('Ctrl Pts',(12.7723265085363,2.63516035164522,7.4));
#14800=CARTESIAN_POINT('Ctrl Pts',(12.7740845184227,2.61751399985297,7.4));
#14801=CARTESIAN_POINT('Ctrl Pts',(12.7775502608662,2.58272596432769,7.4));
#14802=CARTESIAN_POINT('Ctrl Pts',(12.7797272171744,2.54783367917456,7.4));
#14803=CARTESIAN_POINT('Ctrl Pts',(12.7807999048376,2.53064062679933,7.4));
#14804=CARTESIAN_POINT('Origin',(12.58023504354,2.63516035164522,7.6));
#14805=CARTESIAN_POINT('',(16.3247396433899,2.63516035164522,7.6));
#14806=CARTESIAN_POINT('',(12.58023504354,2.63516035164522,7.4));
#14807=CARTESIAN_POINT('Origin',(19.6861677262926,1.65210951353239,7.4));
#14808=CARTESIAN_POINT('Origin',(18.8994455728674,2.07301344956087,7.6));
#14809=CARTESIAN_POINT('',(18.8994455728674,2.07301344956087,7.6));
#14810=CARTESIAN_POINT('',(18.8994455728674,1.97696831310915,7.6));
#14811=CARTESIAN_POINT('',(18.8994455728674,14.4200863333782,7.6));
#14812=CARTESIAN_POINT('',(18.8994455728674,2.07301344956087,7.4));
#14813=CARTESIAN_POINT('',(18.8994455728674,2.07301344956087,7.6));
#14814=CARTESIAN_POINT('',(18.8994455728674,1.97696831310915,7.4));
#14815=CARTESIAN_POINT('',(18.8994455728674,2.07301344956087,7.4));
#14816=CARTESIAN_POINT('',(18.8994455728674,1.97696831310915,7.6));
#14817=CARTESIAN_POINT('Ctrl Pts',(18.924868145957,2.23968010629343,7.6));
#14818=CARTESIAN_POINT('Ctrl Pts',(18.924868145957,2.23968010629343,7.4));
#14819=CARTESIAN_POINT('Ctrl Pts',(18.9174538992842,2.21277116282252,7.6));
#14820=CARTESIAN_POINT('Ctrl Pts',(18.9174538992842,2.21277116282252,7.4));
#14821=CARTESIAN_POINT('Ctrl Pts',(18.9024240861787,2.15822261472611,7.6));
#14822=CARTESIAN_POINT('Ctrl Pts',(18.9024240861787,2.15822261472611,7.4));
#14823=CARTESIAN_POINT('Ctrl Pts',(18.900447237068,2.10166901070488,7.6));
#14824=CARTESIAN_POINT('Ctrl Pts',(18.900447237068,2.10166901070488,7.4));
#14825=CARTESIAN_POINT('Ctrl Pts',(18.8994455728674,2.07301344956087,7.6));
#14826=CARTESIAN_POINT('Ctrl Pts',(18.8994455728674,2.07301344956087,7.4));
#14827=CARTESIAN_POINT('',(18.924868145957,2.23968010629343,7.6));
#14828=CARTESIAN_POINT('Ctrl Pts',(18.924868145957,2.23968010629343,7.6));
#14829=CARTESIAN_POINT('Ctrl Pts',(18.9174538992842,2.21277116282252,7.6));
#14830=CARTESIAN_POINT('Ctrl Pts',(18.9024240861787,2.15822261472611,7.6));
#14831=CARTESIAN_POINT('Ctrl Pts',(18.900447237068,2.10166901070488,7.6));
#14832=CARTESIAN_POINT('Ctrl Pts',(18.8994455728674,2.07301344956087,7.6));
#14833=CARTESIAN_POINT('',(18.924868145957,2.23968010629343,7.4));
#14834=CARTESIAN_POINT('',(18.924868145957,2.23968010629343,7.6));
#14835=CARTESIAN_POINT('Ctrl Pts',(18.924868145957,2.23968010629343,7.4));
#14836=CARTESIAN_POINT('Ctrl Pts',(18.9174538992842,2.21277116282252,7.4));
#14837=CARTESIAN_POINT('Ctrl Pts',(18.9024240861787,2.15822261472611,7.4));
#14838=CARTESIAN_POINT('Ctrl Pts',(18.900447237068,2.10166901070488,7.4));
#14839=CARTESIAN_POINT('Ctrl Pts',(18.8994455728674,2.07301344956087,7.4));
#14840=CARTESIAN_POINT('Ctrl Pts',(18.998315373435,2.37527337158846,7.6));
#14841=CARTESIAN_POINT('Ctrl Pts',(18.998315373435,2.37527337158846,7.4));
#14842=CARTESIAN_POINT('Ctrl Pts',(18.9825259063559,2.35473457388117,7.6));
#14843=CARTESIAN_POINT('Ctrl Pts',(18.9825259063559,2.35473457388117,7.4));
#14844=CARTESIAN_POINT('Ctrl Pts',(18.9507996056775,2.31346528541387,7.6));
#14845=CARTESIAN_POINT('Ctrl Pts',(18.9507996056775,2.31346528541387,7.4));
#14846=CARTESIAN_POINT('Ctrl Pts',(18.9335386911239,2.26435120985291,7.6));
#14847=CARTESIAN_POINT('Ctrl Pts',(18.9335386911239,2.26435120985291,7.4));
#14848=CARTESIAN_POINT('Ctrl Pts',(18.924868145957,2.23968010629343,7.6));
#14849=CARTESIAN_POINT('Ctrl Pts',(18.924868145957,2.23968010629343,7.4));
#14850=CARTESIAN_POINT('',(18.998315373435,2.37527337158846,7.6));
#14851=CARTESIAN_POINT('Ctrl Pts',(18.998315373435,2.37527337158846,7.6));
#14852=CARTESIAN_POINT('Ctrl Pts',(18.9825259063559,2.35473457388117,7.6));
#14853=CARTESIAN_POINT('Ctrl Pts',(18.9507996056775,2.31346528541387,7.6));
#14854=CARTESIAN_POINT('Ctrl Pts',(18.9335386911239,2.26435120985291,7.6));
#14855=CARTESIAN_POINT('Ctrl Pts',(18.924868145957,2.23968010629343,7.6));
#14856=CARTESIAN_POINT('',(18.998315373435,2.37527337158846,7.4));
#14857=CARTESIAN_POINT('',(18.998315373435,2.37527337158846,7.6));
#14858=CARTESIAN_POINT('Ctrl Pts',(18.998315373435,2.37527337158846,7.4));
#14859=CARTESIAN_POINT('Ctrl Pts',(18.9825259063559,2.35473457388117,7.4));
#14860=CARTESIAN_POINT('Ctrl Pts',(18.9507996056775,2.31346528541387,7.4));
#14861=CARTESIAN_POINT('Ctrl Pts',(18.9335386911239,2.26435120985291,7.4));
#14862=CARTESIAN_POINT('Ctrl Pts',(18.924868145957,2.23968010629343,7.4));
#14863=CARTESIAN_POINT('Ctrl Pts',(19.1254330072546,2.46566888178514,7.6));
#14864=CARTESIAN_POINT('Ctrl Pts',(19.1254330072546,2.46566888178514,7.4));
#14865=CARTESIAN_POINT('Ctrl Pts',(19.101285286901,2.45366539706765,7.6));
#14866=CARTESIAN_POINT('Ctrl Pts',(19.101285286901,2.45366539706765,7.4));
#14867=CARTESIAN_POINT('Ctrl Pts',(19.0541287437097,2.4302245572187,7.6));
#14868=CARTESIAN_POINT('Ctrl Pts',(19.0541287437097,2.4302245572187,7.4));
#14869=CARTESIAN_POINT('Ctrl Pts',(19.0166178497321,2.39329311788843,7.6));
#14870=CARTESIAN_POINT('Ctrl Pts',(19.0166178497321,2.39329311788843,7.4));
#14871=CARTESIAN_POINT('Ctrl Pts',(18.998315373435,2.37527337158846,7.6));
#14872=CARTESIAN_POINT('Ctrl Pts',(18.998315373435,2.37527337158846,7.4));
#14873=CARTESIAN_POINT('',(19.1254330072546,2.46566888178514,7.6));
#14874=CARTESIAN_POINT('Ctrl Pts',(19.1254330072546,2.46566888178514,7.6));
#14875=CARTESIAN_POINT('Ctrl Pts',(19.101285286901,2.45366539706765,7.6));
#14876=CARTESIAN_POINT('Ctrl Pts',(19.0541287437097,2.4302245572187,7.6));
#14877=CARTESIAN_POINT('Ctrl Pts',(19.0166178497321,2.39329311788843,7.6));
#14878=CARTESIAN_POINT('Ctrl Pts',(18.998315373435,2.37527337158846,7.6));
#14879=CARTESIAN_POINT('',(19.1254330072546,2.46566888178514,7.4));
#14880=CARTESIAN_POINT('',(19.1254330072546,2.46566888178514,7.6));
#14881=CARTESIAN_POINT('Ctrl Pts',(19.1254330072546,2.46566888178514,7.4));
#14882=CARTESIAN_POINT('Ctrl Pts',(19.101285286901,2.45366539706765,7.4));
#14883=CARTESIAN_POINT('Ctrl Pts',(19.0541287437097,2.4302245572187,7.4));
#14884=CARTESIAN_POINT('Ctrl Pts',(19.0166178497321,2.39329311788843,7.4));
#14885=CARTESIAN_POINT('Ctrl Pts',(18.998315373435,2.37527337158846,7.4));
#14886=CARTESIAN_POINT('Ctrl Pts',(19.3005752954626,2.4995672353618,7.6));
#14887=CARTESIAN_POINT('Ctrl Pts',(19.3005752954626,2.4995672353618,7.4));
#14888=CARTESIAN_POINT('Ctrl Pts',(19.2686751600118,2.49851936693127,7.6));
#14889=CARTESIAN_POINT('Ctrl Pts',(19.2686751600118,2.49851936693127,7.4));
#14890=CARTESIAN_POINT('Ctrl Pts',(19.2084283731786,2.49654035633864,7.6));
#14891=CARTESIAN_POINT('Ctrl Pts',(19.2084283731786,2.49654035633864,7.4));
#14892=CARTESIAN_POINT('Ctrl Pts',(19.1519884807929,2.47554662154167,7.6));
#14893=CARTESIAN_POINT('Ctrl Pts',(19.1519884807929,2.47554662154167,7.4));
#14894=CARTESIAN_POINT('Ctrl Pts',(19.1254330072546,2.46566888178514,7.6));
#14895=CARTESIAN_POINT('Ctrl Pts',(19.1254330072546,2.46566888178514,7.4));
#14896=CARTESIAN_POINT('',(19.3005752954626,2.4995672353618,7.6));
#14897=CARTESIAN_POINT('Ctrl Pts',(19.3005752954626,2.4995672353618,7.6));
#14898=CARTESIAN_POINT('Ctrl Pts',(19.2686751600118,2.49851936693127,7.6));
#14899=CARTESIAN_POINT('Ctrl Pts',(19.2084283731786,2.49654035633864,7.6));
#14900=CARTESIAN_POINT('Ctrl Pts',(19.1519884807929,2.47554662154167,7.6));
#14901=CARTESIAN_POINT('Ctrl Pts',(19.1254330072546,2.46566888178514,7.6));
#14902=CARTESIAN_POINT('',(19.3005752954626,2.4995672353618,7.4));
#14903=CARTESIAN_POINT('',(19.3005752954626,2.4995672353618,7.6));
#14904=CARTESIAN_POINT('Ctrl Pts',(19.3005752954626,2.4995672353618,7.4));
#14905=CARTESIAN_POINT('Ctrl Pts',(19.2686751600118,2.49851936693127,7.4));
#14906=CARTESIAN_POINT('Ctrl Pts',(19.2084283731786,2.49654035633864,7.4));
#14907=CARTESIAN_POINT('Ctrl Pts',(19.1519884807929,2.47554662154167,7.4));
#14908=CARTESIAN_POINT('Ctrl Pts',(19.1254330072546,2.46566888178514,7.4));
#14909=CARTESIAN_POINT('Ctrl Pts',(19.4135690126562,2.48826768482851,7.6));
#14910=CARTESIAN_POINT('Ctrl Pts',(19.4135690126562,2.48826768482851,7.4));
#14911=CARTESIAN_POINT('Ctrl Pts',(19.3947836938361,2.49156347611266,7.6));
#14912=CARTESIAN_POINT('Ctrl Pts',(19.3947836938361,2.49156347611266,7.4));
#14913=CARTESIAN_POINT('Ctrl Pts',(19.3573977031836,2.49812266328013,7.6));
#14914=CARTESIAN_POINT('Ctrl Pts',(19.3573977031836,2.49812266328013,7.4));
#14915=CARTESIAN_POINT('Ctrl Pts',(19.319453630263,2.49908729942641,7.6));
#14916=CARTESIAN_POINT('Ctrl Pts',(19.319453630263,2.49908729942641,7.4));
#14917=CARTESIAN_POINT('Ctrl Pts',(19.3005752954626,2.4995672353618,7.6));
#14918=CARTESIAN_POINT('Ctrl Pts',(19.3005752954626,2.4995672353618,7.4));
#14919=CARTESIAN_POINT('',(19.4135690126562,2.48826768482851,7.6));
#14920=CARTESIAN_POINT('Ctrl Pts',(19.4135690126562,2.48826768482851,7.6));
#14921=CARTESIAN_POINT('Ctrl Pts',(19.3947836938361,2.49156347611266,7.6));
#14922=CARTESIAN_POINT('Ctrl Pts',(19.3573977031836,2.49812266328013,7.6));
#14923=CARTESIAN_POINT('Ctrl Pts',(19.319453630263,2.49908729942641,7.6));
#14924=CARTESIAN_POINT('Ctrl Pts',(19.3005752954626,2.4995672353618,7.6));
#14925=CARTESIAN_POINT('',(19.4135690126562,2.48826768482851,7.4));
#14926=CARTESIAN_POINT('',(19.4135690126562,2.48826768482851,7.6));
#14927=CARTESIAN_POINT('Ctrl Pts',(19.4135690126562,2.48826768482851,7.4));
#14928=CARTESIAN_POINT('Ctrl Pts',(19.3947836938361,2.49156347611266,7.4));
#14929=CARTESIAN_POINT('Ctrl Pts',(19.3573977031836,2.49812266328013,7.4));
#14930=CARTESIAN_POINT('Ctrl Pts',(19.319453630263,2.49908729942641,7.4));
#14931=CARTESIAN_POINT('Ctrl Pts',(19.3005752954626,2.4995672353618,7.4));
#14932=CARTESIAN_POINT('Ctrl Pts',(19.5124388132238,2.44589474285768,7.6));
#14933=CARTESIAN_POINT('Ctrl Pts',(19.5124388132238,2.44589474285768,7.4));
#14934=CARTESIAN_POINT('Ctrl Pts',(19.4969295361333,2.45474611967625,7.6));
#14935=CARTESIAN_POINT('Ctrl Pts',(19.4969295361333,2.45474611967625,7.4));
#14936=CARTESIAN_POINT('Ctrl Pts',(19.4655888296077,2.47263273048328,7.6));
#14937=CARTESIAN_POINT('Ctrl Pts',(19.4655888296077,2.47263273048328,7.4));
#14938=CARTESIAN_POINT('Ctrl Pts',(19.4310273711664,2.48302044148463,7.6));
#14939=CARTESIAN_POINT('Ctrl Pts',(19.4310273711664,2.48302044148463,7.4));
#14940=CARTESIAN_POINT('Ctrl Pts',(19.4135690126562,2.48826768482851,7.6));
#14941=CARTESIAN_POINT('Ctrl Pts',(19.4135690126562,2.48826768482851,7.4));
#14942=CARTESIAN_POINT('',(19.5124388132238,2.44589474285768,7.6));
#14943=CARTESIAN_POINT('Ctrl Pts',(19.5124388132238,2.44589474285768,7.6));
#14944=CARTESIAN_POINT('Ctrl Pts',(19.4969295361333,2.45474611967625,7.6));
#14945=CARTESIAN_POINT('Ctrl Pts',(19.4655888296077,2.47263273048328,7.6));
#14946=CARTESIAN_POINT('Ctrl Pts',(19.4310273711664,2.48302044148463,7.6));
#14947=CARTESIAN_POINT('Ctrl Pts',(19.4135690126562,2.48826768482851,7.6));
#14948=CARTESIAN_POINT('',(19.5124388132238,2.44589474285768,7.4));
#14949=CARTESIAN_POINT('',(19.5124388132238,2.44589474285768,7.6));
#14950=CARTESIAN_POINT('Ctrl Pts',(19.5124388132238,2.44589474285768,7.4));
#14951=CARTESIAN_POINT('Ctrl Pts',(19.4969295361333,2.45474611967625,7.4));
#14952=CARTESIAN_POINT('Ctrl Pts',(19.4655888296077,2.47263273048328,7.4));
#14953=CARTESIAN_POINT('Ctrl Pts',(19.4310273711664,2.48302044148463,7.4));
#14954=CARTESIAN_POINT('Ctrl Pts',(19.4135690126562,2.48826768482851,7.4));
#14955=CARTESIAN_POINT('Ctrl Pts',(19.5858860407019,2.36962374533342,7.6));
#14956=CARTESIAN_POINT('Ctrl Pts',(19.5858860407019,2.36962374533342,7.4));
#14957=CARTESIAN_POINT('Ctrl Pts',(19.5757082883788,2.38413876795008,7.6));
#14958=CARTESIAN_POINT('Ctrl Pts',(19.5757082883788,2.38413876795008,7.4));
#14959=CARTESIAN_POINT('Ctrl Pts',(19.5552013229936,2.413384819231,7.6));
#14960=CARTESIAN_POINT('Ctrl Pts',(19.5552013229936,2.413384819231,7.4));
#14961=CARTESIAN_POINT('Ctrl Pts',(19.526762996593,2.43500487437586,7.6));
#14962=CARTESIAN_POINT('Ctrl Pts',(19.526762996593,2.43500487437586,7.4));
#14963=CARTESIAN_POINT('Ctrl Pts',(19.5124388132238,2.44589474285768,7.6));
#14964=CARTESIAN_POINT('Ctrl Pts',(19.5124388132238,2.44589474285768,7.4));
#14965=CARTESIAN_POINT('',(19.5858860407019,2.36962374533342,7.6));
#14966=CARTESIAN_POINT('Ctrl Pts',(19.5858860407019,2.36962374533342,7.6));
#14967=CARTESIAN_POINT('Ctrl Pts',(19.5757082883788,2.38413876795008,7.6));
#14968=CARTESIAN_POINT('Ctrl Pts',(19.5552013229936,2.413384819231,7.6));
#14969=CARTESIAN_POINT('Ctrl Pts',(19.526762996593,2.43500487437586,7.6));
#14970=CARTESIAN_POINT('Ctrl Pts',(19.5124388132238,2.44589474285768,7.6));
#14971=CARTESIAN_POINT('',(19.5858860407019,2.36962374533342,7.4));
#14972=CARTESIAN_POINT('',(19.5858860407019,2.36962374533342,7.6));
#14973=CARTESIAN_POINT('Ctrl Pts',(19.5858860407019,2.36962374533342,7.4));
#14974=CARTESIAN_POINT('Ctrl Pts',(19.5757082883788,2.38413876795008,7.4));
#14975=CARTESIAN_POINT('Ctrl Pts',(19.5552013229936,2.413384819231,7.4));
#14976=CARTESIAN_POINT('Ctrl Pts',(19.526762996593,2.43500487437586,7.4));
#14977=CARTESIAN_POINT('Ctrl Pts',(19.5124388132238,2.44589474285768,7.4));
#14978=CARTESIAN_POINT('Ctrl Pts',(19.6113086137915,2.25662928308176,7.6));
#14979=CARTESIAN_POINT('Ctrl Pts',(19.6113086137915,2.25662928308176,7.4));
#14980=CARTESIAN_POINT('Ctrl Pts',(19.6104608910713,2.27716770384131,7.6));
#14981=CARTESIAN_POINT('Ctrl Pts',(19.6104608910713,2.27716770384131,7.4));
#14982=CARTESIAN_POINT('Ctrl Pts',(19.6088409145912,2.31641610167235,7.6));
#14983=CARTESIAN_POINT('Ctrl Pts',(19.6088409145912,2.31641610167235,7.4));
#14984=CARTESIAN_POINT('Ctrl Pts',(19.5932962754586,2.35244738739376,7.6));
#14985=CARTESIAN_POINT('Ctrl Pts',(19.5932962754586,2.35244738739376,7.4));
#14986=CARTESIAN_POINT('Ctrl Pts',(19.5858860407019,2.36962374533342,7.6));
#14987=CARTESIAN_POINT('Ctrl Pts',(19.5858860407019,2.36962374533342,7.4));
#14988=CARTESIAN_POINT('',(19.6113086137915,2.25662928308176,7.6));
#14989=CARTESIAN_POINT('Ctrl Pts',(19.6113086137915,2.25662928308176,7.6));
#14990=CARTESIAN_POINT('Ctrl Pts',(19.6104608910713,2.27716770384131,7.6));
#14991=CARTESIAN_POINT('Ctrl Pts',(19.6088409145912,2.31641610167235,7.6));
#14992=CARTESIAN_POINT('Ctrl Pts',(19.5932962754586,2.35244738739376,7.6));
#14993=CARTESIAN_POINT('Ctrl Pts',(19.5858860407019,2.36962374533342,7.6));
#14994=CARTESIAN_POINT('',(19.6113086137915,2.25662928308176,7.4));
#14995=CARTESIAN_POINT('',(19.6113086137915,2.25662928308176,7.6));
#14996=CARTESIAN_POINT('Ctrl Pts',(19.6113086137915,2.25662928308176,7.4));
#14997=CARTESIAN_POINT('Ctrl Pts',(19.6104608910713,2.27716770384131,7.4));
#14998=CARTESIAN_POINT('Ctrl Pts',(19.6088409145912,2.31641610167235,7.4));
#14999=CARTESIAN_POINT('Ctrl Pts',(19.5932962754586,2.35244738739376,7.4));
#15000=CARTESIAN_POINT('Ctrl Pts',(19.5858860407019,2.36962374533342,7.4));
#15001=CARTESIAN_POINT('Ctrl Pts',(19.5435119066381,2.10126202787088,7.6));
#15002=CARTESIAN_POINT('Ctrl Pts',(19.5435119066381,2.10126202787088,7.4));
#15003=CARTESIAN_POINT('Ctrl Pts',(19.5632800654633,2.12236960797517,7.6));
#15004=CARTESIAN_POINT('Ctrl Pts',(19.5632800654633,2.12236960797517,7.4));
#15005=CARTESIAN_POINT('Ctrl Pts',(19.6041566241572,2.16601581927134,7.6));
#15006=CARTESIAN_POINT('Ctrl Pts',(19.6041566241572,2.16601581927134,7.4));
#15007=CARTESIAN_POINT('Ctrl Pts',(19.6088730703861,2.22577171260086,7.6));
#15008=CARTESIAN_POINT('Ctrl Pts',(19.6088730703861,2.22577171260086,7.4));
#15009=CARTESIAN_POINT('Ctrl Pts',(19.6113086137915,2.25662928308176,7.6));
#15010=CARTESIAN_POINT('Ctrl Pts',(19.6113086137915,2.25662928308176,7.4));
#15011=CARTESIAN_POINT('',(19.5435119066381,2.10126202787088,7.6));
#15012=CARTESIAN_POINT('Ctrl Pts',(19.5435119066381,2.10126202787088,7.6));
#15013=CARTESIAN_POINT('Ctrl Pts',(19.5632800654633,2.12236960797517,7.6));
#15014=CARTESIAN_POINT('Ctrl Pts',(19.6041566241572,2.16601581927134,7.6));
#15015=CARTESIAN_POINT('Ctrl Pts',(19.6088730703861,2.22577171260086,7.6));
#15016=CARTESIAN_POINT('Ctrl Pts',(19.6113086137915,2.25662928308176,7.6));
#15017=CARTESIAN_POINT('',(19.5435119066381,2.10126202787088,7.4));
#15018=CARTESIAN_POINT('',(19.5435119066381,2.10126202787088,7.6));
#15019=CARTESIAN_POINT('Ctrl Pts',(19.5435119066381,2.10126202787088,7.4));
#15020=CARTESIAN_POINT('Ctrl Pts',(19.5632800654633,2.12236960797517,7.4));
#15021=CARTESIAN_POINT('Ctrl Pts',(19.6041566241572,2.16601581927134,7.4));
#15022=CARTESIAN_POINT('Ctrl Pts',(19.6088730703861,2.22577171260086,7.4));
#15023=CARTESIAN_POINT('Ctrl Pts',(19.6113086137915,2.25662928308176,7.4));
#15024=CARTESIAN_POINT('Ctrl Pts',(19.3768453989172,2.01934110606836,7.6));
#15025=CARTESIAN_POINT('Ctrl Pts',(19.3768453989172,2.01934110606836,7.4));
#15026=CARTESIAN_POINT('Ctrl Pts',(19.4075002494562,2.02887222267008,7.6));
#15027=CARTESIAN_POINT('Ctrl Pts',(19.4075002494562,2.02887222267008,7.4));
#15028=CARTESIAN_POINT('Ctrl Pts',(19.4673578059635,2.04748295932457,7.6));
#15029=CARTESIAN_POINT('Ctrl Pts',(19.4673578059635,2.04748295932457,7.4));
#15030=CARTESIAN_POINT('Ctrl Pts',(19.5185411087934,2.08362796434637,7.6));
#15031=CARTESIAN_POINT('Ctrl Pts',(19.5185411087934,2.08362796434637,7.4));
#15032=CARTESIAN_POINT('Ctrl Pts',(19.5435119066381,2.10126202787088,7.6));
#15033=CARTESIAN_POINT('Ctrl Pts',(19.5435119066381,2.10126202787088,7.4));
#15034=CARTESIAN_POINT('',(19.3768453989172,2.01934110606836,7.6));
#15035=CARTESIAN_POINT('Ctrl Pts',(19.3768453989172,2.01934110606836,7.6));
#15036=CARTESIAN_POINT('Ctrl Pts',(19.4075002494562,2.02887222267008,7.6));
#15037=CARTESIAN_POINT('Ctrl Pts',(19.4673578059635,2.04748295932457,7.6));
#15038=CARTESIAN_POINT('Ctrl Pts',(19.5185411087934,2.08362796434637,7.6));
#15039=CARTESIAN_POINT('Ctrl Pts',(19.5435119066381,2.10126202787088,7.6));
#15040=CARTESIAN_POINT('',(19.3768453989172,2.01934110606836,7.4));
#15041=CARTESIAN_POINT('',(19.3768453989172,2.01934110606836,7.6));
#15042=CARTESIAN_POINT('Ctrl Pts',(19.3768453989172,2.01934110606836,7.4));
#15043=CARTESIAN_POINT('Ctrl Pts',(19.4075002494562,2.02887222267008,7.4));
#15044=CARTESIAN_POINT('Ctrl Pts',(19.4673578059635,2.04748295932457,7.4));
#15045=CARTESIAN_POINT('Ctrl Pts',(19.5185411087934,2.08362796434637,7.4));
#15046=CARTESIAN_POINT('Ctrl Pts',(19.5435119066381,2.10126202787088,7.4));
#15047=CARTESIAN_POINT('Ctrl Pts',(19.1734564695501,1.98544290150331,7.6));
#15048=CARTESIAN_POINT('Ctrl Pts',(19.1734564695501,1.98544290150331,7.4));
#15049=CARTESIAN_POINT('Ctrl Pts',(19.2079864417893,1.98824642230716,7.6));
#15050=CARTESIAN_POINT('Ctrl Pts',(19.2079864417893,1.98824642230716,7.4));
#15051=CARTESIAN_POINT('Ctrl Pts',(19.2767371524815,1.99382835693398,7.6));
#15052=CARTESIAN_POINT('Ctrl Pts',(19.2767371524815,1.99382835693398,7.4));
#15053=CARTESIAN_POINT('Ctrl Pts',(19.3435761952039,2.01086239548798,7.6));
#15054=CARTESIAN_POINT('Ctrl Pts',(19.3435761952039,2.01086239548798,7.4));
#15055=CARTESIAN_POINT('Ctrl Pts',(19.3768453989172,2.01934110606836,7.6));
#15056=CARTESIAN_POINT('Ctrl Pts',(19.3768453989172,2.01934110606836,7.4));
#15057=CARTESIAN_POINT('',(19.1734564695501,1.98544290150331,7.6));
#15058=CARTESIAN_POINT('Ctrl Pts',(19.1734564695501,1.98544290150331,7.6));
#15059=CARTESIAN_POINT('Ctrl Pts',(19.2079864417893,1.98824642230716,7.6));
#15060=CARTESIAN_POINT('Ctrl Pts',(19.2767371524815,1.99382835693398,7.6));
#15061=CARTESIAN_POINT('Ctrl Pts',(19.3435761952039,2.01086239548798,7.6));
#15062=CARTESIAN_POINT('Ctrl Pts',(19.3768453989172,2.01934110606836,7.6));
#15063=CARTESIAN_POINT('',(19.1734564695501,1.98544290150331,7.4));
#15064=CARTESIAN_POINT('',(19.1734564695501,1.98544290150331,7.6));
#15065=CARTESIAN_POINT('Ctrl Pts',(19.1734564695501,1.98544290150331,7.4));
#15066=CARTESIAN_POINT('Ctrl Pts',(19.2079864417893,1.98824642230716,7.4));
#15067=CARTESIAN_POINT('Ctrl Pts',(19.2767371524815,1.99382835693398,7.4));
#15068=CARTESIAN_POINT('Ctrl Pts',(19.3435761952039,2.01086239548798,7.4));
#15069=CARTESIAN_POINT('Ctrl Pts',(19.3768453989172,2.01934110606836,7.4));
#15070=CARTESIAN_POINT('Ctrl Pts',(18.9954901132727,1.97696831310915,7.6));
#15071=CARTESIAN_POINT('Ctrl Pts',(18.9954901132727,1.97696831310915,7.4));
#15072=CARTESIAN_POINT('Ctrl Pts',(19.02210122693,1.97744759450689,7.6));
#15073=CARTESIAN_POINT('Ctrl Pts',(19.02210122693,1.97744759450689,7.4));
#15074=CARTESIAN_POINT('Ctrl Pts',(19.0815034292908,1.97851746219235,7.6));
#15075=CARTESIAN_POINT('Ctrl Pts',(19.0815034292908,1.97851746219235,7.4));
#15076=CARTESIAN_POINT('Ctrl Pts',(19.1407508326769,1.9829796778551,7.6));
#15077=CARTESIAN_POINT('Ctrl Pts',(19.1407508326769,1.9829796778551,7.4));
#15078=CARTESIAN_POINT('Ctrl Pts',(19.1734564695501,1.98544290150331,7.6));
#15079=CARTESIAN_POINT('Ctrl Pts',(19.1734564695501,1.98544290150331,7.4));
#15080=CARTESIAN_POINT('',(18.9954901132727,1.97696831310915,7.6));
#15081=CARTESIAN_POINT('Ctrl Pts',(18.9954901132727,1.97696831310915,7.6));
#15082=CARTESIAN_POINT('Ctrl Pts',(19.02210122693,1.97744759450689,7.6));
#15083=CARTESIAN_POINT('Ctrl Pts',(19.0815034292908,1.97851746219235,7.6));
#15084=CARTESIAN_POINT('Ctrl Pts',(19.1407508326769,1.9829796778551,7.6));
#15085=CARTESIAN_POINT('Ctrl Pts',(19.1734564695501,1.98544290150331,7.6));
#15086=CARTESIAN_POINT('',(18.9954901132727,1.97696831310915,7.4));
#15087=CARTESIAN_POINT('',(18.9954901132727,1.97696831310915,7.6));
#15088=CARTESIAN_POINT('Ctrl Pts',(18.9954901132727,1.97696831310915,7.4));
#15089=CARTESIAN_POINT('Ctrl Pts',(19.02210122693,1.97744759450689,7.4));
#15090=CARTESIAN_POINT('Ctrl Pts',(19.0815034292908,1.97851746219235,7.4));
#15091=CARTESIAN_POINT('Ctrl Pts',(19.1407508326769,1.9829796778551,7.4));
#15092=CARTESIAN_POINT('Ctrl Pts',(19.1734564695501,1.98544290150331,7.4));
#15093=CARTESIAN_POINT('Origin',(18.8994455728674,1.97696831310915,7.6));
#15094=CARTESIAN_POINT('',(19.4843449080536,1.97696831310915,7.6));
#15095=CARTESIAN_POINT('',(18.8994455728674,1.97696831310915,7.4));
#15096=CARTESIAN_POINT('Ctrl Pts',(19.2553770933294,1.83572527254747,7.6));
#15097=CARTESIAN_POINT('Ctrl Pts',(19.2553770933294,1.83572527254747,7.4));
#15098=CARTESIAN_POINT('Ctrl Pts',(19.2094928703924,1.83243199178219,7.6));
#15099=CARTESIAN_POINT('Ctrl Pts',(19.2094928703924,1.83243199178219,7.4));
#15100=CARTESIAN_POINT('Ctrl Pts',(19.122027727402,1.8261542942512,7.6));
#15101=CARTESIAN_POINT('Ctrl Pts',(19.122027727402,1.8261542942512,7.4));
#15102=CARTESIAN_POINT('Ctrl Pts',(19.0343478553417,1.82498279950744,7.6));
#15103=CARTESIAN_POINT('Ctrl Pts',(19.0343478553417,1.82498279950744,7.4));
#15104=CARTESIAN_POINT('Ctrl Pts',(18.9926648531103,1.82442587102579,7.6));
#15105=CARTESIAN_POINT('Ctrl Pts',(18.9926648531103,1.82442587102579,7.4));
#15106=CARTESIAN_POINT('',(19.2553770933294,1.83572527254747,7.6));
#15107=CARTESIAN_POINT('',(18.9926648531103,1.82442587102579,7.6));
#15108=CARTESIAN_POINT('Ctrl Pts',(19.2553770933294,1.83572527254747,7.6));
#15109=CARTESIAN_POINT('Ctrl Pts',(19.2094928703924,1.83243199178219,7.6));
#15110=CARTESIAN_POINT('Ctrl Pts',(19.122027727402,1.8261542942512,7.6));
#15111=CARTESIAN_POINT('Ctrl Pts',(19.0343478553417,1.82498279950744,7.6));
#15112=CARTESIAN_POINT('Ctrl Pts',(18.9926648531103,1.82442587102579,7.6));
#15113=CARTESIAN_POINT('',(19.2553770933294,1.83572527254747,7.4));
#15114=CARTESIAN_POINT('',(19.2553770933294,1.83572527254747,7.6));
#15115=CARTESIAN_POINT('',(18.9926648531103,1.82442587102579,7.4));
#15116=CARTESIAN_POINT('Ctrl Pts',(19.2553770933294,1.83572527254747,7.4));
#15117=CARTESIAN_POINT('Ctrl Pts',(19.2094928703924,1.83243199178219,7.4));
#15118=CARTESIAN_POINT('Ctrl Pts',(19.122027727402,1.8261542942512,7.4));
#15119=CARTESIAN_POINT('Ctrl Pts',(19.0343478553417,1.82498279950744,7.4));
#15120=CARTESIAN_POINT('Ctrl Pts',(18.9926648531103,1.82442587102579,7.4));
#15121=CARTESIAN_POINT('',(18.9926648531103,1.82442587102579,7.6));
#15122=CARTESIAN_POINT('Ctrl Pts',(19.5237386617804,1.8922224291675,7.6));
#15123=CARTESIAN_POINT('Ctrl Pts',(19.5237386617804,1.8922224291675,7.4));
#15124=CARTESIAN_POINT('Ctrl Pts',(19.4804920145124,1.87854656975058,7.6));
#15125=CARTESIAN_POINT('Ctrl Pts',(19.4804920145124,1.87854656975058,7.4));
#15126=CARTESIAN_POINT('Ctrl Pts',(19.3929116341238,1.85085108245754,7.6));
#15127=CARTESIAN_POINT('Ctrl Pts',(19.3929116341238,1.85085108245754,7.4));
#15128=CARTESIAN_POINT('Ctrl Pts',(19.3015997412649,1.84080875908237,7.6));
#15129=CARTESIAN_POINT('Ctrl Pts',(19.3015997412649,1.84080875908237,7.4));
#15130=CARTESIAN_POINT('Ctrl Pts',(19.2553770933294,1.83572527254747,7.6));
#15131=CARTESIAN_POINT('Ctrl Pts',(19.2553770933294,1.83572527254747,7.4));
#15132=CARTESIAN_POINT('',(19.5237386617804,1.8922224291675,7.6));
#15133=CARTESIAN_POINT('Ctrl Pts',(19.5237386617804,1.8922224291675,7.6));
#15134=CARTESIAN_POINT('Ctrl Pts',(19.4804920145124,1.87854656975058,7.6));
#15135=CARTESIAN_POINT('Ctrl Pts',(19.3929116341238,1.85085108245754,7.6));
#15136=CARTESIAN_POINT('Ctrl Pts',(19.3015997412649,1.84080875908237,7.6));
#15137=CARTESIAN_POINT('Ctrl Pts',(19.2553770933294,1.83572527254747,7.6));
#15138=CARTESIAN_POINT('',(19.5237386617804,1.8922224291675,7.4));
#15139=CARTESIAN_POINT('',(19.5237386617804,1.8922224291675,7.6));
#15140=CARTESIAN_POINT('Ctrl Pts',(19.5237386617804,1.8922224291675,7.4));
#15141=CARTESIAN_POINT('Ctrl Pts',(19.4804920145124,1.87854656975058,7.4));
#15142=CARTESIAN_POINT('Ctrl Pts',(19.3929116341238,1.85085108245754,7.4));
#15143=CARTESIAN_POINT('Ctrl Pts',(19.3015997412649,1.84080875908237,7.4));
#15144=CARTESIAN_POINT('Ctrl Pts',(19.2553770933294,1.83572527254747,7.4));
#15145=CARTESIAN_POINT('Ctrl Pts',(19.7327781114721,2.03064050759004,7.6));
#15146=CARTESIAN_POINT('Ctrl Pts',(19.7327781114721,2.03064050759004,7.4));
#15147=CARTESIAN_POINT('Ctrl Pts',(19.7026246960177,2.00147548157481,7.6));
#15148=CARTESIAN_POINT('Ctrl Pts',(19.7026246960177,2.00147548157481,7.4));
#15149=CARTESIAN_POINT('Ctrl Pts',(19.6415427256808,1.94239569817093,7.6));
#15150=CARTESIAN_POINT('Ctrl Pts',(19.6415427256808,1.94239569817093,7.4));
#15151=CARTESIAN_POINT('Ctrl Pts',(19.5633374951424,1.90908774648097,7.6));
#15152=CARTESIAN_POINT('Ctrl Pts',(19.5633374951424,1.90908774648097,7.4));
#15153=CARTESIAN_POINT('Ctrl Pts',(19.5237386617804,1.8922224291675,7.6));
#15154=CARTESIAN_POINT('Ctrl Pts',(19.5237386617804,1.8922224291675,7.4));
#15155=CARTESIAN_POINT('',(19.7327781114721,2.03064050759004,7.6));
#15156=CARTESIAN_POINT('Ctrl Pts',(19.7327781114721,2.03064050759004,7.6));
#15157=CARTESIAN_POINT('Ctrl Pts',(19.7026246960177,2.00147548157481,7.6));
#15158=CARTESIAN_POINT('Ctrl Pts',(19.6415427256808,1.94239569817093,7.6));
#15159=CARTESIAN_POINT('Ctrl Pts',(19.5633374951424,1.90908774648097,7.6));
#15160=CARTESIAN_POINT('Ctrl Pts',(19.5237386617804,1.8922224291675,7.6));
#15161=CARTESIAN_POINT('',(19.7327781114721,2.03064050759004,7.4));
#15162=CARTESIAN_POINT('',(19.7327781114721,2.03064050759004,7.6));
#15163=CARTESIAN_POINT('Ctrl Pts',(19.7327781114721,2.03064050759004,7.4));
#15164=CARTESIAN_POINT('Ctrl Pts',(19.7026246960177,2.00147548157481,7.4));
#15165=CARTESIAN_POINT('Ctrl Pts',(19.6415427256808,1.94239569817093,7.4));
#15166=CARTESIAN_POINT('Ctrl Pts',(19.5633374951424,1.90908774648097,7.4));
#15167=CARTESIAN_POINT('Ctrl Pts',(19.5237386617804,1.8922224291675,7.4));
#15168=CARTESIAN_POINT('Ctrl Pts',(19.8146987352514,2.28205304826425,7.6));
#15169=CARTESIAN_POINT('Ctrl Pts',(19.8146987352514,2.28205304826425,7.4));
#15170=CARTESIAN_POINT('Ctrl Pts',(19.8124552997841,2.232698728482,7.6));
#15171=CARTESIAN_POINT('Ctrl Pts',(19.8124552997841,2.232698728482,7.4));
#15172=CARTESIAN_POINT('Ctrl Pts',(19.8082863021966,2.14098312395217,7.6));
#15173=CARTESIAN_POINT('Ctrl Pts',(19.8082863021966,2.14098312395217,7.4));
#15174=CARTESIAN_POINT('Ctrl Pts',(19.7566347506386,2.06550300340643,7.6));
#15175=CARTESIAN_POINT('Ctrl Pts',(19.7566347506386,2.06550300340643,7.4));
#15176=CARTESIAN_POINT('Ctrl Pts',(19.7327781114721,2.03064050759004,7.6));
#15177=CARTESIAN_POINT('Ctrl Pts',(19.7327781114721,2.03064050759004,7.4));
#15178=CARTESIAN_POINT('',(19.8146987352514,2.28205304826425,7.6));
#15179=CARTESIAN_POINT('Ctrl Pts',(19.8146987352514,2.28205304826425,7.6));
#15180=CARTESIAN_POINT('Ctrl Pts',(19.8124552997841,2.232698728482,7.6));
#15181=CARTESIAN_POINT('Ctrl Pts',(19.8082863021966,2.14098312395217,7.6));
#15182=CARTESIAN_POINT('Ctrl Pts',(19.7566347506386,2.06550300340643,7.6));
#15183=CARTESIAN_POINT('Ctrl Pts',(19.7327781114721,2.03064050759004,7.6));
#15184=CARTESIAN_POINT('',(19.8146987352514,2.28205304826425,7.4));
#15185=CARTESIAN_POINT('',(19.8146987352514,2.28205304826425,7.6));
#15186=CARTESIAN_POINT('Ctrl Pts',(19.8146987352514,2.28205304826425,7.4));
#15187=CARTESIAN_POINT('Ctrl Pts',(19.8124552997841,2.232698728482,7.4));
#15188=CARTESIAN_POINT('Ctrl Pts',(19.8082863021966,2.14098312395217,7.4));
#15189=CARTESIAN_POINT('Ctrl Pts',(19.7566347506386,2.06550300340643,7.4));
#15190=CARTESIAN_POINT('Ctrl Pts',(19.7327781114721,2.03064050759004,7.4));
#15191=CARTESIAN_POINT('Ctrl Pts',(19.7779763136053,2.45154466713594,7.6));
#15192=CARTESIAN_POINT('Ctrl Pts',(19.7779763136053,2.45154466713594,7.4));
#15193=CARTESIAN_POINT('Ctrl Pts',(19.7886822951838,2.42551735948414,7.6));
#15194=CARTESIAN_POINT('Ctrl Pts',(19.7886822951838,2.42551735948414,7.4));
#15195=CARTESIAN_POINT('Ctrl Pts',(19.8110025912599,2.37125449637429,7.6));
#15196=CARTESIAN_POINT('Ctrl Pts',(19.8110025912599,2.37125449637429,7.4));
#15197=CARTESIAN_POINT('Ctrl Pts',(19.8134337088368,2.31258275390917,7.6));
#15198=CARTESIAN_POINT('Ctrl Pts',(19.8134337088368,2.31258275390917,7.4));
#15199=CARTESIAN_POINT('Ctrl Pts',(19.8146987352514,2.28205304826425,7.6));
#15200=CARTESIAN_POINT('Ctrl Pts',(19.8146987352514,2.28205304826425,7.4));
#15201=CARTESIAN_POINT('',(19.7779763136053,2.45154466713594,7.6));
#15202=CARTESIAN_POINT('Ctrl Pts',(19.7779763136053,2.45154466713594,7.6));
#15203=CARTESIAN_POINT('Ctrl Pts',(19.7886822951838,2.42551735948414,7.6));
#15204=CARTESIAN_POINT('Ctrl Pts',(19.8110025912599,2.37125449637429,7.6));
#15205=CARTESIAN_POINT('Ctrl Pts',(19.8134337088368,2.31258275390917,7.6));
#15206=CARTESIAN_POINT('Ctrl Pts',(19.8146987352514,2.28205304826425,7.6));
#15207=CARTESIAN_POINT('',(19.7779763136053,2.45154466713594,7.4));
#15208=CARTESIAN_POINT('',(19.7779763136053,2.45154466713594,7.6));
#15209=CARTESIAN_POINT('Ctrl Pts',(19.7779763136053,2.45154466713594,7.4));
#15210=CARTESIAN_POINT('Ctrl Pts',(19.7886822951838,2.42551735948414,7.4));
#15211=CARTESIAN_POINT('Ctrl Pts',(19.8110025912599,2.37125449637429,7.4));
#15212=CARTESIAN_POINT('Ctrl Pts',(19.8134337088368,2.31258275390917,7.4));
#15213=CARTESIAN_POINT('Ctrl Pts',(19.8146987352514,2.28205304826425,7.4));
#15214=CARTESIAN_POINT('Ctrl Pts',(19.6762812528753,2.57301356877016,7.6));
#15215=CARTESIAN_POINT('Ctrl Pts',(19.6762812528753,2.57301356877016,7.4));
#15216=CARTESIAN_POINT('Ctrl Pts',(19.6960690731684,2.55521648700744,7.6));
#15217=CARTESIAN_POINT('Ctrl Pts',(19.6960690731684,2.55521648700744,7.4));
#15218=CARTESIAN_POINT('Ctrl Pts',(19.7357256137378,2.51954956237957,7.6));
#15219=CARTESIAN_POINT('Ctrl Pts',(19.7357256137378,2.51954956237957,7.4));
#15220=CARTESIAN_POINT('Ctrl Pts',(19.7638736061964,2.47424377373074,7.6));
#15221=CARTESIAN_POINT('Ctrl Pts',(19.7638736061964,2.47424377373074,7.4));
#15222=CARTESIAN_POINT('Ctrl Pts',(19.7779763136053,2.45154466713594,7.6));
#15223=CARTESIAN_POINT('Ctrl Pts',(19.7779763136053,2.45154466713594,7.4));
#15224=CARTESIAN_POINT('',(19.6762812528753,2.57301356877016,7.6));
#15225=CARTESIAN_POINT('Ctrl Pts',(19.6762812528753,2.57301356877016,7.6));
#15226=CARTESIAN_POINT('Ctrl Pts',(19.6960690731684,2.55521648700744,7.6));
#15227=CARTESIAN_POINT('Ctrl Pts',(19.7357256137378,2.51954956237957,7.6));
#15228=CARTESIAN_POINT('Ctrl Pts',(19.7638736061964,2.47424377373074,7.6));
#15229=CARTESIAN_POINT('Ctrl Pts',(19.7779763136053,2.45154466713594,7.6));
#15230=CARTESIAN_POINT('',(19.6762812528753,2.57301356877016,7.4));
#15231=CARTESIAN_POINT('',(19.6762812528753,2.57301356877016,7.6));
#15232=CARTESIAN_POINT('Ctrl Pts',(19.6762812528753,2.57301356877016,7.4));
#15233=CARTESIAN_POINT('Ctrl Pts',(19.6960690731684,2.55521648700744,7.4));
#15234=CARTESIAN_POINT('Ctrl Pts',(19.7357256137378,2.51954956237957,7.4));
#15235=CARTESIAN_POINT('Ctrl Pts',(19.7638736061964,2.47424377373074,7.4));
#15236=CARTESIAN_POINT('Ctrl Pts',(19.7779763136053,2.45154466713594,7.4));
#15237=CARTESIAN_POINT('Ctrl Pts',(19.5293879900122,2.64363494003939,7.6));
#15238=CARTESIAN_POINT('Ctrl Pts',(19.5293879900122,2.64363494003939,7.4));
#15239=CARTESIAN_POINT('Ctrl Pts',(19.5558446334334,2.63514873686833,7.6));
#15240=CARTESIAN_POINT('Ctrl Pts',(19.5558446334334,2.63514873686833,7.4));
#15241=CARTESIAN_POINT('Ctrl Pts',(19.6080811684762,2.61839340467186,7.6));
#15242=CARTESIAN_POINT('Ctrl Pts',(19.6080811684762,2.61839340467186,7.4));
#15243=CARTESIAN_POINT('Ctrl Pts',(19.6537450914595,2.58800896527024,7.6));
#15244=CARTESIAN_POINT('Ctrl Pts',(19.6537450914595,2.58800896527024,7.4));
#15245=CARTESIAN_POINT('Ctrl Pts',(19.6762812528753,2.57301356877016,7.6));
#15246=CARTESIAN_POINT('Ctrl Pts',(19.6762812528753,2.57301356877016,7.4));
#15247=CARTESIAN_POINT('',(19.5293879900122,2.64363494003939,7.6));
#15248=CARTESIAN_POINT('Ctrl Pts',(19.5293879900122,2.64363494003939,7.6));
#15249=CARTESIAN_POINT('Ctrl Pts',(19.5558446334334,2.63514873686833,7.6));
#15250=CARTESIAN_POINT('Ctrl Pts',(19.6080811684762,2.61839340467186,7.6));
#15251=CARTESIAN_POINT('Ctrl Pts',(19.6537450914595,2.58800896527024,7.6));
#15252=CARTESIAN_POINT('Ctrl Pts',(19.6762812528753,2.57301356877016,7.6));
#15253=CARTESIAN_POINT('',(19.5293879900122,2.64363494003939,7.4));
#15254=CARTESIAN_POINT('',(19.5293879900122,2.64363494003939,7.6));
#15255=CARTESIAN_POINT('Ctrl Pts',(19.5293879900122,2.64363494003939,7.4));
#15256=CARTESIAN_POINT('Ctrl Pts',(19.5558446334334,2.63514873686833,7.4));
#15257=CARTESIAN_POINT('Ctrl Pts',(19.6080811684762,2.61839340467186,7.4));
#15258=CARTESIAN_POINT('Ctrl Pts',(19.6537450914595,2.58800896527024,7.4));
#15259=CARTESIAN_POINT('Ctrl Pts',(19.6762812528753,2.57301356877016,7.4));
#15260=CARTESIAN_POINT('Ctrl Pts',(19.3598962221289,2.66905870522188,7.6));
#15261=CARTESIAN_POINT('Ctrl Pts',(19.3598962221289,2.66905870522188,7.4));
#15262=CARTESIAN_POINT('Ctrl Pts',(19.3887784430524,2.66802188748834,7.6));
#15263=CARTESIAN_POINT('Ctrl Pts',(19.3887784430524,2.66802188748834,7.4));
#15264=CARTESIAN_POINT('Ctrl Pts',(19.4462400911505,2.66595912175075,7.6));
#15265=CARTESIAN_POINT('Ctrl Pts',(19.4462400911505,2.66595912175075,7.4));
#15266=CARTESIAN_POINT('Ctrl Pts',(19.5017695611082,2.65105014636301,7.6));
#15267=CARTESIAN_POINT('Ctrl Pts',(19.5017695611082,2.65105014636301,7.4));
#15268=CARTESIAN_POINT('Ctrl Pts',(19.5293879900122,2.64363494003939,7.6));
#15269=CARTESIAN_POINT('Ctrl Pts',(19.5293879900122,2.64363494003939,7.4));
#15270=CARTESIAN_POINT('',(19.3598962221289,2.66905870522188,7.6));
#15271=CARTESIAN_POINT('Ctrl Pts',(19.3598962221289,2.66905870522188,7.6));
#15272=CARTESIAN_POINT('Ctrl Pts',(19.3887784430524,2.66802188748834,7.6));
#15273=CARTESIAN_POINT('Ctrl Pts',(19.4462400911505,2.66595912175075,7.6));
#15274=CARTESIAN_POINT('Ctrl Pts',(19.5017695611082,2.65105014636301,7.6));
#15275=CARTESIAN_POINT('Ctrl Pts',(19.5293879900122,2.64363494003939,7.6));
#15276=CARTESIAN_POINT('',(19.3598962221289,2.66905870522188,7.4));
#15277=CARTESIAN_POINT('',(19.3598962221289,2.66905870522188,7.6));
#15278=CARTESIAN_POINT('Ctrl Pts',(19.3598962221289,2.66905870522188,7.4));
#15279=CARTESIAN_POINT('Ctrl Pts',(19.3887784430524,2.66802188748834,7.4));
#15280=CARTESIAN_POINT('Ctrl Pts',(19.4462400911505,2.66595912175075,7.4));
#15281=CARTESIAN_POINT('Ctrl Pts',(19.5017695611082,2.65105014636301,7.4));
#15282=CARTESIAN_POINT('Ctrl Pts',(19.5293879900122,2.64363494003939,7.4));
#15283=CARTESIAN_POINT('Ctrl Pts',(19.0887105856085,2.61256154860185,7.6));
#15284=CARTESIAN_POINT('Ctrl Pts',(19.0887105856085,2.61256154860185,7.4));
#15285=CARTESIAN_POINT('Ctrl Pts',(19.1291649432192,2.62901948510204,7.6));
#15286=CARTESIAN_POINT('Ctrl Pts',(19.1291649432192,2.62901948510204,7.4));
#15287=CARTESIAN_POINT('Ctrl Pts',(19.2159852738465,2.66434036455188,7.6));
#15288=CARTESIAN_POINT('Ctrl Pts',(19.2159852738465,2.66434036455188,7.4));
#15289=CARTESIAN_POINT('Ctrl Pts',(19.3097966926556,2.66741611547952,7.6));
#15290=CARTESIAN_POINT('Ctrl Pts',(19.3097966926556,2.66741611547952,7.4));
#15291=CARTESIAN_POINT('Ctrl Pts',(19.3598962221289,2.66905870522188,7.6));
#15292=CARTESIAN_POINT('Ctrl Pts',(19.3598962221289,2.66905870522188,7.4));
#15293=CARTESIAN_POINT('',(19.0887105856085,2.61256154860185,7.6));
#15294=CARTESIAN_POINT('Ctrl Pts',(19.0887105856085,2.61256154860185,7.6));
#15295=CARTESIAN_POINT('Ctrl Pts',(19.1291649432192,2.62901948510204,7.6));
#15296=CARTESIAN_POINT('Ctrl Pts',(19.2159852738465,2.66434036455188,7.6));
#15297=CARTESIAN_POINT('Ctrl Pts',(19.3097966926556,2.66741611547952,7.6));
#15298=CARTESIAN_POINT('Ctrl Pts',(19.3598962221289,2.66905870522188,7.6));
#15299=CARTESIAN_POINT('',(19.0887105856085,2.61256154860185,7.4));
#15300=CARTESIAN_POINT('',(19.0887105856085,2.61256154860185,7.6));
#15301=CARTESIAN_POINT('Ctrl Pts',(19.0887105856085,2.61256154860185,7.4));
#15302=CARTESIAN_POINT('Ctrl Pts',(19.1291649432192,2.62901948510204,7.4));
#15303=CARTESIAN_POINT('Ctrl Pts',(19.2159852738465,2.66434036455188,7.4));
#15304=CARTESIAN_POINT('Ctrl Pts',(19.3097966926556,2.66741611547952,7.4));
#15305=CARTESIAN_POINT('Ctrl Pts',(19.3598962221289,2.66905870522188,7.4));
#15306=CARTESIAN_POINT('Ctrl Pts',(18.8937950525427,2.42047097767519,7.6));
#15307=CARTESIAN_POINT('Ctrl Pts',(18.8937950525427,2.42047097767519,7.4));
#15308=CARTESIAN_POINT('Ctrl Pts',(18.9212995762033,2.46106883639764,7.6));
#15309=CARTESIAN_POINT('Ctrl Pts',(18.9212995762033,2.46106883639764,7.4));
#15310=CARTESIAN_POINT('Ctrl Pts',(18.9735505134969,2.53819346493294,7.6));
#15311=CARTESIAN_POINT('Ctrl Pts',(18.9735505134969,2.53819346493294,7.4));
#15312=CARTESIAN_POINT('Ctrl Pts',(19.0516989385299,2.58866016319808,7.6));
#15313=CARTESIAN_POINT('Ctrl Pts',(19.0516989385299,2.58866016319808,7.4));
#15314=CARTESIAN_POINT('Ctrl Pts',(19.0887105856085,2.61256154860185,7.6));
#15315=CARTESIAN_POINT('Ctrl Pts',(19.0887105856085,2.61256154860185,7.4));
#15316=CARTESIAN_POINT('',(18.8937950525427,2.42047097767519,7.6));
#15317=CARTESIAN_POINT('Ctrl Pts',(18.8937950525427,2.42047097767519,7.6));
#15318=CARTESIAN_POINT('Ctrl Pts',(18.9212995762033,2.46106883639764,7.6));
#15319=CARTESIAN_POINT('Ctrl Pts',(18.9735505134969,2.53819346493294,7.6));
#15320=CARTESIAN_POINT('Ctrl Pts',(19.0516989385299,2.58866016319808,7.6));
#15321=CARTESIAN_POINT('Ctrl Pts',(19.0887105856085,2.61256154860185,7.6));
#15322=CARTESIAN_POINT('',(18.8937950525427,2.42047097767519,7.4));
#15323=CARTESIAN_POINT('',(18.8937950525427,2.42047097767519,7.6));
#15324=CARTESIAN_POINT('Ctrl Pts',(18.8937950525427,2.42047097767519,7.4));
#15325=CARTESIAN_POINT('Ctrl Pts',(18.9212995762033,2.46106883639764,7.4));
#15326=CARTESIAN_POINT('Ctrl Pts',(18.9735505134969,2.53819346493294,7.4));
#15327=CARTESIAN_POINT('Ctrl Pts',(19.0516989385299,2.58866016319808,7.4));
#15328=CARTESIAN_POINT('Ctrl Pts',(19.0887105856085,2.61256154860185,7.4));
#15329=CARTESIAN_POINT('Origin',(18.8881457243109,2.42047097767519,7.6));
#15330=CARTESIAN_POINT('',(18.8881457243109,2.42047097767519,7.6));
#15331=CARTESIAN_POINT('',(19.4786949837754,2.42047097767519,7.6));
#15332=CARTESIAN_POINT('',(18.8881457243109,2.42047097767519,7.4));
#15333=CARTESIAN_POINT('',(18.8881457243109,2.42047097767519,7.6));
#15334=CARTESIAN_POINT('',(18.8881457243109,2.42047097767519,7.4));
#15335=CARTESIAN_POINT('Ctrl Pts',(18.8853204641485,2.53064062679933,7.6));
#15336=CARTESIAN_POINT('Ctrl Pts',(18.8853204641485,2.53064062679933,7.4));
#15337=CARTESIAN_POINT('Ctrl Pts',(18.8861447578679,2.5120466806823,7.6));
#15338=CARTESIAN_POINT('Ctrl Pts',(18.8861447578679,2.5120466806823,7.4));
#15339=CARTESIAN_POINT('Ctrl Pts',(18.8877719713437,2.47534093007391,7.6));
#15340=CARTESIAN_POINT('Ctrl Pts',(18.8877719713437,2.47534093007391,7.4));
#15341=CARTESIAN_POINT('Ctrl Pts',(18.8880222357558,2.43860009431469,7.6));
#15342=CARTESIAN_POINT('Ctrl Pts',(18.8880222357558,2.43860009431469,7.4));
#15343=CARTESIAN_POINT('Ctrl Pts',(18.8881457243109,2.42047097767519,7.6));
#15344=CARTESIAN_POINT('Ctrl Pts',(18.8881457243109,2.42047097767519,7.4));
#15345=CARTESIAN_POINT('',(18.8853204641485,2.53064062679933,7.6));
#15346=CARTESIAN_POINT('Ctrl Pts',(18.8853204641485,2.53064062679933,7.6));
#15347=CARTESIAN_POINT('Ctrl Pts',(18.8861447578679,2.5120466806823,7.6));
#15348=CARTESIAN_POINT('Ctrl Pts',(18.8877719713437,2.47534093007391,7.6));
#15349=CARTESIAN_POINT('Ctrl Pts',(18.8880222357558,2.43860009431469,7.6));
#15350=CARTESIAN_POINT('Ctrl Pts',(18.8881457243109,2.42047097767519,7.6));
#15351=CARTESIAN_POINT('',(18.8853204641485,2.53064062679933,7.4));
#15352=CARTESIAN_POINT('',(18.8853204641485,2.53064062679933,7.6));
#15353=CARTESIAN_POINT('Ctrl Pts',(18.8853204641485,2.53064062679933,7.4));
#15354=CARTESIAN_POINT('Ctrl Pts',(18.8861447578679,2.5120466806823,7.4));
#15355=CARTESIAN_POINT('Ctrl Pts',(18.8877719713437,2.47534093007391,7.4));
#15356=CARTESIAN_POINT('Ctrl Pts',(18.8880222357558,2.43860009431469,7.4));
#15357=CARTESIAN_POINT('Ctrl Pts',(18.8881457243109,2.42047097767519,7.4));
#15358=CARTESIAN_POINT('Ctrl Pts',(18.8711965475225,2.63516035164522,7.6));
#15359=CARTESIAN_POINT('Ctrl Pts',(18.8711965475225,2.63516035164522,7.4));
#15360=CARTESIAN_POINT('Ctrl Pts',(18.8739362388189,2.61846705457611,7.6));
#15361=CARTESIAN_POINT('Ctrl Pts',(18.8739362388189,2.61846705457611,7.4));
#15362=CARTESIAN_POINT('Ctrl Pts',(18.8796321117132,2.58376135674172,7.6));
#15363=CARTESIAN_POINT('Ctrl Pts',(18.8796321117132,2.58376135674172,7.4));
#15364=CARTESIAN_POINT('Ctrl Pts',(18.8833769023267,2.5487905962042,7.6));
#15365=CARTESIAN_POINT('Ctrl Pts',(18.8833769023267,2.5487905962042,7.4));
#15366=CARTESIAN_POINT('Ctrl Pts',(18.8853204641485,2.53064062679933,7.6));
#15367=CARTESIAN_POINT('Ctrl Pts',(18.8853204641485,2.53064062679933,7.4));
#15368=CARTESIAN_POINT('',(18.8711965475225,2.63516035164522,7.6));
#15369=CARTESIAN_POINT('Ctrl Pts',(18.8711965475225,2.63516035164522,7.6));
#15370=CARTESIAN_POINT('Ctrl Pts',(18.8739362388189,2.61846705457611,7.6));
#15371=CARTESIAN_POINT('Ctrl Pts',(18.8796321117132,2.58376135674172,7.6));
#15372=CARTESIAN_POINT('Ctrl Pts',(18.8833769023267,2.5487905962042,7.6));
#15373=CARTESIAN_POINT('Ctrl Pts',(18.8853204641485,2.53064062679933,7.6));
#15374=CARTESIAN_POINT('',(18.8711965475225,2.63516035164522,7.4));
#15375=CARTESIAN_POINT('',(18.8711965475225,2.63516035164522,7.6));
#15376=CARTESIAN_POINT('Ctrl Pts',(18.8711965475225,2.63516035164522,7.4));
#15377=CARTESIAN_POINT('Ctrl Pts',(18.8739362388189,2.61846705457611,7.4));
#15378=CARTESIAN_POINT('Ctrl Pts',(18.8796321117132,2.58376135674172,7.4));
#15379=CARTESIAN_POINT('Ctrl Pts',(18.8833769023267,2.5487905962042,7.4));
#15380=CARTESIAN_POINT('Ctrl Pts',(18.8853204641485,2.53064062679933,7.4));
#15381=CARTESIAN_POINT('Origin',(18.6904049310827,2.63516035164522,7.6));
#15382=CARTESIAN_POINT('',(18.6904049310827,2.63516035164522,7.6));
#15383=CARTESIAN_POINT('',(19.3798245871613,2.63516035164522,7.6));
#15384=CARTESIAN_POINT('',(18.6904049310827,2.63516035164522,7.4));
#15385=CARTESIAN_POINT('',(18.6904049310827,2.63516035164522,7.6));
#15386=CARTESIAN_POINT('',(18.6904049310827,2.63516035164522,7.4));
#15387=CARTESIAN_POINT('Ctrl Pts',(18.7073541078711,2.4995672353618,7.6));
#15388=CARTESIAN_POINT('Ctrl Pts',(18.7073541078711,2.4995672353618,7.4));
#15389=CARTESIAN_POINT('Ctrl Pts',(18.7047078218582,2.5245426371274,7.6));
#15390=CARTESIAN_POINT('Ctrl Pts',(18.7047078218582,2.5245426371274,7.4));
#15391=CARTESIAN_POINT('Ctrl Pts',(18.6999074961405,2.56984766569333,7.6));
#15392=CARTESIAN_POINT('Ctrl Pts',(18.6999074961405,2.56984766569333,7.4));
#15393=CARTESIAN_POINT('Ctrl Pts',(18.6933482481489,2.61493045139939,7.6));
#15394=CARTESIAN_POINT('Ctrl Pts',(18.6933482481489,2.61493045139939,7.4));
#15395=CARTESIAN_POINT('Ctrl Pts',(18.6904049310827,2.63516035164522,7.6));
#15396=CARTESIAN_POINT('Ctrl Pts',(18.6904049310827,2.63516035164522,7.4));
#15397=CARTESIAN_POINT('',(18.7073541078711,2.4995672353618,7.6));
#15398=CARTESIAN_POINT('Ctrl Pts',(18.7073541078711,2.4995672353618,7.6));
#15399=CARTESIAN_POINT('Ctrl Pts',(18.7047078218582,2.5245426371274,7.6));
#15400=CARTESIAN_POINT('Ctrl Pts',(18.6999074961405,2.56984766569333,7.6));
#15401=CARTESIAN_POINT('Ctrl Pts',(18.6933482481489,2.61493045139939,7.6));
#15402=CARTESIAN_POINT('Ctrl Pts',(18.6904049310827,2.63516035164522,7.6));
#15403=CARTESIAN_POINT('',(18.7073541078711,2.4995672353618,7.4));
#15404=CARTESIAN_POINT('',(18.7073541078711,2.4995672353618,7.6));
#15405=CARTESIAN_POINT('Ctrl Pts',(18.7073541078711,2.4995672353618,7.4));
#15406=CARTESIAN_POINT('Ctrl Pts',(18.7047078218582,2.5245426371274,7.4));
#15407=CARTESIAN_POINT('Ctrl Pts',(18.6999074961405,2.56984766569333,7.4));
#15408=CARTESIAN_POINT('Ctrl Pts',(18.6933482481489,2.61493045139939,7.4));
#15409=CARTESIAN_POINT('Ctrl Pts',(18.6904049310827,2.63516035164522,7.4));
#15410=CARTESIAN_POINT('Ctrl Pts',(18.7130046281958,2.33855005587267,7.6));
#15411=CARTESIAN_POINT('Ctrl Pts',(18.7130046281958,2.33855005587267,7.4));
#15412=CARTESIAN_POINT('Ctrl Pts',(18.7127448599232,2.3646873506764,7.6));
#15413=CARTESIAN_POINT('Ctrl Pts',(18.7127448599232,2.3646873506764,7.4));
#15414=CARTESIAN_POINT('Ctrl Pts',(18.712210966452,2.41840650164289,7.6));
#15415=CARTESIAN_POINT('Ctrl Pts',(18.712210966452,2.41840650164289,7.4));
#15416=CARTESIAN_POINT('Ctrl Pts',(18.7090018263866,2.47203296779806,7.6));
#15417=CARTESIAN_POINT('Ctrl Pts',(18.7090018263866,2.47203296779806,7.4));
#15418=CARTESIAN_POINT('Ctrl Pts',(18.7073541078711,2.4995672353618,7.6));
#15419=CARTESIAN_POINT('Ctrl Pts',(18.7073541078711,2.4995672353618,7.4));
#15420=CARTESIAN_POINT('',(18.7130046281958,2.33855005587267,7.6));
#15421=CARTESIAN_POINT('Ctrl Pts',(18.7130046281958,2.33855005587267,7.6));
#15422=CARTESIAN_POINT('Ctrl Pts',(18.7127448599232,2.3646873506764,7.6));
#15423=CARTESIAN_POINT('Ctrl Pts',(18.712210966452,2.41840650164289,7.6));
#15424=CARTESIAN_POINT('Ctrl Pts',(18.7090018263866,2.47203296779806,7.6));
#15425=CARTESIAN_POINT('Ctrl Pts',(18.7073541078711,2.4995672353618,7.6));
#15426=CARTESIAN_POINT('',(18.7130046281958,2.33855005587267,7.4));
#15427=CARTESIAN_POINT('',(18.7130046281958,2.33855005587267,7.6));
#15428=CARTESIAN_POINT('Ctrl Pts',(18.7130046281958,2.33855005587267,7.4));
#15429=CARTESIAN_POINT('Ctrl Pts',(18.7127448599232,2.3646873506764,7.4));
#15430=CARTESIAN_POINT('Ctrl Pts',(18.712210966452,2.41840650164289,7.4));
#15431=CARTESIAN_POINT('Ctrl Pts',(18.7090018263866,2.47203296779806,7.4));
#15432=CARTESIAN_POINT('Ctrl Pts',(18.7073541078711,2.4995672353618,7.4));
#15433=CARTESIAN_POINT('Origin',(18.7130046281958,1.74815472448992,7.6));
#15434=CARTESIAN_POINT('',(18.7130046281958,1.74815472448992,7.6));
#15435=CARTESIAN_POINT('',(18.7130046281958,14.2576569708428,7.6));
#15436=CARTESIAN_POINT('',(18.7130046281958,1.74815472448992,7.4));
#15437=CARTESIAN_POINT('',(18.7130046281958,1.74815472448992,7.6));
#15438=CARTESIAN_POINT('',(18.7130046281958,1.74815472448992,7.4));
#15439=CARTESIAN_POINT('Ctrl Pts',(18.7525523100042,1.53911512578653,7.6));
#15440=CARTESIAN_POINT('Ctrl Pts',(18.7525523100042,1.53911512578653,7.4));
#15441=CARTESIAN_POINT('Ctrl Pts',(18.7410290217735,1.57080971710422,7.6));
#15442=CARTESIAN_POINT('Ctrl Pts',(18.7410290217735,1.57080971710422,7.4));
#15443=CARTESIAN_POINT('Ctrl Pts',(18.7165030449372,1.63826796312954,7.6));
#15444=CARTESIAN_POINT('Ctrl Pts',(18.7165030449372,1.63826796312954,7.4));
#15445=CARTESIAN_POINT('Ctrl Pts',(18.7142167369389,1.71008187209786,7.6));
#15446=CARTESIAN_POINT('Ctrl Pts',(18.7142167369389,1.71008187209786,7.4));
#15447=CARTESIAN_POINT('Ctrl Pts',(18.7130046281958,1.74815472448992,7.6));
#15448=CARTESIAN_POINT('Ctrl Pts',(18.7130046281958,1.74815472448992,7.4));
#15449=CARTESIAN_POINT('',(18.7525523100042,1.53911512578653,7.6));
#15450=CARTESIAN_POINT('Ctrl Pts',(18.7525523100042,1.53911512578653,7.6));
#15451=CARTESIAN_POINT('Ctrl Pts',(18.7410290217735,1.57080971710422,7.6));
#15452=CARTESIAN_POINT('Ctrl Pts',(18.7165030449372,1.63826796312954,7.6));
#15453=CARTESIAN_POINT('Ctrl Pts',(18.7142167369389,1.71008187209786,7.6));
#15454=CARTESIAN_POINT('Ctrl Pts',(18.7130046281958,1.74815472448992,7.6));
#15455=CARTESIAN_POINT('',(18.7525523100042,1.53911512578653,7.4));
#15456=CARTESIAN_POINT('',(18.7525523100042,1.53911512578653,7.6));
#15457=CARTESIAN_POINT('Ctrl Pts',(18.7525523100042,1.53911512578653,7.4));
#15458=CARTESIAN_POINT('Ctrl Pts',(18.7410290217735,1.57080971710422,7.4));
#15459=CARTESIAN_POINT('Ctrl Pts',(18.7165030449372,1.63826796312954,7.4));
#15460=CARTESIAN_POINT('Ctrl Pts',(18.7142167369389,1.71008187209786,7.4));
#15461=CARTESIAN_POINT('Ctrl Pts',(18.7130046281958,1.74815472448992,7.4));
#15462=CARTESIAN_POINT('Ctrl Pts',(18.8570714388037,1.39504727209734,7.6));
#15463=CARTESIAN_POINT('Ctrl Pts',(18.8570714388037,1.39504727209734,7.4));
#15464=CARTESIAN_POINT('Ctrl Pts',(18.8362986847861,1.41556777833931,7.6));
#15465=CARTESIAN_POINT('Ctrl Pts',(18.8362986847861,1.41556777833931,7.4));
#15466=CARTESIAN_POINT('Ctrl Pts',(18.7935396900765,1.45780754188215,7.6));
#15467=CARTESIAN_POINT('Ctrl Pts',(18.7935396900765,1.45780754188215,7.4));
#15468=CARTESIAN_POINT('Ctrl Pts',(18.7664708384954,1.51150462906479,7.6));
#15469=CARTESIAN_POINT('Ctrl Pts',(18.7664708384954,1.51150462906479,7.4));
#15470=CARTESIAN_POINT('Ctrl Pts',(18.7525523100042,1.53911512578653,7.6));
#15471=CARTESIAN_POINT('Ctrl Pts',(18.7525523100042,1.53911512578653,7.4));
#15472=CARTESIAN_POINT('',(18.8570714388037,1.39504727209734,7.6));
#15473=CARTESIAN_POINT('Ctrl Pts',(18.8570714388037,1.39504727209734,7.6));
#15474=CARTESIAN_POINT('Ctrl Pts',(18.8362986847861,1.41556777833931,7.6));
#15475=CARTESIAN_POINT('Ctrl Pts',(18.7935396900765,1.45780754188215,7.6));
#15476=CARTESIAN_POINT('Ctrl Pts',(18.7664708384954,1.51150462906479,7.6));
#15477=CARTESIAN_POINT('Ctrl Pts',(18.7525523100042,1.53911512578653,7.6));
#15478=CARTESIAN_POINT('',(18.8570714388037,1.39504727209734,7.4));
#15479=CARTESIAN_POINT('',(18.8570714388037,1.39504727209734,7.6));
#15480=CARTESIAN_POINT('Ctrl Pts',(18.8570714388037,1.39504727209734,7.4));
#15481=CARTESIAN_POINT('Ctrl Pts',(18.8362986847861,1.41556777833931,7.4));
#15482=CARTESIAN_POINT('Ctrl Pts',(18.7935396900765,1.45780754188215,7.4));
#15483=CARTESIAN_POINT('Ctrl Pts',(18.7664708384954,1.51150462906479,7.4));
#15484=CARTESIAN_POINT('Ctrl Pts',(18.7525523100042,1.53911512578653,7.4));
#15485=CARTESIAN_POINT('Ctrl Pts',(19.012439290061,1.30747672403978,7.6));
#15486=CARTESIAN_POINT('Ctrl Pts',(19.012439290061,1.30747672403978,7.4));
#15487=CARTESIAN_POINT('Ctrl Pts',(18.9835820379869,1.31799258909309,7.6));
#15488=CARTESIAN_POINT('Ctrl Pts',(18.9835820379869,1.31799258909309,7.4));
#15489=CARTESIAN_POINT('Ctrl Pts',(18.9269484700186,1.33863041547767,7.6));
#15490=CARTESIAN_POINT('Ctrl Pts',(18.9269484700186,1.33863041547767,7.4));
#15491=CARTESIAN_POINT('Ctrl Pts',(18.8800655054219,1.37648247423815,7.6));
#15492=CARTESIAN_POINT('Ctrl Pts',(18.8800655054219,1.37648247423815,7.4));
#15493=CARTESIAN_POINT('Ctrl Pts',(18.8570714388037,1.39504727209734,7.6));
#15494=CARTESIAN_POINT('Ctrl Pts',(18.8570714388037,1.39504727209734,7.4));
#15495=CARTESIAN_POINT('',(19.012439290061,1.30747672403978,7.6));
#15496=CARTESIAN_POINT('Ctrl Pts',(19.012439290061,1.30747672403978,7.6));
#15497=CARTESIAN_POINT('Ctrl Pts',(18.9835820379869,1.31799258909309,7.6));
#15498=CARTESIAN_POINT('Ctrl Pts',(18.9269484700186,1.33863041547767,7.6));
#15499=CARTESIAN_POINT('Ctrl Pts',(18.8800655054219,1.37648247423815,7.6));
#15500=CARTESIAN_POINT('Ctrl Pts',(18.8570714388037,1.39504727209734,7.6));
#15501=CARTESIAN_POINT('',(19.012439290061,1.30747672403978,7.4));
#15502=CARTESIAN_POINT('',(19.012439290061,1.30747672403978,7.6));
#15503=CARTESIAN_POINT('Ctrl Pts',(19.012439290061,1.30747672403978,7.4));
#15504=CARTESIAN_POINT('Ctrl Pts',(18.9835820379869,1.31799258909309,7.4));
#15505=CARTESIAN_POINT('Ctrl Pts',(18.9269484700186,1.33863041547767,7.4));
#15506=CARTESIAN_POINT('Ctrl Pts',(18.8800655054219,1.37648247423815,7.4));
#15507=CARTESIAN_POINT('Ctrl Pts',(18.8570714388037,1.39504727209734,7.4));
#15508=CARTESIAN_POINT('Ctrl Pts',(19.1960549745703,1.27922814572977,7.6));
#15509=CARTESIAN_POINT('Ctrl Pts',(19.1960549745703,1.27922814572977,7.4));
#15510=CARTESIAN_POINT('Ctrl Pts',(19.1645560481091,1.28035292602767,7.6));
#15511=CARTESIAN_POINT('Ctrl Pts',(19.1645560481091,1.28035292602767,7.4));
#15512=CARTESIAN_POINT('Ctrl Pts',(19.1022382088342,1.28257820433709,7.6));
#15513=CARTESIAN_POINT('Ctrl Pts',(19.1022382088342,1.28257820433709,7.4));
#15514=CARTESIAN_POINT('Ctrl Pts',(19.0421537152087,1.29923781414974,7.6));
#15515=CARTESIAN_POINT('Ctrl Pts',(19.0421537152087,1.29923781414974,7.4));
#15516=CARTESIAN_POINT('Ctrl Pts',(19.012439290061,1.30747672403978,7.6));
#15517=CARTESIAN_POINT('Ctrl Pts',(19.012439290061,1.30747672403978,7.4));
#15518=CARTESIAN_POINT('',(19.1960549745703,1.27922814572977,7.6));
#15519=CARTESIAN_POINT('Ctrl Pts',(19.1960549745703,1.27922814572977,7.6));
#15520=CARTESIAN_POINT('Ctrl Pts',(19.1645560481091,1.28035292602767,7.6));
#15521=CARTESIAN_POINT('Ctrl Pts',(19.1022382088342,1.28257820433709,7.6));
#15522=CARTESIAN_POINT('Ctrl Pts',(19.0421537152087,1.29923781414974,7.6));
#15523=CARTESIAN_POINT('Ctrl Pts',(19.012439290061,1.30747672403978,7.6));
#15524=CARTESIAN_POINT('',(19.1960549745703,1.27922814572977,7.4));
#15525=CARTESIAN_POINT('',(19.1960549745703,1.27922814572977,7.6));
#15526=CARTESIAN_POINT('Ctrl Pts',(19.1960549745703,1.27922814572977,7.4));
#15527=CARTESIAN_POINT('Ctrl Pts',(19.1645560481091,1.28035292602767,7.4));
#15528=CARTESIAN_POINT('Ctrl Pts',(19.1022382088342,1.28257820433709,7.4));
#15529=CARTESIAN_POINT('Ctrl Pts',(19.0421537152087,1.29923781414974,7.4));
#15530=CARTESIAN_POINT('Ctrl Pts',(19.012439290061,1.30747672403978,7.4));
#15531=CARTESIAN_POINT('Ctrl Pts',(19.7553778085852,1.47131856764482,7.6));
#15532=CARTESIAN_POINT('Ctrl Pts',(19.7553778085852,1.47131856764482,7.4));
#15533=CARTESIAN_POINT('Ctrl Pts',(19.6805689838055,1.4154173327223,7.6));
#15534=CARTESIAN_POINT('Ctrl Pts',(19.6805689838055,1.4154173327223,7.4));
#15535=CARTESIAN_POINT('Ctrl Pts',(19.5157159073399,1.29223012075432,7.6));
#15536=CARTESIAN_POINT('Ctrl Pts',(19.5157159073399,1.29223012075432,7.4));
#15537=CARTESIAN_POINT('Ctrl Pts',(19.3089774194355,1.28382118371889,7.6));
#15538=CARTESIAN_POINT('Ctrl Pts',(19.3089774194355,1.28382118371889,7.4));
#15539=CARTESIAN_POINT('Ctrl Pts',(19.1960549745703,1.27922814572977,7.6));
#15540=CARTESIAN_POINT('Ctrl Pts',(19.1960549745703,1.27922814572977,7.4));
#15541=CARTESIAN_POINT('',(19.7553778085852,1.47131856764482,7.6));
#15542=CARTESIAN_POINT('Ctrl Pts',(19.7553778085852,1.47131856764482,7.6));
#15543=CARTESIAN_POINT('Ctrl Pts',(19.6805689838055,1.4154173327223,7.6));
#15544=CARTESIAN_POINT('Ctrl Pts',(19.5157159073399,1.29223012075432,7.6));
#15545=CARTESIAN_POINT('Ctrl Pts',(19.3089774194355,1.28382118371889,7.6));
#15546=CARTESIAN_POINT('Ctrl Pts',(19.1960549745703,1.27922814572977,7.6));
#15547=CARTESIAN_POINT('',(19.7553778085852,1.47131856764482,7.4));
#15548=CARTESIAN_POINT('',(19.7553778085852,1.47131856764482,7.6));
#15549=CARTESIAN_POINT('Ctrl Pts',(19.7553778085852,1.47131856764482,7.4));
#15550=CARTESIAN_POINT('Ctrl Pts',(19.6805689838055,1.4154173327223,7.4));
#15551=CARTESIAN_POINT('Ctrl Pts',(19.5157159073399,1.29223012075432,7.4));
#15552=CARTESIAN_POINT('Ctrl Pts',(19.3089774194355,1.28382118371889,7.4));
#15553=CARTESIAN_POINT('Ctrl Pts',(19.1960549745703,1.27922814572977,7.4));
#15554=CARTESIAN_POINT('Origin',(19.6423828992987,1.60408687080072,7.6));
#15555=CARTESIAN_POINT('',(19.6423828992987,1.60408687080072,7.6));
#15556=CARTESIAN_POINT('',(13.5221893656369,8.79527553213867,7.6));
#15557=CARTESIAN_POINT('',(19.6423828992987,1.60408687080072,7.4));
#15558=CARTESIAN_POINT('',(19.6423828992987,1.60408687080072,7.6));
#15559=CARTESIAN_POINT('',(19.6423828992987,1.60408687080072,7.4));
#15560=CARTESIAN_POINT('Ctrl Pts',(19.2384279165411,1.44871961558985,7.6));
#15561=CARTESIAN_POINT('Ctrl Pts',(19.2384279165411,1.44871961558985,7.4));
#15562=CARTESIAN_POINT('Ctrl Pts',(19.3131820886793,1.45520491102754,7.6));
#15563=CARTESIAN_POINT('Ctrl Pts',(19.3131820886793,1.45520491102754,7.4));
#15564=CARTESIAN_POINT('Ctrl Pts',(19.4627578295052,1.46818134888809,7.6));
#15565=CARTESIAN_POINT('Ctrl Pts',(19.4627578295052,1.46818134888809,7.4));
#15566=CARTESIAN_POINT('Ctrl Pts',(19.5824898928864,1.55877142399404,7.6));
#15567=CARTESIAN_POINT('Ctrl Pts',(19.5824898928864,1.55877142399404,7.4));
#15568=CARTESIAN_POINT('Ctrl Pts',(19.6423828992987,1.60408687080072,7.6));
#15569=CARTESIAN_POINT('Ctrl Pts',(19.6423828992987,1.60408687080072,7.4));
#15570=CARTESIAN_POINT('',(19.2384279165411,1.44871961558985,7.6));
#15571=CARTESIAN_POINT('Ctrl Pts',(19.2384279165411,1.44871961558985,7.6));
#15572=CARTESIAN_POINT('Ctrl Pts',(19.3131820886793,1.45520491102754,7.6));
#15573=CARTESIAN_POINT('Ctrl Pts',(19.4627578295052,1.46818134888809,7.6));
#15574=CARTESIAN_POINT('Ctrl Pts',(19.5824898928864,1.55877142399404,7.6));
#15575=CARTESIAN_POINT('Ctrl Pts',(19.6423828992987,1.60408687080072,7.6));
#15576=CARTESIAN_POINT('',(19.2384279165411,1.44871961558985,7.4));
#15577=CARTESIAN_POINT('',(19.2384279165411,1.44871961558985,7.6));
#15578=CARTESIAN_POINT('Ctrl Pts',(19.2384279165411,1.44871961558985,7.4));
#15579=CARTESIAN_POINT('Ctrl Pts',(19.3131820886793,1.45520491102754,7.4));
#15580=CARTESIAN_POINT('Ctrl Pts',(19.4627578295052,1.46818134888809,7.4));
#15581=CARTESIAN_POINT('Ctrl Pts',(19.5824898928864,1.55877142399404,7.4));
#15582=CARTESIAN_POINT('Ctrl Pts',(19.6423828992987,1.60408687080072,7.4));
#15583=CARTESIAN_POINT('Ctrl Pts',(18.8994455728674,1.79052766646074,7.6));
#15584=CARTESIAN_POINT('Ctrl Pts',(18.8994455728674,1.79052766646074,7.4));
#15585=CARTESIAN_POINT('Ctrl Pts',(18.9133813966922,1.69083391090234,7.6));
#15586=CARTESIAN_POINT('Ctrl Pts',(18.9133813966922,1.69083391090234,7.4));
#15587=CARTESIAN_POINT('Ctrl Pts',(18.9411607766878,1.49210646187053,7.6));
#15588=CARTESIAN_POINT('Ctrl Pts',(18.9411607766878,1.49210646187053,7.4));
#15589=CARTESIAN_POINT('Ctrl Pts',(19.1395585255915,1.46314983841606,7.6));
#15590=CARTESIAN_POINT('Ctrl Pts',(19.1395585255915,1.46314983841606,7.4));
#15591=CARTESIAN_POINT('Ctrl Pts',(19.2384279165411,1.44871961558985,7.6));
#15592=CARTESIAN_POINT('Ctrl Pts',(19.2384279165411,1.44871961558985,7.4));
#15593=CARTESIAN_POINT('',(18.8994455728674,1.79052766646074,7.6));
#15594=CARTESIAN_POINT('Ctrl Pts',(18.8994455728674,1.79052766646074,7.6));
#15595=CARTESIAN_POINT('Ctrl Pts',(18.9133813966922,1.69083391090234,7.6));
#15596=CARTESIAN_POINT('Ctrl Pts',(18.9411607766878,1.49210646187053,7.6));
#15597=CARTESIAN_POINT('Ctrl Pts',(19.1395585255915,1.46314983841606,7.6));
#15598=CARTESIAN_POINT('Ctrl Pts',(19.2384279165411,1.44871961558985,7.6));
#15599=CARTESIAN_POINT('',(18.8994455728674,1.79052766646074,7.4));
#15600=CARTESIAN_POINT('',(18.8994455728674,1.79052766646074,7.6));
#15601=CARTESIAN_POINT('Ctrl Pts',(18.8994455728674,1.79052766646074,7.4));
#15602=CARTESIAN_POINT('Ctrl Pts',(18.9133813966922,1.69083391090234,7.4));
#15603=CARTESIAN_POINT('Ctrl Pts',(18.9411607766878,1.49210646187053,7.4));
#15604=CARTESIAN_POINT('Ctrl Pts',(19.1395585255915,1.46314983841606,7.4));
#15605=CARTESIAN_POINT('Ctrl Pts',(19.2384279165411,1.44871961558985,7.4));
#15606=CARTESIAN_POINT('Origin',(18.8994455728674,1.82442587102579,7.6));
#15607=CARTESIAN_POINT('',(18.8994455728674,1.82442587102579,7.6));
#15608=CARTESIAN_POINT('',(18.8994455728674,14.2957925441107,7.6));
#15609=CARTESIAN_POINT('',(18.8994455728674,1.82442587102579,7.4));
#15610=CARTESIAN_POINT('',(18.8994455728674,1.82442587102579,7.6));
#15611=CARTESIAN_POINT('',(18.8994455728674,1.82442587102579,7.4));
#15612=CARTESIAN_POINT('Origin',(18.9926648531103,1.82442587102579,7.6));
#15613=CARTESIAN_POINT('',(19.5309545481751,1.82442587102579,7.6));
#15614=CARTESIAN_POINT('',(18.9926648531103,1.82442587102579,7.4));
#15615=CARTESIAN_POINT('Origin',(19.6861677262926,1.65210951353239,7.4));
#15616=CARTESIAN_POINT('Origin',(15.1819324884558,0.821600968491305,7.6));
#15617=CARTESIAN_POINT('',(15.1819324884558,0.821600968491305,7.6));
#15618=CARTESIAN_POINT('',(15.5774116907263,0.821600968491305,7.6));
#15619=CARTESIAN_POINT('',(17.6255883658478,0.821600968491305,7.6));
#15620=CARTESIAN_POINT('',(15.1819324884558,0.821600968491305,7.4));
#15621=CARTESIAN_POINT('',(15.1819324884558,0.821600968491305,7.6));
#15622=CARTESIAN_POINT('',(15.5774116907263,0.821600968491305,7.4));
#15623=CARTESIAN_POINT('',(15.1819324884558,0.821600968491305,7.4));
#15624=CARTESIAN_POINT('',(15.5774116907263,0.821600968491305,7.6));
#15625=CARTESIAN_POINT('Ctrl Pts',(14.7864509019995,0.892222488772143,7.6));
#15626=CARTESIAN_POINT('Ctrl Pts',(14.7864509019995,0.892222488772143,7.4));
#15627=CARTESIAN_POINT('Ctrl Pts',(14.8466455438678,0.871644570753469,7.6));
#15628=CARTESIAN_POINT('Ctrl Pts',(14.8466455438678,0.871644570753469,7.4));
#15629=CARTESIAN_POINT('Ctrl Pts',(14.9747310493213,0.827857732776022,7.6));
#15630=CARTESIAN_POINT('Ctrl Pts',(14.9747310493213,0.827857732776022,7.4));
#15631=CARTESIAN_POINT('Ctrl Pts',(15.1101529942855,0.823768460075222,7.6));
#15632=CARTESIAN_POINT('Ctrl Pts',(15.1101529942855,0.823768460075222,7.4));
#15633=CARTESIAN_POINT('Ctrl Pts',(15.1819324884558,0.821600968491305,7.6));
#15634=CARTESIAN_POINT('Ctrl Pts',(15.1819324884558,0.821600968491305,7.4));
#15635=CARTESIAN_POINT('',(14.7864509019995,0.892222488772143,7.6));
#15636=CARTESIAN_POINT('Ctrl Pts',(14.7864509019995,0.892222488772143,7.6));
#15637=CARTESIAN_POINT('Ctrl Pts',(14.8466455438678,0.871644570753469,7.6));
#15638=CARTESIAN_POINT('Ctrl Pts',(14.9747310493213,0.827857732776022,7.6));
#15639=CARTESIAN_POINT('Ctrl Pts',(15.1101529942855,0.823768460075222,7.6));
#15640=CARTESIAN_POINT('Ctrl Pts',(15.1819324884558,0.821600968491305,7.6));
#15641=CARTESIAN_POINT('',(14.7864509019995,0.892222488772143,7.4));
#15642=CARTESIAN_POINT('',(14.7864509019995,0.892222488772143,7.6));
#15643=CARTESIAN_POINT('Ctrl Pts',(14.7864509019995,0.892222488772143,7.4));
#15644=CARTESIAN_POINT('Ctrl Pts',(14.8466455438678,0.871644570753469,7.4));
#15645=CARTESIAN_POINT('Ctrl Pts',(14.9747310493213,0.827857732776022,7.4));
#15646=CARTESIAN_POINT('Ctrl Pts',(15.1101529942855,0.823768460075222,7.4));
#15647=CARTESIAN_POINT('Ctrl Pts',(15.1819324884558,0.821600968491305,7.4));
#15648=CARTESIAN_POINT('Ctrl Pts',(14.5067906770849,1.07583832229303,7.6));
#15649=CARTESIAN_POINT('Ctrl Pts',(14.5067906770849,1.07583832229303,7.4));
#15650=CARTESIAN_POINT('Ctrl Pts',(14.5468960140942,1.03887538540445,7.6));
#15651=CARTESIAN_POINT('Ctrl Pts',(14.5468960140942,1.03887538540445,7.4));
#15652=CARTESIAN_POINT('Ctrl Pts',(14.6299571068347,0.962322433657681,7.6));
#15653=CARTESIAN_POINT('Ctrl Pts',(14.6299571068347,0.962322433657681,7.4));
#15654=CARTESIAN_POINT('Ctrl Pts',(14.7331063745012,0.9161176753745,7.6));
#15655=CARTESIAN_POINT('Ctrl Pts',(14.7331063745012,0.9161176753745,7.4));
#15656=CARTESIAN_POINT('Ctrl Pts',(14.7864509019995,0.892222488772143,7.6));
#15657=CARTESIAN_POINT('Ctrl Pts',(14.7864509019995,0.892222488772143,7.4));
#15658=CARTESIAN_POINT('',(14.5067906770849,1.07583832229303,7.6));
#15659=CARTESIAN_POINT('Ctrl Pts',(14.5067906770849,1.07583832229303,7.6));
#15660=CARTESIAN_POINT('Ctrl Pts',(14.5468960140942,1.03887538540445,7.6));
#15661=CARTESIAN_POINT('Ctrl Pts',(14.6299571068347,0.962322433657681,7.6));
#15662=CARTESIAN_POINT('Ctrl Pts',(14.7331063745012,0.9161176753745,7.6));
#15663=CARTESIAN_POINT('Ctrl Pts',(14.7864509019995,0.892222488772143,7.6));
#15664=CARTESIAN_POINT('',(14.5067906770849,1.07583832229303,7.4));
#15665=CARTESIAN_POINT('',(14.5067906770849,1.07583832229303,7.6));
#15666=CARTESIAN_POINT('Ctrl Pts',(14.5067906770849,1.07583832229303,7.4));
#15667=CARTESIAN_POINT('Ctrl Pts',(14.5468960140942,1.03887538540445,7.4));
#15668=CARTESIAN_POINT('Ctrl Pts',(14.6299571068347,0.962322433657681,7.4));
#15669=CARTESIAN_POINT('Ctrl Pts',(14.7331063745012,0.9161176753745,7.4));
#15670=CARTESIAN_POINT('Ctrl Pts',(14.7864509019995,0.892222488772143,7.4));
#15671=CARTESIAN_POINT('Ctrl Pts',(14.340124169364,1.3357253023498,7.6));
#15672=CARTESIAN_POINT('Ctrl Pts',(14.340124169364,1.3357253023498,7.4));
#15673=CARTESIAN_POINT('Ctrl Pts',(14.3605901296484,1.28806953654662,7.6));
#15674=CARTESIAN_POINT('Ctrl Pts',(14.3605901296484,1.28806953654662,7.4));
#15675=CARTESIAN_POINT('Ctrl Pts',(14.4017520560149,1.19222242770494,7.6));
#15676=CARTESIAN_POINT('Ctrl Pts',(14.4017520560149,1.19222242770494,7.4));
#15677=CARTESIAN_POINT('Ctrl Pts',(14.4716476152552,1.11477727418347,7.6));
#15678=CARTESIAN_POINT('Ctrl Pts',(14.4716476152552,1.11477727418347,7.4));
#15679=CARTESIAN_POINT('Ctrl Pts',(14.5067906770849,1.07583832229303,7.6));
#15680=CARTESIAN_POINT('Ctrl Pts',(14.5067906770849,1.07583832229303,7.4));
#15681=CARTESIAN_POINT('',(14.340124169364,1.3357253023498,7.6));
#15682=CARTESIAN_POINT('Ctrl Pts',(14.340124169364,1.3357253023498,7.6));
#15683=CARTESIAN_POINT('Ctrl Pts',(14.3605901296484,1.28806953654662,7.6));
#15684=CARTESIAN_POINT('Ctrl Pts',(14.4017520560149,1.19222242770494,7.6));
#15685=CARTESIAN_POINT('Ctrl Pts',(14.4716476152552,1.11477727418347,7.6));
#15686=CARTESIAN_POINT('Ctrl Pts',(14.5067906770849,1.07583832229303,7.6));
#15687=CARTESIAN_POINT('',(14.340124169364,1.3357253023498,7.4));
#15688=CARTESIAN_POINT('',(14.340124169364,1.3357253023498,7.6));
#15689=CARTESIAN_POINT('Ctrl Pts',(14.340124169364,1.3357253023498,7.4));
#15690=CARTESIAN_POINT('Ctrl Pts',(14.3605901296484,1.28806953654662,7.4));
#15691=CARTESIAN_POINT('Ctrl Pts',(14.4017520560149,1.19222242770494,7.4));
#15692=CARTESIAN_POINT('Ctrl Pts',(14.4716476152552,1.11477727418347,7.4));
#15693=CARTESIAN_POINT('Ctrl Pts',(14.5067906770849,1.07583832229303,7.4));
#15694=CARTESIAN_POINT('Ctrl Pts',(14.2864513788366,1.63516041124987,7.6));
#15695=CARTESIAN_POINT('Ctrl Pts',(14.2864513788366,1.63516041124987,7.4));
#15696=CARTESIAN_POINT('Ctrl Pts',(14.2886635460655,1.58390716493284,7.6));
#15697=CARTESIAN_POINT('Ctrl Pts',(14.2886635460655,1.58390716493284,7.4));
#15698=CARTESIAN_POINT('Ctrl Pts',(14.2930759922616,1.48167610898094,7.6));
#15699=CARTESIAN_POINT('Ctrl Pts',(14.2930759922616,1.48167610898094,7.4));
#15700=CARTESIAN_POINT('Ctrl Pts',(14.3244696378406,1.38428810847726,7.6));
#15701=CARTESIAN_POINT('Ctrl Pts',(14.3244696378406,1.38428810847726,7.4));
#15702=CARTESIAN_POINT('Ctrl Pts',(14.340124169364,1.3357253023498,7.6));
#15703=CARTESIAN_POINT('Ctrl Pts',(14.340124169364,1.3357253023498,7.4));
#15704=CARTESIAN_POINT('',(14.2864513788366,1.63516041124987,7.6));
#15705=CARTESIAN_POINT('Ctrl Pts',(14.2864513788366,1.63516041124987,7.6));
#15706=CARTESIAN_POINT('Ctrl Pts',(14.2886635460655,1.58390716493284,7.6));
#15707=CARTESIAN_POINT('Ctrl Pts',(14.2930759922616,1.48167610898094,7.6));
#15708=CARTESIAN_POINT('Ctrl Pts',(14.3244696378406,1.38428810847726,7.6));
#15709=CARTESIAN_POINT('Ctrl Pts',(14.340124169364,1.3357253023498,7.6));
#15710=CARTESIAN_POINT('',(14.2864513788366,1.63516041124987,7.4));
#15711=CARTESIAN_POINT('',(14.2864513788366,1.63516041124987,7.6));
#15712=CARTESIAN_POINT('Ctrl Pts',(14.2864513788366,1.63516041124987,7.4));
#15713=CARTESIAN_POINT('Ctrl Pts',(14.2886635460655,1.58390716493284,7.4));
#15714=CARTESIAN_POINT('Ctrl Pts',(14.2930759922616,1.48167610898094,7.4));
#15715=CARTESIAN_POINT('Ctrl Pts',(14.3244696378406,1.38428810847726,7.4));
#15716=CARTESIAN_POINT('Ctrl Pts',(14.340124169364,1.3357253023498,7.4));
#15717=CARTESIAN_POINT('Ctrl Pts',(14.340124169364,1.93742033327745,7.6));
#15718=CARTESIAN_POINT('Ctrl Pts',(14.340124169364,1.93742033327745,7.4));
#15719=CARTESIAN_POINT('Ctrl Pts',(14.3244696181138,1.88814666525311,7.6));
#15720=CARTESIAN_POINT('Ctrl Pts',(14.3244696181138,1.88814666525311,7.4));
#15721=CARTESIAN_POINT('Ctrl Pts',(14.2932130444607,1.78976466699879,7.6));
#15722=CARTESIAN_POINT('Ctrl Pts',(14.2932130444607,1.78976466699879,7.4));
#15723=CARTESIAN_POINT('Ctrl Pts',(14.2887027407516,1.68663739231229,7.6));
#15724=CARTESIAN_POINT('Ctrl Pts',(14.2887027407516,1.68663739231229,7.4));
#15725=CARTESIAN_POINT('Ctrl Pts',(14.2864513788366,1.63516041124987,7.6));
#15726=CARTESIAN_POINT('Ctrl Pts',(14.2864513788366,1.63516041124987,7.4));
#15727=CARTESIAN_POINT('',(14.340124169364,1.93742033327745,7.6));
#15728=CARTESIAN_POINT('Ctrl Pts',(14.340124169364,1.93742033327745,7.6));
#15729=CARTESIAN_POINT('Ctrl Pts',(14.3244696181138,1.88814666525311,7.6));
#15730=CARTESIAN_POINT('Ctrl Pts',(14.2932130444607,1.78976466699879,7.6));
#15731=CARTESIAN_POINT('Ctrl Pts',(14.2887027407516,1.68663739231229,7.6));
#15732=CARTESIAN_POINT('Ctrl Pts',(14.2864513788366,1.63516041124987,7.6));
#15733=CARTESIAN_POINT('',(14.340124169364,1.93742033327745,7.4));
#15734=CARTESIAN_POINT('',(14.340124169364,1.93742033327745,7.6));
#15735=CARTESIAN_POINT('Ctrl Pts',(14.340124169364,1.93742033327745,7.4));
#15736=CARTESIAN_POINT('Ctrl Pts',(14.3244696181138,1.88814666525311,7.4));
#15737=CARTESIAN_POINT('Ctrl Pts',(14.2932130444607,1.78976466699879,7.4));
#15738=CARTESIAN_POINT('Ctrl Pts',(14.2887027407516,1.68663739231229,7.4));
#15739=CARTESIAN_POINT('Ctrl Pts',(14.2864513788366,1.63516041124987,7.4));
#15740=CARTESIAN_POINT('Ctrl Pts',(14.5067906770849,2.19730731333422,7.6));
#15741=CARTESIAN_POINT('Ctrl Pts',(14.5067906770849,2.19730731333422,7.4));
#15742=CARTESIAN_POINT('Ctrl Pts',(14.4717196877309,2.15784905839077,7.6));
#15743=CARTESIAN_POINT('Ctrl Pts',(14.4717196877309,2.15784905839077,7.4));
#15744=CARTESIAN_POINT('Ctrl Pts',(14.4024919955953,2.07996120932395,7.6));
#15745=CARTESIAN_POINT('Ctrl Pts',(14.4024919955953,2.07996120932395,7.4));
#15746=CARTESIAN_POINT('Ctrl Pts',(14.3607295934749,1.98451376881231,7.6));
#15747=CARTESIAN_POINT('Ctrl Pts',(14.3607295934749,1.98451376881231,7.4));
#15748=CARTESIAN_POINT('Ctrl Pts',(14.340124169364,1.93742033327745,7.6));
#15749=CARTESIAN_POINT('Ctrl Pts',(14.340124169364,1.93742033327745,7.4));
#15750=CARTESIAN_POINT('',(14.5067906770849,2.19730731333422,7.6));
#15751=CARTESIAN_POINT('Ctrl Pts',(14.5067906770849,2.19730731333422,7.6));
#15752=CARTESIAN_POINT('Ctrl Pts',(14.4717196877309,2.15784905839077,7.6));
#15753=CARTESIAN_POINT('Ctrl Pts',(14.4024919955953,2.07996120932395,7.6));
#15754=CARTESIAN_POINT('Ctrl Pts',(14.3607295934749,1.98451376881231,7.6));
#15755=CARTESIAN_POINT('Ctrl Pts',(14.340124169364,1.93742033327745,7.6));
#15756=CARTESIAN_POINT('',(14.5067906770849,2.19730731333422,7.4));
#15757=CARTESIAN_POINT('',(14.5067906770849,2.19730731333422,7.6));
#15758=CARTESIAN_POINT('Ctrl Pts',(14.5067906770849,2.19730731333422,7.4));
#15759=CARTESIAN_POINT('Ctrl Pts',(14.4717196877309,2.15784905839077,7.4));
#15760=CARTESIAN_POINT('Ctrl Pts',(14.4024919955953,2.07996120932395,7.4));
#15761=CARTESIAN_POINT('Ctrl Pts',(14.3607295934749,1.98451376881231,7.4));
#15762=CARTESIAN_POINT('Ctrl Pts',(14.340124169364,1.93742033327745,7.4));
#15763=CARTESIAN_POINT('Ctrl Pts',(14.7864509019995,2.38092299784349,7.6));
#15764=CARTESIAN_POINT('Ctrl Pts',(14.7864509019995,2.38092299784349,7.4));
#15765=CARTESIAN_POINT('Ctrl Pts',(14.7332064955623,2.35640449918231,7.6));
#15766=CARTESIAN_POINT('Ctrl Pts',(14.7332064955623,2.35640449918231,7.4));
#15767=CARTESIAN_POINT('Ctrl Pts',(14.6307103487515,2.30920608330129,7.6));
#15768=CARTESIAN_POINT('Ctrl Pts',(14.6307103487515,2.30920608330129,7.4));
#15769=CARTESIAN_POINT('Ctrl Pts',(14.5470104100206,2.23362550707521,7.6));
#15770=CARTESIAN_POINT('Ctrl Pts',(14.5470104100206,2.23362550707521,7.4));
#15771=CARTESIAN_POINT('Ctrl Pts',(14.5067906770849,2.19730731333422,7.6));
#15772=CARTESIAN_POINT('Ctrl Pts',(14.5067906770849,2.19730731333422,7.4));
#15773=CARTESIAN_POINT('',(14.7864509019995,2.38092299784349,7.6));
#15774=CARTESIAN_POINT('Ctrl Pts',(14.7864509019995,2.38092299784349,7.6));
#15775=CARTESIAN_POINT('Ctrl Pts',(14.7332064955623,2.35640449918231,7.6));
#15776=CARTESIAN_POINT('Ctrl Pts',(14.6307103487515,2.30920608330129,7.6));
#15777=CARTESIAN_POINT('Ctrl Pts',(14.5470104100206,2.23362550707521,7.6));
#15778=CARTESIAN_POINT('Ctrl Pts',(14.5067906770849,2.19730731333422,7.6));
#15779=CARTESIAN_POINT('',(14.7864509019995,2.38092299784349,7.4));
#15780=CARTESIAN_POINT('',(14.7864509019995,2.38092299784349,7.6));
#15781=CARTESIAN_POINT('Ctrl Pts',(14.7864509019995,2.38092299784349,7.4));
#15782=CARTESIAN_POINT('Ctrl Pts',(14.7332064955623,2.35640449918231,7.4));
#15783=CARTESIAN_POINT('Ctrl Pts',(14.6307103487515,2.30920608330129,7.4));
#15784=CARTESIAN_POINT('Ctrl Pts',(14.5470104100206,2.23362550707521,7.4));
#15785=CARTESIAN_POINT('Ctrl Pts',(14.5067906770849,2.19730731333422,7.4));
#15786=CARTESIAN_POINT('Ctrl Pts',(15.1819324884558,2.44871970499681,7.6));
#15787=CARTESIAN_POINT('Ctrl Pts',(15.1819324884558,2.44871970499681,7.4));
#15788=CARTESIAN_POINT('Ctrl Pts',(15.1102030055141,2.44665779234473,7.6));
#15789=CARTESIAN_POINT('Ctrl Pts',(15.1102030055141,2.44665779234473,7.4));
#15790=CARTESIAN_POINT('Ctrl Pts',(14.9750530477325,2.4427728151157,7.6));
#15791=CARTESIAN_POINT('Ctrl Pts',(14.9750530477325,2.4427728151157,7.4));
#15792=CARTESIAN_POINT('Ctrl Pts',(14.8466876526592,2.40067691955469,7.6));
#15793=CARTESIAN_POINT('Ctrl Pts',(14.8466876526592,2.40067691955469,7.4));
#15794=CARTESIAN_POINT('Ctrl Pts',(14.7864509019995,2.38092299784349,7.6));
#15795=CARTESIAN_POINT('Ctrl Pts',(14.7864509019995,2.38092299784349,7.4));
#15796=CARTESIAN_POINT('',(15.1819324884558,2.44871970499681,7.6));
#15797=CARTESIAN_POINT('Ctrl Pts',(15.1819324884558,2.44871970499681,7.6));
#15798=CARTESIAN_POINT('Ctrl Pts',(15.1102030055141,2.44665779234473,7.6));
#15799=CARTESIAN_POINT('Ctrl Pts',(14.9750530477325,2.4427728151157,7.6));
#15800=CARTESIAN_POINT('Ctrl Pts',(14.8466876526592,2.40067691955469,7.6));
#15801=CARTESIAN_POINT('Ctrl Pts',(14.7864509019995,2.38092299784349,7.6));
#15802=CARTESIAN_POINT('',(15.1819324884558,2.44871970499681,7.4));
#15803=CARTESIAN_POINT('',(15.1819324884558,2.44871970499681,7.6));
#15804=CARTESIAN_POINT('Ctrl Pts',(15.1819324884558,2.44871970499681,7.4));
#15805=CARTESIAN_POINT('Ctrl Pts',(15.1102030055141,2.44665779234473,7.4));
#15806=CARTESIAN_POINT('Ctrl Pts',(14.9750530477325,2.4427728151157,7.4));
#15807=CARTESIAN_POINT('Ctrl Pts',(14.8466876526592,2.40067691955469,7.4));
#15808=CARTESIAN_POINT('Ctrl Pts',(14.7864509019995,2.38092299784349,7.4));
#15809=CARTESIAN_POINT('Origin',(15.5774116907263,2.44871970499681,7.6));
#15810=CARTESIAN_POINT('',(15.5774116907263,2.44871970499681,7.6));
#15811=CARTESIAN_POINT('',(17.8233279669831,2.44871970499681,7.6));
#15812=CARTESIAN_POINT('',(15.5774116907263,2.44871970499681,7.4));
#15813=CARTESIAN_POINT('',(15.5774116907263,2.44871970499681,7.6));
#15814=CARTESIAN_POINT('',(15.5774116907263,2.44871970499681,7.4));
#15815=CARTESIAN_POINT('Origin',(15.5774116907263,0.821600968491305,7.6));
#15816=CARTESIAN_POINT('',(15.5774116907263,13.7943800928435,7.6));
#15817=CARTESIAN_POINT('',(15.5774116907263,0.821600968491305,7.4));
#15818=CARTESIAN_POINT('Origin',(15.116958657279,2.63516035164522,7.6));
#15819=CARTESIAN_POINT('',(15.116958657279,2.63516035164522,7.6));
#15820=CARTESIAN_POINT('',(15.7808018121862,2.63516035164522,7.6));
#15821=CARTESIAN_POINT('',(17.5931014502594,2.63516035164522,7.6));
#15822=CARTESIAN_POINT('',(15.116958657279,2.63516035164522,7.4));
#15823=CARTESIAN_POINT('',(15.116958657279,2.63516035164522,7.6));
#15824=CARTESIAN_POINT('',(15.7808018121862,2.63516035164522,7.4));
#15825=CARTESIAN_POINT('',(15.116958657279,2.63516035164522,7.4));
#15826=CARTESIAN_POINT('',(15.7808018121862,2.63516035164522,7.6));
#15827=CARTESIAN_POINT('Ctrl Pts',(14.7440791521215,2.57301356877016,7.6));
#15828=CARTESIAN_POINT('Ctrl Pts',(14.7440791521215,2.57301356877016,7.4));
#15829=CARTESIAN_POINT('Ctrl Pts',(14.8057976166827,2.59113869159076,7.6));
#15830=CARTESIAN_POINT('Ctrl Pts',(14.8057976166827,2.59113869159076,7.4));
#15831=CARTESIAN_POINT('Ctrl Pts',(14.9275985910293,2.6269084994659,7.6));
#15832=CARTESIAN_POINT('Ctrl Pts',(14.9275985910293,2.6269084994659,7.4));
#15833=CARTESIAN_POINT('Ctrl Pts',(15.0544063695454,2.63243447473739,7.6));
#15834=CARTESIAN_POINT('Ctrl Pts',(15.0544063695454,2.63243447473739,7.4));
#15835=CARTESIAN_POINT('Ctrl Pts',(15.116958657279,2.63516035164522,7.6));
#15836=CARTESIAN_POINT('Ctrl Pts',(15.116958657279,2.63516035164522,7.4));
#15837=CARTESIAN_POINT('',(14.7440791521215,2.57301356877016,7.6));
#15838=CARTESIAN_POINT('Ctrl Pts',(14.7440791521215,2.57301356877016,7.6));
#15839=CARTESIAN_POINT('Ctrl Pts',(14.8057976166827,2.59113869159076,7.6));
#15840=CARTESIAN_POINT('Ctrl Pts',(14.9275985910293,2.6269084994659,7.6));
#15841=CARTESIAN_POINT('Ctrl Pts',(15.0544063695454,2.63243447473739,7.6));
#15842=CARTESIAN_POINT('Ctrl Pts',(15.116958657279,2.63516035164522,7.6));
#15843=CARTESIAN_POINT('',(14.7440791521215,2.57301356877016,7.4));
#15844=CARTESIAN_POINT('',(14.7440791521215,2.57301356877016,7.6));
#15845=CARTESIAN_POINT('Ctrl Pts',(14.7440791521215,2.57301356877016,7.4));
#15846=CARTESIAN_POINT('Ctrl Pts',(14.8057976166827,2.59113869159076,7.4));
#15847=CARTESIAN_POINT('Ctrl Pts',(14.9275985910293,2.6269084994659,7.4));
#15848=CARTESIAN_POINT('Ctrl Pts',(15.0544063695454,2.63243447473739,7.4));
#15849=CARTESIAN_POINT('Ctrl Pts',(15.116958657279,2.63516035164522,7.4));
#15850=CARTESIAN_POINT('Ctrl Pts',(14.4050956163549,2.38657292212175,7.6));
#15851=CARTESIAN_POINT('Ctrl Pts',(14.4050956163549,2.38657292212175,7.4));
#15852=CARTESIAN_POINT('Ctrl Pts',(14.4568371529188,2.42547618018002,7.6));
#15853=CARTESIAN_POINT('Ctrl Pts',(14.4568371529188,2.42547618018002,7.4));
#15854=CARTESIAN_POINT('Ctrl Pts',(14.5609474655236,2.50375430307252,7.6));
#15855=CARTESIAN_POINT('Ctrl Pts',(14.5609474655236,2.50375430307252,7.4));
#15856=CARTESIAN_POINT('Ctrl Pts',(14.6827905648448,2.5498346059741,7.6));
#15857=CARTESIAN_POINT('Ctrl Pts',(14.6827905648448,2.5498346059741,7.4));
#15858=CARTESIAN_POINT('Ctrl Pts',(14.7440791521215,2.57301356877016,7.6));
#15859=CARTESIAN_POINT('Ctrl Pts',(14.7440791521215,2.57301356877016,7.4));
#15860=CARTESIAN_POINT('',(14.4050956163549,2.38657292212175,7.6));
#15861=CARTESIAN_POINT('Ctrl Pts',(14.4050956163549,2.38657292212175,7.6));
#15862=CARTESIAN_POINT('Ctrl Pts',(14.4568371529188,2.42547618018002,7.6));
#15863=CARTESIAN_POINT('Ctrl Pts',(14.5609474655236,2.50375430307252,7.6));
#15864=CARTESIAN_POINT('Ctrl Pts',(14.6827905648448,2.5498346059741,7.6));
#15865=CARTESIAN_POINT('Ctrl Pts',(14.7440791521215,2.57301356877016,7.6));
#15866=CARTESIAN_POINT('',(14.4050956163549,2.38657292212175,7.4));
#15867=CARTESIAN_POINT('',(14.4050956163549,2.38657292212175,7.6));
#15868=CARTESIAN_POINT('Ctrl Pts',(14.4050956163549,2.38657292212175,7.4));
#15869=CARTESIAN_POINT('Ctrl Pts',(14.4568371529188,2.42547618018002,7.4));
#15870=CARTESIAN_POINT('Ctrl Pts',(14.5609474655236,2.50375430307252,7.4));
#15871=CARTESIAN_POINT('Ctrl Pts',(14.6827905648448,2.5498346059741,7.4));
#15872=CARTESIAN_POINT('Ctrl Pts',(14.7440791521215,2.57301356877016,7.4));
#15873=CARTESIAN_POINT('Ctrl Pts',(14.1593313608313,2.07301344956087,7.6));
#15874=CARTESIAN_POINT('Ctrl Pts',(14.1593313608313,2.07301344956087,7.4));
#15875=CARTESIAN_POINT('Ctrl Pts',(14.1925507707101,2.13241554134483,7.6));
#15876=CARTESIAN_POINT('Ctrl Pts',(14.1925507707101,2.13241554134483,7.4));
#15877=CARTESIAN_POINT('Ctrl Pts',(14.258167353544,2.24974942205685,7.6));
#15878=CARTESIAN_POINT('Ctrl Pts',(14.258167353544,2.24974942205685,7.4));
#15879=CARTESIAN_POINT('Ctrl Pts',(14.3565303889136,2.34134769266047,7.6));
#15880=CARTESIAN_POINT('Ctrl Pts',(14.3565303889136,2.34134769266047,7.4));
#15881=CARTESIAN_POINT('Ctrl Pts',(14.4050956163549,2.38657292212175,7.6));
#15882=CARTESIAN_POINT('Ctrl Pts',(14.4050956163549,2.38657292212175,7.4));
#15883=CARTESIAN_POINT('',(14.1593313608313,2.07301344956087,7.6));
#15884=CARTESIAN_POINT('Ctrl Pts',(14.1593313608313,2.07301344956087,7.6));
#15885=CARTESIAN_POINT('Ctrl Pts',(14.1925507707101,2.13241554134483,7.6));
#15886=CARTESIAN_POINT('Ctrl Pts',(14.258167353544,2.24974942205685,7.6));
#15887=CARTESIAN_POINT('Ctrl Pts',(14.3565303889136,2.34134769266047,7.6));
#15888=CARTESIAN_POINT('Ctrl Pts',(14.4050956163549,2.38657292212175,7.6));
#15889=CARTESIAN_POINT('',(14.1593313608313,2.07301344956087,7.4));
#15890=CARTESIAN_POINT('',(14.1593313608313,2.07301344956087,7.6));
#15891=CARTESIAN_POINT('Ctrl Pts',(14.1593313608313,2.07301344956087,7.4));
#15892=CARTESIAN_POINT('Ctrl Pts',(14.1925507707101,2.13241554134483,7.4));
#15893=CARTESIAN_POINT('Ctrl Pts',(14.258167353544,2.24974942205685,7.4));
#15894=CARTESIAN_POINT('Ctrl Pts',(14.3565303889136,2.34134769266047,7.4));
#15895=CARTESIAN_POINT('Ctrl Pts',(14.4050956163549,2.38657292212175,7.4));
#15896=CARTESIAN_POINT('Ctrl Pts',(14.0661120805883,1.63516041124987,7.6));
#15897=CARTESIAN_POINT('Ctrl Pts',(14.0661120805883,1.63516041124987,7.4));
#15898=CARTESIAN_POINT('Ctrl Pts',(14.0691830532517,1.71457838249915,7.6));
#15899=CARTESIAN_POINT('Ctrl Pts',(14.0691830532517,1.71457838249915,7.4));
#15900=CARTESIAN_POINT('Ctrl Pts',(14.0750401672079,1.86604834292009,7.6));
#15901=CARTESIAN_POINT('Ctrl Pts',(14.0750401672079,1.86604834292009,7.4));
#15902=CARTESIAN_POINT('Ctrl Pts',(14.1321602119518,2.00629853565746,7.6));
#15903=CARTESIAN_POINT('Ctrl Pts',(14.1321602119518,2.00629853565746,7.4));
#15904=CARTESIAN_POINT('Ctrl Pts',(14.1593313608313,2.07301344956087,7.6));
#15905=CARTESIAN_POINT('Ctrl Pts',(14.1593313608313,2.07301344956087,7.4));
#15906=CARTESIAN_POINT('',(14.0661120805883,1.63516041124987,7.6));
#15907=CARTESIAN_POINT('Ctrl Pts',(14.0661120805883,1.63516041124987,7.6));
#15908=CARTESIAN_POINT('Ctrl Pts',(14.0691830532517,1.71457838249915,7.6));
#15909=CARTESIAN_POINT('Ctrl Pts',(14.0750401672079,1.86604834292009,7.6));
#15910=CARTESIAN_POINT('Ctrl Pts',(14.1321602119518,2.00629853565746,7.6));
#15911=CARTESIAN_POINT('Ctrl Pts',(14.1593313608313,2.07301344956087,7.6));
#15912=CARTESIAN_POINT('',(14.0661120805883,1.63516041124987,7.4));
#15913=CARTESIAN_POINT('',(14.0661120805883,1.63516041124987,7.6));
#15914=CARTESIAN_POINT('Ctrl Pts',(14.0661120805883,1.63516041124987,7.4));
#15915=CARTESIAN_POINT('Ctrl Pts',(14.0691830532517,1.71457838249915,7.4));
#15916=CARTESIAN_POINT('Ctrl Pts',(14.0750401672079,1.86604834292009,7.4));
#15917=CARTESIAN_POINT('Ctrl Pts',(14.1321602119518,2.00629853565746,7.4));
#15918=CARTESIAN_POINT('Ctrl Pts',(14.1593313608313,2.07301344956087,7.4));
#15919=CARTESIAN_POINT('Ctrl Pts',(14.1593313608313,1.20013203705477,7.6));
#15920=CARTESIAN_POINT('Ctrl Pts',(14.1593313608313,1.20013203705477,7.4));
#15921=CARTESIAN_POINT('Ctrl Pts',(14.1321582180483,1.26660718326069,7.6));
#15922=CARTESIAN_POINT('Ctrl Pts',(14.1321582180483,1.26660718326069,7.4));
#15923=CARTESIAN_POINT('Ctrl Pts',(14.0752084997575,1.40592639561693,7.6));
#15924=CARTESIAN_POINT('Ctrl Pts',(14.0752084997575,1.40592639561693,7.4));
#15925=CARTESIAN_POINT('Ctrl Pts',(14.0692352419778,1.55645528415996,7.6));
#15926=CARTESIAN_POINT('Ctrl Pts',(14.0692352419778,1.55645528415996,7.4));
#15927=CARTESIAN_POINT('Ctrl Pts',(14.0661120805883,1.63516041124987,7.6));
#15928=CARTESIAN_POINT('Ctrl Pts',(14.0661120805883,1.63516041124987,7.4));
#15929=CARTESIAN_POINT('',(14.1593313608313,1.20013203705477,7.6));
#15930=CARTESIAN_POINT('Ctrl Pts',(14.1593313608313,1.20013203705477,7.6));
#15931=CARTESIAN_POINT('Ctrl Pts',(14.1321582180483,1.26660718326069,7.6));
#15932=CARTESIAN_POINT('Ctrl Pts',(14.0752084997575,1.40592639561693,7.6));
#15933=CARTESIAN_POINT('Ctrl Pts',(14.0692352419778,1.55645528415996,7.6));
#15934=CARTESIAN_POINT('Ctrl Pts',(14.0661120805883,1.63516041124987,7.6));
#15935=CARTESIAN_POINT('',(14.1593313608313,1.20013203705477,7.4));
#15936=CARTESIAN_POINT('',(14.1593313608313,1.20013203705477,7.6));
#15937=CARTESIAN_POINT('Ctrl Pts',(14.1593313608313,1.20013203705477,7.4));
#15938=CARTESIAN_POINT('Ctrl Pts',(14.1321582180483,1.26660718326069,7.4));
#15939=CARTESIAN_POINT('Ctrl Pts',(14.0752084997575,1.40592639561693,7.4));
#15940=CARTESIAN_POINT('Ctrl Pts',(14.0692352419778,1.55645528415996,7.4));
#15941=CARTESIAN_POINT('Ctrl Pts',(14.0661120805883,1.63516041124987,7.4));
#15942=CARTESIAN_POINT('Ctrl Pts',(14.4050956163549,0.886572713505496,7.6));
#15943=CARTESIAN_POINT('Ctrl Pts',(14.4050956163549,0.886572713505496,7.4));
#15944=CARTESIAN_POINT('Ctrl Pts',(14.3564507988295,0.931261636302678,7.6));
#15945=CARTESIAN_POINT('Ctrl Pts',(14.3564507988295,0.931261636302678,7.4));
#15946=CARTESIAN_POINT('Ctrl Pts',(14.2573743432169,1.02228099460487,7.6));
#15947=CARTESIAN_POINT('Ctrl Pts',(14.2573743432169,1.02228099460487,7.4));
#15948=CARTESIAN_POINT('Ctrl Pts',(14.1924029363046,1.14013983740654,7.6));
#15949=CARTESIAN_POINT('Ctrl Pts',(14.1924029363046,1.14013983740654,7.4));
#15950=CARTESIAN_POINT('Ctrl Pts',(14.1593313608313,1.20013203705477,7.6));
#15951=CARTESIAN_POINT('Ctrl Pts',(14.1593313608313,1.20013203705477,7.4));
#15952=CARTESIAN_POINT('',(14.4050956163549,0.886572713505496,7.6));
#15953=CARTESIAN_POINT('Ctrl Pts',(14.4050956163549,0.886572713505496,7.6));
#15954=CARTESIAN_POINT('Ctrl Pts',(14.3564507988295,0.931261636302678,7.6));
#15955=CARTESIAN_POINT('Ctrl Pts',(14.2573743432169,1.02228099460487,7.6));
#15956=CARTESIAN_POINT('Ctrl Pts',(14.1924029363046,1.14013983740654,7.6));
#15957=CARTESIAN_POINT('Ctrl Pts',(14.1593313608313,1.20013203705477,7.6));
#15958=CARTESIAN_POINT('',(14.4050956163549,0.886572713505496,7.4));
#15959=CARTESIAN_POINT('',(14.4050956163549,0.886572713505496,7.6));
#15960=CARTESIAN_POINT('Ctrl Pts',(14.4050956163549,0.886572713505496,7.4));
#15961=CARTESIAN_POINT('Ctrl Pts',(14.3564507988295,0.931261636302678,7.4));
#15962=CARTESIAN_POINT('Ctrl Pts',(14.2573743432169,1.02228099460487,7.4));
#15963=CARTESIAN_POINT('Ctrl Pts',(14.1924029363046,1.14013983740654,7.4));
#15964=CARTESIAN_POINT('Ctrl Pts',(14.1593313608313,1.20013203705477,7.4));
#15965=CARTESIAN_POINT('Ctrl Pts',(14.7440791521215,0.697307253729571,7.6));
#15966=CARTESIAN_POINT('Ctrl Pts',(14.7440791521215,0.697307253729571,7.4));
#15967=CARTESIAN_POINT('Ctrl Pts',(14.6827299621032,0.720652300953103,7.6));
#15968=CARTESIAN_POINT('Ctrl Pts',(14.6827299621032,0.720652300953103,7.4));
#15969=CARTESIAN_POINT('Ctrl Pts',(14.5604772533898,0.767172805254269,7.6));
#15970=CARTESIAN_POINT('Ctrl Pts',(14.5604772533898,0.767172805254269,7.4));
#15971=CARTESIAN_POINT('Ctrl Pts',(14.4567634660913,0.846869588761865,7.6));
#15972=CARTESIAN_POINT('Ctrl Pts',(14.4567634660913,0.846869588761865,7.4));
#15973=CARTESIAN_POINT('Ctrl Pts',(14.4050956163549,0.886572713505496,7.6));
#15974=CARTESIAN_POINT('Ctrl Pts',(14.4050956163549,0.886572713505496,7.4));
#15975=CARTESIAN_POINT('',(14.7440791521215,0.697307253729571,7.6));
#15976=CARTESIAN_POINT('Ctrl Pts',(14.7440791521215,0.697307253729571,7.6));
#15977=CARTESIAN_POINT('Ctrl Pts',(14.6827299621032,0.720652300953103,7.6));
#15978=CARTESIAN_POINT('Ctrl Pts',(14.5604772533898,0.767172805254269,7.6));
#15979=CARTESIAN_POINT('Ctrl Pts',(14.4567634660913,0.846869588761865,7.6));
#15980=CARTESIAN_POINT('Ctrl Pts',(14.4050956163549,0.886572713505496,7.6));
#15981=CARTESIAN_POINT('',(14.7440791521215,0.697307253729571,7.4));
#15982=CARTESIAN_POINT('',(14.7440791521215,0.697307253729571,7.6));
#15983=CARTESIAN_POINT('Ctrl Pts',(14.7440791521215,0.697307253729571,7.4));
#15984=CARTESIAN_POINT('Ctrl Pts',(14.6827299621032,0.720652300953103,7.4));
#15985=CARTESIAN_POINT('Ctrl Pts',(14.5604772533898,0.767172805254269,7.4));
#15986=CARTESIAN_POINT('Ctrl Pts',(14.4567634660913,0.846869588761865,7.4));
#15987=CARTESIAN_POINT('Ctrl Pts',(14.4050956163549,0.886572713505496,7.4));
#15988=CARTESIAN_POINT('Ctrl Pts',(15.116958657279,0.635160321842898,7.6));
#15989=CARTESIAN_POINT('Ctrl Pts',(15.116958657279,0.635160321842898,7.4));
#15990=CARTESIAN_POINT('Ctrl Pts',(15.0544063630371,0.637886115176674,7.6));
#15991=CARTESIAN_POINT('Ctrl Pts',(15.0544063630371,0.637886115176674,7.4));
#15992=CARTESIAN_POINT('Ctrl Pts',(14.9275985429097,0.643411922262778,7.6));
#15993=CARTESIAN_POINT('Ctrl Pts',(14.9275985429097,0.643411922262778,7.4));
#15994=CARTESIAN_POINT('Ctrl Pts',(14.8057976094361,0.679181993503369,7.6));
#15995=CARTESIAN_POINT('Ctrl Pts',(14.8057976094361,0.679181993503369,7.4));
#15996=CARTESIAN_POINT('Ctrl Pts',(14.7440791521215,0.697307253729571,7.6));
#15997=CARTESIAN_POINT('Ctrl Pts',(14.7440791521215,0.697307253729571,7.4));
#15998=CARTESIAN_POINT('',(15.116958657279,0.635160321842898,7.6));
#15999=CARTESIAN_POINT('Ctrl Pts',(15.116958657279,0.635160321842898,7.6));
#16000=CARTESIAN_POINT('Ctrl Pts',(15.0544063630371,0.637886115176674,7.6));
#16001=CARTESIAN_POINT('Ctrl Pts',(14.9275985429097,0.643411922262778,7.6));
#16002=CARTESIAN_POINT('Ctrl Pts',(14.8057976094361,0.679181993503369,7.6));
#16003=CARTESIAN_POINT('Ctrl Pts',(14.7440791521215,0.697307253729571,7.6));
#16004=CARTESIAN_POINT('',(15.116958657279,0.635160321842898,7.4));
#16005=CARTESIAN_POINT('',(15.116958657279,0.635160321842898,7.6));
#16006=CARTESIAN_POINT('Ctrl Pts',(15.116958657279,0.635160321842898,7.4));
#16007=CARTESIAN_POINT('Ctrl Pts',(15.0544063630371,0.637886115176674,7.4));
#16008=CARTESIAN_POINT('Ctrl Pts',(14.9275985429097,0.643411922262778,7.4));
#16009=CARTESIAN_POINT('Ctrl Pts',(14.8057976094361,0.679181993503369,7.4));
#16010=CARTESIAN_POINT('Ctrl Pts',(14.7440791521215,0.697307253729571,7.4));
#16011=CARTESIAN_POINT('Origin',(15.7808018121862,0.635160321842898,7.6));
#16012=CARTESIAN_POINT('',(15.7808018121862,0.635160321842898,7.6));
#16013=CARTESIAN_POINT('',(17.925023027713,0.635160321842898,7.6));
#16014=CARTESIAN_POINT('',(15.7808018121862,0.635160321842898,7.4));
#16015=CARTESIAN_POINT('',(15.7808018121862,0.635160321842898,7.6));
#16016=CARTESIAN_POINT('',(15.7808018121862,0.635160321842898,7.4));
#16017=CARTESIAN_POINT('Origin',(15.7808018121862,2.63516035164522,7.6));
#16018=CARTESIAN_POINT('',(15.7808018121862,14.7011597844204,7.6));
#16019=CARTESIAN_POINT('',(15.7808018121862,2.63516035164522,7.4));
#16020=CARTESIAN_POINT('Origin',(19.6861677262926,1.65210951353239,7.4));
#16021=CARTESIAN_POINT('Ctrl Pts',(17.2836256418371,2.34702464426683,7.6));
#16022=CARTESIAN_POINT('Ctrl Pts',(17.2836256418371,2.34702464426683,7.4));
#16023=CARTESIAN_POINT('Ctrl Pts',(17.2631799747686,2.32218601348726,7.6));
#16024=CARTESIAN_POINT('Ctrl Pts',(17.2631799747686,2.32218601348726,7.4));
#16025=CARTESIAN_POINT('Ctrl Pts',(17.2216509713468,2.27173407278108,7.6));
#16026=CARTESIAN_POINT('Ctrl Pts',(17.2216509713468,2.27173407278108,7.4));
#16027=CARTESIAN_POINT('Ctrl Pts',(17.1971794695832,2.21112698506943,7.6));
#16028=CARTESIAN_POINT('Ctrl Pts',(17.1971794695832,2.21112698506943,7.4));
#16029=CARTESIAN_POINT('Ctrl Pts',(17.1847558412695,2.18035813654589,7.6));
#16030=CARTESIAN_POINT('Ctrl Pts',(17.1847558412695,2.18035813654589,7.4));
#16031=CARTESIAN_POINT('',(17.2836256418371,2.34702464426683,7.6));
#16032=CARTESIAN_POINT('',(17.1847558412695,2.18035813654589,7.6));
#16033=CARTESIAN_POINT('Ctrl Pts',(17.2836256418371,2.34702464426683,7.6));
#16034=CARTESIAN_POINT('Ctrl Pts',(17.2631799747686,2.32218601348726,7.6));
#16035=CARTESIAN_POINT('Ctrl Pts',(17.2216509713468,2.27173407278108,7.6));
#16036=CARTESIAN_POINT('Ctrl Pts',(17.1971794695832,2.21112698506943,7.6));
#16037=CARTESIAN_POINT('Ctrl Pts',(17.1847558412695,2.18035813654589,7.6));
#16038=CARTESIAN_POINT('',(17.2836256418371,2.34702464426683,7.4));
#16039=CARTESIAN_POINT('',(17.2836256418371,2.34702464426683,7.6));
#16040=CARTESIAN_POINT('',(17.1847558412695,2.18035813654589,7.4));
#16041=CARTESIAN_POINT('Ctrl Pts',(17.2836256418371,2.34702464426683,7.4));
#16042=CARTESIAN_POINT('Ctrl Pts',(17.2631799747686,2.32218601348726,7.4));
#16043=CARTESIAN_POINT('Ctrl Pts',(17.2216509713468,2.27173407278108,7.4));
#16044=CARTESIAN_POINT('Ctrl Pts',(17.1971794695832,2.21112698506943,7.4));
#16045=CARTESIAN_POINT('Ctrl Pts',(17.1847558412695,2.18035813654589,7.4));
#16046=CARTESIAN_POINT('',(17.1847558412695,2.18035813654589,7.6));
#16047=CARTESIAN_POINT('Ctrl Pts',(17.4418187532568,2.46001895750688,7.6));
#16048=CARTESIAN_POINT('Ctrl Pts',(17.4418187532568,2.46001895750688,7.4));
#16049=CARTESIAN_POINT('Ctrl Pts',(17.412109629699,2.44492062262467,7.6));
#16050=CARTESIAN_POINT('Ctrl Pts',(17.412109629699,2.44492062262467,7.4));
#16051=CARTESIAN_POINT('Ctrl Pts',(17.3536689773073,2.41522077170751,7.6));
#16052=CARTESIAN_POINT('Ctrl Pts',(17.3536689773073,2.41522077170751,7.4));
#16053=CARTESIAN_POINT('Ctrl Pts',(17.30671158605,2.36950175765755,7.6));
#16054=CARTESIAN_POINT('Ctrl Pts',(17.30671158605,2.36950175765755,7.4));
#16055=CARTESIAN_POINT('Ctrl Pts',(17.2836256418371,2.34702464426683,7.6));
#16056=CARTESIAN_POINT('Ctrl Pts',(17.2836256418371,2.34702464426683,7.4));
#16057=CARTESIAN_POINT('',(17.4418187532568,2.46001895750688,7.6));
#16058=CARTESIAN_POINT('Ctrl Pts',(17.4418187532568,2.46001895750688,7.6));
#16059=CARTESIAN_POINT('Ctrl Pts',(17.412109629699,2.44492062262467,7.6));
#16060=CARTESIAN_POINT('Ctrl Pts',(17.3536689773073,2.41522077170751,7.6));
#16061=CARTESIAN_POINT('Ctrl Pts',(17.30671158605,2.36950175765755,7.6));
#16062=CARTESIAN_POINT('Ctrl Pts',(17.2836256418371,2.34702464426683,7.6));
#16063=CARTESIAN_POINT('',(17.4418187532568,2.46001895750688,7.4));
#16064=CARTESIAN_POINT('',(17.4418187532568,2.46001895750688,7.6));
#16065=CARTESIAN_POINT('Ctrl Pts',(17.4418187532568,2.46001895750688,7.4));
#16066=CARTESIAN_POINT('Ctrl Pts',(17.412109629699,2.44492062262467,7.4));
#16067=CARTESIAN_POINT('Ctrl Pts',(17.3536689773073,2.41522077170751,7.4));
#16068=CARTESIAN_POINT('Ctrl Pts',(17.30671158605,2.36950175765755,7.4));
#16069=CARTESIAN_POINT('Ctrl Pts',(17.2836256418371,2.34702464426683,7.4));
#16070=CARTESIAN_POINT('Ctrl Pts',(17.6480329427862,2.4995672353618,7.6));
#16071=CARTESIAN_POINT('Ctrl Pts',(17.6480329427862,2.4995672353618,7.4));
#16072=CARTESIAN_POINT('Ctrl Pts',(17.6111647510302,2.49820899147566,7.6));
#16073=CARTESIAN_POINT('Ctrl Pts',(17.6111647510302,2.49820899147566,7.4));
#16074=CARTESIAN_POINT('Ctrl Pts',(17.5403516476679,2.49560019890624,7.6));
#16075=CARTESIAN_POINT('Ctrl Pts',(17.5403516476679,2.49560019890624,7.4));
#16076=CARTESIAN_POINT('Ctrl Pts',(17.473746528827,2.47154840558305,7.6));
#16077=CARTESIAN_POINT('Ctrl Pts',(17.473746528827,2.47154840558305,7.4));
#16078=CARTESIAN_POINT('Ctrl Pts',(17.4418187532568,2.46001895750688,7.6));
#16079=CARTESIAN_POINT('Ctrl Pts',(17.4418187532568,2.46001895750688,7.4));
#16080=CARTESIAN_POINT('',(17.6480329427862,2.4995672353618,7.6));
#16081=CARTESIAN_POINT('Ctrl Pts',(17.6480329427862,2.4995672353618,7.6));
#16082=CARTESIAN_POINT('Ctrl Pts',(17.6111647510302,2.49820899147566,7.6));
#16083=CARTESIAN_POINT('Ctrl Pts',(17.5403516476679,2.49560019890624,7.6));
#16084=CARTESIAN_POINT('Ctrl Pts',(17.473746528827,2.47154840558305,7.6));
#16085=CARTESIAN_POINT('Ctrl Pts',(17.4418187532568,2.46001895750688,7.6));
#16086=CARTESIAN_POINT('',(17.6480329427862,2.4995672353618,7.4));
#16087=CARTESIAN_POINT('',(17.6480329427862,2.4995672353618,7.6));
#16088=CARTESIAN_POINT('Ctrl Pts',(17.6480329427862,2.4995672353618,7.4));
#16089=CARTESIAN_POINT('Ctrl Pts',(17.6111647510302,2.49820899147566,7.4));
#16090=CARTESIAN_POINT('Ctrl Pts',(17.5403516476679,2.49560019890624,7.4));
#16091=CARTESIAN_POINT('Ctrl Pts',(17.473746528827,2.47154840558305,7.4));
#16092=CARTESIAN_POINT('Ctrl Pts',(17.4418187532568,2.46001895750688,7.4));
#16093=CARTESIAN_POINT('Ctrl Pts',(17.857072392478,2.46001895750688,7.6));
#16094=CARTESIAN_POINT('Ctrl Pts',(17.857072392478,2.46001895750688,7.4));
#16095=CARTESIAN_POINT('Ctrl Pts',(17.8244327908994,2.47154999505829,7.6));
#16096=CARTESIAN_POINT('Ctrl Pts',(17.8244327908994,2.47154999505829,7.4));
#16097=CARTESIAN_POINT('Ctrl Pts',(17.7568170626411,2.49543752627503,7.6));
#16098=CARTESIAN_POINT('Ctrl Pts',(17.7568170626411,2.49543752627503,7.4));
#16099=CARTESIAN_POINT('Ctrl Pts',(17.6851201672943,2.49815931435037,7.6));
#16100=CARTESIAN_POINT('Ctrl Pts',(17.6851201672943,2.49815931435037,7.4));
#16101=CARTESIAN_POINT('Ctrl Pts',(17.6480329427862,2.4995672353618,7.6));
#16102=CARTESIAN_POINT('Ctrl Pts',(17.6480329427862,2.4995672353618,7.4));
#16103=CARTESIAN_POINT('',(17.857072392478,2.46001895750688,7.6));
#16104=CARTESIAN_POINT('Ctrl Pts',(17.857072392478,2.46001895750688,7.6));
#16105=CARTESIAN_POINT('Ctrl Pts',(17.8244327908994,2.47154999505829,7.6));
#16106=CARTESIAN_POINT('Ctrl Pts',(17.7568170626411,2.49543752627503,7.6));
#16107=CARTESIAN_POINT('Ctrl Pts',(17.6851201672943,2.49815931435037,7.6));
#16108=CARTESIAN_POINT('Ctrl Pts',(17.6480329427862,2.4995672353618,7.6));
#16109=CARTESIAN_POINT('',(17.857072392478,2.46001895750688,7.4));
#16110=CARTESIAN_POINT('',(17.857072392478,2.46001895750688,7.6));
#16111=CARTESIAN_POINT('Ctrl Pts',(17.857072392478,2.46001895750688,7.4));
#16112=CARTESIAN_POINT('Ctrl Pts',(17.8244327908994,2.47154999505829,7.4));
#16113=CARTESIAN_POINT('Ctrl Pts',(17.7568170626411,2.49543752627503,7.4));
#16114=CARTESIAN_POINT('Ctrl Pts',(17.6851201672943,2.49815931435037,7.4));
#16115=CARTESIAN_POINT('Ctrl Pts',(17.6480329427862,2.4995672353618,7.4));
#16116=CARTESIAN_POINT('Ctrl Pts',(18.0124402437353,2.34702464426683,7.6));
#16117=CARTESIAN_POINT('Ctrl Pts',(18.0124402437353,2.34702464426683,7.4));
#16118=CARTESIAN_POINT('Ctrl Pts',(17.9895733115457,2.36945831855857,7.6));
#16119=CARTESIAN_POINT('Ctrl Pts',(17.9895733115457,2.36945831855857,7.4));
#16120=CARTESIAN_POINT('Ctrl Pts',(17.9433693738059,2.41478683406093,7.6));
#16121=CARTESIAN_POINT('Ctrl Pts',(17.9433693738059,2.41478683406093,7.4));
#16122=CARTESIAN_POINT('Ctrl Pts',(17.8860324990991,2.44483966505033,7.6));
#16123=CARTESIAN_POINT('Ctrl Pts',(17.8860324990991,2.44483966505033,7.4));
#16124=CARTESIAN_POINT('Ctrl Pts',(17.857072392478,2.46001895750688,7.6));
#16125=CARTESIAN_POINT('Ctrl Pts',(17.857072392478,2.46001895750688,7.4));
#16126=CARTESIAN_POINT('',(18.0124402437353,2.34702464426683,7.6));
#16127=CARTESIAN_POINT('Ctrl Pts',(18.0124402437353,2.34702464426683,7.6));
#16128=CARTESIAN_POINT('Ctrl Pts',(17.9895733115457,2.36945831855857,7.6));
#16129=CARTESIAN_POINT('Ctrl Pts',(17.9433693738059,2.41478683406093,7.6));
#16130=CARTESIAN_POINT('Ctrl Pts',(17.8860324990991,2.44483966505033,7.6));
#16131=CARTESIAN_POINT('Ctrl Pts',(17.857072392478,2.46001895750688,7.6));
#16132=CARTESIAN_POINT('',(18.0124402437353,2.34702464426683,7.4));
#16133=CARTESIAN_POINT('',(18.0124402437353,2.34702464426683,7.6));
#16134=CARTESIAN_POINT('Ctrl Pts',(18.0124402437353,2.34702464426683,7.4));
#16135=CARTESIAN_POINT('Ctrl Pts',(17.9895733115457,2.36945831855857,7.4));
#16136=CARTESIAN_POINT('Ctrl Pts',(17.9433693738059,2.41478683406093,7.4));
#16137=CARTESIAN_POINT('Ctrl Pts',(17.8860324990991,2.44483966505033,7.4));
#16138=CARTESIAN_POINT('Ctrl Pts',(17.857072392478,2.46001895750688,7.4));
#16139=CARTESIAN_POINT('Ctrl Pts',(18.1113100443029,2.18035813654589,7.6));
#16140=CARTESIAN_POINT('Ctrl Pts',(18.1113100443029,2.18035813654589,7.4));
#16141=CARTESIAN_POINT('Ctrl Pts',(18.0982549771743,2.21103223386695,7.6));
#16142=CARTESIAN_POINT('Ctrl Pts',(18.0982549771743,2.21103223386695,7.4));
#16143=CARTESIAN_POINT('Ctrl Pts',(18.0727261403903,2.27101461590202,7.6));
#16144=CARTESIAN_POINT('Ctrl Pts',(18.0727261403903,2.27101461590202,7.4));
#16145=CARTESIAN_POINT('Ctrl Pts',(18.0322281598494,2.3220755243471,7.6));
#16146=CARTESIAN_POINT('Ctrl Pts',(18.0322281598494,2.3220755243471,7.4));
#16147=CARTESIAN_POINT('Ctrl Pts',(18.0124402437353,2.34702464426683,7.6));
#16148=CARTESIAN_POINT('Ctrl Pts',(18.0124402437353,2.34702464426683,7.4));
#16149=CARTESIAN_POINT('',(18.1113100443029,2.18035813654589,7.6));
#16150=CARTESIAN_POINT('Ctrl Pts',(18.1113100443029,2.18035813654589,7.6));
#16151=CARTESIAN_POINT('Ctrl Pts',(18.0982549771743,2.21103223386695,7.6));
#16152=CARTESIAN_POINT('Ctrl Pts',(18.0727261403903,2.27101461590202,7.6));
#16153=CARTESIAN_POINT('Ctrl Pts',(18.0322281598494,2.3220755243471,7.6));
#16154=CARTESIAN_POINT('Ctrl Pts',(18.0124402437353,2.34702464426683,7.6));
#16155=CARTESIAN_POINT('',(18.1113100443029,2.18035813654589,7.4));
#16156=CARTESIAN_POINT('',(18.1113100443029,2.18035813654589,7.6));
#16157=CARTESIAN_POINT('Ctrl Pts',(18.1113100443029,2.18035813654589,7.4));
#16158=CARTESIAN_POINT('Ctrl Pts',(18.0982549771743,2.21103223386695,7.4));
#16159=CARTESIAN_POINT('Ctrl Pts',(18.0727261403903,2.27101461590202,7.4));
#16160=CARTESIAN_POINT('Ctrl Pts',(18.0322281598494,2.3220755243471,7.4));
#16161=CARTESIAN_POINT('Ctrl Pts',(18.0124402437353,2.34702464426683,7.4));
#16162=CARTESIAN_POINT('Ctrl Pts',(18.1452083978796,1.97414335097002,7.6));
#16163=CARTESIAN_POINT('Ctrl Pts',(18.1452083978796,1.97414335097002,7.4));
#16164=CARTESIAN_POINT('Ctrl Pts',(18.1439126832463,2.0099435852695,7.6));
#16165=CARTESIAN_POINT('Ctrl Pts',(18.1439126832463,2.0099435852695,7.4));
#16166=CARTESIAN_POINT('Ctrl Pts',(18.1413721756006,2.08013710366892,7.6));
#16167=CARTESIAN_POINT('Ctrl Pts',(18.1413721756006,2.08013710366892,7.4));
#16168=CARTESIAN_POINT('Ctrl Pts',(18.1211959514888,2.14740053220046,7.6));
#16169=CARTESIAN_POINT('Ctrl Pts',(18.1211959514888,2.14740053220046,7.4));
#16170=CARTESIAN_POINT('Ctrl Pts',(18.1113100443029,2.18035813654589,7.6));
#16171=CARTESIAN_POINT('Ctrl Pts',(18.1113100443029,2.18035813654589,7.4));
#16172=CARTESIAN_POINT('',(18.1452083978796,1.97414335097002,7.6));
#16173=CARTESIAN_POINT('Ctrl Pts',(18.1452083978796,1.97414335097002,7.6));
#16174=CARTESIAN_POINT('Ctrl Pts',(18.1439126832463,2.0099435852695,7.6));
#16175=CARTESIAN_POINT('Ctrl Pts',(18.1413721756006,2.08013710366892,7.6));
#16176=CARTESIAN_POINT('Ctrl Pts',(18.1211959514888,2.14740053220046,7.6));
#16177=CARTESIAN_POINT('Ctrl Pts',(18.1113100443029,2.18035813654589,7.6));
#16178=CARTESIAN_POINT('',(18.1452083978796,1.97414335097002,7.4));
#16179=CARTESIAN_POINT('',(18.1452083978796,1.97414335097002,7.6));
#16180=CARTESIAN_POINT('Ctrl Pts',(18.1452083978796,1.97414335097002,7.4));
#16181=CARTESIAN_POINT('Ctrl Pts',(18.1439126832463,2.0099435852695,7.4));
#16182=CARTESIAN_POINT('Ctrl Pts',(18.1413721756006,2.08013710366892,7.4));
#16183=CARTESIAN_POINT('Ctrl Pts',(18.1211959514888,2.14740053220046,7.4));
#16184=CARTESIAN_POINT('Ctrl Pts',(18.1113100443029,2.18035813654589,7.4));
#16185=CARTESIAN_POINT('Ctrl Pts',(18.1113100443029,1.76792871440576,7.6));
#16186=CARTESIAN_POINT('Ctrl Pts',(18.1113100443029,1.76792871440576,7.4));
#16187=CARTESIAN_POINT('Ctrl Pts',(18.121195951565,1.80088631865849,7.6));
#16188=CARTESIAN_POINT('Ctrl Pts',(18.121195951565,1.80088631865849,7.4));
#16189=CARTESIAN_POINT('Ctrl Pts',(18.1413721615436,1.86814969936437,7.6));
#16190=CARTESIAN_POINT('Ctrl Pts',(18.1413721615436,1.86814969936437,7.4));
#16191=CARTESIAN_POINT('Ctrl Pts',(18.1439126790822,1.93834316694621,7.6));
#16192=CARTESIAN_POINT('Ctrl Pts',(18.1439126790822,1.93834316694621,7.4));
#16193=CARTESIAN_POINT('Ctrl Pts',(18.1452083978796,1.97414335097002,7.6));
#16194=CARTESIAN_POINT('Ctrl Pts',(18.1452083978796,1.97414335097002,7.4));
#16195=CARTESIAN_POINT('',(18.1113100443029,1.76792871440576,7.6));
#16196=CARTESIAN_POINT('Ctrl Pts',(18.1113100443029,1.76792871440576,7.6));
#16197=CARTESIAN_POINT('Ctrl Pts',(18.121195951565,1.80088631865849,7.6));
#16198=CARTESIAN_POINT('Ctrl Pts',(18.1413721615436,1.86814969936437,7.6));
#16199=CARTESIAN_POINT('Ctrl Pts',(18.1439126790822,1.93834316694621,7.6));
#16200=CARTESIAN_POINT('Ctrl Pts',(18.1452083978796,1.97414335097002,7.6));
#16201=CARTESIAN_POINT('',(18.1113100443029,1.76792871440576,7.4));
#16202=CARTESIAN_POINT('',(18.1113100443029,1.76792871440576,7.6));
#16203=CARTESIAN_POINT('Ctrl Pts',(18.1113100443029,1.76792871440576,7.4));
#16204=CARTESIAN_POINT('Ctrl Pts',(18.121195951565,1.80088631865849,7.4));
#16205=CARTESIAN_POINT('Ctrl Pts',(18.1413721615436,1.86814969936437,7.4));
#16206=CARTESIAN_POINT('Ctrl Pts',(18.1439126790822,1.93834316694621,7.4));
#16207=CARTESIAN_POINT('Ctrl Pts',(18.1452083978796,1.97414335097002,7.4));
#16208=CARTESIAN_POINT('Ctrl Pts',(18.0124402437353,1.60126205767321,7.6));
#16209=CARTESIAN_POINT('Ctrl Pts',(18.0124402437353,1.60126205767321,7.4));
#16210=CARTESIAN_POINT('Ctrl Pts',(18.0322281635521,1.62621117590955,7.6));
#16211=CARTESIAN_POINT('Ctrl Pts',(18.0322281635521,1.62621117590955,7.4));
#16212=CARTESIAN_POINT('Ctrl Pts',(18.072726179629,1.67727211615953,7.6));
#16213=CARTESIAN_POINT('Ctrl Pts',(18.072726179629,1.67727211615953,7.4));
#16214=CARTESIAN_POINT('Ctrl Pts',(18.0982549847533,1.73725456347047,7.6));
#16215=CARTESIAN_POINT('Ctrl Pts',(18.0982549847533,1.73725456347047,7.4));
#16216=CARTESIAN_POINT('Ctrl Pts',(18.1113100443029,1.76792871440576,7.6));
#16217=CARTESIAN_POINT('Ctrl Pts',(18.1113100443029,1.76792871440576,7.4));
#16218=CARTESIAN_POINT('',(18.0124402437353,1.60126205767321,7.6));
#16219=CARTESIAN_POINT('Ctrl Pts',(18.0124402437353,1.60126205767321,7.6));
#16220=CARTESIAN_POINT('Ctrl Pts',(18.0322281635521,1.62621117590955,7.6));
#16221=CARTESIAN_POINT('Ctrl Pts',(18.072726179629,1.67727211615953,7.6));
#16222=CARTESIAN_POINT('Ctrl Pts',(18.0982549847533,1.73725456347047,7.6));
#16223=CARTESIAN_POINT('Ctrl Pts',(18.1113100443029,1.76792871440576,7.6));
#16224=CARTESIAN_POINT('',(18.0124402437353,1.60126205767321,7.4));
#16225=CARTESIAN_POINT('',(18.0124402437353,1.60126205767321,7.6));
#16226=CARTESIAN_POINT('Ctrl Pts',(18.0124402437353,1.60126205767321,7.4));
#16227=CARTESIAN_POINT('Ctrl Pts',(18.0322281635521,1.62621117590955,7.4));
#16228=CARTESIAN_POINT('Ctrl Pts',(18.072726179629,1.67727211615953,7.4));
#16229=CARTESIAN_POINT('Ctrl Pts',(18.0982549847533,1.73725456347047,7.4));
#16230=CARTESIAN_POINT('Ctrl Pts',(18.1113100443029,1.76792871440576,7.4));
#16231=CARTESIAN_POINT('Ctrl Pts',(17.857072392478,1.49109255756067,7.6));
#16232=CARTESIAN_POINT('Ctrl Pts',(17.857072392478,1.49109255756067,7.4));
#16233=CARTESIAN_POINT('Ctrl Pts',(17.8860661412226,1.50548433736632,7.6));
#16234=CARTESIAN_POINT('Ctrl Pts',(17.8860661412226,1.50548433736632,7.4));
#16235=CARTESIAN_POINT('Ctrl Pts',(17.9436401079097,1.53406263051482,7.6));
#16236=CARTESIAN_POINT('Ctrl Pts',(17.9436401079097,1.53406263051482,7.4));
#16237=CARTESIAN_POINT('Ctrl Pts',(17.9896169428728,1.57896976529004,7.6));
#16238=CARTESIAN_POINT('Ctrl Pts',(17.9896169428728,1.57896976529004,7.4));
#16239=CARTESIAN_POINT('Ctrl Pts',(18.0124402437353,1.60126205767321,7.6));
#16240=CARTESIAN_POINT('Ctrl Pts',(18.0124402437353,1.60126205767321,7.4));
#16241=CARTESIAN_POINT('',(17.857072392478,1.49109255756067,7.6));
#16242=CARTESIAN_POINT('Ctrl Pts',(17.857072392478,1.49109255756067,7.6));
#16243=CARTESIAN_POINT('Ctrl Pts',(17.8860661412226,1.50548433736632,7.6));
#16244=CARTESIAN_POINT('Ctrl Pts',(17.9436401079097,1.53406263051482,7.6));
#16245=CARTESIAN_POINT('Ctrl Pts',(17.9896169428728,1.57896976529004,7.6));
#16246=CARTESIAN_POINT('Ctrl Pts',(18.0124402437353,1.60126205767321,7.6));
#16247=CARTESIAN_POINT('',(17.857072392478,1.49109255756067,7.4));
#16248=CARTESIAN_POINT('',(17.857072392478,1.49109255756067,7.6));
#16249=CARTESIAN_POINT('Ctrl Pts',(17.857072392478,1.49109255756067,7.4));
#16250=CARTESIAN_POINT('Ctrl Pts',(17.8860661412226,1.50548433736632,7.4));
#16251=CARTESIAN_POINT('Ctrl Pts',(17.9436401079097,1.53406263051482,7.4));
#16252=CARTESIAN_POINT('Ctrl Pts',(17.9896169428728,1.57896976529004,7.4));
#16253=CARTESIAN_POINT('Ctrl Pts',(18.0124402437353,1.60126205767321,7.4));
#16254=CARTESIAN_POINT('Ctrl Pts',(17.6480329427862,1.44871961558985,7.6));
#16255=CARTESIAN_POINT('Ctrl Pts',(17.6480329427862,1.44871961558985,7.4));
#16256=CARTESIAN_POINT('Ctrl Pts',(17.6851689977457,1.45024937022051,7.6));
#16257=CARTESIAN_POINT('Ctrl Pts',(17.6851689977457,1.45024937022051,7.4));
#16258=CARTESIAN_POINT('Ctrl Pts',(17.7571507547961,1.45321453241371,7.6));
#16259=CARTESIAN_POINT('Ctrl Pts',(17.7571507547961,1.45321453241371,7.4));
#16260=CARTESIAN_POINT('Ctrl Pts',(17.8244792778698,1.47873724750584,7.6));
#16261=CARTESIAN_POINT('Ctrl Pts',(17.8244792778698,1.47873724750584,7.4));
#16262=CARTESIAN_POINT('Ctrl Pts',(17.857072392478,1.49109255756067,7.6));
#16263=CARTESIAN_POINT('Ctrl Pts',(17.857072392478,1.49109255756067,7.4));
#16264=CARTESIAN_POINT('',(17.6480329427862,1.44871961558985,7.6));
#16265=CARTESIAN_POINT('Ctrl Pts',(17.6480329427862,1.44871961558985,7.6));
#16266=CARTESIAN_POINT('Ctrl Pts',(17.6851689977457,1.45024937022051,7.6));
#16267=CARTESIAN_POINT('Ctrl Pts',(17.7571507547961,1.45321453241371,7.6));
#16268=CARTESIAN_POINT('Ctrl Pts',(17.8244792778698,1.47873724750584,7.6));
#16269=CARTESIAN_POINT('Ctrl Pts',(17.857072392478,1.49109255756067,7.6));
#16270=CARTESIAN_POINT('',(17.6480329427862,1.44871961558985,7.4));
#16271=CARTESIAN_POINT('',(17.6480329427862,1.44871961558985,7.6));
#16272=CARTESIAN_POINT('Ctrl Pts',(17.6480329427862,1.44871961558985,7.4));
#16273=CARTESIAN_POINT('Ctrl Pts',(17.6851689977457,1.45024937022051,7.4));
#16274=CARTESIAN_POINT('Ctrl Pts',(17.7571507547961,1.45321453241371,7.4));
#16275=CARTESIAN_POINT('Ctrl Pts',(17.8244792778698,1.47873724750584,7.4));
#16276=CARTESIAN_POINT('Ctrl Pts',(17.857072392478,1.49109255756067,7.4));
#16277=CARTESIAN_POINT('Ctrl Pts',(17.4418187532568,1.49109255756067,7.6));
#16278=CARTESIAN_POINT('Ctrl Pts',(17.4418187532568,1.49109255756067,7.4));
#16279=CARTESIAN_POINT('Ctrl Pts',(17.4736992618876,1.47873880407853,7.6));
#16280=CARTESIAN_POINT('Ctrl Pts',(17.4736992618876,1.47873880407853,7.4));
#16281=CARTESIAN_POINT('Ctrl Pts',(17.540008363791,1.45304390980871,7.6));
#16282=CARTESIAN_POINT('Ctrl Pts',(17.540008363791,1.45304390980871,7.4));
#16283=CARTESIAN_POINT('Ctrl Pts',(17.6111139494822,1.45019750692528,7.6));
#16284=CARTESIAN_POINT('Ctrl Pts',(17.6111139494822,1.45019750692528,7.4));
#16285=CARTESIAN_POINT('Ctrl Pts',(17.6480329427862,1.44871961558985,7.6));
#16286=CARTESIAN_POINT('Ctrl Pts',(17.6480329427862,1.44871961558985,7.4));
#16287=CARTESIAN_POINT('',(17.4418187532568,1.49109255756067,7.6));
#16288=CARTESIAN_POINT('Ctrl Pts',(17.4418187532568,1.49109255756067,7.6));
#16289=CARTESIAN_POINT('Ctrl Pts',(17.4736992618876,1.47873880407853,7.6));
#16290=CARTESIAN_POINT('Ctrl Pts',(17.540008363791,1.45304390980871,7.6));
#16291=CARTESIAN_POINT('Ctrl Pts',(17.6111139494822,1.45019750692528,7.6));
#16292=CARTESIAN_POINT('Ctrl Pts',(17.6480329427862,1.44871961558985,7.6));
#16293=CARTESIAN_POINT('',(17.4418187532568,1.49109255756067,7.4));
#16294=CARTESIAN_POINT('',(17.4418187532568,1.49109255756067,7.6));
#16295=CARTESIAN_POINT('Ctrl Pts',(17.4418187532568,1.49109255756067,7.4));
#16296=CARTESIAN_POINT('Ctrl Pts',(17.4736992618876,1.47873880407853,7.4));
#16297=CARTESIAN_POINT('Ctrl Pts',(17.540008363791,1.45304390980871,7.4));
#16298=CARTESIAN_POINT('Ctrl Pts',(17.6111139494822,1.45019750692528,7.4));
#16299=CARTESIAN_POINT('Ctrl Pts',(17.6480329427862,1.44871961558985,7.4));
#16300=CARTESIAN_POINT('Ctrl Pts',(17.2836256418371,1.60126205767321,7.6));
#16301=CARTESIAN_POINT('Ctrl Pts',(17.2836256418371,1.60126205767321,7.4));
#16302=CARTESIAN_POINT('Ctrl Pts',(17.3066702337984,1.57892754764835,7.6));
#16303=CARTESIAN_POINT('Ctrl Pts',(17.3066702337984,1.57892754764835,7.4));
#16304=CARTESIAN_POINT('Ctrl Pts',(17.3534095863843,1.53362839283428,7.6));
#16305=CARTESIAN_POINT('Ctrl Pts',(17.3534095863843,1.53362839283428,7.4));
#16306=CARTESIAN_POINT('Ctrl Pts',(17.4120769995728,1.50540205034525,7.6));
#16307=CARTESIAN_POINT('Ctrl Pts',(17.4120769995728,1.50540205034525,7.4));
#16308=CARTESIAN_POINT('Ctrl Pts',(17.4418187532568,1.49109255756067,7.6));
#16309=CARTESIAN_POINT('Ctrl Pts',(17.4418187532568,1.49109255756067,7.4));
#16310=CARTESIAN_POINT('',(17.2836256418371,1.60126205767321,7.6));
#16311=CARTESIAN_POINT('Ctrl Pts',(17.2836256418371,1.60126205767321,7.6));
#16312=CARTESIAN_POINT('Ctrl Pts',(17.3066702337984,1.57892754764835,7.6));
#16313=CARTESIAN_POINT('Ctrl Pts',(17.3534095863843,1.53362839283428,7.6));
#16314=CARTESIAN_POINT('Ctrl Pts',(17.4120769995728,1.50540205034525,7.6));
#16315=CARTESIAN_POINT('Ctrl Pts',(17.4418187532568,1.49109255756067,7.6));
#16316=CARTESIAN_POINT('',(17.2836256418371,1.60126205767321,7.4));
#16317=CARTESIAN_POINT('',(17.2836256418371,1.60126205767321,7.6));
#16318=CARTESIAN_POINT('Ctrl Pts',(17.2836256418371,1.60126205767321,7.4));
#16319=CARTESIAN_POINT('Ctrl Pts',(17.3066702337984,1.57892754764835,7.4));
#16320=CARTESIAN_POINT('Ctrl Pts',(17.3534095863843,1.53362839283428,7.4));
#16321=CARTESIAN_POINT('Ctrl Pts',(17.4120769995728,1.50540205034525,7.4));
#16322=CARTESIAN_POINT('Ctrl Pts',(17.4418187532568,1.49109255756067,7.4));
#16323=CARTESIAN_POINT('Ctrl Pts',(17.1847558412695,1.76792871440576,7.6));
#16324=CARTESIAN_POINT('Ctrl Pts',(17.1847558412695,1.76792871440576,7.4));
#16325=CARTESIAN_POINT('Ctrl Pts',(17.1971789308997,1.73715973365572,7.6));
#16326=CARTESIAN_POINT('Ctrl Pts',(17.1971789308997,1.73715973365572,7.4));
#16327=CARTESIAN_POINT('Ctrl Pts',(17.2216495056298,1.67655205350362,7.6));
#16328=CARTESIAN_POINT('Ctrl Pts',(17.2216495056298,1.67655205350362,7.4));
#16329=CARTESIAN_POINT('Ctrl Pts',(17.2631794138343,1.62610059255586,7.6));
#16330=CARTESIAN_POINT('Ctrl Pts',(17.2631794138343,1.62610059255586,7.4));
#16331=CARTESIAN_POINT('Ctrl Pts',(17.2836256418371,1.60126205767321,7.6));
#16332=CARTESIAN_POINT('Ctrl Pts',(17.2836256418371,1.60126205767321,7.4));
#16333=CARTESIAN_POINT('',(17.1847558412695,1.76792871440576,7.6));
#16334=CARTESIAN_POINT('Ctrl Pts',(17.1847558412695,1.76792871440576,7.6));
#16335=CARTESIAN_POINT('Ctrl Pts',(17.1971789308997,1.73715973365572,7.6));
#16336=CARTESIAN_POINT('Ctrl Pts',(17.2216495056298,1.67655205350362,7.6));
#16337=CARTESIAN_POINT('Ctrl Pts',(17.2631794138343,1.62610059255586,7.6));
#16338=CARTESIAN_POINT('Ctrl Pts',(17.2836256418371,1.60126205767321,7.6));
#16339=CARTESIAN_POINT('',(17.1847558412695,1.76792871440576,7.4));
#16340=CARTESIAN_POINT('',(17.1847558412695,1.76792871440576,7.6));
#16341=CARTESIAN_POINT('Ctrl Pts',(17.1847558412695,1.76792871440576,7.4));
#16342=CARTESIAN_POINT('Ctrl Pts',(17.1971789308997,1.73715973365572,7.4));
#16343=CARTESIAN_POINT('Ctrl Pts',(17.2216495056298,1.67655205350362,7.4));
#16344=CARTESIAN_POINT('Ctrl Pts',(17.2631794138343,1.62610059255586,7.4));
#16345=CARTESIAN_POINT('Ctrl Pts',(17.2836256418371,1.60126205767321,7.4));
#16346=CARTESIAN_POINT('Ctrl Pts',(17.1480322275305,1.97414335097002,7.6));
#16347=CARTESIAN_POINT('Ctrl Pts',(17.1480322275305,1.97414335097002,7.4));
#16348=CARTESIAN_POINT('Ctrl Pts',(17.1494509896867,1.93830216826304,7.6));
#16349=CARTESIAN_POINT('Ctrl Pts',(17.1494509896867,1.93830216826304,7.4));
#16350=CARTESIAN_POINT('Ctrl Pts',(17.1522392380174,1.86786462704975,7.6));
#16351=CARTESIAN_POINT('Ctrl Pts',(17.1522392380174,1.86786462704975,7.4));
#16352=CARTESIAN_POINT('Ctrl Pts',(17.1740454319015,1.80084588372649,7.6));
#16353=CARTESIAN_POINT('Ctrl Pts',(17.1740454319015,1.80084588372649,7.4));
#16354=CARTESIAN_POINT('Ctrl Pts',(17.1847558412695,1.76792871440576,7.6));
#16355=CARTESIAN_POINT('Ctrl Pts',(17.1847558412695,1.76792871440576,7.4));
#16356=CARTESIAN_POINT('',(17.1480322275305,1.97414335097002,7.6));
#16357=CARTESIAN_POINT('Ctrl Pts',(17.1480322275305,1.97414335097002,7.6));
#16358=CARTESIAN_POINT('Ctrl Pts',(17.1494509896867,1.93830216826304,7.6));
#16359=CARTESIAN_POINT('Ctrl Pts',(17.1522392380174,1.86786462704975,7.6));
#16360=CARTESIAN_POINT('Ctrl Pts',(17.1740454319015,1.80084588372649,7.6));
#16361=CARTESIAN_POINT('Ctrl Pts',(17.1847558412695,1.76792871440576,7.6));
#16362=CARTESIAN_POINT('',(17.1480322275305,1.97414335097002,7.4));
#16363=CARTESIAN_POINT('',(17.1480322275305,1.97414335097002,7.6));
#16364=CARTESIAN_POINT('Ctrl Pts',(17.1480322275305,1.97414335097002,7.4));
#16365=CARTESIAN_POINT('Ctrl Pts',(17.1494509896867,1.93830216826304,7.4));
#16366=CARTESIAN_POINT('Ctrl Pts',(17.1522392380174,1.86786462704975,7.4));
#16367=CARTESIAN_POINT('Ctrl Pts',(17.1740454319015,1.80084588372649,7.4));
#16368=CARTESIAN_POINT('Ctrl Pts',(17.1847558412695,1.76792871440576,7.4));
#16369=CARTESIAN_POINT('Ctrl Pts',(17.1847558412695,2.18035813654589,7.6));
#16370=CARTESIAN_POINT('Ctrl Pts',(17.1847558412695,2.18035813654589,7.4));
#16371=CARTESIAN_POINT('Ctrl Pts',(17.1740460211862,2.14744088273107,7.6));
#16372=CARTESIAN_POINT('Ctrl Pts',(17.1740460211862,2.14744088273107,7.4));
#16373=CARTESIAN_POINT('Ctrl Pts',(17.1522409977697,2.08042187730817,7.6));
#16374=CARTESIAN_POINT('Ctrl Pts',(17.1522409977697,2.08042187730817,7.4));
#16375=CARTESIAN_POINT('Ctrl Pts',(17.1494515843617,2.00998449786082,7.6));
#16376=CARTESIAN_POINT('Ctrl Pts',(17.1494515843617,2.00998449786082,7.4));
#16377=CARTESIAN_POINT('Ctrl Pts',(17.1480322275305,1.97414335097002,7.6));
#16378=CARTESIAN_POINT('Ctrl Pts',(17.1480322275305,1.97414335097002,7.4));
#16379=CARTESIAN_POINT('Ctrl Pts',(17.1847558412695,2.18035813654589,7.6));
#16380=CARTESIAN_POINT('Ctrl Pts',(17.1740460211862,2.14744088273107,7.6));
#16381=CARTESIAN_POINT('Ctrl Pts',(17.1522409977697,2.08042187730817,7.6));
#16382=CARTESIAN_POINT('Ctrl Pts',(17.1494515843617,2.00998449786082,7.6));
#16383=CARTESIAN_POINT('Ctrl Pts',(17.1480322275305,1.97414335097002,7.6));
#16384=CARTESIAN_POINT('Ctrl Pts',(17.1847558412695,2.18035813654589,7.4));
#16385=CARTESIAN_POINT('Ctrl Pts',(17.1740460211862,2.14744088273107,7.4));
#16386=CARTESIAN_POINT('Ctrl Pts',(17.1522409977697,2.08042187730817,7.4));
#16387=CARTESIAN_POINT('Ctrl Pts',(17.1494515843617,2.00998449786082,7.4));
#16388=CARTESIAN_POINT('Ctrl Pts',(17.1480322275305,1.97414335097002,7.4));
#16389=CARTESIAN_POINT('Ctrl Pts',(17.1423828992987,1.47696819389986,7.6));
#16390=CARTESIAN_POINT('Ctrl Pts',(17.1423828992987,1.47696819389986,7.4));
#16391=CARTESIAN_POINT('Ctrl Pts',(17.1129941830413,1.50965677662343,7.6));
#16392=CARTESIAN_POINT('Ctrl Pts',(17.1129941830413,1.50965677662343,7.4));
#16393=CARTESIAN_POINT('Ctrl Pts',(17.0536386396195,1.57567696526492,7.6));
#16394=CARTESIAN_POINT('Ctrl Pts',(17.0536386396195,1.57567696526492,7.4));
#16395=CARTESIAN_POINT('Ctrl Pts',(17.0168754994383,1.65650138005738,7.6));
#16396=CARTESIAN_POINT('Ctrl Pts',(17.0168754994383,1.65650138005738,7.4));
#16397=CARTESIAN_POINT('Ctrl Pts',(16.9983148965979,1.69730719412493,7.6));
#16398=CARTESIAN_POINT('Ctrl Pts',(16.9983148965979,1.69730719412493,7.4));
#16399=CARTESIAN_POINT('',(17.1423828992987,1.47696819389986,7.6));
#16400=CARTESIAN_POINT('',(16.9983148965979,1.69730719412493,7.6));
#16401=CARTESIAN_POINT('Ctrl Pts',(17.1423828992987,1.47696819389986,7.6));
#16402=CARTESIAN_POINT('Ctrl Pts',(17.1129941830413,1.50965677662343,7.6));
#16403=CARTESIAN_POINT('Ctrl Pts',(17.0536386396195,1.57567696526492,7.6));
#16404=CARTESIAN_POINT('Ctrl Pts',(17.0168754994383,1.65650138005738,7.6));
#16405=CARTESIAN_POINT('Ctrl Pts',(16.9983148965979,1.69730719412493,7.6));
#16406=CARTESIAN_POINT('',(17.1423828992987,1.47696819389986,7.4));
#16407=CARTESIAN_POINT('',(17.1423828992987,1.47696819389986,7.6));
#16408=CARTESIAN_POINT('',(16.9983148965979,1.69730719412493,7.4));
#16409=CARTESIAN_POINT('Ctrl Pts',(17.1423828992987,1.47696819389986,7.4));
#16410=CARTESIAN_POINT('Ctrl Pts',(17.1129941830413,1.50965677662343,7.4));
#16411=CARTESIAN_POINT('Ctrl Pts',(17.0536386396195,1.57567696526492,7.4));
#16412=CARTESIAN_POINT('Ctrl Pts',(17.0168754994383,1.65650138005738,7.4));
#16413=CARTESIAN_POINT('Ctrl Pts',(16.9983148965979,1.69730719412493,7.4));
#16414=CARTESIAN_POINT('',(16.9983148965979,1.69730719412493,7.6));
#16415=CARTESIAN_POINT('Ctrl Pts',(17.3655462656164,1.33290048922228,7.6));
#16416=CARTESIAN_POINT('Ctrl Pts',(17.3655462656164,1.33290048922228,7.4));
#16417=CARTESIAN_POINT('Ctrl Pts',(17.323997068244,1.35138144264225,7.6));
#16418=CARTESIAN_POINT('Ctrl Pts',(17.323997068244,1.35138144264225,7.4));
#16419=CARTESIAN_POINT('Ctrl Pts',(17.2420989854213,1.38780945448238,7.6));
#16420=CARTESIAN_POINT('Ctrl Pts',(17.2420989854213,1.38780945448238,7.4));
#16421=CARTESIAN_POINT('Ctrl Pts',(17.175295232368,1.44754042309729,7.6));
#16422=CARTESIAN_POINT('Ctrl Pts',(17.175295232368,1.44754042309729,7.4));
#16423=CARTESIAN_POINT('Ctrl Pts',(17.1423828992987,1.47696819389986,7.6));
#16424=CARTESIAN_POINT('Ctrl Pts',(17.1423828992987,1.47696819389986,7.4));
#16425=CARTESIAN_POINT('',(17.3655462656164,1.33290048922228,7.6));
#16426=CARTESIAN_POINT('Ctrl Pts',(17.3655462656164,1.33290048922228,7.6));
#16427=CARTESIAN_POINT('Ctrl Pts',(17.323997068244,1.35138144264225,7.6));
#16428=CARTESIAN_POINT('Ctrl Pts',(17.2420989854213,1.38780945448238,7.6));
#16429=CARTESIAN_POINT('Ctrl Pts',(17.175295232368,1.44754042309729,7.6));
#16430=CARTESIAN_POINT('Ctrl Pts',(17.1423828992987,1.47696819389986,7.6));
#16431=CARTESIAN_POINT('',(17.3655462656164,1.33290048922228,7.4));
#16432=CARTESIAN_POINT('',(17.3655462656164,1.33290048922228,7.6));
#16433=CARTESIAN_POINT('Ctrl Pts',(17.3655462656164,1.33290048922228,7.4));
#16434=CARTESIAN_POINT('Ctrl Pts',(17.323997068244,1.35138144264225,7.4));
#16435=CARTESIAN_POINT('Ctrl Pts',(17.2420989854213,1.38780945448238,7.4));
#16436=CARTESIAN_POINT('Ctrl Pts',(17.175295232368,1.44754042309729,7.4));
#16437=CARTESIAN_POINT('Ctrl Pts',(17.1423828992987,1.47696819389986,7.4));
#16438=CARTESIAN_POINT('Ctrl Pts',(17.6480329427862,1.27922814572977,7.6));
#16439=CARTESIAN_POINT('Ctrl Pts',(17.6480329427862,1.27922814572977,7.4));
#16440=CARTESIAN_POINT('Ctrl Pts',(17.5981107565078,1.28117856340215,7.6));
#16441=CARTESIAN_POINT('Ctrl Pts',(17.5981107565078,1.28117856340215,7.4));
#16442=CARTESIAN_POINT('Ctrl Pts',(17.5012234403917,1.28496386904819,7.6));
#16443=CARTESIAN_POINT('Ctrl Pts',(17.5012234403917,1.28496386904819,7.4));
#16444=CARTESIAN_POINT('Ctrl Pts',(17.4098423225036,1.31725008039171,7.6));
#16445=CARTESIAN_POINT('Ctrl Pts',(17.4098423225036,1.31725008039171,7.4));
#16446=CARTESIAN_POINT('Ctrl Pts',(17.3655462656164,1.33290048922228,7.6));
#16447=CARTESIAN_POINT('Ctrl Pts',(17.3655462656164,1.33290048922228,7.4));
#16448=CARTESIAN_POINT('',(17.6480329427862,1.27922814572977,7.6));
#16449=CARTESIAN_POINT('Ctrl Pts',(17.6480329427862,1.27922814572977,7.6));
#16450=CARTESIAN_POINT('Ctrl Pts',(17.5981107565078,1.28117856340215,7.6));
#16451=CARTESIAN_POINT('Ctrl Pts',(17.5012234403917,1.28496386904819,7.6));
#16452=CARTESIAN_POINT('Ctrl Pts',(17.4098423225036,1.31725008039171,7.6));
#16453=CARTESIAN_POINT('Ctrl Pts',(17.3655462656164,1.33290048922228,7.6));
#16454=CARTESIAN_POINT('',(17.6480329427862,1.27922814572977,7.4));
#16455=CARTESIAN_POINT('',(17.6480329427862,1.27922814572977,7.6));
#16456=CARTESIAN_POINT('Ctrl Pts',(17.6480329427862,1.27922814572977,7.4));
#16457=CARTESIAN_POINT('Ctrl Pts',(17.5981107565078,1.28117856340215,7.4));
#16458=CARTESIAN_POINT('Ctrl Pts',(17.5012234403917,1.28496386904819,7.4));
#16459=CARTESIAN_POINT('Ctrl Pts',(17.4098423225036,1.31725008039171,7.4));
#16460=CARTESIAN_POINT('Ctrl Pts',(17.3655462656164,1.33290048922228,7.4));
#16461=CARTESIAN_POINT('Ctrl Pts',(17.9305184278631,1.33290048922228,7.6));
#16462=CARTESIAN_POINT('Ctrl Pts',(17.9305184278631,1.33290048922228,7.4));
#16463=CARTESIAN_POINT('Ctrl Pts',(17.8857499778148,1.31724796498098,7.6));
#16464=CARTESIAN_POINT('Ctrl Pts',(17.8857499778148,1.31724796498098,7.4));
#16465=CARTESIAN_POINT('Ctrl Pts',(17.7942946465159,1.28527216978126,7.6));
#16466=CARTESIAN_POINT('Ctrl Pts',(17.7942946465159,1.28527216978126,7.4));
#16467=CARTESIAN_POINT('Ctrl Pts',(17.697463907207,1.28127079893447,7.6));
#16468=CARTESIAN_POINT('Ctrl Pts',(17.697463907207,1.28127079893447,7.4));
#16469=CARTESIAN_POINT('Ctrl Pts',(17.6480329427862,1.27922814572977,7.6));
#16470=CARTESIAN_POINT('Ctrl Pts',(17.6480329427862,1.27922814572977,7.4));
#16471=CARTESIAN_POINT('',(17.9305184278631,1.33290048922228,7.6));
#16472=CARTESIAN_POINT('Ctrl Pts',(17.9305184278631,1.33290048922228,7.6));
#16473=CARTESIAN_POINT('Ctrl Pts',(17.8857499778148,1.31724796498098,7.6));
#16474=CARTESIAN_POINT('Ctrl Pts',(17.7942946465159,1.28527216978126,7.6));
#16475=CARTESIAN_POINT('Ctrl Pts',(17.697463907207,1.28127079893447,7.6));
#16476=CARTESIAN_POINT('Ctrl Pts',(17.6480329427862,1.27922814572977,7.6));
#16477=CARTESIAN_POINT('',(17.9305184278631,1.33290048922228,7.4));
#16478=CARTESIAN_POINT('',(17.9305184278631,1.33290048922228,7.6));
#16479=CARTESIAN_POINT('Ctrl Pts',(17.9305184278631,1.33290048922228,7.4));
#16480=CARTESIAN_POINT('Ctrl Pts',(17.8857499778148,1.31724796498098,7.4));
#16481=CARTESIAN_POINT('Ctrl Pts',(17.7942946465159,1.28527216978126,7.4));
#16482=CARTESIAN_POINT('Ctrl Pts',(17.697463907207,1.28127079893447,7.4));
#16483=CARTESIAN_POINT('Ctrl Pts',(17.6480329427862,1.27922814572977,7.4));
#16484=CARTESIAN_POINT('Ctrl Pts',(18.1508577261114,1.47696819389986,7.6));
#16485=CARTESIAN_POINT('Ctrl Pts',(18.1508577261114,1.47696819389986,7.4));
#16486=CARTESIAN_POINT('Ctrl Pts',(18.1181691200696,1.44757965683664,7.6));
#16487=CARTESIAN_POINT('Ctrl Pts',(18.1181691200696,1.44757965683664,7.4));
#16488=CARTESIAN_POINT('Ctrl Pts',(18.0521487295083,1.38822433613375,7.6));
#16489=CARTESIAN_POINT('Ctrl Pts',(18.0521487295083,1.38822433613375,7.4));
#16490=CARTESIAN_POINT('Ctrl Pts',(17.9713243287121,1.35146115528263,7.6));
#16491=CARTESIAN_POINT('Ctrl Pts',(17.9713243287121,1.35146115528263,7.4));
#16492=CARTESIAN_POINT('Ctrl Pts',(17.9305184278631,1.33290048922228,7.6));
#16493=CARTESIAN_POINT('Ctrl Pts',(17.9305184278631,1.33290048922228,7.4));
#16494=CARTESIAN_POINT('',(18.1508577261114,1.47696819389986,7.6));
#16495=CARTESIAN_POINT('Ctrl Pts',(18.1508577261114,1.47696819389986,7.6));
#16496=CARTESIAN_POINT('Ctrl Pts',(18.1181691200696,1.44757965683664,7.6));
#16497=CARTESIAN_POINT('Ctrl Pts',(18.0521487295083,1.38822433613375,7.6));
#16498=CARTESIAN_POINT('Ctrl Pts',(17.9713243287121,1.35146115528263,7.6));
#16499=CARTESIAN_POINT('Ctrl Pts',(17.9305184278631,1.33290048922228,7.6));
#16500=CARTESIAN_POINT('',(18.1508577261114,1.47696819389986,7.4));
#16501=CARTESIAN_POINT('',(18.1508577261114,1.47696819389986,7.6));
#16502=CARTESIAN_POINT('Ctrl Pts',(18.1508577261114,1.47696819389986,7.4));
#16503=CARTESIAN_POINT('Ctrl Pts',(18.1181691200696,1.44757965683664,7.4));
#16504=CARTESIAN_POINT('Ctrl Pts',(18.0521487295083,1.38822433613375,7.4));
#16505=CARTESIAN_POINT('Ctrl Pts',(17.9713243287121,1.35146115528263,7.4));
#16506=CARTESIAN_POINT('Ctrl Pts',(17.9305184278631,1.33290048922228,7.4));
#16507=CARTESIAN_POINT('Ctrl Pts',(18.2977509889746,1.69730719412493,7.6));
#16508=CARTESIAN_POINT('Ctrl Pts',(18.2977509889746,1.69730719412493,7.4));
#16509=CARTESIAN_POINT('Ctrl Pts',(18.2783980903461,1.65653366095991,7.6));
#16510=CARTESIAN_POINT('Ctrl Pts',(18.2783980903461,1.65653366095991,7.4));
#16511=CARTESIAN_POINT('Ctrl Pts',(18.2401407876724,1.57593150263141,7.6));
#16512=CARTESIAN_POINT('Ctrl Pts',(18.2401407876724,1.57593150263141,7.4));
#16513=CARTESIAN_POINT('Ctrl Pts',(18.1803852396694,1.50969713922528,7.6));
#16514=CARTESIAN_POINT('Ctrl Pts',(18.1803852396694,1.50969713922528,7.4));
#16515=CARTESIAN_POINT('Ctrl Pts',(18.1508577261114,1.47696819389986,7.6));
#16516=CARTESIAN_POINT('Ctrl Pts',(18.1508577261114,1.47696819389986,7.4));
#16517=CARTESIAN_POINT('',(18.2977509889746,1.69730719412493,7.6));
#16518=CARTESIAN_POINT('Ctrl Pts',(18.2977509889746,1.69730719412493,7.6));
#16519=CARTESIAN_POINT('Ctrl Pts',(18.2783980903461,1.65653366095991,7.6));
#16520=CARTESIAN_POINT('Ctrl Pts',(18.2401407876724,1.57593150263141,7.6));
#16521=CARTESIAN_POINT('Ctrl Pts',(18.1803852396694,1.50969713922528,7.6));
#16522=CARTESIAN_POINT('Ctrl Pts',(18.1508577261114,1.47696819389986,7.6));
#16523=CARTESIAN_POINT('',(18.2977509889746,1.69730719412493,7.4));
#16524=CARTESIAN_POINT('',(18.2977509889746,1.69730719412493,7.6));
#16525=CARTESIAN_POINT('Ctrl Pts',(18.2977509889746,1.69730719412493,7.4));
#16526=CARTESIAN_POINT('Ctrl Pts',(18.2783980903461,1.65653366095991,7.4));
#16527=CARTESIAN_POINT('Ctrl Pts',(18.2401407876724,1.57593150263141,7.4));
#16528=CARTESIAN_POINT('Ctrl Pts',(18.1803852396694,1.50969713922528,7.4));
#16529=CARTESIAN_POINT('Ctrl Pts',(18.1508577261114,1.47696819389986,7.4));
#16530=CARTESIAN_POINT('Ctrl Pts',(18.3485985193396,1.97414335097002,7.6));
#16531=CARTESIAN_POINT('Ctrl Pts',(18.3485985193396,1.97414335097002,7.4));
#16532=CARTESIAN_POINT('Ctrl Pts',(18.3466809578374,1.92568937768032,7.6));
#16533=CARTESIAN_POINT('Ctrl Pts',(18.3466809578374,1.92568937768032,7.4));
#16534=CARTESIAN_POINT('Ctrl Pts',(18.3429318939507,1.83095601907956,7.6));
#16535=CARTESIAN_POINT('Ctrl Pts',(18.3429318939507,1.83095601907956,7.4));
#16536=CARTESIAN_POINT('Ctrl Pts',(18.3125790424688,1.74116979331181,7.6));
#16537=CARTESIAN_POINT('Ctrl Pts',(18.3125790424688,1.74116979331181,7.4));
#16538=CARTESIAN_POINT('Ctrl Pts',(18.2977509889746,1.69730719412493,7.6));
#16539=CARTESIAN_POINT('Ctrl Pts',(18.2977509889746,1.69730719412493,7.4));
#16540=CARTESIAN_POINT('',(18.3485985193396,1.97414335097002,7.6));
#16541=CARTESIAN_POINT('Ctrl Pts',(18.3485985193396,1.97414335097002,7.6));
#16542=CARTESIAN_POINT('Ctrl Pts',(18.3466809578374,1.92568937768032,7.6));
#16543=CARTESIAN_POINT('Ctrl Pts',(18.3429318939507,1.83095601907956,7.6));
#16544=CARTESIAN_POINT('Ctrl Pts',(18.3125790424688,1.74116979331181,7.6));
#16545=CARTESIAN_POINT('Ctrl Pts',(18.2977509889746,1.69730719412493,7.6));
#16546=CARTESIAN_POINT('',(18.3485985193396,1.97414335097002,7.4));
#16547=CARTESIAN_POINT('',(18.3485985193396,1.97414335097002,7.6));
#16548=CARTESIAN_POINT('Ctrl Pts',(18.3485985193396,1.97414335097002,7.4));
#16549=CARTESIAN_POINT('Ctrl Pts',(18.3466809578374,1.92568937768032,7.4));
#16550=CARTESIAN_POINT('Ctrl Pts',(18.3429318939507,1.83095601907956,7.4));
#16551=CARTESIAN_POINT('Ctrl Pts',(18.3125790424688,1.74116979331181,7.4));
#16552=CARTESIAN_POINT('Ctrl Pts',(18.2977509889746,1.69730719412493,7.4));
#16553=CARTESIAN_POINT('Ctrl Pts',(18.2977509889746,2.25097950781511,7.6));
#16554=CARTESIAN_POINT('Ctrl Pts',(18.2977509889746,2.25097950781511,7.4));
#16555=CARTESIAN_POINT('Ctrl Pts',(18.3125790422751,2.20711695848963,7.6));
#16556=CARTESIAN_POINT('Ctrl Pts',(18.3125790422751,2.20711695848963,7.4));
#16557=CARTESIAN_POINT('Ctrl Pts',(18.3429319253903,2.11733074004119,7.6));
#16558=CARTESIAN_POINT('Ctrl Pts',(18.3429319253903,2.11733074004119,7.4));
#16559=CARTESIAN_POINT('Ctrl Pts',(18.3466809671977,2.02259737591957,7.6));
#16560=CARTESIAN_POINT('Ctrl Pts',(18.3466809671977,2.02259737591957,7.4));
#16561=CARTESIAN_POINT('Ctrl Pts',(18.3485985193396,1.97414335097002,7.6));
#16562=CARTESIAN_POINT('Ctrl Pts',(18.3485985193396,1.97414335097002,7.4));
#16563=CARTESIAN_POINT('',(18.2977509889746,2.25097950781511,7.6));
#16564=CARTESIAN_POINT('Ctrl Pts',(18.2977509889746,2.25097950781511,7.6));
#16565=CARTESIAN_POINT('Ctrl Pts',(18.3125790422751,2.20711695848963,7.6));
#16566=CARTESIAN_POINT('Ctrl Pts',(18.3429319253903,2.11733074004119,7.6));
#16567=CARTESIAN_POINT('Ctrl Pts',(18.3466809671977,2.02259737591957,7.6));
#16568=CARTESIAN_POINT('Ctrl Pts',(18.3485985193396,1.97414335097002,7.6));
#16569=CARTESIAN_POINT('',(18.2977509889746,2.25097950781511,7.4));
#16570=CARTESIAN_POINT('',(18.2977509889746,2.25097950781511,7.6));
#16571=CARTESIAN_POINT('Ctrl Pts',(18.2977509889746,2.25097950781511,7.4));
#16572=CARTESIAN_POINT('Ctrl Pts',(18.3125790422751,2.20711695848963,7.4));
#16573=CARTESIAN_POINT('Ctrl Pts',(18.3429319253903,2.11733074004119,7.4));
#16574=CARTESIAN_POINT('Ctrl Pts',(18.3466809671977,2.02259737591957,7.4));
#16575=CARTESIAN_POINT('Ctrl Pts',(18.3485985193396,1.97414335097002,7.4));
#16576=CARTESIAN_POINT('Ctrl Pts',(18.1508577261114,2.47131850804018,7.6));
#16577=CARTESIAN_POINT('Ctrl Pts',(18.1508577261114,2.47131850804018,7.4));
#16578=CARTESIAN_POINT('Ctrl Pts',(18.1803852553347,2.43858967302031,7.6));
#16579=CARTESIAN_POINT('Ctrl Pts',(18.1803852553347,2.43858967302031,7.4));
#16580=CARTESIAN_POINT('Ctrl Pts',(18.2401409470358,2.37235540870391,7.6));
#16581=CARTESIAN_POINT('Ctrl Pts',(18.2401409470358,2.37235540870391,7.4));
#16582=CARTESIAN_POINT('Ctrl Pts',(18.278398120352,2.29175316089364,7.6));
#16583=CARTESIAN_POINT('Ctrl Pts',(18.278398120352,2.29175316089364,7.4));
#16584=CARTESIAN_POINT('Ctrl Pts',(18.2977509889746,2.25097950781511,7.6));
#16585=CARTESIAN_POINT('Ctrl Pts',(18.2977509889746,2.25097950781511,7.4));
#16586=CARTESIAN_POINT('',(18.1508577261114,2.47131850804018,7.6));
#16587=CARTESIAN_POINT('Ctrl Pts',(18.1508577261114,2.47131850804018,7.6));
#16588=CARTESIAN_POINT('Ctrl Pts',(18.1803852553347,2.43858967302031,7.6));
#16589=CARTESIAN_POINT('Ctrl Pts',(18.2401409470358,2.37235540870391,7.6));
#16590=CARTESIAN_POINT('Ctrl Pts',(18.278398120352,2.29175316089364,7.6));
#16591=CARTESIAN_POINT('Ctrl Pts',(18.2977509889746,2.25097950781511,7.6));
#16592=CARTESIAN_POINT('',(18.1508577261114,2.47131850804018,7.4));
#16593=CARTESIAN_POINT('',(18.1508577261114,2.47131850804018,7.6));
#16594=CARTESIAN_POINT('Ctrl Pts',(18.1508577261114,2.47131850804018,7.4));
#16595=CARTESIAN_POINT('Ctrl Pts',(18.1803852553347,2.43858967302031,7.4));
#16596=CARTESIAN_POINT('Ctrl Pts',(18.2401409470358,2.37235540870391,7.4));
#16597=CARTESIAN_POINT('Ctrl Pts',(18.278398120352,2.29175316089364,7.4));
#16598=CARTESIAN_POINT('Ctrl Pts',(18.2977509889746,2.25097950781511,7.4));
#16599=CARTESIAN_POINT('Ctrl Pts',(17.9305184278631,2.61821117485689,7.6));
#16600=CARTESIAN_POINT('Ctrl Pts',(17.9305184278631,2.61821117485689,7.4));
#16601=CARTESIAN_POINT('Ctrl Pts',(17.9712921069195,2.59885865412085,7.6));
#16602=CARTESIAN_POINT('Ctrl Pts',(17.9712921069195,2.59885865412085,7.4));
#16603=CARTESIAN_POINT('Ctrl Pts',(18.0518946580696,2.56060204891357,7.6));
#16604=CARTESIAN_POINT('Ctrl Pts',(18.0518946580696,2.56060204891357,7.4));
#16605=CARTESIAN_POINT('Ctrl Pts',(18.1181288313357,2.50084620632469,7.6));
#16606=CARTESIAN_POINT('Ctrl Pts',(18.1181288313357,2.50084620632469,7.4));
#16607=CARTESIAN_POINT('Ctrl Pts',(18.1508577261114,2.47131850804018,7.6));
#16608=CARTESIAN_POINT('Ctrl Pts',(18.1508577261114,2.47131850804018,7.4));
#16609=CARTESIAN_POINT('',(17.9305184278631,2.61821117485689,7.6));
#16610=CARTESIAN_POINT('Ctrl Pts',(17.9305184278631,2.61821117485689,7.6));
#16611=CARTESIAN_POINT('Ctrl Pts',(17.9712921069195,2.59885865412085,7.6));
#16612=CARTESIAN_POINT('Ctrl Pts',(18.0518946580696,2.56060204891357,7.6));
#16613=CARTESIAN_POINT('Ctrl Pts',(18.1181288313357,2.50084620632469,7.6));
#16614=CARTESIAN_POINT('Ctrl Pts',(18.1508577261114,2.47131850804018,7.6));
#16615=CARTESIAN_POINT('',(17.9305184278631,2.61821117485689,7.4));
#16616=CARTESIAN_POINT('',(17.9305184278631,2.61821117485689,7.6));
#16617=CARTESIAN_POINT('Ctrl Pts',(17.9305184278631,2.61821117485689,7.4));
#16618=CARTESIAN_POINT('Ctrl Pts',(17.9712921069195,2.59885865412085,7.4));
#16619=CARTESIAN_POINT('Ctrl Pts',(18.0518946580696,2.56060204891357,7.4));
#16620=CARTESIAN_POINT('Ctrl Pts',(18.1181288313357,2.50084620632469,7.4));
#16621=CARTESIAN_POINT('Ctrl Pts',(18.1508577261114,2.47131850804018,7.4));
#16622=CARTESIAN_POINT('Ctrl Pts',(17.6480329427862,2.66905870522188,7.6));
#16623=CARTESIAN_POINT('Ctrl Pts',(17.6480329427862,2.66905870522188,7.4));
#16624=CARTESIAN_POINT('Ctrl Pts',(17.6974195538211,2.66714047432628,7.6));
#16625=CARTESIAN_POINT('Ctrl Pts',(17.6974195538211,2.66714047432628,7.4));
#16626=CARTESIAN_POINT('Ctrl Pts',(17.7939864407187,2.66338970904683,7.6));
#16627=CARTESIAN_POINT('Ctrl Pts',(17.7939864407187,2.66338970904683,7.4));
#16628=CARTESIAN_POINT('Ctrl Pts',(17.8857062959653,2.63303954200671,7.6));
#16629=CARTESIAN_POINT('Ctrl Pts',(17.8857062959653,2.63303954200671,7.4));
#16630=CARTESIAN_POINT('Ctrl Pts',(17.9305184278631,2.61821117485689,7.6));
#16631=CARTESIAN_POINT('Ctrl Pts',(17.9305184278631,2.61821117485689,7.4));
#16632=CARTESIAN_POINT('',(17.6480329427862,2.66905870522188,7.6));
#16633=CARTESIAN_POINT('Ctrl Pts',(17.6480329427862,2.66905870522188,7.6));
#16634=CARTESIAN_POINT('Ctrl Pts',(17.6974195538211,2.66714047432628,7.6));
#16635=CARTESIAN_POINT('Ctrl Pts',(17.7939864407187,2.66338970904683,7.6));
#16636=CARTESIAN_POINT('Ctrl Pts',(17.8857062959653,2.63303954200671,7.6));
#16637=CARTESIAN_POINT('Ctrl Pts',(17.9305184278631,2.61821117485689,7.6));
#16638=CARTESIAN_POINT('',(17.6480329427862,2.66905870522188,7.4));
#16639=CARTESIAN_POINT('',(17.6480329427862,2.66905870522188,7.6));
#16640=CARTESIAN_POINT('Ctrl Pts',(17.6480329427862,2.66905870522188,7.4));
#16641=CARTESIAN_POINT('Ctrl Pts',(17.6974195538211,2.66714047432628,7.4));
#16642=CARTESIAN_POINT('Ctrl Pts',(17.7939864407187,2.66338970904683,7.4));
#16643=CARTESIAN_POINT('Ctrl Pts',(17.8857062959653,2.63303954200671,7.4));
#16644=CARTESIAN_POINT('Ctrl Pts',(17.9305184278631,2.61821117485689,7.4));
#16645=CARTESIAN_POINT('Ctrl Pts',(17.3655462656164,2.61821117485689,7.6));
#16646=CARTESIAN_POINT('Ctrl Pts',(17.3655462656164,2.61821117485689,7.4));
#16647=CARTESIAN_POINT('Ctrl Pts',(17.4098862120715,2.63303738677936,7.6));
#16648=CARTESIAN_POINT('Ctrl Pts',(17.4098862120715,2.63303738677936,7.4));
#16649=CARTESIAN_POINT('Ctrl Pts',(17.5015388784474,2.66368383458965,7.6));
#16650=CARTESIAN_POINT('Ctrl Pts',(17.5015388784474,2.66368383458965,7.4));
#16651=CARTESIAN_POINT('Ctrl Pts',(17.5981569785564,2.66722875493275,7.6));
#16652=CARTESIAN_POINT('Ctrl Pts',(17.5981569785564,2.66722875493275,7.4));
#16653=CARTESIAN_POINT('Ctrl Pts',(17.6480329427862,2.66905870522188,7.6));
#16654=CARTESIAN_POINT('Ctrl Pts',(17.6480329427862,2.66905870522188,7.4));
#16655=CARTESIAN_POINT('',(17.3655462656164,2.61821117485689,7.6));
#16656=CARTESIAN_POINT('Ctrl Pts',(17.3655462656164,2.61821117485689,7.6));
#16657=CARTESIAN_POINT('Ctrl Pts',(17.4098862120715,2.63303738677936,7.6));
#16658=CARTESIAN_POINT('Ctrl Pts',(17.5015388784474,2.66368383458965,7.6));
#16659=CARTESIAN_POINT('Ctrl Pts',(17.5981569785564,2.66722875493275,7.6));
#16660=CARTESIAN_POINT('Ctrl Pts',(17.6480329427862,2.66905870522188,7.6));
#16661=CARTESIAN_POINT('',(17.3655462656164,2.61821117485689,7.4));
#16662=CARTESIAN_POINT('',(17.3655462656164,2.61821117485689,7.6));
#16663=CARTESIAN_POINT('Ctrl Pts',(17.3655462656164,2.61821117485689,7.4));
#16664=CARTESIAN_POINT('Ctrl Pts',(17.4098862120715,2.63303738677936,7.4));
#16665=CARTESIAN_POINT('Ctrl Pts',(17.5015388784474,2.66368383458965,7.4));
#16666=CARTESIAN_POINT('Ctrl Pts',(17.5981569785564,2.66722875493275,7.4));
#16667=CARTESIAN_POINT('Ctrl Pts',(17.6480329427862,2.66905870522188,7.4));
#16668=CARTESIAN_POINT('Ctrl Pts',(17.1423828992987,2.47131850804018,7.6));
#16669=CARTESIAN_POINT('Ctrl Pts',(17.1423828992987,2.47131850804018,7.4));
#16670=CARTESIAN_POINT('Ctrl Pts',(17.1753343622933,2.50088635640412,7.6));
#16671=CARTESIAN_POINT('Ctrl Pts',(17.1753343622933,2.50088635640412,7.4));
#16672=CARTESIAN_POINT('Ctrl Pts',(17.2423458327304,2.56101676690667,7.6));
#16673=CARTESIAN_POINT('Ctrl Pts',(17.2423458327304,2.56101676690667,7.4));
#16674=CARTESIAN_POINT('Ctrl Pts',(17.3240290369279,2.59893727087013,7.6));
#16675=CARTESIAN_POINT('Ctrl Pts',(17.3240290369279,2.59893727087013,7.4));
#16676=CARTESIAN_POINT('Ctrl Pts',(17.3655462656164,2.61821117485689,7.6));
#16677=CARTESIAN_POINT('Ctrl Pts',(17.3655462656164,2.61821117485689,7.4));
#16678=CARTESIAN_POINT('',(17.1423828992987,2.47131850804018,7.6));
#16679=CARTESIAN_POINT('Ctrl Pts',(17.1423828992987,2.47131850804018,7.6));
#16680=CARTESIAN_POINT('Ctrl Pts',(17.1753343622933,2.50088635640412,7.6));
#16681=CARTESIAN_POINT('Ctrl Pts',(17.2423458327304,2.56101676690667,7.6));
#16682=CARTESIAN_POINT('Ctrl Pts',(17.3240290369279,2.59893727087013,7.6));
#16683=CARTESIAN_POINT('Ctrl Pts',(17.3655462656164,2.61821117485689,7.6));
#16684=CARTESIAN_POINT('',(17.1423828992987,2.47131850804018,7.4));
#16685=CARTESIAN_POINT('',(17.1423828992987,2.47131850804018,7.6));
#16686=CARTESIAN_POINT('Ctrl Pts',(17.1423828992987,2.47131850804018,7.4));
#16687=CARTESIAN_POINT('Ctrl Pts',(17.1753343622933,2.50088635640412,7.4));
#16688=CARTESIAN_POINT('Ctrl Pts',(17.2423458327304,2.56101676690667,7.4));
#16689=CARTESIAN_POINT('Ctrl Pts',(17.3240290369279,2.59893727087013,7.4));
#16690=CARTESIAN_POINT('Ctrl Pts',(17.3655462656164,2.61821117485689,7.4));
#16691=CARTESIAN_POINT('Ctrl Pts',(16.9983148965979,2.25097950781511,7.6));
#16692=CARTESIAN_POINT('Ctrl Pts',(16.9983148965979,2.25097950781511,7.4));
#16693=CARTESIAN_POINT('Ctrl Pts',(17.0168759901653,2.29178536178836,7.6));
#16694=CARTESIAN_POINT('Ctrl Pts',(17.0168759901653,2.29178536178836,7.4));
#16695=CARTESIAN_POINT('Ctrl Pts',(17.0536398550308,2.37260931193653,7.6));
#16696=CARTESIAN_POINT('Ctrl Pts',(17.0536398550308,2.37260931193653,7.4));
#16697=CARTESIAN_POINT('Ctrl Pts',(17.1129947203624,2.43862993462374,7.6));
#16698=CARTESIAN_POINT('Ctrl Pts',(17.1129947203624,2.43862993462374,7.4));
#16699=CARTESIAN_POINT('Ctrl Pts',(17.1423828992987,2.47131850804018,7.6));
#16700=CARTESIAN_POINT('Ctrl Pts',(17.1423828992987,2.47131850804018,7.4));
#16701=CARTESIAN_POINT('',(16.9983148965979,2.25097950781511,7.6));
#16702=CARTESIAN_POINT('Ctrl Pts',(16.9983148965979,2.25097950781511,7.6));
#16703=CARTESIAN_POINT('Ctrl Pts',(17.0168759901653,2.29178536178836,7.6));
#16704=CARTESIAN_POINT('Ctrl Pts',(17.0536398550308,2.37260931193653,7.6));
#16705=CARTESIAN_POINT('Ctrl Pts',(17.1129947203624,2.43862993462374,7.6));
#16706=CARTESIAN_POINT('Ctrl Pts',(17.1423828992987,2.47131850804018,7.6));
#16707=CARTESIAN_POINT('',(16.9983148965979,2.25097950781511,7.4));
#16708=CARTESIAN_POINT('',(16.9983148965979,2.25097950781511,7.6));
#16709=CARTESIAN_POINT('Ctrl Pts',(16.9983148965979,2.25097950781511,7.4));
#16710=CARTESIAN_POINT('Ctrl Pts',(17.0168759901653,2.29178536178836,7.4));
#16711=CARTESIAN_POINT('Ctrl Pts',(17.0536398550308,2.37260931193653,7.4));
#16712=CARTESIAN_POINT('Ctrl Pts',(17.1129947203624,2.43862993462374,7.4));
#16713=CARTESIAN_POINT('Ctrl Pts',(17.1423828992987,2.47131850804018,7.4));
#16714=CARTESIAN_POINT('Ctrl Pts',(16.9446421060705,1.97414335097002,7.6));
#16715=CARTESIAN_POINT('Ctrl Pts',(16.9446421060705,1.97414335097002,7.4));
#16716=CARTESIAN_POINT('Ctrl Pts',(16.9466844807455,2.02264252337591,7.6));
#16717=CARTESIAN_POINT('Ctrl Pts',(16.9466844807455,2.02264252337591,7.4));
#16718=CARTESIAN_POINT('Ctrl Pts',(16.9506851766507,2.11764489626195,7.6));
#16719=CARTESIAN_POINT('Ctrl Pts',(16.9506851766507,2.11764489626195,7.4));
#16720=CARTESIAN_POINT('Ctrl Pts',(16.9826622663669,2.20716154344453,7.6));
#16721=CARTESIAN_POINT('Ctrl Pts',(16.9826622663669,2.20716154344453,7.4));
#16722=CARTESIAN_POINT('Ctrl Pts',(16.9983148965979,2.25097950781511,7.6));
#16723=CARTESIAN_POINT('Ctrl Pts',(16.9983148965979,2.25097950781511,7.4));
#16724=CARTESIAN_POINT('',(16.9446421060705,1.97414335097002,7.6));
#16725=CARTESIAN_POINT('Ctrl Pts',(16.9446421060705,1.97414335097002,7.6));
#16726=CARTESIAN_POINT('Ctrl Pts',(16.9466844807455,2.02264252337591,7.6));
#16727=CARTESIAN_POINT('Ctrl Pts',(16.9506851766507,2.11764489626195,7.6));
#16728=CARTESIAN_POINT('Ctrl Pts',(16.9826622663669,2.20716154344453,7.6));
#16729=CARTESIAN_POINT('Ctrl Pts',(16.9983148965979,2.25097950781511,7.6));
#16730=CARTESIAN_POINT('',(16.9446421060705,1.97414335097002,7.4));
#16731=CARTESIAN_POINT('',(16.9446421060705,1.97414335097002,7.6));
#16732=CARTESIAN_POINT('Ctrl Pts',(16.9446421060705,1.97414335097002,7.4));
#16733=CARTESIAN_POINT('Ctrl Pts',(16.9466844807455,2.02264252337591,7.4));
#16734=CARTESIAN_POINT('Ctrl Pts',(16.9506851766507,2.11764489626195,7.4));
#16735=CARTESIAN_POINT('Ctrl Pts',(16.9826622663669,2.20716154344453,7.4));
#16736=CARTESIAN_POINT('Ctrl Pts',(16.9983148965979,2.25097950781511,7.4));
#16737=CARTESIAN_POINT('Ctrl Pts',(16.9983148965979,1.69730719412493,7.6));
#16738=CARTESIAN_POINT('Ctrl Pts',(16.9983148965979,1.69730719412493,7.4));
#16739=CARTESIAN_POINT('Ctrl Pts',(16.98266226618,1.74112520838014,7.6));
#16740=CARTESIAN_POINT('Ctrl Pts',(16.98266226618,1.74112520838014,7.4));
#16741=CARTESIAN_POINT('Ctrl Pts',(16.9506852096005,1.83064186364107,7.6));
#16742=CARTESIAN_POINT('Ctrl Pts',(16.9506852096005,1.83064186364107,7.4));
#16743=CARTESIAN_POINT('Ctrl Pts',(16.9466844905226,1.92564423042452,7.6));
#16744=CARTESIAN_POINT('Ctrl Pts',(16.9466844905226,1.92564423042452,7.4));
#16745=CARTESIAN_POINT('Ctrl Pts',(16.9446421060705,1.97414335097002,7.6));
#16746=CARTESIAN_POINT('Ctrl Pts',(16.9446421060705,1.97414335097002,7.4));
#16747=CARTESIAN_POINT('Ctrl Pts',(16.9983148965979,1.69730719412493,7.6));
#16748=CARTESIAN_POINT('Ctrl Pts',(16.98266226618,1.74112520838014,7.6));
#16749=CARTESIAN_POINT('Ctrl Pts',(16.9506852096005,1.83064186364107,7.6));
#16750=CARTESIAN_POINT('Ctrl Pts',(16.9466844905226,1.92564423042452,7.6));
#16751=CARTESIAN_POINT('Ctrl Pts',(16.9446421060705,1.97414335097002,7.6));
#16752=CARTESIAN_POINT('Ctrl Pts',(16.9983148965979,1.69730719412493,7.4));
#16753=CARTESIAN_POINT('Ctrl Pts',(16.98266226618,1.74112520838014,7.4));
#16754=CARTESIAN_POINT('Ctrl Pts',(16.9506852096005,1.83064186364107,7.4));
#16755=CARTESIAN_POINT('Ctrl Pts',(16.9466844905226,1.92564423042452,7.4));
#16756=CARTESIAN_POINT('Ctrl Pts',(16.9446421060705,1.97414335097002,7.4));
#16757=CARTESIAN_POINT('Origin',(19.6861677262926,1.65210951353239,7.4));
#16758=CARTESIAN_POINT('Origin',(20.3824949655676,1.31312635029482,7.6));
#16759=CARTESIAN_POINT('',(20.3824949655676,1.31312635029482,7.6));
#16760=CARTESIAN_POINT('',(20.1960552129889,1.31312635029482,7.6));
#16761=CARTESIAN_POINT('',(20.2258696044037,1.31312635029482,7.6));
#16762=CARTESIAN_POINT('',(20.3824949655676,1.31312635029482,7.4));
#16763=CARTESIAN_POINT('',(20.3824949655676,1.31312635029482,7.6));
#16764=CARTESIAN_POINT('',(20.1960552129889,1.31312635029482,7.4));
#16765=CARTESIAN_POINT('',(20.3824949655676,1.31312635029482,7.4));
#16766=CARTESIAN_POINT('',(20.1960552129889,1.31312635029482,7.6));
#16767=CARTESIAN_POINT('Origin',(20.3824949655676,2.63516035164522,7.6));
#16768=CARTESIAN_POINT('',(20.3824949655676,2.63516035164522,7.6));
#16769=CARTESIAN_POINT('',(20.3824949655676,14.7011597844204,7.6));
#16770=CARTESIAN_POINT('',(20.3824949655676,2.63516035164522,7.4));
#16771=CARTESIAN_POINT('',(20.3824949655676,2.63516035164522,7.6));
#16772=CARTESIAN_POINT('',(20.3824949655676,2.63516035164522,7.4));
#16773=CARTESIAN_POINT('Origin',(20.1960552129889,2.63516035164522,7.6));
#16774=CARTESIAN_POINT('',(20.1960552129889,2.63516035164522,7.6));
#16775=CARTESIAN_POINT('',(20.1326497281144,2.63516035164522,7.6));
#16776=CARTESIAN_POINT('',(20.1960552129889,2.63516035164522,7.4));
#16777=CARTESIAN_POINT('',(20.1960552129889,2.63516035164522,7.6));
#16778=CARTESIAN_POINT('',(20.1960552129889,2.63516035164522,7.4));
#16779=CARTESIAN_POINT('Origin',(20.1960552129889,1.31312635029482,7.6));
#16780=CARTESIAN_POINT('',(20.1960552129889,14.0401427837452,7.6));
#16781=CARTESIAN_POINT('',(20.1960552129889,1.31312635029482,7.4));
#16782=CARTESIAN_POINT('Origin',(19.6861677262926,1.65210951353239,7.4));
#16783=CARTESIAN_POINT('Ctrl Pts',(20.2892756853247,0.669058675419558,7.6));
#16784=CARTESIAN_POINT('Ctrl Pts',(20.2892756853247,0.669058675419558,7.4));
#16785=CARTESIAN_POINT('Ctrl Pts',(20.272441745994,0.670933459126506,7.6));
#16786=CARTESIAN_POINT('Ctrl Pts',(20.272441745994,0.670933459126506,7.4));
#16787=CARTESIAN_POINT('Ctrl Pts',(20.2375043316718,0.674824413813209,7.6));
#16788=CARTESIAN_POINT('Ctrl Pts',(20.2375043316718,0.674824413813209,7.4));
#16789=CARTESIAN_POINT('Ctrl Pts',(20.2102022812829,0.697076381702948,7.6));
#16790=CARTESIAN_POINT('Ctrl Pts',(20.2102022812829,0.697076381702948,7.4));
#16791=CARTESIAN_POINT('Ctrl Pts',(20.1960552129889,0.708606655251254,7.6));
#16792=CARTESIAN_POINT('Ctrl Pts',(20.1960552129889,0.708606655251254,7.4));
#16793=CARTESIAN_POINT('',(20.2892756853247,0.669058675419558,7.6));
#16794=CARTESIAN_POINT('',(20.1960552129889,0.708606655251254,7.6));
#16795=CARTESIAN_POINT('Ctrl Pts',(20.2892756853247,0.669058675419558,7.6));
#16796=CARTESIAN_POINT('Ctrl Pts',(20.272441745994,0.670933459126506,7.6));
#16797=CARTESIAN_POINT('Ctrl Pts',(20.2375043316718,0.674824413813209,7.6));
#16798=CARTESIAN_POINT('Ctrl Pts',(20.2102022812829,0.697076381702948,7.6));
#16799=CARTESIAN_POINT('Ctrl Pts',(20.1960552129889,0.708606655251254,7.6));
#16800=CARTESIAN_POINT('',(20.2892756853247,0.669058675419558,7.4));
#16801=CARTESIAN_POINT('',(20.2892756853247,0.669058675419558,7.6));
#16802=CARTESIAN_POINT('',(20.1960552129889,0.708606655251254,7.4));
#16803=CARTESIAN_POINT('Ctrl Pts',(20.2892756853247,0.669058675419558,7.4));
#16804=CARTESIAN_POINT('Ctrl Pts',(20.272441745994,0.670933459126506,7.4));
#16805=CARTESIAN_POINT('Ctrl Pts',(20.2375043316718,0.674824413813209,7.4));
#16806=CARTESIAN_POINT('Ctrl Pts',(20.2102022812829,0.697076381702948,7.4));
#16807=CARTESIAN_POINT('Ctrl Pts',(20.1960552129889,0.708606655251254,7.4));
#16808=CARTESIAN_POINT('',(20.1960552129889,0.708606655251254,7.6));
#16809=CARTESIAN_POINT('Ctrl Pts',(20.3824949655676,0.708606655251254,7.6));
#16810=CARTESIAN_POINT('Ctrl Pts',(20.3824949655676,0.708606655251254,7.4));
#16811=CARTESIAN_POINT('Ctrl Pts',(20.3683479110305,0.69707630856635,7.6));
#16812=CARTESIAN_POINT('Ctrl Pts',(20.3683479110305,0.69707630856635,7.4));
#16813=CARTESIAN_POINT('Ctrl Pts',(20.3410462244582,0.67482447441706,7.6));
#16814=CARTESIAN_POINT('Ctrl Pts',(20.3410462244582,0.67482447441706,7.4));
#16815=CARTESIAN_POINT('Ctrl Pts',(20.306109208888,0.670933462024261,7.6));
#16816=CARTESIAN_POINT('Ctrl Pts',(20.306109208888,0.670933462024261,7.4));
#16817=CARTESIAN_POINT('Ctrl Pts',(20.2892756853247,0.669058675419558,7.6));
#16818=CARTESIAN_POINT('Ctrl Pts',(20.2892756853247,0.669058675419558,7.4));
#16819=CARTESIAN_POINT('',(20.3824949655676,0.708606655251254,7.6));
#16820=CARTESIAN_POINT('Ctrl Pts',(20.3824949655676,0.708606655251254,7.6));
#16821=CARTESIAN_POINT('Ctrl Pts',(20.3683479110305,0.69707630856635,7.6));
#16822=CARTESIAN_POINT('Ctrl Pts',(20.3410462244582,0.67482447441706,7.6));
#16823=CARTESIAN_POINT('Ctrl Pts',(20.306109208888,0.670933462024261,7.6));
#16824=CARTESIAN_POINT('Ctrl Pts',(20.2892756853247,0.669058675419558,7.6));
#16825=CARTESIAN_POINT('',(20.3824949655676,0.708606655251254,7.4));
#16826=CARTESIAN_POINT('',(20.3824949655676,0.708606655251254,7.6));
#16827=CARTESIAN_POINT('Ctrl Pts',(20.3824949655676,0.708606655251254,7.4));
#16828=CARTESIAN_POINT('Ctrl Pts',(20.3683479110305,0.69707630856635,7.4));
#16829=CARTESIAN_POINT('Ctrl Pts',(20.3410462244582,0.67482447441706,7.4));
#16830=CARTESIAN_POINT('Ctrl Pts',(20.306109208888,0.670933462024261,7.4));
#16831=CARTESIAN_POINT('Ctrl Pts',(20.2892756853247,0.669058675419558,7.4));
#16832=CARTESIAN_POINT('Ctrl Pts',(20.4248690996313,0.804651791702975,7.6));
#16833=CARTESIAN_POINT('Ctrl Pts',(20.4248690996313,0.804651791702975,7.4));
#16834=CARTESIAN_POINT('Ctrl Pts',(20.4232207822272,0.785922140304662,7.6));
#16835=CARTESIAN_POINT('Ctrl Pts',(20.4232207822272,0.785922140304662,7.4));
#16836=CARTESIAN_POINT('Ctrl Pts',(20.4199765870331,0.749058703138915,7.6));
#16837=CARTESIAN_POINT('Ctrl Pts',(20.4199765870331,0.749058703138915,7.4));
#16838=CARTESIAN_POINT('Ctrl Pts',(20.3948534749181,0.721944579079518,7.6));
#16839=CARTESIAN_POINT('Ctrl Pts',(20.3948534749181,0.721944579079518,7.4));
#16840=CARTESIAN_POINT('Ctrl Pts',(20.3824949655676,0.708606655251254,7.6));
#16841=CARTESIAN_POINT('Ctrl Pts',(20.3824949655676,0.708606655251254,7.4));
#16842=CARTESIAN_POINT('',(20.4248690996313,0.804651791702975,7.6));
#16843=CARTESIAN_POINT('Ctrl Pts',(20.4248690996313,0.804651791702975,7.6));
#16844=CARTESIAN_POINT('Ctrl Pts',(20.4232207822272,0.785922140304662,7.6));
#16845=CARTESIAN_POINT('Ctrl Pts',(20.4199765870331,0.749058703138915,7.6));
#16846=CARTESIAN_POINT('Ctrl Pts',(20.3948534749181,0.721944579079518,7.6));
#16847=CARTESIAN_POINT('Ctrl Pts',(20.3824949655676,0.708606655251254,7.6));
#16848=CARTESIAN_POINT('',(20.4248690996313,0.804651791702975,7.4));
#16849=CARTESIAN_POINT('',(20.4248690996313,0.804651791702975,7.6));
#16850=CARTESIAN_POINT('Ctrl Pts',(20.4248690996313,0.804651791702975,7.4));
#16851=CARTESIAN_POINT('Ctrl Pts',(20.4232207822272,0.785922140304662,7.4));
#16852=CARTESIAN_POINT('Ctrl Pts',(20.4199765870331,0.749058703138915,7.4));
#16853=CARTESIAN_POINT('Ctrl Pts',(20.3948534749181,0.721944579079518,7.4));
#16854=CARTESIAN_POINT('Ctrl Pts',(20.3824949655676,0.708606655251254,7.4));
#16855=CARTESIAN_POINT('Ctrl Pts',(20.3824949655676,0.903521890293826,7.6));
#16856=CARTESIAN_POINT('Ctrl Pts',(20.3824949655676,0.903521890293826,7.4));
#16857=CARTESIAN_POINT('Ctrl Pts',(20.3948542328927,0.889451079199386,7.6));
#16858=CARTESIAN_POINT('Ctrl Pts',(20.3948542328927,0.889451079199386,7.4));
#16859=CARTESIAN_POINT('Ctrl Pts',(20.4197364639126,0.861123091538108,7.6));
#16860=CARTESIAN_POINT('Ctrl Pts',(20.4197364639126,0.861123091538108,7.4));
#16861=CARTESIAN_POINT('Ctrl Pts',(20.4231507337398,0.823557936772548,7.6));
#16862=CARTESIAN_POINT('Ctrl Pts',(20.4231507337398,0.823557936772548,7.4));
#16863=CARTESIAN_POINT('Ctrl Pts',(20.4248690996313,0.804651791702975,7.6));
#16864=CARTESIAN_POINT('Ctrl Pts',(20.4248690996313,0.804651791702975,7.4));
#16865=CARTESIAN_POINT('',(20.3824949655676,0.903521890293826,7.6));
#16866=CARTESIAN_POINT('Ctrl Pts',(20.3824949655676,0.903521890293826,7.6));
#16867=CARTESIAN_POINT('Ctrl Pts',(20.3948542328927,0.889451079199386,7.6));
#16868=CARTESIAN_POINT('Ctrl Pts',(20.4197364639126,0.861123091538108,7.6));
#16869=CARTESIAN_POINT('Ctrl Pts',(20.4231507337398,0.823557936772548,7.6));
#16870=CARTESIAN_POINT('Ctrl Pts',(20.4248690996313,0.804651791702975,7.6));
#16871=CARTESIAN_POINT('',(20.3824949655676,0.903521890293826,7.4));
#16872=CARTESIAN_POINT('',(20.3824949655676,0.903521890293826,7.6));
#16873=CARTESIAN_POINT('Ctrl Pts',(20.3824949655676,0.903521890293826,7.4));
#16874=CARTESIAN_POINT('Ctrl Pts',(20.3948542328927,0.889451079199386,7.4));
#16875=CARTESIAN_POINT('Ctrl Pts',(20.4197364639126,0.861123091538108,7.4));
#16876=CARTESIAN_POINT('Ctrl Pts',(20.4231507337398,0.823557936772548,7.4));
#16877=CARTESIAN_POINT('Ctrl Pts',(20.4248690996313,0.804651791702975,7.4));
#16878=CARTESIAN_POINT('Ctrl Pts',(20.2892756853247,0.940245056998004,7.6));
#16879=CARTESIAN_POINT('Ctrl Pts',(20.2892756853247,0.940245056998004,7.4));
#16880=CARTESIAN_POINT('Ctrl Pts',(20.3060509116298,0.938556785358016,7.6));
#16881=CARTESIAN_POINT('Ctrl Pts',(20.3060509116298,0.938556785358016,7.4));
#16882=CARTESIAN_POINT('Ctrl Pts',(20.3405287263846,0.935086911640636,7.6));
#16883=CARTESIAN_POINT('Ctrl Pts',(20.3405287263846,0.935086911640636,7.4));
#16884=CARTESIAN_POINT('Ctrl Pts',(20.3682576079503,0.914230557686028,7.6));
#16885=CARTESIAN_POINT('Ctrl Pts',(20.3682576079503,0.914230557686028,7.4));
#16886=CARTESIAN_POINT('Ctrl Pts',(20.3824949655676,0.903521890293826,7.6));
#16887=CARTESIAN_POINT('Ctrl Pts',(20.3824949655676,0.903521890293826,7.4));
#16888=CARTESIAN_POINT('',(20.2892756853247,0.940245056998004,7.6));
#16889=CARTESIAN_POINT('Ctrl Pts',(20.2892756853247,0.940245056998004,7.6));
#16890=CARTESIAN_POINT('Ctrl Pts',(20.3060509116298,0.938556785358016,7.6));
#16891=CARTESIAN_POINT('Ctrl Pts',(20.3405287263846,0.935086911640636,7.6));
#16892=CARTESIAN_POINT('Ctrl Pts',(20.3682576079503,0.914230557686028,7.6));
#16893=CARTESIAN_POINT('Ctrl Pts',(20.3824949655676,0.903521890293826,7.6));
#16894=CARTESIAN_POINT('',(20.2892756853247,0.940245056998004,7.4));
#16895=CARTESIAN_POINT('',(20.2892756853247,0.940245056998004,7.6));
#16896=CARTESIAN_POINT('Ctrl Pts',(20.2892756853247,0.940245056998004,7.4));
#16897=CARTESIAN_POINT('Ctrl Pts',(20.3060509116298,0.938556785358016,7.4));
#16898=CARTESIAN_POINT('Ctrl Pts',(20.3405287263846,0.935086911640636,7.4));
#16899=CARTESIAN_POINT('Ctrl Pts',(20.3682576079503,0.914230557686028,7.4));
#16900=CARTESIAN_POINT('Ctrl Pts',(20.3824949655676,0.903521890293826,7.4));
#16901=CARTESIAN_POINT('Ctrl Pts',(20.1960552129889,0.903521890293826,7.6));
#16902=CARTESIAN_POINT('Ctrl Pts',(20.1960552129889,0.903521890293826,7.4));
#16903=CARTESIAN_POINT('Ctrl Pts',(20.2102925785518,0.914230521858957,7.6));
#16904=CARTESIAN_POINT('Ctrl Pts',(20.2102925785518,0.914230521858957,7.4));
#16905=CARTESIAN_POINT('Ctrl Pts',(20.238021808203,0.93508705620904,7.6));
#16906=CARTESIAN_POINT('Ctrl Pts',(20.238021808203,0.93508705620904,7.4));
#16907=CARTESIAN_POINT('Ctrl Pts',(20.2725000425314,0.938556818300325,7.6));
#16908=CARTESIAN_POINT('Ctrl Pts',(20.2725000425314,0.938556818300325,7.4));
#16909=CARTESIAN_POINT('Ctrl Pts',(20.2892756853247,0.940245056998004,7.6));
#16910=CARTESIAN_POINT('Ctrl Pts',(20.2892756853247,0.940245056998004,7.4));
#16911=CARTESIAN_POINT('',(20.1960552129889,0.903521890293826,7.6));
#16912=CARTESIAN_POINT('Ctrl Pts',(20.1960552129889,0.903521890293826,7.6));
#16913=CARTESIAN_POINT('Ctrl Pts',(20.2102925785518,0.914230521858957,7.6));
#16914=CARTESIAN_POINT('Ctrl Pts',(20.238021808203,0.93508705620904,7.6));
#16915=CARTESIAN_POINT('Ctrl Pts',(20.2725000425314,0.938556818300325,7.6));
#16916=CARTESIAN_POINT('Ctrl Pts',(20.2892756853247,0.940245056998004,7.6));
#16917=CARTESIAN_POINT('',(20.1960552129889,0.903521890293826,7.4));
#16918=CARTESIAN_POINT('',(20.1960552129889,0.903521890293826,7.6));
#16919=CARTESIAN_POINT('Ctrl Pts',(20.1960552129889,0.903521890293826,7.4));
#16920=CARTESIAN_POINT('Ctrl Pts',(20.2102925785518,0.914230521858957,7.4));
#16921=CARTESIAN_POINT('Ctrl Pts',(20.238021808203,0.93508705620904,7.4));
#16922=CARTESIAN_POINT('Ctrl Pts',(20.2725000425314,0.938556818300325,7.4));
#16923=CARTESIAN_POINT('Ctrl Pts',(20.2892756853247,0.940245056998004,7.4));
#16924=CARTESIAN_POINT('Ctrl Pts',(20.153682271018,0.804651791702975,7.6));
#16925=CARTESIAN_POINT('Ctrl Pts',(20.153682271018,0.804651791702975,7.4));
#16926=CARTESIAN_POINT('Ctrl Pts',(20.1554007100836,0.823557835412692,7.6));
#16927=CARTESIAN_POINT('Ctrl Pts',(20.1554007100836,0.823557835412692,7.4));
#16928=CARTESIAN_POINT('Ctrl Pts',(20.1588151120481,0.86112264296343,7.6));
#16929=CARTESIAN_POINT('Ctrl Pts',(20.1588151120481,0.86112264296343,7.4));
#16930=CARTESIAN_POINT('Ctrl Pts',(20.1836964418957,0.889450967309185,7.6));
#16931=CARTESIAN_POINT('Ctrl Pts',(20.1836964418957,0.889450967309185,7.4));
#16932=CARTESIAN_POINT('Ctrl Pts',(20.1960552129889,0.903521890293826,7.6));
#16933=CARTESIAN_POINT('Ctrl Pts',(20.1960552129889,0.903521890293826,7.4));
#16934=CARTESIAN_POINT('',(20.153682271018,0.804651791702975,7.6));
#16935=CARTESIAN_POINT('Ctrl Pts',(20.153682271018,0.804651791702975,7.6));
#16936=CARTESIAN_POINT('Ctrl Pts',(20.1554007100836,0.823557835412692,7.6));
#16937=CARTESIAN_POINT('Ctrl Pts',(20.1588151120481,0.86112264296343,7.6));
#16938=CARTESIAN_POINT('Ctrl Pts',(20.1836964418957,0.889450967309185,7.6));
#16939=CARTESIAN_POINT('Ctrl Pts',(20.1960552129889,0.903521890293826,7.6));
#16940=CARTESIAN_POINT('',(20.153682271018,0.804651791702975,7.4));
#16941=CARTESIAN_POINT('',(20.153682271018,0.804651791702975,7.6));
#16942=CARTESIAN_POINT('Ctrl Pts',(20.153682271018,0.804651791702975,7.4));
#16943=CARTESIAN_POINT('Ctrl Pts',(20.1554007100836,0.823557835412692,7.4));
#16944=CARTESIAN_POINT('Ctrl Pts',(20.1588151120481,0.86112264296343,7.4));
#16945=CARTESIAN_POINT('Ctrl Pts',(20.1836964418957,0.889450967309185,7.4));
#16946=CARTESIAN_POINT('Ctrl Pts',(20.1960552129889,0.903521890293826,7.4));
#16947=CARTESIAN_POINT('Ctrl Pts',(20.1960552129889,0.708606655251254,7.6));
#16948=CARTESIAN_POINT('Ctrl Pts',(20.1960552129889,0.708606655251254,7.4));
#16949=CARTESIAN_POINT('Ctrl Pts',(20.183697199491,0.721944642007136,7.6));
#16950=CARTESIAN_POINT('Ctrl Pts',(20.183697199491,0.721944642007136,7.4));
#16951=CARTESIAN_POINT('Ctrl Pts',(20.1585749230059,0.749059080027066,7.6));
#16952=CARTESIAN_POINT('Ctrl Pts',(20.1585749230059,0.749059080027066,7.4));
#16953=CARTESIAN_POINT('Ctrl Pts',(20.1553306426442,0.785922184779521,7.6));
#16954=CARTESIAN_POINT('Ctrl Pts',(20.1553306426442,0.785922184779521,7.4));
#16955=CARTESIAN_POINT('Ctrl Pts',(20.153682271018,0.804651791702975,7.6));
#16956=CARTESIAN_POINT('Ctrl Pts',(20.153682271018,0.804651791702975,7.4));
#16957=CARTESIAN_POINT('Ctrl Pts',(20.1960552129889,0.708606655251254,7.6));
#16958=CARTESIAN_POINT('Ctrl Pts',(20.183697199491,0.721944642007136,7.6));
#16959=CARTESIAN_POINT('Ctrl Pts',(20.1585749230059,0.749059080027066,7.6));
#16960=CARTESIAN_POINT('Ctrl Pts',(20.1553306426442,0.785922184779521,7.6));
#16961=CARTESIAN_POINT('Ctrl Pts',(20.153682271018,0.804651791702975,7.6));
#16962=CARTESIAN_POINT('Ctrl Pts',(20.1960552129889,0.708606655251254,7.4));
#16963=CARTESIAN_POINT('Ctrl Pts',(20.183697199491,0.721944642007136,7.4));
#16964=CARTESIAN_POINT('Ctrl Pts',(20.1585749230059,0.749059080027066,7.4));
#16965=CARTESIAN_POINT('Ctrl Pts',(20.1553306426442,0.785922184779521,7.4));
#16966=CARTESIAN_POINT('Ctrl Pts',(20.153682271018,0.804651791702975,7.4));
#16967=CARTESIAN_POINT('Origin',(19.6861677262926,1.65210951353239,7.4));
#16968=CARTESIAN_POINT('Ctrl Pts',(23.3627218399191,1.46849360550569,7.6));
#16969=CARTESIAN_POINT('Ctrl Pts',(23.3627218399191,1.46849360550569,7.4));
#16970=CARTESIAN_POINT('Ctrl Pts',(23.3637547704239,1.44188494858781,7.6));
#16971=CARTESIAN_POINT('Ctrl Pts',(23.3637547704239,1.44188494858781,7.4));
#16972=CARTESIAN_POINT('Ctrl Pts',(23.3657669183117,1.390051303861,7.6));
#16973=CARTESIAN_POINT('Ctrl Pts',(23.3657669183117,1.390051303861,7.4));
#16974=CARTESIAN_POINT('Ctrl Pts',(23.3694190891743,1.33830757856291,7.6));
#16975=CARTESIAN_POINT('Ctrl Pts',(23.3694190891743,1.33830757856291,7.4));
#16976=CARTESIAN_POINT('Ctrl Pts',(23.3711964283133,1.31312635029482,7.6));
#16977=CARTESIAN_POINT('Ctrl Pts',(23.3711964283133,1.31312635029482,7.4));
#16978=CARTESIAN_POINT('',(23.3627218399191,1.46849360550569,7.6));
#16979=CARTESIAN_POINT('',(23.3711964283133,1.31312635029482,7.6));
#16980=CARTESIAN_POINT('Ctrl Pts',(23.3627218399191,1.46849360550569,7.6));
#16981=CARTESIAN_POINT('Ctrl Pts',(23.3637547704239,1.44188494858781,7.6));
#16982=CARTESIAN_POINT('Ctrl Pts',(23.3657669183117,1.390051303861,7.6));
#16983=CARTESIAN_POINT('Ctrl Pts',(23.3694190891743,1.33830757856291,7.6));
#16984=CARTESIAN_POINT('Ctrl Pts',(23.3711964283133,1.31312635029482,7.6));
#16985=CARTESIAN_POINT('',(23.3627218399191,1.46849360550569,7.4));
#16986=CARTESIAN_POINT('',(23.3627218399191,1.46849360550569,7.6));
#16987=CARTESIAN_POINT('',(23.3711964283133,1.31312635029482,7.4));
#16988=CARTESIAN_POINT('Ctrl Pts',(23.3627218399191,1.46849360550569,7.4));
#16989=CARTESIAN_POINT('Ctrl Pts',(23.3637547704239,1.44188494858781,7.4));
#16990=CARTESIAN_POINT('Ctrl Pts',(23.3657669183117,1.390051303861,7.4));
#16991=CARTESIAN_POINT('Ctrl Pts',(23.3694190891743,1.33830757856291,7.4));
#16992=CARTESIAN_POINT('Ctrl Pts',(23.3711964283133,1.31312635029482,7.4));
#16993=CARTESIAN_POINT('',(23.3711964283133,1.31312635029482,7.6));
#16994=CARTESIAN_POINT('Ctrl Pts',(23.3570719156408,1.60408687080072,7.6));
#16995=CARTESIAN_POINT('Ctrl Pts',(23.3570719156408,1.60408687080072,7.4));
#16996=CARTESIAN_POINT('Ctrl Pts',(23.3573920577708,1.58383598680465,7.6));
#16997=CARTESIAN_POINT('Ctrl Pts',(23.3573920577708,1.58383598680465,7.4));
#16998=CARTESIAN_POINT('Ctrl Pts',(23.3581073170894,1.53859160271332,7.6));
#16999=CARTESIAN_POINT('Ctrl Pts',(23.3581073170894,1.53859160271332,7.4));
#17000=CARTESIAN_POINT('Ctrl Pts',(23.3610798047394,1.49343732811602,7.6));
#17001=CARTESIAN_POINT('Ctrl Pts',(23.3610798047394,1.49343732811602,7.4));
#17002=CARTESIAN_POINT('Ctrl Pts',(23.3627218399191,1.46849360550569,7.6));
#17003=CARTESIAN_POINT('Ctrl Pts',(23.3627218399191,1.46849360550569,7.4));
#17004=CARTESIAN_POINT('',(23.3570719156408,1.60408687080072,7.6));
#17005=CARTESIAN_POINT('Ctrl Pts',(23.3570719156408,1.60408687080072,7.6));
#17006=CARTESIAN_POINT('Ctrl Pts',(23.3573920577708,1.58383598680465,7.6));
#17007=CARTESIAN_POINT('Ctrl Pts',(23.3581073170894,1.53859160271332,7.6));
#17008=CARTESIAN_POINT('Ctrl Pts',(23.3610798047394,1.49343732811602,7.6));
#17009=CARTESIAN_POINT('Ctrl Pts',(23.3627218399191,1.46849360550569,7.6));
#17010=CARTESIAN_POINT('',(23.3570719156408,1.60408687080072,7.4));
#17011=CARTESIAN_POINT('',(23.3570719156408,1.60408687080072,7.6));
#17012=CARTESIAN_POINT('Ctrl Pts',(23.3570719156408,1.60408687080072,7.4));
#17013=CARTESIAN_POINT('Ctrl Pts',(23.3573920577708,1.58383598680465,7.4));
#17014=CARTESIAN_POINT('Ctrl Pts',(23.3581073170894,1.53859160271332,7.4));
#17015=CARTESIAN_POINT('Ctrl Pts',(23.3610798047394,1.49343732811602,7.4));
#17016=CARTESIAN_POINT('Ctrl Pts',(23.3627218399191,1.46849360550569,7.4));
#17017=CARTESIAN_POINT('Origin',(23.3570719156408,2.63516035164522,7.6));
#17018=CARTESIAN_POINT('',(23.3570719156408,2.63516035164522,7.6));
#17019=CARTESIAN_POINT('',(23.3570719156408,14.7011597844204,7.6));
#17020=CARTESIAN_POINT('',(23.3570719156408,2.63516035164522,7.4));
#17021=CARTESIAN_POINT('',(23.3570719156408,2.63516035164522,7.6));
#17022=CARTESIAN_POINT('',(23.3570719156408,2.63516035164522,7.4));
#17023=CARTESIAN_POINT('Origin',(23.1706315670156,2.63516035164522,7.6));
#17024=CARTESIAN_POINT('',(23.1706315670156,2.63516035164522,7.6));
#17025=CARTESIAN_POINT('',(21.6199379051277,2.63516035164522,7.6));
#17026=CARTESIAN_POINT('',(23.1706315670156,2.63516035164522,7.4));
#17027=CARTESIAN_POINT('',(23.1706315670156,2.63516035164522,7.6));
#17028=CARTESIAN_POINT('',(23.1706315670156,2.63516035164522,7.4));
#17029=CARTESIAN_POINT('Origin',(23.1706315670156,1.95719417418169,7.6));
#17030=CARTESIAN_POINT('',(23.1706315670156,1.95719417418169,7.6));
#17031=CARTESIAN_POINT('',(23.1706315670156,14.3621766956886,7.6));
#17032=CARTESIAN_POINT('',(23.1706315670156,1.95719417418169,7.4));
#17033=CARTESIAN_POINT('',(23.1706315670156,1.95719417418169,7.6));
#17034=CARTESIAN_POINT('',(23.1706315670156,1.95719417418169,7.4));
#17035=CARTESIAN_POINT('Ctrl Pts',(23.1141341123724,1.67470839108156,7.6));
#17036=CARTESIAN_POINT('Ctrl Pts',(23.1141341123724,1.67470839108156,7.4));
#17037=CARTESIAN_POINT('Ctrl Pts',(23.1305578704709,1.71470414549008,7.6));
#17038=CARTESIAN_POINT('Ctrl Pts',(23.1305578704709,1.71470414549008,7.4));
#17039=CARTESIAN_POINT('Ctrl Pts',(23.1676167668515,1.80495136597409,7.6));
#17040=CARTESIAN_POINT('Ctrl Pts',(23.1676167668515,1.80495136597409,7.4));
#17041=CARTESIAN_POINT('Ctrl Pts',(23.1695532784431,1.90274224655714,7.6));
#17042=CARTESIAN_POINT('Ctrl Pts',(23.1695532784431,1.90274224655714,7.4));
#17043=CARTESIAN_POINT('Ctrl Pts',(23.1706315670156,1.95719417418169,7.6));
#17044=CARTESIAN_POINT('Ctrl Pts',(23.1706315670156,1.95719417418169,7.4));
#17045=CARTESIAN_POINT('',(23.1141341123724,1.67470839108156,7.6));
#17046=CARTESIAN_POINT('Ctrl Pts',(23.1141341123724,1.67470839108156,7.6));
#17047=CARTESIAN_POINT('Ctrl Pts',(23.1305578704709,1.71470414549008,7.6));
#17048=CARTESIAN_POINT('Ctrl Pts',(23.1676167668515,1.80495136597409,7.6));
#17049=CARTESIAN_POINT('Ctrl Pts',(23.1695532784431,1.90274224655714,7.6));
#17050=CARTESIAN_POINT('Ctrl Pts',(23.1706315670156,1.95719417418169,7.6));
#17051=CARTESIAN_POINT('',(23.1141341123724,1.67470839108156,7.4));
#17052=CARTESIAN_POINT('',(23.1141341123724,1.67470839108156,7.6));
#17053=CARTESIAN_POINT('Ctrl Pts',(23.1141341123724,1.67470839108156,7.4));
#17054=CARTESIAN_POINT('Ctrl Pts',(23.1305578704709,1.71470414549008,7.4));
#17055=CARTESIAN_POINT('Ctrl Pts',(23.1676167668515,1.80495136597409,7.4));
#17056=CARTESIAN_POINT('Ctrl Pts',(23.1695532784431,1.90274224655714,7.4));
#17057=CARTESIAN_POINT('Ctrl Pts',(23.1706315670156,1.95719417418169,7.4));
#17058=CARTESIAN_POINT('Ctrl Pts',(22.9870152864599,1.5221659489982,7.6));
#17059=CARTESIAN_POINT('Ctrl Pts',(22.9870152864599,1.5221659489982,7.4));
#17060=CARTESIAN_POINT('Ctrl Pts',(23.0105669773722,1.5423457053745,7.6));
#17061=CARTESIAN_POINT('Ctrl Pts',(23.0105669773722,1.5423457053745,7.4));
#17062=CARTESIAN_POINT('Ctrl Pts',(23.0614726061607,1.58596309110545,7.6));
#17063=CARTESIAN_POINT('Ctrl Pts',(23.0614726061607,1.58596309110545,7.4));
#17064=CARTESIAN_POINT('Ctrl Pts',(23.0957274225481,1.6436893920529,7.6));
#17065=CARTESIAN_POINT('Ctrl Pts',(23.0957274225481,1.6436893920529,7.4));
#17066=CARTESIAN_POINT('Ctrl Pts',(23.1141341123724,1.67470839108156,7.6));
#17067=CARTESIAN_POINT('Ctrl Pts',(23.1141341123724,1.67470839108156,7.4));
#17068=CARTESIAN_POINT('',(22.9870152864599,1.5221659489982,7.6));
#17069=CARTESIAN_POINT('Ctrl Pts',(22.9870152864599,1.5221659489982,7.6));
#17070=CARTESIAN_POINT('Ctrl Pts',(23.0105669773722,1.5423457053745,7.6));
#17071=CARTESIAN_POINT('Ctrl Pts',(23.0614726061607,1.58596309110545,7.6));
#17072=CARTESIAN_POINT('Ctrl Pts',(23.0957274225481,1.6436893920529,7.6));
#17073=CARTESIAN_POINT('Ctrl Pts',(23.1141341123724,1.67470839108156,7.6));
#17074=CARTESIAN_POINT('',(22.9870152864599,1.5221659489982,7.4));
#17075=CARTESIAN_POINT('',(22.9870152864599,1.5221659489982,7.6));
#17076=CARTESIAN_POINT('Ctrl Pts',(22.9870152864599,1.5221659489982,7.4));
#17077=CARTESIAN_POINT('Ctrl Pts',(23.0105669773722,1.5423457053745,7.4));
#17078=CARTESIAN_POINT('Ctrl Pts',(23.0614726061607,1.58596309110545,7.4));
#17079=CARTESIAN_POINT('Ctrl Pts',(23.0957274225481,1.6436893920529,7.4));
#17080=CARTESIAN_POINT('Ctrl Pts',(23.1141341123724,1.67470839108156,7.4));
#17081=CARTESIAN_POINT('Ctrl Pts',(22.8485978040838,1.46001901711153,7.6));
#17082=CARTESIAN_POINT('Ctrl Pts',(22.8485978040838,1.46001901711153,7.4));
#17083=CARTESIAN_POINT('Ctrl Pts',(22.8714281267021,1.46601700277049,7.6));
#17084=CARTESIAN_POINT('Ctrl Pts',(22.8714281267021,1.46601700277049,7.4));
#17085=CARTESIAN_POINT('Ctrl Pts',(22.9209491636909,1.47902717676765,7.6));
#17086=CARTESIAN_POINT('Ctrl Pts',(22.9209491636909,1.47902717676765,7.4));
#17087=CARTESIAN_POINT('Ctrl Pts',(22.9638777521435,1.50705798169181,7.6));
#17088=CARTESIAN_POINT('Ctrl Pts',(22.9638777521435,1.50705798169181,7.4));
#17089=CARTESIAN_POINT('Ctrl Pts',(22.9870152864599,1.5221659489982,7.6));
#17090=CARTESIAN_POINT('Ctrl Pts',(22.9870152864599,1.5221659489982,7.4));
#17091=CARTESIAN_POINT('',(22.8485978040838,1.46001901711153,7.6));
#17092=CARTESIAN_POINT('Ctrl Pts',(22.8485978040838,1.46001901711153,7.6));
#17093=CARTESIAN_POINT('Ctrl Pts',(22.8714281267021,1.46601700277049,7.6));
#17094=CARTESIAN_POINT('Ctrl Pts',(22.9209491636909,1.47902717676765,7.6));
#17095=CARTESIAN_POINT('Ctrl Pts',(22.9638777521435,1.50705798169181,7.6));
#17096=CARTESIAN_POINT('Ctrl Pts',(22.9870152864599,1.5221659489982,7.6));
#17097=CARTESIAN_POINT('',(22.8485978040838,1.46001901711153,7.4));
#17098=CARTESIAN_POINT('',(22.8485978040838,1.46001901711153,7.6));
#17099=CARTESIAN_POINT('Ctrl Pts',(22.8485978040838,1.46001901711153,7.4));
#17100=CARTESIAN_POINT('Ctrl Pts',(22.8714281267021,1.46601700277049,7.4));
#17101=CARTESIAN_POINT('Ctrl Pts',(22.9209491636909,1.47902717676765,7.4));
#17102=CARTESIAN_POINT('Ctrl Pts',(22.9638777521435,1.50705798169181,7.4));
#17103=CARTESIAN_POINT('Ctrl Pts',(22.9870152864599,1.5221659489982,7.4));
#17104=CARTESIAN_POINT('Ctrl Pts',(22.769501248374,1.44871961558985,7.6));
#17105=CARTESIAN_POINT('Ctrl Pts',(22.769501248374,1.44871961558985,7.4));
#17106=CARTESIAN_POINT('Ctrl Pts',(22.7784579498567,1.44957711822965,7.6));
#17107=CARTESIAN_POINT('Ctrl Pts',(22.7784579498567,1.44957711822965,7.4));
#17108=CARTESIAN_POINT('Ctrl Pts',(22.8049873451629,1.45211700711076,7.6));
#17109=CARTESIAN_POINT('Ctrl Pts',(22.8049873451629,1.45211700711076,7.4));
#17110=CARTESIAN_POINT('Ctrl Pts',(22.8312210027295,1.45687042245142,7.6));
#17111=CARTESIAN_POINT('Ctrl Pts',(22.8312210027295,1.45687042245142,7.4));
#17112=CARTESIAN_POINT('Ctrl Pts',(22.8485978040838,1.46001901711153,7.6));
#17113=CARTESIAN_POINT('Ctrl Pts',(22.8485978040838,1.46001901711153,7.4));
#17114=CARTESIAN_POINT('',(22.769501248374,1.44871961558985,7.6));
#17115=CARTESIAN_POINT('Ctrl Pts',(22.769501248374,1.44871961558985,7.6));
#17116=CARTESIAN_POINT('Ctrl Pts',(22.7784579498567,1.44957711822965,7.6));
#17117=CARTESIAN_POINT('Ctrl Pts',(22.8049873451629,1.45211700711076,7.6));
#17118=CARTESIAN_POINT('Ctrl Pts',(22.8312210027295,1.45687042245142,7.6));
#17119=CARTESIAN_POINT('Ctrl Pts',(22.8485978040838,1.46001901711153,7.6));
#17120=CARTESIAN_POINT('',(22.769501248374,1.44871961558985,7.4));
#17121=CARTESIAN_POINT('',(22.769501248374,1.44871961558985,7.6));
#17122=CARTESIAN_POINT('Ctrl Pts',(22.769501248374,1.44871961558985,7.4));
#17123=CARTESIAN_POINT('Ctrl Pts',(22.7784579498567,1.44957711822965,7.4));
#17124=CARTESIAN_POINT('Ctrl Pts',(22.8049873451629,1.45211700711076,7.4));
#17125=CARTESIAN_POINT('Ctrl Pts',(22.8312210027295,1.45687042245142,7.4));
#17126=CARTESIAN_POINT('Ctrl Pts',(22.8485978040838,1.46001901711153,7.4));
#17127=CARTESIAN_POINT('Ctrl Pts',(22.4870157632971,1.56736370409654,7.6));
#17128=CARTESIAN_POINT('Ctrl Pts',(22.4870157632971,1.56736370409654,7.4));
#17129=CARTESIAN_POINT('Ctrl Pts',(22.5210678229776,1.53287218890331,7.6));
#17130=CARTESIAN_POINT('Ctrl Pts',(22.5210678229776,1.53287218890331,7.4));
#17131=CARTESIAN_POINT('Ctrl Pts',(22.597828281171,1.45512110615366,7.6));
#17132=CARTESIAN_POINT('Ctrl Pts',(22.597828281171,1.45512110615366,7.4));
#17133=CARTESIAN_POINT('Ctrl Pts',(22.7081306309651,1.45100805642383,7.6));
#17134=CARTESIAN_POINT('Ctrl Pts',(22.7081306309651,1.45100805642383,7.4));
#17135=CARTESIAN_POINT('Ctrl Pts',(22.769501248374,1.44871961558985,7.6));
#17136=CARTESIAN_POINT('Ctrl Pts',(22.769501248374,1.44871961558985,7.4));
#17137=CARTESIAN_POINT('',(22.4870157632971,1.56736370409654,7.6));
#17138=CARTESIAN_POINT('Ctrl Pts',(22.4870157632971,1.56736370409654,7.6));
#17139=CARTESIAN_POINT('Ctrl Pts',(22.5210678229776,1.53287218890331,7.6));
#17140=CARTESIAN_POINT('Ctrl Pts',(22.597828281171,1.45512110615366,7.6));
#17141=CARTESIAN_POINT('Ctrl Pts',(22.7081306309651,1.45100805642383,7.6));
#17142=CARTESIAN_POINT('Ctrl Pts',(22.769501248374,1.44871961558985,7.6));
#17143=CARTESIAN_POINT('',(22.4870157632971,1.56736370409654,7.4));
#17144=CARTESIAN_POINT('',(22.4870157632971,1.56736370409654,7.6));
#17145=CARTESIAN_POINT('Ctrl Pts',(22.4870157632971,1.56736370409654,7.4));
#17146=CARTESIAN_POINT('Ctrl Pts',(22.5210678229776,1.53287218890331,7.4));
#17147=CARTESIAN_POINT('Ctrl Pts',(22.597828281171,1.45512110615366,7.4));
#17148=CARTESIAN_POINT('Ctrl Pts',(22.7081306309651,1.45100805642383,7.4));
#17149=CARTESIAN_POINT('Ctrl Pts',(22.769501248374,1.44871961558985,7.4));
#17150=CARTESIAN_POINT('Ctrl Pts',(22.4107444677496,1.90352197970079,7.6));
#17151=CARTESIAN_POINT('Ctrl Pts',(22.4107444677496,1.90352197970079,7.4));
#17152=CARTESIAN_POINT('Ctrl Pts',(22.4120683975609,1.83755166032565,7.6));
#17153=CARTESIAN_POINT('Ctrl Pts',(22.4120683975609,1.83755166032565,7.4));
#17154=CARTESIAN_POINT('Ctrl Pts',(22.41443062565,1.71984380289831,7.6));
#17155=CARTESIAN_POINT('Ctrl Pts',(22.41443062565,1.71984380289831,7.4));
#17156=CARTESIAN_POINT('Ctrl Pts',(22.4648530110404,1.61392115047408,7.6));
#17157=CARTESIAN_POINT('Ctrl Pts',(22.4648530110404,1.61392115047408,7.4));
#17158=CARTESIAN_POINT('Ctrl Pts',(22.4870157632971,1.56736370409654,7.6));
#17159=CARTESIAN_POINT('Ctrl Pts',(22.4870157632971,1.56736370409654,7.4));
#17160=CARTESIAN_POINT('',(22.4107444677496,1.90352197970079,7.6));
#17161=CARTESIAN_POINT('Ctrl Pts',(22.4107444677496,1.90352197970079,7.6));
#17162=CARTESIAN_POINT('Ctrl Pts',(22.4120683975609,1.83755166032565,7.6));
#17163=CARTESIAN_POINT('Ctrl Pts',(22.41443062565,1.71984380289831,7.6));
#17164=CARTESIAN_POINT('Ctrl Pts',(22.4648530110404,1.61392115047408,7.6));
#17165=CARTESIAN_POINT('Ctrl Pts',(22.4870157632971,1.56736370409654,7.6));
#17166=CARTESIAN_POINT('',(22.4107444677496,1.90352197970079,7.4));
#17167=CARTESIAN_POINT('',(22.4107444677496,1.90352197970079,7.6));
#17168=CARTESIAN_POINT('Ctrl Pts',(22.4107444677496,1.90352197970079,7.4));
#17169=CARTESIAN_POINT('Ctrl Pts',(22.4120683975609,1.83755166032565,7.4));
#17170=CARTESIAN_POINT('Ctrl Pts',(22.41443062565,1.71984380289831,7.4));
#17171=CARTESIAN_POINT('Ctrl Pts',(22.4648530110404,1.61392115047408,7.4));
#17172=CARTESIAN_POINT('Ctrl Pts',(22.4870157632971,1.56736370409654,7.4));
#17173=CARTESIAN_POINT('Origin',(22.4107444677496,2.63516035164522,7.6));
#17174=CARTESIAN_POINT('',(22.4107444677496,2.63516035164522,7.6));
#17175=CARTESIAN_POINT('',(22.4107444677496,14.7011597844204,7.6));
#17176=CARTESIAN_POINT('',(22.4107444677496,2.63516035164522,7.4));
#17177=CARTESIAN_POINT('',(22.4107444677496,2.63516035164522,7.6));
#17178=CARTESIAN_POINT('',(22.4107444677496,2.63516035164522,7.4));
#17179=CARTESIAN_POINT('Origin',(22.224303523078,2.63516035164522,7.6));
#17180=CARTESIAN_POINT('',(22.224303523078,2.63516035164522,7.6));
#17181=CARTESIAN_POINT('',(21.1467738831589,2.63516035164522,7.6));
#17182=CARTESIAN_POINT('',(22.224303523078,2.63516035164522,7.4));
#17183=CARTESIAN_POINT('',(22.224303523078,2.63516035164522,7.6));
#17184=CARTESIAN_POINT('',(22.224303523078,2.63516035164522,7.4));
#17185=CARTESIAN_POINT('Origin',(22.224303523078,1.79617729271578,7.6));
#17186=CARTESIAN_POINT('',(22.224303523078,1.79617729271578,7.6));
#17187=CARTESIAN_POINT('',(22.224303523078,14.2816682549557,7.6));
#17188=CARTESIAN_POINT('',(22.224303523078,1.79617729271578,7.4));
#17189=CARTESIAN_POINT('',(22.224303523078,1.79617729271578,7.6));
#17190=CARTESIAN_POINT('',(22.224303523078,1.79617729271578,7.4));
#17191=CARTESIAN_POINT('Ctrl Pts',(22.3457730207586,1.4148214110248,7.6));
#17192=CARTESIAN_POINT('Ctrl Pts',(22.3457730207586,1.4148214110248,7.4));
#17193=CARTESIAN_POINT('Ctrl Pts',(22.310417464988,1.46704725788266,7.6));
#17194=CARTESIAN_POINT('Ctrl Pts',(22.310417464988,1.46704725788266,7.4));
#17195=CARTESIAN_POINT('Ctrl Pts',(22.2328293972264,1.58165732288073,7.6));
#17196=CARTESIAN_POINT('Ctrl Pts',(22.2328293972264,1.58165732288073,7.4));
#17197=CARTESIAN_POINT('Ctrl Pts',(22.2273085918479,1.72056659865079,7.6));
#17198=CARTESIAN_POINT('Ctrl Pts',(22.2273085918479,1.72056659865079,7.4));
#17199=CARTESIAN_POINT('Ctrl Pts',(22.224303523078,1.79617729271578,7.6));
#17200=CARTESIAN_POINT('Ctrl Pts',(22.224303523078,1.79617729271578,7.4));
#17201=CARTESIAN_POINT('',(22.3457730207586,1.4148214110248,7.6));
#17202=CARTESIAN_POINT('Ctrl Pts',(22.3457730207586,1.4148214110248,7.6));
#17203=CARTESIAN_POINT('Ctrl Pts',(22.310417464988,1.46704725788266,7.6));
#17204=CARTESIAN_POINT('Ctrl Pts',(22.2328293972264,1.58165732288073,7.6));
#17205=CARTESIAN_POINT('Ctrl Pts',(22.2273085918479,1.72056659865079,7.6));
#17206=CARTESIAN_POINT('Ctrl Pts',(22.224303523078,1.79617729271578,7.6));
#17207=CARTESIAN_POINT('',(22.3457730207586,1.4148214110248,7.4));
#17208=CARTESIAN_POINT('',(22.3457730207586,1.4148214110248,7.6));
#17209=CARTESIAN_POINT('Ctrl Pts',(22.3457730207586,1.4148214110248,7.4));
#17210=CARTESIAN_POINT('Ctrl Pts',(22.310417464988,1.46704725788266,7.4));
#17211=CARTESIAN_POINT('Ctrl Pts',(22.2328293972264,1.58165732288073,7.4));
#17212=CARTESIAN_POINT('Ctrl Pts',(22.2273085918479,1.72056659865079,7.4));
#17213=CARTESIAN_POINT('Ctrl Pts',(22.224303523078,1.79617729271578,7.4));
#17214=CARTESIAN_POINT('Ctrl Pts',(22.7214789781713,1.27922814572977,7.6));
#17215=CARTESIAN_POINT('Ctrl Pts',(22.7214789781713,1.27922814572977,7.4));
#17216=CARTESIAN_POINT('Ctrl Pts',(22.6446795026001,1.28241490996511,7.6));
#17217=CARTESIAN_POINT('Ctrl Pts',(22.6446795026001,1.28241490996511,7.4));
#17218=CARTESIAN_POINT('Ctrl Pts',(22.5043124659244,1.28823938531436,7.6));
#17219=CARTESIAN_POINT('Ctrl Pts',(22.5043124659244,1.28823938531436,7.4));
#17220=CARTESIAN_POINT('Ctrl Pts',(22.3951906574801,1.37536508168361,7.6));
#17221=CARTESIAN_POINT('Ctrl Pts',(22.3951906574801,1.37536508168361,7.4));
#17222=CARTESIAN_POINT('Ctrl Pts',(22.3457730207586,1.4148214110248,7.6));
#17223=CARTESIAN_POINT('Ctrl Pts',(22.3457730207586,1.4148214110248,7.4));
#17224=CARTESIAN_POINT('',(22.7214789781713,1.27922814572977,7.6));
#17225=CARTESIAN_POINT('Ctrl Pts',(22.7214789781713,1.27922814572977,7.6));
#17226=CARTESIAN_POINT('Ctrl Pts',(22.6446795026001,1.28241490996511,7.6));
#17227=CARTESIAN_POINT('Ctrl Pts',(22.5043124659244,1.28823938531436,7.6));
#17228=CARTESIAN_POINT('Ctrl Pts',(22.3951906574801,1.37536508168361,7.6));
#17229=CARTESIAN_POINT('Ctrl Pts',(22.3457730207586,1.4148214110248,7.6));
#17230=CARTESIAN_POINT('',(22.7214789781713,1.27922814572977,7.4));
#17231=CARTESIAN_POINT('',(22.7214789781713,1.27922814572977,7.6));
#17232=CARTESIAN_POINT('Ctrl Pts',(22.7214789781713,1.27922814572977,7.4));
#17233=CARTESIAN_POINT('Ctrl Pts',(22.6446795026001,1.28241490996511,7.4));
#17234=CARTESIAN_POINT('Ctrl Pts',(22.5043124659244,1.28823938531436,7.4));
#17235=CARTESIAN_POINT('Ctrl Pts',(22.3951906574801,1.37536508168361,7.4));
#17236=CARTESIAN_POINT('Ctrl Pts',(22.3457730207586,1.4148214110248,7.4));
#17237=CARTESIAN_POINT('Ctrl Pts',(22.8542471323156,1.29900213564562,7.6));
#17238=CARTESIAN_POINT('Ctrl Pts',(22.8542471323156,1.29900213564562,7.4));
#17239=CARTESIAN_POINT('Ctrl Pts',(22.8320049987541,1.29323545619086,7.6));
#17240=CARTESIAN_POINT('Ctrl Pts',(22.8320049987541,1.29323545619086,7.4));
#17241=CARTESIAN_POINT('Ctrl Pts',(22.7884421619753,1.28194099493118,7.6));
#17242=CARTESIAN_POINT('Ctrl Pts',(22.7884421619753,1.28194099493118,7.4));
#17243=CARTESIAN_POINT('Ctrl Pts',(22.7434830514456,1.28011958680558,7.6));
#17244=CARTESIAN_POINT('Ctrl Pts',(22.7434830514456,1.28011958680558,7.4));
#17245=CARTESIAN_POINT('Ctrl Pts',(22.7214789781713,1.27922814572977,7.6));
#17246=CARTESIAN_POINT('Ctrl Pts',(22.7214789781713,1.27922814572977,7.4));
#17247=CARTESIAN_POINT('',(22.8542471323156,1.29900213564562,7.6));
#17248=CARTESIAN_POINT('Ctrl Pts',(22.8542471323156,1.29900213564562,7.6));
#17249=CARTESIAN_POINT('Ctrl Pts',(22.8320049987541,1.29323545619086,7.6));
#17250=CARTESIAN_POINT('Ctrl Pts',(22.7884421619753,1.28194099493118,7.6));
#17251=CARTESIAN_POINT('Ctrl Pts',(22.7434830514456,1.28011958680558,7.6));
#17252=CARTESIAN_POINT('Ctrl Pts',(22.7214789781713,1.27922814572977,7.6));
#17253=CARTESIAN_POINT('',(22.8542471323156,1.29900213564562,7.4));
#17254=CARTESIAN_POINT('',(22.8542471323156,1.29900213564562,7.6));
#17255=CARTESIAN_POINT('Ctrl Pts',(22.8542471323156,1.29900213564562,7.4));
#17256=CARTESIAN_POINT('Ctrl Pts',(22.8320049987541,1.29323545619086,7.4));
#17257=CARTESIAN_POINT('Ctrl Pts',(22.7884421619753,1.28194099493118,7.4));
#17258=CARTESIAN_POINT('Ctrl Pts',(22.7434830514456,1.28011958680558,7.4));
#17259=CARTESIAN_POINT('Ctrl Pts',(22.7214789781713,1.27922814572977,7.4));
#17260=CARTESIAN_POINT('Ctrl Pts',(22.9785406980658,1.349849516999,7.6));
#17261=CARTESIAN_POINT('Ctrl Pts',(22.9785406980658,1.349849516999,7.4));
#17262=CARTESIAN_POINT('Ctrl Pts',(22.9585795017142,1.33926891686058,7.6));
#17263=CARTESIAN_POINT('Ctrl Pts',(22.9585795017142,1.33926891686058,7.4));
#17264=CARTESIAN_POINT('Ctrl Pts',(22.918832086941,1.31820046510835,7.6));
#17265=CARTESIAN_POINT('Ctrl Pts',(22.918832086941,1.31820046510835,7.4));
#17266=CARTESIAN_POINT('Ctrl Pts',(22.8757121756935,1.30538276991392,7.6));
#17267=CARTESIAN_POINT('Ctrl Pts',(22.8757121756935,1.30538276991392,7.4));
#17268=CARTESIAN_POINT('Ctrl Pts',(22.8542471323156,1.29900213564562,7.6));
#17269=CARTESIAN_POINT('Ctrl Pts',(22.8542471323156,1.29900213564562,7.4));
#17270=CARTESIAN_POINT('',(22.9785406980658,1.349849516999,7.6));
#17271=CARTESIAN_POINT('Ctrl Pts',(22.9785406980658,1.349849516999,7.6));
#17272=CARTESIAN_POINT('Ctrl Pts',(22.9585795017142,1.33926891686058,7.6));
#17273=CARTESIAN_POINT('Ctrl Pts',(22.918832086941,1.31820046510835,7.6));
#17274=CARTESIAN_POINT('Ctrl Pts',(22.8757121756935,1.30538276991392,7.6));
#17275=CARTESIAN_POINT('Ctrl Pts',(22.8542471323156,1.29900213564562,7.6));
#17276=CARTESIAN_POINT('',(22.9785406980658,1.349849516999,7.4));
#17277=CARTESIAN_POINT('',(22.9785406980658,1.349849516999,7.6));
#17278=CARTESIAN_POINT('Ctrl Pts',(22.9785406980658,1.349849516999,7.4));
#17279=CARTESIAN_POINT('Ctrl Pts',(22.9585795017142,1.33926891686058,7.4));
#17280=CARTESIAN_POINT('Ctrl Pts',(22.918832086941,1.31820046510835,7.4));
#17281=CARTESIAN_POINT('Ctrl Pts',(22.8757121756935,1.30538276991392,7.4));
#17282=CARTESIAN_POINT('Ctrl Pts',(22.8542471323156,1.29900213564562,7.4));
#17283=CARTESIAN_POINT('Ctrl Pts',(23.085885683074,1.42612081254648,7.6));
#17284=CARTESIAN_POINT('Ctrl Pts',(23.085885683074,1.42612081254648,7.4));
#17285=CARTESIAN_POINT('Ctrl Pts',(23.0693688773045,1.41162347758495,7.6));
#17286=CARTESIAN_POINT('Ctrl Pts',(23.0693688773045,1.41162347758495,7.4));
#17287=CARTESIAN_POINT('Ctrl Pts',(23.0362063249822,1.38251563216343,7.6));
#17288=CARTESIAN_POINT('Ctrl Pts',(23.0362063249822,1.38251563216343,7.4));
#17289=CARTESIAN_POINT('Ctrl Pts',(22.9978123341613,1.36076641009056,7.6));
#17290=CARTESIAN_POINT('Ctrl Pts',(22.9978123341613,1.36076641009056,7.4));
#17291=CARTESIAN_POINT('Ctrl Pts',(22.9785406980658,1.349849516999,7.6));
#17292=CARTESIAN_POINT('Ctrl Pts',(22.9785406980658,1.349849516999,7.4));
#17293=CARTESIAN_POINT('',(23.085885683074,1.42612081254648,7.6));
#17294=CARTESIAN_POINT('Ctrl Pts',(23.085885683074,1.42612081254648,7.6));
#17295=CARTESIAN_POINT('Ctrl Pts',(23.0693688773045,1.41162347758495,7.6));
#17296=CARTESIAN_POINT('Ctrl Pts',(23.0362063249822,1.38251563216343,7.6));
#17297=CARTESIAN_POINT('Ctrl Pts',(22.9978123341613,1.36076641009056,7.6));
#17298=CARTESIAN_POINT('Ctrl Pts',(22.9785406980658,1.349849516999,7.6));
#17299=CARTESIAN_POINT('',(23.085885683074,1.42612081254648,7.4));
#17300=CARTESIAN_POINT('',(23.085885683074,1.42612081254648,7.6));
#17301=CARTESIAN_POINT('Ctrl Pts',(23.085885683074,1.42612081254648,7.4));
#17302=CARTESIAN_POINT('Ctrl Pts',(23.0693688773045,1.41162347758495,7.4));
#17303=CARTESIAN_POINT('Ctrl Pts',(23.0362063249822,1.38251563216343,7.4));
#17304=CARTESIAN_POINT('Ctrl Pts',(22.9978123341613,1.36076641009056,7.4));
#17305=CARTESIAN_POINT('Ctrl Pts',(22.9785406980658,1.349849516999,7.4));
#17306=CARTESIAN_POINT('Ctrl Pts',(23.1649816427374,1.52499076212572,7.6));
#17307=CARTESIAN_POINT('Ctrl Pts',(23.1649816427374,1.52499076212572,7.4));
#17308=CARTESIAN_POINT('Ctrl Pts',(23.1537964175649,1.50733941734762,7.6));
#17309=CARTESIAN_POINT('Ctrl Pts',(23.1537964175649,1.50733941734762,7.4));
#17310=CARTESIAN_POINT('Ctrl Pts',(23.1310714626158,1.47147728594779,7.6));
#17311=CARTESIAN_POINT('Ctrl Pts',(23.1310714626158,1.47147728594779,7.4));
#17312=CARTESIAN_POINT('Ctrl Pts',(23.1011034412361,1.44139605733161,7.6));
#17313=CARTESIAN_POINT('Ctrl Pts',(23.1011034412361,1.44139605733161,7.4));
#17314=CARTESIAN_POINT('Ctrl Pts',(23.085885683074,1.42612081254648,7.6));
#17315=CARTESIAN_POINT('Ctrl Pts',(23.085885683074,1.42612081254648,7.4));
#17316=CARTESIAN_POINT('',(23.1649816427374,1.52499076212572,7.6));
#17317=CARTESIAN_POINT('Ctrl Pts',(23.1649816427374,1.52499076212572,7.6));
#17318=CARTESIAN_POINT('Ctrl Pts',(23.1537964175649,1.50733941734762,7.6));
#17319=CARTESIAN_POINT('Ctrl Pts',(23.1310714626158,1.47147728594779,7.6));
#17320=CARTESIAN_POINT('Ctrl Pts',(23.1011034412361,1.44139605733161,7.6));
#17321=CARTESIAN_POINT('Ctrl Pts',(23.085885683074,1.42612081254648,7.6));
#17322=CARTESIAN_POINT('',(23.1649816427374,1.52499076212572,7.4));
#17323=CARTESIAN_POINT('',(23.1649816427374,1.52499076212572,7.6));
#17324=CARTESIAN_POINT('Ctrl Pts',(23.1649816427374,1.52499076212572,7.4));
#17325=CARTESIAN_POINT('Ctrl Pts',(23.1537964175649,1.50733941734762,7.4));
#17326=CARTESIAN_POINT('Ctrl Pts',(23.1310714626158,1.47147728594779,7.4));
#17327=CARTESIAN_POINT('Ctrl Pts',(23.1011034412361,1.44139605733161,7.4));
#17328=CARTESIAN_POINT('Ctrl Pts',(23.085885683074,1.42612081254648,7.4));
#17329=CARTESIAN_POINT('Origin',(23.1706315670156,1.52499076212572,7.6));
#17330=CARTESIAN_POINT('',(23.1706315670156,1.52499076212572,7.6));
#17331=CARTESIAN_POINT('',(21.6199379051277,1.52499076212572,7.6));
#17332=CARTESIAN_POINT('',(23.1706315670156,1.52499076212572,7.4));
#17333=CARTESIAN_POINT('',(23.1706315670156,1.52499076212572,7.6));
#17334=CARTESIAN_POINT('',(23.1706315670156,1.52499076212572,7.4));
#17335=CARTESIAN_POINT('Ctrl Pts',(23.1734562311316,1.42047103727983,7.6));
#17336=CARTESIAN_POINT('Ctrl Pts',(23.1734562311316,1.42047103727983,7.4));
#17337=CARTESIAN_POINT('Ctrl Pts',(23.1726324847131,1.43765240232911,7.6));
#17338=CARTESIAN_POINT('Ctrl Pts',(23.1726324847131,1.43765240232911,7.4));
#17339=CARTESIAN_POINT('Ctrl Pts',(23.1709630634185,1.47247250720853,7.6));
#17340=CARTESIAN_POINT('Ctrl Pts',(23.1709630634185,1.47247250720853,7.4));
#17341=CARTESIAN_POINT('Ctrl Pts',(23.1707430292264,1.50733204623241,7.6));
#17342=CARTESIAN_POINT('Ctrl Pts',(23.1707430292264,1.50733204623241,7.4));
#17343=CARTESIAN_POINT('Ctrl Pts',(23.1706315670156,1.52499076212572,7.6));
#17344=CARTESIAN_POINT('Ctrl Pts',(23.1706315670156,1.52499076212572,7.4));
#17345=CARTESIAN_POINT('',(23.1734562311316,1.42047103727983,7.6));
#17346=CARTESIAN_POINT('Ctrl Pts',(23.1734562311316,1.42047103727983,7.6));
#17347=CARTESIAN_POINT('Ctrl Pts',(23.1726324847131,1.43765240232911,7.6));
#17348=CARTESIAN_POINT('Ctrl Pts',(23.1709630634185,1.47247250720853,7.6));
#17349=CARTESIAN_POINT('Ctrl Pts',(23.1707430292264,1.50733204623241,7.6));
#17350=CARTESIAN_POINT('Ctrl Pts',(23.1706315670156,1.52499076212572,7.6));
#17351=CARTESIAN_POINT('',(23.1734562311316,1.42047103727983,7.4));
#17352=CARTESIAN_POINT('',(23.1734562311316,1.42047103727983,7.6));
#17353=CARTESIAN_POINT('Ctrl Pts',(23.1734562311316,1.42047103727983,7.4));
#17354=CARTESIAN_POINT('Ctrl Pts',(23.1726324847131,1.43765240232911,7.4));
#17355=CARTESIAN_POINT('Ctrl Pts',(23.1709630634185,1.47247250720853,7.4));
#17356=CARTESIAN_POINT('Ctrl Pts',(23.1707430292264,1.50733204623241,7.4));
#17357=CARTESIAN_POINT('Ctrl Pts',(23.1706315670156,1.52499076212572,7.4));
#17358=CARTESIAN_POINT('Ctrl Pts',(23.1791061554098,1.31312635029482,7.6));
#17359=CARTESIAN_POINT('Ctrl Pts',(23.1791061554098,1.31312635029482,7.4));
#17360=CARTESIAN_POINT('Ctrl Pts',(23.1774583363013,1.33100475073408,7.6));
#17361=CARTESIAN_POINT('Ctrl Pts',(23.1774583363013,1.33100475073408,7.4));
#17362=CARTESIAN_POINT('Ctrl Pts',(23.1741672405163,1.36671226742862,7.6));
#17363=CARTESIAN_POINT('Ctrl Pts',(23.1741672405163,1.36671226742862,7.4));
#17364=CARTESIAN_POINT('Ctrl Pts',(23.173693016082,1.4025679435549,7.6));
#17365=CARTESIAN_POINT('Ctrl Pts',(23.173693016082,1.4025679435549,7.4));
#17366=CARTESIAN_POINT('Ctrl Pts',(23.1734562311316,1.42047103727983,7.6));
#17367=CARTESIAN_POINT('Ctrl Pts',(23.1734562311316,1.42047103727983,7.4));
#17368=CARTESIAN_POINT('',(23.1791061554098,1.31312635029482,7.6));
#17369=CARTESIAN_POINT('Ctrl Pts',(23.1791061554098,1.31312635029482,7.6));
#17370=CARTESIAN_POINT('Ctrl Pts',(23.1774583363013,1.33100475073408,7.6));
#17371=CARTESIAN_POINT('Ctrl Pts',(23.1741672405163,1.36671226742862,7.6));
#17372=CARTESIAN_POINT('Ctrl Pts',(23.173693016082,1.4025679435549,7.6));
#17373=CARTESIAN_POINT('Ctrl Pts',(23.1734562311316,1.42047103727983,7.6));
#17374=CARTESIAN_POINT('',(23.1791061554098,1.31312635029482,7.4));
#17375=CARTESIAN_POINT('',(23.1791061554098,1.31312635029482,7.6));
#17376=CARTESIAN_POINT('Ctrl Pts',(23.1791061554098,1.31312635029482,7.4));
#17377=CARTESIAN_POINT('Ctrl Pts',(23.1774583363013,1.33100475073408,7.4));
#17378=CARTESIAN_POINT('Ctrl Pts',(23.1741672405163,1.36671226742862,7.4));
#17379=CARTESIAN_POINT('Ctrl Pts',(23.173693016082,1.4025679435549,7.4));
#17380=CARTESIAN_POINT('Ctrl Pts',(23.1734562311316,1.42047103727983,7.4));
#17381=CARTESIAN_POINT('Origin',(23.3711964283133,1.31312635029482,7.6));
#17382=CARTESIAN_POINT('',(21.7202203357766,1.31312635029482,7.6));
#17383=CARTESIAN_POINT('',(23.3711964283133,1.31312635029482,7.4));
#17384=CARTESIAN_POINT('Origin',(19.6861677262926,1.65210951353239,7.4));
#17385=CARTESIAN_POINT('Origin',(25.091535488143,0.635160321842898,7.6));
#17386=CARTESIAN_POINT('',(25.091535488143,0.635160321842898,7.6));
#17387=CARTESIAN_POINT('',(25.8401230368757,1.77357848967241,7.6));
#17388=CARTESIAN_POINT('',(30.331690309893,8.60415133888341,7.6));
#17389=CARTESIAN_POINT('',(25.091535488143,0.635160321842898,7.4));
#17390=CARTESIAN_POINT('',(25.091535488143,0.635160321842898,7.6));
#17391=CARTESIAN_POINT('',(25.8401230368757,1.77357848967241,7.4));
#17392=CARTESIAN_POINT('',(25.091535488143,0.635160321842898,7.4));
#17393=CARTESIAN_POINT('',(25.8401230368757,1.77357848967241,7.6));
#17394=CARTESIAN_POINT('Origin',(25.3457725439215,0.635160321842898,7.6));
#17395=CARTESIAN_POINT('',(25.3457725439215,0.635160321842898,7.6));
#17396=CARTESIAN_POINT('',(22.7075083935807,0.635160321842898,7.6));
#17397=CARTESIAN_POINT('',(25.3457725439215,0.635160321842898,7.4));
#17398=CARTESIAN_POINT('',(25.3457725439215,0.635160321842898,7.6));
#17399=CARTESIAN_POINT('',(25.3457725439215,0.635160321842898,7.4));
#17400=CARTESIAN_POINT('Origin',(25.9418177995825,1.57866325462984,7.6));
#17401=CARTESIAN_POINT('',(25.9418177995825,1.57866325462984,7.6));
#17402=CARTESIAN_POINT('',(30.7909666507031,9.25456725537362,7.6));
#17403=CARTESIAN_POINT('',(25.9418177995825,1.57866325462984,7.4));
#17404=CARTESIAN_POINT('',(25.9418177995825,1.57866325462984,7.6));
#17405=CARTESIAN_POINT('',(25.9418177995825,1.57866325462984,7.4));
#17406=CARTESIAN_POINT('Origin',(26.5378630552435,0.635160321842898,7.6));
#17407=CARTESIAN_POINT('',(26.5378630552435,0.635160321842898,7.6));
#17408=CARTESIAN_POINT('',(19.7155386654365,11.4344796840418,7.6));
#17409=CARTESIAN_POINT('',(26.5378630552435,0.635160321842898,7.4));
#17410=CARTESIAN_POINT('',(26.5378630552435,0.635160321842898,7.6));
#17411=CARTESIAN_POINT('',(26.5378630552435,0.635160321842898,7.4));
#17412=CARTESIAN_POINT('Origin',(26.7921004090452,0.635160321842898,7.6));
#17413=CARTESIAN_POINT('',(26.7921004090452,0.635160321842898,7.6));
#17414=CARTESIAN_POINT('',(23.4306723261425,0.635160321842898,7.6));
#17415=CARTESIAN_POINT('',(26.7921004090452,0.635160321842898,7.4));
#17416=CARTESIAN_POINT('',(26.7921004090452,0.635160321842898,7.6));
#17417=CARTESIAN_POINT('',(26.7921004090452,0.635160321842898,7.4));
#17418=CARTESIAN_POINT('Origin',(26.0435128603125,1.77357848967241,7.6));
#17419=CARTESIAN_POINT('',(26.0435128603125,1.77357848967241,7.6));
#17420=CARTESIAN_POINT('',(19.4049039483026,11.8692753889071,7.6));
#17421=CARTESIAN_POINT('',(26.0435128603125,1.77357848967241,7.4));
#17422=CARTESIAN_POINT('',(26.0435128603125,1.77357848967241,7.6));
#17423=CARTESIAN_POINT('',(26.0435128603125,1.77357848967241,7.4));
#17424=CARTESIAN_POINT('Origin',(26.0435128603125,2.63516035164522,7.6));
#17425=CARTESIAN_POINT('',(26.0435128603125,2.63516035164522,7.6));
#17426=CARTESIAN_POINT('',(26.0435128603125,14.7011597844204,7.6));
#17427=CARTESIAN_POINT('',(26.0435128603125,2.63516035164522,7.4));
#17428=CARTESIAN_POINT('',(26.0435128603125,2.63516035164522,7.6));
#17429=CARTESIAN_POINT('',(26.0435128603125,2.63516035164522,7.4));
#17430=CARTESIAN_POINT('Origin',(25.8401230368757,2.63516035164522,7.6));
#17431=CARTESIAN_POINT('',(25.8401230368757,2.63516035164522,7.6));
#17432=CARTESIAN_POINT('',(22.9546836400578,2.63516035164522,7.6));
#17433=CARTESIAN_POINT('',(25.8401230368757,2.63516035164522,7.4));
#17434=CARTESIAN_POINT('',(25.8401230368757,2.63516035164522,7.6));
#17435=CARTESIAN_POINT('',(25.8401230368757,2.63516035164522,7.4));
#17436=CARTESIAN_POINT('Origin',(25.8401230368757,1.77357848967241,7.6));
#17437=CARTESIAN_POINT('',(25.8401230368757,14.270368853434,7.6));
#17438=CARTESIAN_POINT('',(25.8401230368757,1.77357848967241,7.4));
#17439=CARTESIAN_POINT('Origin',(19.6861677262926,1.65210951353239,7.4));
#17440=CARTESIAN_POINT('Origin',(20.0692442432399,26.7671592171956,7.6));
#17441=CARTESIAN_POINT('',(43.0692442432398,54.2671592171956,7.6));
#17442=CARTESIAN_POINT('',(43.0692442432398,-0.732840782804391,7.6));
#17443=CARTESIAN_POINT('',(43.0692442432398,13.0171592171956,7.6));
#17444=CARTESIAN_POINT('',(40.0692442432398,57.2671592171956,7.6));
#17445=CARTESIAN_POINT('Origin',(40.0692442432398,54.2671592171956,7.6));
#17446=CARTESIAN_POINT('',(0.0692442432398543,57.2671592171956,7.6));
#17447=CARTESIAN_POINT('',(30.0692442432398,57.2671592171956,7.6));
#17448=CARTESIAN_POINT('',(-2.93075575676015,54.2671592171956,7.6));
#17449=CARTESIAN_POINT('Origin',(0.0692442432398543,54.2671592171956,7.6));
#17450=CARTESIAN_POINT('',(-2.93075575676014,-0.732840782804391,7.6));
#17451=CARTESIAN_POINT('',(-2.93075575676014,40.5171592171956,7.6));
#17452=CARTESIAN_POINT('',(0.0692442432398543,-3.73284078280439,7.6));
#17453=CARTESIAN_POINT('Origin',(0.0692442432398543,-0.732840782804391,
7.6));
#17454=CARTESIAN_POINT('',(40.0692442432398,-3.73284078280439,7.6));
#17455=CARTESIAN_POINT('',(10.0692442432399,-3.73284078280439,7.6));
#17456=CARTESIAN_POINT('Origin',(40.0692442432398,-0.732840782804391,7.6));
#17457=CARTESIAN_POINT('',(42.0991528447347,55.2199735887611,7.6));
#17458=CARTESIAN_POINT('Origin',(41.0991528447347,55.2199735887611,7.6));
#17459=CARTESIAN_POINT('',(-0.100846234373542,55.4199735842908,7.6));
#17460=CARTESIAN_POINT('Origin',(-1.1008462120218,55.4199735842908,7.6));
#17461=CARTESIAN_POINT('',(42.0991528447347,-1.88002513495444,7.6));
#17462=CARTESIAN_POINT('Origin',(41.0991528447347,-1.88002513495444,7.6));
#17463=CARTESIAN_POINT('',(-0.000850274823402941,-1.88002057147383,7.6));
#17464=CARTESIAN_POINT('Origin',(-1.0008502748234,-1.88002057147383,7.6));
#17465=CARTESIAN_POINT('',(24.7776773706901,39.7634078213481,7.6));
#17466=CARTESIAN_POINT('',(25.0776773706901,39.7634078213481,7.6));
#17467=CARTESIAN_POINT('',(22.423460806965,39.7634078213481,7.6));
#17468=CARTESIAN_POINT('',(25.0776773706901,20.6427797279173,7.6));
#17469=CARTESIAN_POINT('',(25.0776773706901,33.2652835192719,7.6));
#17470=CARTESIAN_POINT('',(17.0776773706901,20.6427797279173,7.6));
#17471=CARTESIAN_POINT('Origin',(21.0776773706901,20.6427797279173,7.6));
#17472=CARTESIAN_POINT('',(17.0776773706901,39.7634078213481,7.6));
#17473=CARTESIAN_POINT('',(17.0776773706901,23.7049694725565,7.6));
#17474=CARTESIAN_POINT('',(17.3776773706901,39.7634078213481,7.6));
#17475=CARTESIAN_POINT('',(18.573460806965,39.7634078213481,7.6));
#17476=CARTESIAN_POINT('',(17.3776773706901,20.6427797279173,7.6));
#17477=CARTESIAN_POINT('',(17.3776773706901,33.2652835192719,7.6));
#17478=CARTESIAN_POINT('',(24.7776773706901,20.6427797279173,7.6));
#17479=CARTESIAN_POINT('Origin',(21.0776773706901,20.6427797279173,7.6));
#17480=CARTESIAN_POINT('',(24.7776773706901,23.7049694725565,7.6));
#17481=CARTESIAN_POINT('',(23.2774405033294,49.4687123224709,7.6));
#17482=CARTESIAN_POINT('',(20.2813107871491,52.3163747899265,7.6));
#17483=CARTESIAN_POINT('Origin',(23.2774405033294,52.4687123224709,7.6));
#17484=CARTESIAN_POINT('',(23.2774405033294,55.1640372573825,7.6));
#17485=CARTESIAN_POINT('Origin',(23.2774405033294,52.1640372573825,7.6));
#17486=CARTESIAN_POINT('',(23.990733568942,55.1640372573825,7.6));
#17487=CARTESIAN_POINT('',(21.6733423732846,55.1640372573825,7.6));
#17488=CARTESIAN_POINT('',(26.9868632851223,52.3163747899269,7.6));
#17489=CARTESIAN_POINT('Origin',(23.990733568942,52.1640372573825,7.6));
#17490=CARTESIAN_POINT('',(23.990733568942,49.4687123224709,7.6));
#17491=CARTESIAN_POINT('Origin',(23.990733568942,52.4687123224709,7.6));
#17492=CARTESIAN_POINT('',(22.0299889060909,49.4687123224709,7.6));
#17493=CARTESIAN_POINT('Origin',(20.0692442432399,26.7671592171956,7.6));
#17494=CARTESIAN_POINT('Origin',(20.0692442432399,26.7671592171956,7.6));
#17495=CARTESIAN_POINT('Origin',(23.2774405033294,52.4687123224709,7.6));
#17496=CARTESIAN_POINT('',(20.2813107871491,52.3163747899265,5.6));
#17497=CARTESIAN_POINT('',(23.2774405033294,49.4687123224709,5.6));
#17498=CARTESIAN_POINT('Origin',(23.2774405033294,52.4687123224709,5.6));
#17499=CARTESIAN_POINT('',(20.2813107871491,52.3163747899265,7.6));
#17500=CARTESIAN_POINT('',(23.2774405033294,49.4687123224709,7.6));
#17501=CARTESIAN_POINT('Origin',(23.990733568942,49.4687123224709,7.6));
#17502=CARTESIAN_POINT('',(23.990733568942,49.4687123224709,5.6));
#17503=CARTESIAN_POINT('',(22.0299889060909,49.4687123224709,5.6));
#17504=CARTESIAN_POINT('',(23.990733568942,49.4687123224709,7.6));
#17505=CARTESIAN_POINT('Origin',(23.990733568942,52.4687123224709,7.6));
#17506=CARTESIAN_POINT('',(26.9868632851223,52.3163747899269,5.6));
#17507=CARTESIAN_POINT('Origin',(23.990733568942,52.4687123224709,5.6));
#17508=CARTESIAN_POINT('',(26.9868632851223,52.3163747899269,7.6));
#17509=CARTESIAN_POINT('Origin',(23.990733568942,52.1640372573825,7.6));
#17510=CARTESIAN_POINT('',(23.990733568942,55.1640372573825,5.6));
#17511=CARTESIAN_POINT('Origin',(23.990733568942,52.1640372573825,5.6));
#17512=CARTESIAN_POINT('',(23.990733568942,55.1640372573825,7.6));
#17513=CARTESIAN_POINT('Origin',(23.2774405033294,55.1640372573825,7.6));
#17514=CARTESIAN_POINT('',(23.2774405033294,55.1640372573825,5.6));
#17515=CARTESIAN_POINT('',(21.6733423732846,55.1640372573825,5.6));
#17516=CARTESIAN_POINT('',(23.2774405033294,55.1640372573825,7.6));
#17517=CARTESIAN_POINT('Origin',(23.2774405033294,52.1640372573825,7.6));
#17518=CARTESIAN_POINT('Origin',(23.2774405033294,52.1640372573825,5.6));
#17519=CARTESIAN_POINT('Origin',(24.7776773706901,39.7634078213481,7.6));
#17520=CARTESIAN_POINT('',(25.0776773706901,39.7634078213481,5.6));
#17521=CARTESIAN_POINT('',(24.7776773706901,39.7634078213481,5.6));
#17522=CARTESIAN_POINT('',(22.423460806965,39.7634078213481,5.6));
#17523=CARTESIAN_POINT('',(25.0776773706901,39.7634078213481,7.6));
#17524=CARTESIAN_POINT('',(24.7776773706901,39.7634078213481,7.6));
#17525=CARTESIAN_POINT('Origin',(24.7776773706901,20.6427797279173,7.6));
#17526=CARTESIAN_POINT('',(24.7776773706901,20.6427797279173,5.6));
#17527=CARTESIAN_POINT('',(24.7776773706901,23.7049694725565,5.6));
#17528=CARTESIAN_POINT('',(24.7776773706901,20.6427797279173,7.6));
#17529=CARTESIAN_POINT('Origin',(21.0776773706901,20.6427797279173,7.6));
#17530=CARTESIAN_POINT('',(17.3776773706901,20.6427797279173,5.6));
#17531=CARTESIAN_POINT('Origin',(21.0776773706901,20.6427797279173,5.6));
#17532=CARTESIAN_POINT('',(17.3776773706901,20.6427797279173,7.6));
#17533=CARTESIAN_POINT('Origin',(17.3776773706901,39.7634078213481,7.6));
#17534=CARTESIAN_POINT('',(17.3776773706901,39.7634078213481,5.6));
#17535=CARTESIAN_POINT('',(17.3776773706901,33.2652835192719,5.6));
#17536=CARTESIAN_POINT('',(17.3776773706901,39.7634078213481,7.6));
#17537=CARTESIAN_POINT('Origin',(17.0776773706901,39.7634078213481,7.6));
#17538=CARTESIAN_POINT('',(17.0776773706901,39.7634078213481,5.6));
#17539=CARTESIAN_POINT('',(18.573460806965,39.7634078213481,5.6));
#17540=CARTESIAN_POINT('',(17.0776773706901,39.7634078213481,7.6));
#17541=CARTESIAN_POINT('Origin',(17.0776773706901,20.6427797279173,7.6));
#17542=CARTESIAN_POINT('',(17.0776773706901,20.6427797279173,5.6));
#17543=CARTESIAN_POINT('',(17.0776773706901,23.7049694725565,5.6));
#17544=CARTESIAN_POINT('',(17.0776773706901,20.6427797279173,7.6));
#17545=CARTESIAN_POINT('Origin',(21.0776773706901,20.6427797279173,7.6));
#17546=CARTESIAN_POINT('',(25.0776773706901,20.6427797279173,5.6));
#17547=CARTESIAN_POINT('Origin',(21.0776773706901,20.6427797279173,5.6));
#17548=CARTESIAN_POINT('',(25.0776773706901,20.6427797279173,7.6));
#17549=CARTESIAN_POINT('Origin',(25.0776773706901,39.7634078213481,7.6));
#17550=CARTESIAN_POINT('',(25.0776773706901,33.2652835192719,5.6));
#17551=CARTESIAN_POINT('Origin',(43.0692442432398,13.0171592171956,5.6));
#17552=CARTESIAN_POINT('',(45.0692442432398,-0.732840782804391,5.6));
#17553=CARTESIAN_POINT('Origin',(43.0692442432398,-0.732840782804391,5.6));
#17554=CARTESIAN_POINT('',(45.0692442432398,54.2671592171956,5.6));
#17555=CARTESIAN_POINT('',(45.0692442432398,13.0171592171956,5.6));
#17556=CARTESIAN_POINT('Origin',(43.0692442432398,54.2671592171956,5.6));
#17557=CARTESIAN_POINT('Origin',(40.0692442432398,54.2671592171956,5.6));
#17558=CARTESIAN_POINT('',(40.0692442432398,59.2671592171956,5.6));
#17559=CARTESIAN_POINT('Origin',(40.0692442432398,54.2671592171956,5.6));
#17560=CARTESIAN_POINT('Origin',(40.0692442432398,57.2671592171956,5.6));
#17561=CARTESIAN_POINT('Origin',(30.0692442432398,57.2671592171956,5.6));
#17562=CARTESIAN_POINT('',(0.0692442432398543,59.2671592171956,5.6));
#17563=CARTESIAN_POINT('',(30.0692442432398,59.2671592171956,5.6));
#17564=CARTESIAN_POINT('Origin',(0.0692442432398543,57.2671592171956,5.6));
#17565=CARTESIAN_POINT('Origin',(0.0692442432398543,54.2671592171956,5.6));
#17566=CARTESIAN_POINT('',(-4.93075575676015,54.2671592171956,5.6));
#17567=CARTESIAN_POINT('Origin',(0.0692442432398543,54.2671592171956,5.6));
#17568=CARTESIAN_POINT('Origin',(-2.93075575676015,54.2671592171956,5.6));
#17569=CARTESIAN_POINT('Origin',(-2.93075575676014,40.5171592171956,5.6));
#17570=CARTESIAN_POINT('',(-4.93075575676015,-0.732840782804391,5.6));
#17571=CARTESIAN_POINT('',(-4.93075575676015,40.5171592171956,5.6));
#17572=CARTESIAN_POINT('Origin',(-2.93075575676014,-0.732840782804391,5.6));
#17573=CARTESIAN_POINT('Origin',(0.0692442432398543,-0.732840782804391,
5.6));
#17574=CARTESIAN_POINT('',(0.0692442432398543,-5.73284078280439,5.6));
#17575=CARTESIAN_POINT('Origin',(0.0692442432398543,-0.732840782804391,
5.6));
#17576=CARTESIAN_POINT('Origin',(0.0692442432398543,-3.73284078280439,5.6));
#17577=CARTESIAN_POINT('Origin',(10.0692442432399,-3.73284078280439,5.6));
#17578=CARTESIAN_POINT('',(40.0692442432398,-5.73284078280439,5.6));
#17579=CARTESIAN_POINT('',(10.0692442432399,-5.73284078280439,5.6));
#17580=CARTESIAN_POINT('Origin',(40.0692442432398,-3.73284078280439,5.6));
#17581=CARTESIAN_POINT('Origin',(40.0692442432398,-0.732840782804391,5.6));
#17582=CARTESIAN_POINT('Origin',(40.0692442432398,-0.732840782804391,5.6));
#17583=CARTESIAN_POINT('Origin',(20.0692442432399,26.7671592171956,7.6));
#17584=CARTESIAN_POINT('Origin',(-1.0008502748234,-1.88002057147383,5.6));
#17585=CARTESIAN_POINT('',(-0.000850274823402941,-1.88002057147383,5.6));
#17586=CARTESIAN_POINT('',(-0.000850274823402941,-1.88002057147383,5.6));
#17587=CARTESIAN_POINT('Origin',(-1.0008502748234,-1.88002057147383,5.6));
#17588=CARTESIAN_POINT('Origin',(41.0991528447347,-1.88002513495444,5.6));
#17589=CARTESIAN_POINT('',(42.0991528447347,-1.88002513495444,5.6));
#17590=CARTESIAN_POINT('',(42.0991528447347,-1.88002513495444,5.6));
#17591=CARTESIAN_POINT('Origin',(41.0991528447347,-1.88002513495444,5.6));
#17592=CARTESIAN_POINT('Origin',(-1.1008462120218,55.4199735842908,5.6));
#17593=CARTESIAN_POINT('',(-0.100846234373542,55.4199735842908,5.6));
#17594=CARTESIAN_POINT('',(-0.100846234373542,55.4199735842908,5.6));
#17595=CARTESIAN_POINT('Origin',(-1.1008462120218,55.4199735842908,5.6));
#17596=CARTESIAN_POINT('Origin',(41.0991528447347,55.2199735887611,5.6));
#17597=CARTESIAN_POINT('',(42.0991528447347,55.2199735887611,5.6));
#17598=CARTESIAN_POINT('',(42.0991528447347,55.2199735887611,5.6));
#17599=CARTESIAN_POINT('Origin',(41.0991528447347,55.2199735887611,5.6));
#17600=CARTESIAN_POINT('Origin',(20.0692442432399,26.7671592171956,5.6));
#17601=CARTESIAN_POINT('',(0.,0.,0.));
#17602=CARTESIAN_POINT('Origin',(23.2774405033294,55.1640372573825,5.6));
#17603=CARTESIAN_POINT('',(23.2774405033294,55.1640372573825,5.6));
#17604=CARTESIAN_POINT('',(23.990733568942,55.1640372573825,5.6));
#17605=CARTESIAN_POINT('',(23.2774405033294,55.1640372573825,5.6));
#17606=CARTESIAN_POINT('',(23.990733568942,55.1640372573825,3.6));
#17607=CARTESIAN_POINT('',(23.990733568942,55.1640372573825,5.6));
#17608=CARTESIAN_POINT('',(23.2774405033294,55.1640372573825,3.6));
#17609=CARTESIAN_POINT('',(23.2774405033294,55.1640372573825,3.6));
#17610=CARTESIAN_POINT('',(23.2774405033294,55.1640372573825,5.6));
#17611=CARTESIAN_POINT('Origin',(23.2774405033294,52.1640372573825,5.6));
#17612=CARTESIAN_POINT('',(20.2813107871491,52.3163747899265,5.6));
#17613=CARTESIAN_POINT('Origin',(23.2774405033294,52.1640372573825,5.6));
#17614=CARTESIAN_POINT('',(20.2813107871491,52.3163747899265,3.6));
#17615=CARTESIAN_POINT('Origin',(23.2774405033294,52.1640372573825,3.6));
#17616=CARTESIAN_POINT('',(20.2813107871491,52.3163747899265,5.6));
#17617=CARTESIAN_POINT('Origin',(23.2774405033294,52.4687123224709,5.6));
#17618=CARTESIAN_POINT('',(23.2774405033294,49.4687123224709,5.6));
#17619=CARTESIAN_POINT('Origin',(23.2774405033294,52.4687123224709,5.6));
#17620=CARTESIAN_POINT('',(23.2774405033294,49.4687123224709,3.6));
#17621=CARTESIAN_POINT('Origin',(23.2774405033294,52.4687123224709,3.6));
#17622=CARTESIAN_POINT('',(23.2774405033294,49.4687123224709,5.6));
#17623=CARTESIAN_POINT('Origin',(23.990733568942,49.4687123224709,5.6));
#17624=CARTESIAN_POINT('',(23.990733568942,49.4687123224709,5.6));
#17625=CARTESIAN_POINT('',(23.990733568942,49.4687123224709,5.6));
#17626=CARTESIAN_POINT('',(23.990733568942,49.4687123224709,3.6));
#17627=CARTESIAN_POINT('',(23.990733568942,49.4687123224709,3.6));
#17628=CARTESIAN_POINT('',(23.990733568942,49.4687123224709,5.6));
#17629=CARTESIAN_POINT('Origin',(23.990733568942,52.4687123224709,5.6));
#17630=CARTESIAN_POINT('',(26.9868632851223,52.3163747899269,5.6));
#17631=CARTESIAN_POINT('Origin',(23.990733568942,52.4687123224709,5.6));
#17632=CARTESIAN_POINT('',(26.9868632851223,52.3163747899269,3.6));
#17633=CARTESIAN_POINT('Origin',(23.990733568942,52.4687123224709,3.6));
#17634=CARTESIAN_POINT('',(26.9868632851223,52.3163747899269,5.6));
#17635=CARTESIAN_POINT('Origin',(23.990733568942,52.1640372573825,5.6));
#17636=CARTESIAN_POINT('Origin',(23.990733568942,52.1640372573825,5.6));
#17637=CARTESIAN_POINT('Origin',(23.990733568942,52.1640372573825,3.6));
#17638=CARTESIAN_POINT('Origin',(23.6340870361357,52.3163747899267,5.6));
#17639=CARTESIAN_POINT('Origin',(23.6340870361357,52.3163747899267,3.6));
#17640=CARTESIAN_POINT('',(-107.999151349403,124.380022396866,0.));
#17641=CARTESIAN_POINT('',(8.88178419700125E-14,1.77635683940025E-14,-2.));
#17642=CARTESIAN_POINT('',(8.88178419700125E-14,1.77635683940025E-14,-2.));
#17643=CARTESIAN_POINT('',(0.,0.,0.));
#17644=CARTESIAN_POINT('',(-8.88178419700125E-15,-1.77635683940025E-15,
0.));
#17645=UNCERTAINTY_MEASURE_WITH_UNIT(LENGTH_MEASURE(0.01),#17669,
'DISTANCE_ACCURACY_VALUE',
'Maximum model space distance between geometric entities at asserted c
onnectivities');
#17646=UNCERTAINTY_MEASURE_WITH_UNIT(LENGTH_MEASURE(0.01),#17669,
'DISTANCE_ACCURACY_VALUE',
'Maximum model space distance between geometric entities at asserted c
onnectivities');
#17647=UNCERTAINTY_MEASURE_WITH_UNIT(LENGTH_MEASURE(0.01),#17669,
'DISTANCE_ACCURACY_VALUE',
'Maximum model space distance between geometric entities at asserted c
onnectivities');
#17648=UNCERTAINTY_MEASURE_WITH_UNIT(LENGTH_MEASURE(0.01),#17669,
'DISTANCE_ACCURACY_VALUE',
'Maximum model space distance between geometric entities at asserted c
onnectivities');
#17649=UNCERTAINTY_MEASURE_WITH_UNIT(LENGTH_MEASURE(0.01),#17669,
'DISTANCE_ACCURACY_VALUE',
'Maximum model space distance between geometric entities at asserted c
onnectivities');
#17650=UNCERTAINTY_MEASURE_WITH_UNIT(LENGTH_MEASURE(0.01),#17669,
'DISTANCE_ACCURACY_VALUE',
'Maximum model space distance between geometric entities at asserted c
onnectivities');
#17651=UNCERTAINTY_MEASURE_WITH_UNIT(LENGTH_MEASURE(0.01),#17669,
'DISTANCE_ACCURACY_VALUE',
'Maximum model space distance between geometric entities at asserted c
onnectivities');
#17652=UNCERTAINTY_MEASURE_WITH_UNIT(LENGTH_MEASURE(0.01),#17669,
'DISTANCE_ACCURACY_VALUE',
'Maximum model space distance between geometric entities at asserted c
onnectivities');
#17653=UNCERTAINTY_MEASURE_WITH_UNIT(LENGTH_MEASURE(0.01),#17669,
'DISTANCE_ACCURACY_VALUE',
'Maximum model space distance between geometric entities at asserted c
onnectivities');
#17654=UNCERTAINTY_MEASURE_WITH_UNIT(LENGTH_MEASURE(0.01),#17669,
'DISTANCE_ACCURACY_VALUE',
'Maximum model space distance between geometric entities at asserted c
onnectivities');
#17655=UNCERTAINTY_MEASURE_WITH_UNIT(LENGTH_MEASURE(0.01),#17669,
'DISTANCE_ACCURACY_VALUE',
'Maximum model space distance between geometric entities at asserted c
onnectivities');
#17656=UNCERTAINTY_MEASURE_WITH_UNIT(LENGTH_MEASURE(0.01),#17669,
'DISTANCE_ACCURACY_VALUE',
'Maximum model space distance between geometric entities at asserted c
onnectivities');
#17657=(
GEOMETRIC_REPRESENTATION_CONTEXT(3)
GLOBAL_UNCERTAINTY_ASSIGNED_CONTEXT((#17645))
GLOBAL_UNIT_ASSIGNED_CONTEXT((#17669,#17671,#17672))
REPRESENTATION_CONTEXT('','3D')
);
#17658=(
GEOMETRIC_REPRESENTATION_CONTEXT(3)
GLOBAL_UNCERTAINTY_ASSIGNED_CONTEXT((#17646))
GLOBAL_UNIT_ASSIGNED_CONTEXT((#17669,#17671,#17672))
REPRESENTATION_CONTEXT('','3D')
);
#17659=(
GEOMETRIC_REPRESENTATION_CONTEXT(3)
GLOBAL_UNCERTAINTY_ASSIGNED_CONTEXT((#17647))
GLOBAL_UNIT_ASSIGNED_CONTEXT((#17669,#17671,#17672))
REPRESENTATION_CONTEXT('','3D')
);
#17660=(
GEOMETRIC_REPRESENTATION_CONTEXT(3)
GLOBAL_UNCERTAINTY_ASSIGNED_CONTEXT((#17648))
GLOBAL_UNIT_ASSIGNED_CONTEXT((#17669,#17671,#17672))
REPRESENTATION_CONTEXT('','3D')
);
#17661=(
GEOMETRIC_REPRESENTATION_CONTEXT(3)
GLOBAL_UNCERTAINTY_ASSIGNED_CONTEXT((#17649))
GLOBAL_UNIT_ASSIGNED_CONTEXT((#17669,#17671,#17672))
REPRESENTATION_CONTEXT('','3D')
);
#17662=(
GEOMETRIC_REPRESENTATION_CONTEXT(3)
GLOBAL_UNCERTAINTY_ASSIGNED_CONTEXT((#17650))
GLOBAL_UNIT_ASSIGNED_CONTEXT((#17669,#17671,#17672))
REPRESENTATION_CONTEXT('','3D')
);
#17663=(
GEOMETRIC_REPRESENTATION_CONTEXT(3)
GLOBAL_UNCERTAINTY_ASSIGNED_CONTEXT((#17651))
GLOBAL_UNIT_ASSIGNED_CONTEXT((#17669,#17671,#17672))
REPRESENTATION_CONTEXT('','3D')
);
#17664=(
GEOMETRIC_REPRESENTATION_CONTEXT(3)
GLOBAL_UNCERTAINTY_ASSIGNED_CONTEXT((#17652))
GLOBAL_UNIT_ASSIGNED_CONTEXT((#17669,#17671,#17672))
REPRESENTATION_CONTEXT('','3D')
);
#17665=(
GEOMETRIC_REPRESENTATION_CONTEXT(3)
GLOBAL_UNCERTAINTY_ASSIGNED_CONTEXT((#17653))
GLOBAL_UNIT_ASSIGNED_CONTEXT((#17669,#17671,#17672))
REPRESENTATION_CONTEXT('','3D')
);
#17666=(
GEOMETRIC_REPRESENTATION_CONTEXT(3)
GLOBAL_UNCERTAINTY_ASSIGNED_CONTEXT((#17654))
GLOBAL_UNIT_ASSIGNED_CONTEXT((#17669,#17671,#17672))
REPRESENTATION_CONTEXT('','3D')
);
#17667=(
GEOMETRIC_REPRESENTATION_CONTEXT(3)
GLOBAL_UNCERTAINTY_ASSIGNED_CONTEXT((#17655))
GLOBAL_UNIT_ASSIGNED_CONTEXT((#17669,#17671,#17672))
REPRESENTATION_CONTEXT('','3D')
);
#17668=(
GEOMETRIC_REPRESENTATION_CONTEXT(3)
GLOBAL_UNCERTAINTY_ASSIGNED_CONTEXT((#17656))
GLOBAL_UNIT_ASSIGNED_CONTEXT((#17669,#17671,#17672))
REPRESENTATION_CONTEXT('','3D')
);
#17669=(
LENGTH_UNIT()
NAMED_UNIT(*)
SI_UNIT(.MILLI.,.METRE.)
);
#17670=(
LENGTH_UNIT()
NAMED_UNIT(*)
SI_UNIT($,.METRE.)
);
#17671=(
NAMED_UNIT(*)
PLANE_ANGLE_UNIT()
SI_UNIT($,.RADIAN.)
);
#17672=(
NAMED_UNIT(*)
SI_UNIT($,.STERADIAN.)
SOLID_ANGLE_UNIT()
);
#17673=SHAPE_DEFINITION_REPRESENTATION(#17684,#17705);
#17674=SHAPE_DEFINITION_REPRESENTATION(#17685,#17706);
#17675=SHAPE_DEFINITION_REPRESENTATION(#17686,#17707);
#17676=SHAPE_DEFINITION_REPRESENTATION(#17687,#17708);
#17677=SHAPE_DEFINITION_REPRESENTATION(#17688,#17709);
#17678=SHAPE_DEFINITION_REPRESENTATION(#17690,#17710);
#17679=SHAPE_DEFINITION_REPRESENTATION(#17691,#17711);
#17680=SHAPE_DEFINITION_REPRESENTATION(#17693,#17712);
#17681=SHAPE_DEFINITION_REPRESENTATION(#17697,#17713);
#17682=SHAPE_DEFINITION_REPRESENTATION(#17698,#17714);
#17683=SHAPE_DEFINITION_REPRESENTATION(#17699,#17715);
#17684=PRODUCT_DEFINITION_SHAPE('',$,#17717);
#17685=PRODUCT_DEFINITION_SHAPE('',$,#17718);
#17686=PRODUCT_DEFINITION_SHAPE('',$,#17719);
#17687=PRODUCT_DEFINITION_SHAPE('',$,#17720);
#17688=PRODUCT_DEFINITION_SHAPE('',$,#17721);
#17689=PRODUCT_DEFINITION_SHAPE($,$,#468);
#17690=PRODUCT_DEFINITION_SHAPE('',$,#17722);
#17691=PRODUCT_DEFINITION_SHAPE('',$,#17723);
#17692=PRODUCT_DEFINITION_SHAPE($,$,#469);
#17693=PRODUCT_DEFINITION_SHAPE('',$,#17724);
#17694=PRODUCT_DEFINITION_SHAPE($,$,#470);
#17695=PRODUCT_DEFINITION_SHAPE($,$,#471);
#17696=PRODUCT_DEFINITION_SHAPE($,$,#472);
#17697=PRODUCT_DEFINITION_SHAPE('',$,#17725);
#17698=PRODUCT_DEFINITION_SHAPE('',$,#17726);
#17699=PRODUCT_DEFINITION_SHAPE('',$,#17727);
#17700=PRODUCT_DEFINITION_SHAPE($,$,#473);
#17701=PRODUCT_DEFINITION_SHAPE($,$,#474);
#17702=PRODUCT_DEFINITION_SHAPE($,$,#475);
#17703=PRODUCT_DEFINITION_SHAPE($,$,#476);
#17704=PRODUCT_DEFINITION_SHAPE($,$,#477);
#17705=SHAPE_REPRESENTATION('',(#9867,#10387),#17657);
#17706=SHAPE_REPRESENTATION('',(#9868,#10383,#10384,#10385,#10386),#17658);
#17707=SHAPE_REPRESENTATION('',(#9869,#10078,#10079,#10080),#17659);
#17708=SHAPE_REPRESENTATION('',(#9870,#9938),#17660);
#17709=SHAPE_REPRESENTATION('',(#9871),#17661);
#17710=SHAPE_REPRESENTATION('',(#9939,#9983),#17662);
#17711=SHAPE_REPRESENTATION('',(#9940),#17663);
#17712=SHAPE_REPRESENTATION('',(#9984),#17664);
#17713=SHAPE_REPRESENTATION('',(#10081),#17665);
#17714=SHAPE_REPRESENTATION('',(#10223),#17666);
#17715=SHAPE_REPRESENTATION('',(#10366),#17667);
#17716=PRODUCT_DEFINITION_CONTEXT('part definition',#17751,'design');
#17717=PRODUCT_DEFINITION('2026-02-12-06-08-39-876','Lab6',#17728,#17716);
#17718=PRODUCT_DEFINITION('2026-02-11-12-53-08-757','Lab6',#17729,#17716);
#17719=PRODUCT_DEFINITION('2026-02-11-20-51-28-011','lightboard',#17730,
#17716);
#17720=PRODUCT_DEFINITION('2026-02-11-20-51-28-012',
'LED_0805_2012Metric',#17731,#17716);
#17721=PRODUCT_DEFINITION('2026-02-11-20-51-28-013','SOLID',#17732,#17716);
#17722=PRODUCT_DEFINITION('2026-02-11-20-51-28-014','R_0805_2012Metric',
#17733,#17716);
#17723=PRODUCT_DEFINITION('2026-02-11-20-51-28-015','SOLID (1)',#17734,
#17716);
#17724=PRODUCT_DEFINITION('2026-02-11-20-51-28-016','lightboard PCB',#17735,
#17716);
#17725=PRODUCT_DEFINITION('2026-02-11-12-57-01-790','Bottom',#17736,#17716);
#17726=PRODUCT_DEFINITION('2026-02-11-12-56-26-544','Lid',#17737,#17716);
#17727=PRODUCT_DEFINITION('2026-02-11-23-02-47-056','LED',#17738,#17716);
#17728=PRODUCT_DEFINITION_FORMATION('',$,#17753);
#17729=PRODUCT_DEFINITION_FORMATION('',$,#17754);
#17730=PRODUCT_DEFINITION_FORMATION('',$,#17755);
#17731=PRODUCT_DEFINITION_FORMATION('',$,#17756);
#17732=PRODUCT_DEFINITION_FORMATION('',$,#17757);
#17733=PRODUCT_DEFINITION_FORMATION('',$,#17758);
#17734=PRODUCT_DEFINITION_FORMATION('',$,#17759);
#17735=PRODUCT_DEFINITION_FORMATION('',$,#17760);
#17736=PRODUCT_DEFINITION_FORMATION('',$,#17761);
#17737=PRODUCT_DEFINITION_FORMATION('',$,#17762);
#17738=PRODUCT_DEFINITION_FORMATION('',$,#17763);
#17739=PRODUCT_RELATED_PRODUCT_CATEGORY('Lab6','Lab6',(#17753));
#17740=PRODUCT_RELATED_PRODUCT_CATEGORY('Lab6','Lab6',(#17754));
#17741=PRODUCT_RELATED_PRODUCT_CATEGORY('lightboard','lightboard',(#17755));
#17742=PRODUCT_RELATED_PRODUCT_CATEGORY('LED_0805_2012Metric',
'LED_0805_2012Metric',(#17756));
#17743=PRODUCT_RELATED_PRODUCT_CATEGORY('SOLID','SOLID',(#17757));
#17744=PRODUCT_RELATED_PRODUCT_CATEGORY('R_0805_2012Metric',
'R_0805_2012Metric',(#17758));
#17745=PRODUCT_RELATED_PRODUCT_CATEGORY('SOLID (1)','SOLID (1)',(#17759));
#17746=PRODUCT_RELATED_PRODUCT_CATEGORY('lightboard PCB',
'lightboard PCB',(#17760));
#17747=PRODUCT_RELATED_PRODUCT_CATEGORY('Bottom','Bottom',(#17761));
#17748=PRODUCT_RELATED_PRODUCT_CATEGORY('Lid','Lid',(#17762));
#17749=PRODUCT_RELATED_PRODUCT_CATEGORY('LED','LED',(#17763));
#17750=APPLICATION_PROTOCOL_DEFINITION('international standard',
'automotive_design',2009,#17751);
#17751=APPLICATION_CONTEXT(
'Core Data for Automotive Mechanical Design Process');
#17752=PRODUCT_CONTEXT('part definition',#17751,'mechanical');
#17753=PRODUCT('2026-02-12-06-08-39-876','Lab6',$,(#17752));
#17754=PRODUCT('2026-02-11-12-53-08-757','Lab6',$,(#17752));
#17755=PRODUCT('2026-02-11-20-51-28-011','lightboard',
'KiCad electronic assembly',(#17752));
#17756=PRODUCT('2026-02-11-20-51-28-012','LED_0805_2012Metric',$,(#17752));
#17757=PRODUCT('2026-02-11-20-51-28-013','SOLID',$,(#17752));
#17758=PRODUCT('2026-02-11-20-51-28-014','R_0805_2012Metric',$,(#17752));
#17759=PRODUCT('2026-02-11-20-51-28-015','SOLID (1)',$,(#17752));
#17760=PRODUCT('2026-02-11-20-51-28-016','lightboard PCB',$,(#17752));
#17761=PRODUCT('2026-02-11-12-57-01-790','Bottom',$,(#17752));
#17762=PRODUCT('2026-02-11-12-56-26-544','Lid',$,(#17752));
#17763=PRODUCT('2026-02-11-23-02-47-056','LED',$,(#17752));
#17764=PRESENTATION_STYLE_ASSIGNMENT((#17772));
#17765=PRESENTATION_STYLE_ASSIGNMENT((#17773));
#17766=PRESENTATION_STYLE_ASSIGNMENT((#17774));
#17767=PRESENTATION_STYLE_ASSIGNMENT((#17775));
#17768=PRESENTATION_STYLE_ASSIGNMENT((#17776));
#17769=PRESENTATION_STYLE_ASSIGNMENT((#17777));
#17770=PRESENTATION_STYLE_ASSIGNMENT((#17778));
#17771=PRESENTATION_STYLE_ASSIGNMENT((#17779));
#17772=SURFACE_STYLE_USAGE(.BOTH.,#17780);
#17773=SURFACE_STYLE_USAGE(.BOTH.,#17781);
#17774=SURFACE_STYLE_USAGE(.BOTH.,#17782);
#17775=SURFACE_STYLE_USAGE(.BOTH.,#17783);
#17776=SURFACE_STYLE_USAGE(.BOTH.,#17784);
#17777=SURFACE_STYLE_USAGE(.BOTH.,#17785);
#17778=SURFACE_STYLE_USAGE(.BOTH.,#17786);
#17779=SURFACE_STYLE_USAGE(.BOTH.,#17787);
#17780=SURFACE_SIDE_STYLE('',(#17788));
#17781=SURFACE_SIDE_STYLE('',(#17789));
#17782=SURFACE_SIDE_STYLE('',(#17790));
#17783=SURFACE_SIDE_STYLE('',(#17791));
#17784=SURFACE_SIDE_STYLE('',(#17792));
#17785=SURFACE_SIDE_STYLE('',(#17793));
#17786=SURFACE_SIDE_STYLE('',(#17794));
#17787=SURFACE_SIDE_STYLE('',(#17795));
#17788=SURFACE_STYLE_FILL_AREA(#17796);
#17789=SURFACE_STYLE_FILL_AREA(#17797);
#17790=SURFACE_STYLE_FILL_AREA(#17798);
#17791=SURFACE_STYLE_FILL_AREA(#17799);
#17792=SURFACE_STYLE_FILL_AREA(#17800);
#17793=SURFACE_STYLE_FILL_AREA(#17801);
#17794=SURFACE_STYLE_FILL_AREA(#17802);
#17795=SURFACE_STYLE_FILL_AREA(#17803);
#17796=FILL_AREA_STYLE('Steel - Satin',(#17804));
#17797=FILL_AREA_STYLE('Opaque(228,227,207)',(#17805));
#17798=FILL_AREA_STYLE('Opaque(219,188,126)',(#17806));
#17799=FILL_AREA_STYLE('Opaque(87,173,113)',(#17807));
#17800=FILL_AREA_STYLE('Opaque(210,209,199)',(#17808));
#17801=FILL_AREA_STYLE('Opaque(21,22,24)',(#17809));
#17802=FILL_AREA_STYLE('Opaque(80,124,105)',(#17810));
#17803=FILL_AREA_STYLE('Glass - Light Color (Blue)',(#17811));
#17804=FILL_AREA_STYLE_COLOUR('Steel - Satin',#17812);
#17805=FILL_AREA_STYLE_COLOUR('Opaque(228,227,207)',#17813);
#17806=FILL_AREA_STYLE_COLOUR('Opaque(219,188,126)',#17814);
#17807=FILL_AREA_STYLE_COLOUR('Opaque(87,173,113)',#17815);
#17808=FILL_AREA_STYLE_COLOUR('Opaque(210,209,199)',#17816);
#17809=FILL_AREA_STYLE_COLOUR('Opaque(21,22,24)',#17817);
#17810=FILL_AREA_STYLE_COLOUR('Opaque(80,124,105)',#17818);
#17811=FILL_AREA_STYLE_COLOUR('Glass - Light Color (Blue)',#17819);
#17812=COLOUR_RGB('Steel - Satin',0.627450980392157,0.627450980392157,0.627450980392157);
#17813=COLOUR_RGB('Opaque(228,227,207)',0.894117647058824,0.890196078431372,
0.811764705882353);
#17814=COLOUR_RGB('Opaque(219,188,126)',0.858823529411765,0.737254901960784,
0.494117647058824);
#17815=COLOUR_RGB('Opaque(87,173,113)',0.341176470588235,0.67843137254902,
0.443137254901961);
#17816=COLOUR_RGB('Opaque(210,209,199)',0.823529411764706,0.819607843137255,
0.780392156862745);
#17817=COLOUR_RGB('Opaque(21,22,24)',0.0823529411764706,0.0862745098039216,
0.0941176470588235);
#17818=COLOUR_RGB('Opaque(80,124,105)',0.313725490196078,0.486274509803922,
0.411764705882353);
#17819=COLOUR_RGB('Glass - Light Color (Blue)',0.423529411764706,0.768627450980392,
0.854901960784314);
ENDSEC;
END-ISO-10303-21;
