solid 
 facet normal  0.000000e+00  1.000000e+00  0.000000e+00
   outer loop
     vertex  1.497875e+02 -1.243865e+02  1.595000e+00
     vertex  1.522875e+02 -1.243865e+02  3.695000e+00
     vertex  1.522875e+02 -1.243865e+02  1.595000e+00
   endloop
 endfacet
 facet normal  0.000000e+00  1.000000e+00  0.000000e+00
   outer loop
     vertex  1.497875e+02 -1.243865e+02  1.595000e+00
     vertex  1.497875e+02 -1.243865e+02  3.695000e+00
     vertex  1.522875e+02 -1.243865e+02  3.695000e+00
   endloop
 endfacet
 facet normal  1.000000e+00  0.000000e+00  0.000000e+00
   outer loop
     vertex  1.522875e+02 -1.256365e+02  1.695000e+00
     vertex  1.522875e+02 -1.258865e+02  3.695000e+00
     vertex  1.522875e+02 -1.258865e+02  1.595000e+00
   endloop
 endfacet
 facet normal  1.000000e+00  0.000000e+00 -0.000000e+00
   outer loop
     vertex  1.522875e+02 -1.256365e+02  1.595000e+00
     vertex  1.522875e+02 -1.256365e+02  1.695000e+00
     vertex  1.522875e+02 -1.258865e+02  1.595000e+00
   endloop
 endfacet
 facet normal  1.000000e+00  0.000000e+00 -0.000000e+00
   outer loop
     vertex  1.522875e+02 -1.246365e+02  1.695000e+00
     vertex  1.522875e+02 -1.243865e+02  3.695000e+00
     vertex  1.522875e+02 -1.258865e+02  3.695000e+00
   endloop
 endfacet
 facet normal  1.000000e+00  0.000000e+00  0.000000e+00
   outer loop
     vertex  1.522875e+02 -1.246365e+02  1.695000e+00
     vertex  1.522875e+02 -1.258865e+02  3.695000e+00
     vertex  1.522875e+02 -1.256365e+02  1.695000e+00
   endloop
 endfacet
 facet normal  1.000000e+00  0.000000e+00  0.000000e+00
   outer loop
     vertex  1.522875e+02 -1.243865e+02  1.595000e+00
     vertex  1.522875e+02 -1.246365e+02  1.695000e+00
     vertex  1.522875e+02 -1.246365e+02  1.595000e+00
   endloop
 endfacet
 facet normal  1.000000e+00  0.000000e+00 -0.000000e+00
   outer loop
     vertex  1.522875e+02 -1.243865e+02  1.595000e+00
     vertex  1.522875e+02 -1.243865e+02  3.695000e+00
     vertex  1.522875e+02 -1.246365e+02  1.695000e+00
   endloop
 endfacet
 facet normal -1.000000e+00  0.000000e+00  0.000000e+00
   outer loop
     vertex  1.497875e+02 -1.246365e+02  1.695000e+00
     vertex  1.497875e+02 -1.243865e+02  3.695000e+00
     vertex  1.497875e+02 -1.243865e+02  1.595000e+00
   endloop
 endfacet
 facet normal -1.000000e+00  0.000000e+00  0.000000e+00
   outer loop
     vertex  1.497875e+02 -1.246365e+02  1.595000e+00
     vertex  1.497875e+02 -1.246365e+02  1.695000e+00
     vertex  1.497875e+02 -1.243865e+02  1.595000e+00
   endloop
 endfacet
 facet normal -1.000000e+00  0.000000e+00  0.000000e+00
   outer loop
     vertex  1.497875e+02 -1.256365e+02  1.695000e+00
     vertex  1.497875e+02 -1.258865e+02  3.695000e+00
     vertex  1.497875e+02 -1.243865e+02  3.695000e+00
   endloop
 endfacet
 facet normal -1.000000e+00  0.000000e+00  0.000000e+00
   outer loop
     vertex  1.497875e+02 -1.256365e+02  1.695000e+00
     vertex  1.497875e+02 -1.243865e+02  3.695000e+00
     vertex  1.497875e+02 -1.246365e+02  1.695000e+00
   endloop
 endfacet
 facet normal -1.000000e+00  0.000000e+00  0.000000e+00
   outer loop
     vertex  1.497875e+02 -1.258865e+02  1.595000e+00
     vertex  1.497875e+02 -1.256365e+02  1.695000e+00
     vertex  1.497875e+02 -1.256365e+02  1.595000e+00
   endloop
 endfacet
 facet normal -1.000000e+00  0.000000e+00  0.000000e+00
   outer loop
     vertex  1.497875e+02 -1.258865e+02  1.595000e+00
     vertex  1.497875e+02 -1.258865e+02  3.695000e+00
     vertex  1.497875e+02 -1.256365e+02  1.695000e+00
   endloop
 endfacet
 facet normal  0.000000e+00  0.000000e+00 -1.000000e+00
   outer loop
     vertex  1.497875e+02 -1.246365e+02  1.595000e+00
     vertex  1.522875e+02 -1.243865e+02  1.595000e+00
     vertex  1.522875e+02 -1.246365e+02  1.595000e+00
   endloop
 endfacet
 facet normal  0.000000e+00  0.000000e+00 -1.000000e+00
   outer loop
     vertex  1.497875e+02 -1.246365e+02  1.595000e+00
     vertex  1.497875e+02 -1.243865e+02  1.595000e+00
     vertex  1.522875e+02 -1.243865e+02  1.595000e+00
   endloop
 endfacet
 facet normal  0.000000e+00  0.000000e+00  1.000000e+00
   outer loop
     vertex  1.522875e+02 -1.258865e+02  3.695000e+00
     vertex  1.518375e+02 -1.248365e+02  3.695000e+00
     vertex  1.518375e+02 -1.254365e+02  3.695000e+00
   endloop
 endfacet
 facet normal  0.000000e+00 -0.000000e+00  1.000000e+00
   outer loop
     vertex  1.522875e+02 -1.258865e+02  3.695000e+00
     vertex  1.522875e+02 -1.243865e+02  3.695000e+00
     vertex  1.518375e+02 -1.248365e+02  3.695000e+00
   endloop
 endfacet
 facet normal  0.000000e+00  0.000000e+00  1.000000e+00
   outer loop
     vertex  1.512375e+02 -1.248365e+02  3.695000e+00
     vertex  1.518375e+02 -1.248365e+02  3.695000e+00
     vertex  1.522875e+02 -1.243865e+02  3.695000e+00
   endloop
 endfacet
 facet normal -0.000000e+00  0.000000e+00  1.000000e+00
   outer loop
     vertex  1.512375e+02 -1.254365e+02  3.695000e+00
     vertex  1.522875e+02 -1.258865e+02  3.695000e+00
     vertex  1.518375e+02 -1.254365e+02  3.695000e+00
   endloop
 endfacet
 facet normal  0.000000e+00 -0.000000e+00  1.000000e+00
   outer loop
     vertex  1.512375e+02 -1.254365e+02  3.695000e+00
     vertex  1.512375e+02 -1.248365e+02  3.695000e+00
     vertex  1.508375e+02 -1.248365e+02  3.695000e+00
   endloop
 endfacet
 facet normal -0.000000e+00  0.000000e+00  1.000000e+00
   outer loop
     vertex  1.497875e+02 -1.243865e+02  3.695000e+00
     vertex  1.512375e+02 -1.248365e+02  3.695000e+00
     vertex  1.522875e+02 -1.243865e+02  3.695000e+00
   endloop
 endfacet
 facet normal  0.000000e+00  0.000000e+00  1.000000e+00
   outer loop
     vertex  1.497875e+02 -1.243865e+02  3.695000e+00
     vertex  1.508375e+02 -1.248365e+02  3.695000e+00
     vertex  1.512375e+02 -1.248365e+02  3.695000e+00
   endloop
 endfacet
 facet normal  0.000000e+00  0.000000e+00  1.000000e+00
   outer loop
     vertex  1.508375e+02 -1.254365e+02  3.695000e+00
     vertex  1.512375e+02 -1.254365e+02  3.695000e+00
     vertex  1.508375e+02 -1.248365e+02  3.695000e+00
   endloop
 endfacet
 facet normal  0.000000e+00 -0.000000e+00  1.000000e+00
   outer loop
     vertex  1.502375e+02 -1.248365e+02  3.695000e+00
     vertex  1.508375e+02 -1.248365e+02  3.695000e+00
     vertex  1.497875e+02 -1.243865e+02  3.695000e+00
   endloop
 endfacet
 facet normal  0.000000e+00  0.000000e+00  1.000000e+00
   outer loop
     vertex  1.497875e+02 -1.258865e+02  3.695000e+00
     vertex  1.508375e+02 -1.254365e+02  3.695000e+00
     vertex  1.502375e+02 -1.254365e+02  3.695000e+00
   endloop
 endfacet
 facet normal  0.000000e+00  0.000000e+00  1.000000e+00
   outer loop
     vertex  1.497875e+02 -1.258865e+02  3.695000e+00
     vertex  1.502375e+02 -1.254365e+02  3.695000e+00
     vertex  1.502375e+02 -1.248365e+02  3.695000e+00
   endloop
 endfacet
 facet normal  0.000000e+00  0.000000e+00  1.000000e+00
   outer loop
     vertex  1.497875e+02 -1.258865e+02  3.695000e+00
     vertex  1.502375e+02 -1.248365e+02  3.695000e+00
     vertex  1.497875e+02 -1.243865e+02  3.695000e+00
   endloop
 endfacet
 facet normal  0.000000e+00  0.000000e+00  1.000000e+00
   outer loop
     vertex  1.497875e+02 -1.258865e+02  3.695000e+00
     vertex  1.522875e+02 -1.258865e+02  3.695000e+00
     vertex  1.508375e+02 -1.254365e+02  3.695000e+00
   endloop
 endfacet
 facet normal -0.000000e+00  0.000000e+00  1.000000e+00
   outer loop
     vertex  1.508375e+02 -1.254365e+02  3.695000e+00
     vertex  1.522875e+02 -1.258865e+02  3.695000e+00
     vertex  1.512375e+02 -1.254365e+02  3.695000e+00
   endloop
 endfacet
 facet normal  0.000000e+00  0.000000e+00 -1.000000e+00
   outer loop
     vertex  1.497875e+02 -1.258865e+02  1.595000e+00
     vertex  1.522875e+02 -1.256365e+02  1.595000e+00
     vertex  1.522875e+02 -1.258865e+02  1.595000e+00
   endloop
 endfacet
 facet normal  0.000000e+00  0.000000e+00 -1.000000e+00
   outer loop
     vertex  1.497875e+02 -1.258865e+02  1.595000e+00
     vertex  1.497875e+02 -1.256365e+02  1.595000e+00
     vertex  1.522875e+02 -1.256365e+02  1.595000e+00
   endloop
 endfacet
 facet normal  0.000000e+00  1.000000e+00  0.000000e+00
   outer loop
     vertex  1.522875e+02 -1.256365e+02  1.595000e+00
     vertex  1.497875e+02 -1.256365e+02  1.595000e+00
     vertex  1.497875e+02 -1.256365e+02  1.695000e+00
   endloop
 endfacet
 facet normal  0.000000e+00  1.000000e+00 -0.000000e+00
   outer loop
     vertex  1.522875e+02 -1.256365e+02  1.595000e+00
     vertex  1.497875e+02 -1.256365e+02  1.695000e+00
     vertex  1.522875e+02 -1.256365e+02  1.695000e+00
   endloop
 endfacet
 facet normal  0.000000e+00  0.000000e+00 -1.000000e+00
   outer loop
     vertex  1.516875e+02 -1.248965e+02  1.695000e+00
     vertex  1.516875e+02 -1.247965e+02  1.695000e+00
     vertex  1.522875e+02 -1.246365e+02  1.695000e+00
   endloop
 endfacet
 facet normal  0.000000e+00  0.000000e+00 -1.000000e+00
   outer loop
     vertex  1.517625e+02 -1.250865e+02  1.695000e+00
     vertex  1.516875e+02 -1.248965e+02  1.695000e+00
     vertex  1.522875e+02 -1.246365e+02  1.695000e+00
   endloop
 endfacet
 facet normal  0.000000e+00  0.000000e+00 -1.000000e+00
   outer loop
     vertex  1.516875e+02 -1.250865e+02  1.695000e+00
     vertex  1.516875e+02 -1.248965e+02  1.695000e+00
     vertex  1.517625e+02 -1.250865e+02  1.695000e+00
   endloop
 endfacet
 facet normal  0.000000e+00  0.000000e+00 -1.000000e+00
   outer loop
     vertex  1.513875e+02 -1.247965e+02  1.695000e+00
     vertex  1.522875e+02 -1.246365e+02  1.695000e+00
     vertex  1.516875e+02 -1.247965e+02  1.695000e+00
   endloop
 endfacet
 facet normal  0.000000e+00  0.000000e+00 -1.000000e+00
   outer loop
     vertex  1.517625e+02 -1.251865e+02  1.695000e+00
     vertex  1.522875e+02 -1.246365e+02  1.695000e+00
     vertex  1.522875e+02 -1.256365e+02  1.695000e+00
   endloop
 endfacet
 facet normal  0.000000e+00  0.000000e+00 -1.000000e+00
   outer loop
     vertex  1.517625e+02 -1.251865e+02  1.695000e+00
     vertex  1.517625e+02 -1.250865e+02  1.695000e+00
     vertex  1.522875e+02 -1.246365e+02  1.695000e+00
   endloop
 endfacet
 facet normal  0.000000e+00  0.000000e+00 -1.000000e+00
   outer loop
     vertex  1.513125e+02 -1.250865e+02  1.695000e+00
     vertex  1.513875e+02 -1.248965e+02  1.695000e+00
     vertex  1.513875e+02 -1.250865e+02  1.695000e+00
   endloop
 endfacet
 facet normal  0.000000e+00  0.000000e+00 -1.000000e+00
   outer loop
     vertex  1.513125e+02 -1.251865e+02  1.695000e+00
     vertex  1.517625e+02 -1.251865e+02  1.695000e+00
     vertex  1.522875e+02 -1.256365e+02  1.695000e+00
   endloop
 endfacet
 facet normal  0.000000e+00  0.000000e+00 -1.000000e+00
   outer loop
     vertex  1.506875e+02 -1.248965e+02  1.695000e+00
     vertex  1.513875e+02 -1.247965e+02  1.695000e+00
     vertex  1.513875e+02 -1.248965e+02  1.695000e+00
   endloop
 endfacet
 facet normal  0.000000e+00  0.000000e+00 -1.000000e+00
   outer loop
     vertex  1.506875e+02 -1.248965e+02  1.695000e+00
     vertex  1.506875e+02 -1.247965e+02  1.695000e+00
     vertex  1.513875e+02 -1.247965e+02  1.695000e+00
   endloop
 endfacet
 facet normal  0.000000e+00  0.000000e+00 -1.000000e+00
   outer loop
     vertex  1.507625e+02 -1.250865e+02  1.695000e+00
     vertex  1.513875e+02 -1.248965e+02  1.695000e+00
     vertex  1.513125e+02 -1.250865e+02  1.695000e+00
   endloop
 endfacet
 facet normal  0.000000e+00  0.000000e+00 -1.000000e+00
   outer loop
     vertex  1.507625e+02 -1.250865e+02  1.695000e+00
     vertex  1.506875e+02 -1.248965e+02  1.695000e+00
     vertex  1.513875e+02 -1.248965e+02  1.695000e+00
   endloop
 endfacet
 facet normal  0.000000e+00  0.000000e+00 -1.000000e+00
   outer loop
     vertex  1.506875e+02 -1.250865e+02  1.695000e+00
     vertex  1.506875e+02 -1.248965e+02  1.695000e+00
     vertex  1.507625e+02 -1.250865e+02  1.695000e+00
   endloop
 endfacet
 facet normal  0.000000e+00  0.000000e+00 -1.000000e+00
   outer loop
     vertex  1.507625e+02 -1.251865e+02  1.695000e+00
     vertex  1.513125e+02 -1.250865e+02  1.695000e+00
     vertex  1.513125e+02 -1.251865e+02  1.695000e+00
   endloop
 endfacet
 facet normal  0.000000e+00  0.000000e+00 -1.000000e+00
   outer loop
     vertex  1.507625e+02 -1.251865e+02  1.695000e+00
     vertex  1.507625e+02 -1.250865e+02  1.695000e+00
     vertex  1.513125e+02 -1.250865e+02  1.695000e+00
   endloop
 endfacet
 facet normal  0.000000e+00  0.000000e+00 -1.000000e+00
   outer loop
     vertex  1.503125e+02 -1.250865e+02  1.695000e+00
     vertex  1.503875e+02 -1.248965e+02  1.695000e+00
     vertex  1.503875e+02 -1.250865e+02  1.695000e+00
   endloop
 endfacet
 facet normal  0.000000e+00  0.000000e+00 -1.000000e+00
   outer loop
     vertex  1.497875e+02 -1.246365e+02  1.695000e+00
     vertex  1.503875e+02 -1.247965e+02  1.695000e+00
     vertex  1.503875e+02 -1.248965e+02  1.695000e+00
   endloop
 endfacet
 facet normal  0.000000e+00  0.000000e+00 -1.000000e+00
   outer loop
     vertex  1.497875e+02 -1.246365e+02  1.695000e+00
     vertex  1.506875e+02 -1.247965e+02  1.695000e+00
     vertex  1.503875e+02 -1.247965e+02  1.695000e+00
   endloop
 endfacet
 facet normal  0.000000e+00  0.000000e+00 -1.000000e+00
   outer loop
     vertex  1.497875e+02 -1.246365e+02  1.695000e+00
     vertex  1.522875e+02 -1.246365e+02  1.695000e+00
     vertex  1.513875e+02 -1.247965e+02  1.695000e+00
   endloop
 endfacet
 facet normal  0.000000e+00  0.000000e+00 -1.000000e+00
   outer loop
     vertex  1.497875e+02 -1.246365e+02  1.695000e+00
     vertex  1.513875e+02 -1.247965e+02  1.695000e+00
     vertex  1.506875e+02 -1.247965e+02  1.695000e+00
   endloop
 endfacet
 facet normal  0.000000e+00  0.000000e+00 -1.000000e+00
   outer loop
     vertex  1.497875e+02 -1.246365e+02  1.695000e+00
     vertex  1.503875e+02 -1.248965e+02  1.695000e+00
     vertex  1.503125e+02 -1.250865e+02  1.695000e+00
   endloop
 endfacet
 facet normal  0.000000e+00  0.000000e+00 -1.000000e+00
   outer loop
     vertex  1.497875e+02 -1.256365e+02  1.695000e+00
     vertex  1.503125e+02 -1.251865e+02  1.695000e+00
     vertex  1.507625e+02 -1.251865e+02  1.695000e+00
   endloop
 endfacet
 facet normal  0.000000e+00  0.000000e+00 -1.000000e+00
   outer loop
     vertex  1.497875e+02 -1.256365e+02  1.695000e+00
     vertex  1.503125e+02 -1.250865e+02  1.695000e+00
     vertex  1.503125e+02 -1.251865e+02  1.695000e+00
   endloop
 endfacet
 facet normal  0.000000e+00  0.000000e+00 -1.000000e+00
   outer loop
     vertex  1.497875e+02 -1.256365e+02  1.695000e+00
     vertex  1.497875e+02 -1.246365e+02  1.695000e+00
     vertex  1.503125e+02 -1.250865e+02  1.695000e+00
   endloop
 endfacet
 facet normal  0.000000e+00  0.000000e+00 -1.000000e+00
   outer loop
     vertex  1.497875e+02 -1.256365e+02  1.695000e+00
     vertex  1.513125e+02 -1.251865e+02  1.695000e+00
     vertex  1.522875e+02 -1.256365e+02  1.695000e+00
   endloop
 endfacet
 facet normal  0.000000e+00  0.000000e+00 -1.000000e+00
   outer loop
     vertex  1.497875e+02 -1.256365e+02  1.695000e+00
     vertex  1.507625e+02 -1.251865e+02  1.695000e+00
     vertex  1.513125e+02 -1.251865e+02  1.695000e+00
   endloop
 endfacet
 facet normal  0.000000e+00 -1.000000e+00  0.000000e+00
   outer loop
     vertex  1.497875e+02 -1.246365e+02  1.595000e+00
     vertex  1.522875e+02 -1.246365e+02  1.595000e+00
     vertex  1.522875e+02 -1.246365e+02  1.695000e+00
   endloop
 endfacet
 facet normal  0.000000e+00 -1.000000e+00  0.000000e+00
   outer loop
     vertex  1.497875e+02 -1.246365e+02  1.595000e+00
     vertex  1.522875e+02 -1.246365e+02  1.695000e+00
     vertex  1.497875e+02 -1.246365e+02  1.695000e+00
   endloop
 endfacet
 facet normal  0.000000e+00 -1.000000e+00  0.000000e+00
   outer loop
     vertex  1.522875e+02 -1.258865e+02  1.595000e+00
     vertex  1.497875e+02 -1.258865e+02  3.695000e+00
     vertex  1.497875e+02 -1.258865e+02  1.595000e+00
   endloop
 endfacet
 facet normal  0.000000e+00 -1.000000e+00  0.000000e+00
   outer loop
     vertex  1.522875e+02 -1.258865e+02  1.595000e+00
     vertex  1.522875e+02 -1.258865e+02  3.695000e+00
     vertex  1.497875e+02 -1.258865e+02  3.695000e+00
   endloop
 endfacet
 facet normal  0.000000e+00 -7.071068e-01  7.071068e-01
   outer loop
     vertex  1.513875e+02 -1.249865e+02  3.545000e+00
     vertex  1.516875e+02 -1.249865e+02  3.545000e+00
     vertex  1.518375e+02 -1.248365e+02  3.695000e+00
   endloop
 endfacet
 facet normal  9.813078e-18 -7.071068e-01  7.071068e-01
   outer loop
     vertex  1.513875e+02 -1.249865e+02  3.545000e+00
     vertex  1.518375e+02 -1.248365e+02  3.695000e+00
     vertex  1.512375e+02 -1.248365e+02  3.695000e+00
   endloop
 endfacet
 facet normal  7.071068e-01 -0.000000e+00  7.071068e-01
   outer loop
     vertex  1.513875e+02 -1.252865e+02  3.545000e+00
     vertex  1.513875e+02 -1.249865e+02  3.545000e+00
     vertex  1.512375e+02 -1.248365e+02  3.695000e+00
   endloop
 endfacet
 facet normal  7.071068e-01 -9.813078e-18  7.071068e-01
   outer loop
     vertex  1.513875e+02 -1.252865e+02  3.545000e+00
     vertex  1.512375e+02 -1.248365e+02  3.695000e+00
     vertex  1.512375e+02 -1.254365e+02  3.695000e+00
   endloop
 endfacet
 facet normal  0.000000e+00  7.071068e-01  7.071068e-01
   outer loop
     vertex  1.516875e+02 -1.252865e+02  3.545000e+00
     vertex  1.513875e+02 -1.252865e+02  3.545000e+00
     vertex  1.512375e+02 -1.254365e+02  3.695000e+00
   endloop
 endfacet
 facet normal -9.813078e-18  7.071068e-01  7.071068e-01
   outer loop
     vertex  1.516875e+02 -1.252865e+02  3.545000e+00
     vertex  1.512375e+02 -1.254365e+02  3.695000e+00
     vertex  1.518375e+02 -1.254365e+02  3.695000e+00
   endloop
 endfacet
 facet normal -7.071068e-01  0.000000e+00  7.071068e-01
   outer loop
     vertex  1.516875e+02 -1.249865e+02  3.545000e+00
     vertex  1.516875e+02 -1.252865e+02  3.545000e+00
     vertex  1.518375e+02 -1.254365e+02  3.695000e+00
   endloop
 endfacet
 facet normal -7.071068e-01  9.813078e-18  7.071068e-01
   outer loop
     vertex  1.516875e+02 -1.249865e+02  3.545000e+00
     vertex  1.518375e+02 -1.254365e+02  3.695000e+00
     vertex  1.518375e+02 -1.248365e+02  3.695000e+00
   endloop
 endfacet
 facet normal  0.000000e+00 -7.071068e-01  7.071068e-01
   outer loop
     vertex  1.503875e+02 -1.249865e+02  3.545000e+00
     vertex  1.506875e+02 -1.249865e+02  3.545000e+00
     vertex  1.508375e+02 -1.248365e+02  3.695000e+00
   endloop
 endfacet
 facet normal  9.813078e-18 -7.071068e-01  7.071068e-01
   outer loop
     vertex  1.503875e+02 -1.249865e+02  3.545000e+00
     vertex  1.508375e+02 -1.248365e+02  3.695000e+00
     vertex  1.502375e+02 -1.248365e+02  3.695000e+00
   endloop
 endfacet
 facet normal  7.071068e-01 -0.000000e+00  7.071068e-01
   outer loop
     vertex  1.503875e+02 -1.252865e+02  3.545000e+00
     vertex  1.503875e+02 -1.249865e+02  3.545000e+00
     vertex  1.502375e+02 -1.248365e+02  3.695000e+00
   endloop
 endfacet
 facet normal  7.071068e-01 -9.813078e-18  7.071068e-01
   outer loop
     vertex  1.503875e+02 -1.252865e+02  3.545000e+00
     vertex  1.502375e+02 -1.248365e+02  3.695000e+00
     vertex  1.502375e+02 -1.254365e+02  3.695000e+00
   endloop
 endfacet
 facet normal  0.000000e+00  7.071068e-01  7.071068e-01
   outer loop
     vertex  1.506875e+02 -1.252865e+02  3.545000e+00
     vertex  1.503875e+02 -1.252865e+02  3.545000e+00
     vertex  1.502375e+02 -1.254365e+02  3.695000e+00
   endloop
 endfacet
 facet normal -9.813078e-18  7.071068e-01  7.071068e-01
   outer loop
     vertex  1.506875e+02 -1.252865e+02  3.545000e+00
     vertex  1.502375e+02 -1.254365e+02  3.695000e+00
     vertex  1.508375e+02 -1.254365e+02  3.695000e+00
   endloop
 endfacet
 facet normal -7.071068e-01  0.000000e+00  7.071068e-01
   outer loop
     vertex  1.506875e+02 -1.249865e+02  3.545000e+00
     vertex  1.506875e+02 -1.252865e+02  3.545000e+00
     vertex  1.508375e+02 -1.254365e+02  3.695000e+00
   endloop
 endfacet
 facet normal -7.071068e-01  9.813078e-18  7.071068e-01
   outer loop
     vertex  1.506875e+02 -1.249865e+02  3.545000e+00
     vertex  1.508375e+02 -1.254365e+02  3.695000e+00
     vertex  1.508375e+02 -1.248365e+02  3.695000e+00
   endloop
 endfacet
 facet normal  0.000000e+00  0.000000e+00 -1.000000e+00
   outer loop
     vertex  1.513125e+02 -1.251865e+02  1.695000e+00
     vertex  1.513125e+02 -1.250865e+02  1.695000e+00
     vertex  1.513875e+02 -1.250865e+02  1.695000e+00
   endloop
 endfacet
 facet normal  0.000000e+00  0.000000e+00 -1.000000e+00
   outer loop
     vertex  1.516875e+02 -1.250865e+02  1.695000e+00
     vertex  1.513875e+02 -1.250865e+02  1.695000e+00
     vertex  1.513875e+02 -1.248965e+02  1.695000e+00
   endloop
 endfacet
 facet normal  0.000000e+00  0.000000e+00 -1.000000e+00
   outer loop
     vertex  1.516875e+02 -1.250865e+02  1.695000e+00
     vertex  1.513875e+02 -1.248965e+02  1.695000e+00
     vertex  1.516875e+02 -1.248965e+02  1.695000e+00
   endloop
 endfacet
 facet normal  0.000000e+00  0.000000e+00 -1.000000e+00
   outer loop
     vertex  1.517625e+02 -1.251865e+02  1.695000e+00
     vertex  1.516875e+02 -1.250865e+02  1.695000e+00
     vertex  1.517625e+02 -1.250865e+02  1.695000e+00
   endloop
 endfacet
 facet normal  0.000000e+00  0.000000e+00 -1.000000e+00
   outer loop
     vertex  1.517625e+02 -1.251865e+02  1.695000e+00
     vertex  1.513125e+02 -1.251865e+02  1.695000e+00
     vertex  1.513875e+02 -1.250865e+02  1.695000e+00
   endloop
 endfacet
 facet normal  0.000000e+00  0.000000e+00 -1.000000e+00
   outer loop
     vertex  1.517625e+02 -1.251865e+02  1.695000e+00
     vertex  1.513875e+02 -1.250865e+02  1.695000e+00
     vertex  1.516875e+02 -1.250865e+02  1.695000e+00
   endloop
 endfacet
 facet normal  1.000000e+00  0.000000e+00  0.000000e+00
   outer loop
     vertex  1.516875e+02 -1.248965e+02  1.695000e+00
     vertex  1.516875e+02 -1.248965e+02 -5.000000e-03
     vertex  1.516875e+02 -1.247965e+02 -5.000000e-03
   endloop
 endfacet
 facet normal  1.000000e+00 -0.000000e+00  0.000000e+00
   outer loop
     vertex  1.516875e+02 -1.248965e+02  1.695000e+00
     vertex  1.516875e+02 -1.247965e+02 -5.000000e-03
     vertex  1.516875e+02 -1.247965e+02  1.695000e+00
   endloop
 endfacet
 facet normal  0.000000e+00  1.000000e+00  0.000000e+00
   outer loop
     vertex  1.513875e+02 -1.247965e+02 -5.000000e-03
     vertex  1.516125e+02 -1.247965e+02 -3.050000e-01
     vertex  1.514625e+02 -1.247965e+02 -3.050000e-01
   endloop
 endfacet
 facet normal -0.000000e+00  1.000000e+00  0.000000e+00
   outer loop
     vertex  1.513875e+02 -1.247965e+02 -5.000000e-03
     vertex  1.516875e+02 -1.247965e+02 -5.000000e-03
     vertex  1.516125e+02 -1.247965e+02 -3.050000e-01
   endloop
 endfacet
 facet normal -0.000000e+00  1.000000e+00  0.000000e+00
   outer loop
     vertex  1.513875e+02 -1.247965e+02  1.695000e+00
     vertex  1.516875e+02 -1.247965e+02  1.695000e+00
     vertex  1.516875e+02 -1.247965e+02 -5.000000e-03
   endloop
 endfacet
 facet normal  0.000000e+00  1.000000e+00  0.000000e+00
   outer loop
     vertex  1.513875e+02 -1.247965e+02  1.695000e+00
     vertex  1.516875e+02 -1.247965e+02 -5.000000e-03
     vertex  1.513875e+02 -1.247965e+02 -5.000000e-03
   endloop
 endfacet
 facet normal -1.000000e+00  0.000000e+00  0.000000e+00
   outer loop
     vertex  1.513875e+02 -1.248965e+02 -5.000000e-03
     vertex  1.513875e+02 -1.248965e+02  1.695000e+00
     vertex  1.513875e+02 -1.247965e+02  1.695000e+00
   endloop
 endfacet
 facet normal -1.000000e+00  0.000000e+00  0.000000e+00
   outer loop
     vertex  1.513875e+02 -1.248965e+02 -5.000000e-03
     vertex  1.513875e+02 -1.247965e+02  1.695000e+00
     vertex  1.513875e+02 -1.247965e+02 -5.000000e-03
   endloop
 endfacet
 facet normal  0.000000e+00  0.000000e+00 -1.000000e+00
   outer loop
     vertex  1.503125e+02 -1.251865e+02  1.695000e+00
     vertex  1.503125e+02 -1.250865e+02  1.695000e+00
     vertex  1.503875e+02 -1.250865e+02  1.695000e+00
   endloop
 endfacet
 facet normal  0.000000e+00  0.000000e+00 -1.000000e+00
   outer loop
     vertex  1.506875e+02 -1.250865e+02  1.695000e+00
     vertex  1.503875e+02 -1.250865e+02  1.695000e+00
     vertex  1.503875e+02 -1.248965e+02  1.695000e+00
   endloop
 endfacet
 facet normal  0.000000e+00  0.000000e+00 -1.000000e+00
   outer loop
     vertex  1.506875e+02 -1.250865e+02  1.695000e+00
     vertex  1.503875e+02 -1.248965e+02  1.695000e+00
     vertex  1.506875e+02 -1.248965e+02  1.695000e+00
   endloop
 endfacet
 facet normal  0.000000e+00  0.000000e+00 -1.000000e+00
   outer loop
     vertex  1.507625e+02 -1.251865e+02  1.695000e+00
     vertex  1.506875e+02 -1.250865e+02  1.695000e+00
     vertex  1.507625e+02 -1.250865e+02  1.695000e+00
   endloop
 endfacet
 facet normal  0.000000e+00  0.000000e+00 -1.000000e+00
   outer loop
     vertex  1.507625e+02 -1.251865e+02  1.695000e+00
     vertex  1.503125e+02 -1.251865e+02  1.695000e+00
     vertex  1.503875e+02 -1.250865e+02  1.695000e+00
   endloop
 endfacet
 facet normal  0.000000e+00  0.000000e+00 -1.000000e+00
   outer loop
     vertex  1.507625e+02 -1.251865e+02  1.695000e+00
     vertex  1.503875e+02 -1.250865e+02  1.695000e+00
     vertex  1.506875e+02 -1.250865e+02  1.695000e+00
   endloop
 endfacet
 facet normal  1.000000e+00  0.000000e+00  0.000000e+00
   outer loop
     vertex  1.506875e+02 -1.248965e+02  1.695000e+00
     vertex  1.506875e+02 -1.248965e+02 -5.000000e-03
     vertex  1.506875e+02 -1.247965e+02 -5.000000e-03
   endloop
 endfacet
 facet normal  1.000000e+00 -0.000000e+00  0.000000e+00
   outer loop
     vertex  1.506875e+02 -1.248965e+02  1.695000e+00
     vertex  1.506875e+02 -1.247965e+02 -5.000000e-03
     vertex  1.506875e+02 -1.247965e+02  1.695000e+00
   endloop
 endfacet
 facet normal  0.000000e+00  1.000000e+00  0.000000e+00
   outer loop
     vertex  1.503875e+02 -1.247965e+02 -5.000000e-03
     vertex  1.506125e+02 -1.247965e+02 -3.050000e-01
     vertex  1.504625e+02 -1.247965e+02 -3.050000e-01
   endloop
 endfacet
 facet normal -0.000000e+00  1.000000e+00  0.000000e+00
   outer loop
     vertex  1.503875e+02 -1.247965e+02 -5.000000e-03
     vertex  1.506875e+02 -1.247965e+02 -5.000000e-03
     vertex  1.506125e+02 -1.247965e+02 -3.050000e-01
   endloop
 endfacet
 facet normal -0.000000e+00  1.000000e+00  0.000000e+00
   outer loop
     vertex  1.503875e+02 -1.247965e+02  1.695000e+00
     vertex  1.506875e+02 -1.247965e+02  1.695000e+00
     vertex  1.506875e+02 -1.247965e+02 -5.000000e-03
   endloop
 endfacet
 facet normal  0.000000e+00  1.000000e+00  0.000000e+00
   outer loop
     vertex  1.503875e+02 -1.247965e+02  1.695000e+00
     vertex  1.506875e+02 -1.247965e+02 -5.000000e-03
     vertex  1.503875e+02 -1.247965e+02 -5.000000e-03
   endloop
 endfacet
 facet normal -1.000000e+00  0.000000e+00  0.000000e+00
   outer loop
     vertex  1.503875e+02 -1.248965e+02 -5.000000e-03
     vertex  1.503875e+02 -1.248965e+02  1.695000e+00
     vertex  1.503875e+02 -1.247965e+02  1.695000e+00
   endloop
 endfacet
 facet normal -1.000000e+00  0.000000e+00  0.000000e+00
   outer loop
     vertex  1.503875e+02 -1.248965e+02 -5.000000e-03
     vertex  1.503875e+02 -1.247965e+02  1.695000e+00
     vertex  1.503875e+02 -1.247965e+02 -5.000000e-03
   endloop
 endfacet
 facet normal  0.000000e+00 -1.000000e+00  0.000000e+00
   outer loop
     vertex  1.513875e+02 -1.249865e+02  3.545000e+00
     vertex  1.516875e+02 -1.249865e+02  2.045000e+00
     vertex  1.516875e+02 -1.249865e+02  3.545000e+00
   endloop
 endfacet
 facet normal  0.000000e+00 -1.000000e+00  0.000000e+00
   outer loop
     vertex  1.513875e+02 -1.249865e+02  3.545000e+00
     vertex  1.513875e+02 -1.249865e+02  2.045000e+00
     vertex  1.516875e+02 -1.249865e+02  2.045000e+00
   endloop
 endfacet
 facet normal  1.000000e+00  0.000000e+00  0.000000e+00
   outer loop
     vertex  1.513875e+02 -1.250865e+02  3.095000e+00
     vertex  1.513875e+02 -1.250865e+02  2.045000e+00
     vertex  1.513875e+02 -1.249865e+02  2.045000e+00
   endloop
 endfacet
 facet normal  1.000000e+00  0.000000e+00  0.000000e+00
   outer loop
     vertex  1.513875e+02 -1.251865e+02  3.095000e+00
     vertex  1.513875e+02 -1.252865e+02  2.045000e+00
     vertex  1.513875e+02 -1.251865e+02  2.045000e+00
   endloop
 endfacet
 facet normal  1.000000e+00  0.000000e+00  0.000000e+00
   outer loop
     vertex  1.513875e+02 -1.252865e+02  3.545000e+00
     vertex  1.513875e+02 -1.251865e+02  3.095000e+00
     vertex  1.513875e+02 -1.250865e+02  3.095000e+00
   endloop
 endfacet
 facet normal  1.000000e+00 -0.000000e+00  0.000000e+00
   outer loop
     vertex  1.513875e+02 -1.252865e+02  3.545000e+00
     vertex  1.513875e+02 -1.250865e+02  3.095000e+00
     vertex  1.513875e+02 -1.249865e+02  3.545000e+00
   endloop
 endfacet
 facet normal  1.000000e+00  0.000000e+00  0.000000e+00
   outer loop
     vertex  1.513875e+02 -1.249865e+02  3.545000e+00
     vertex  1.513875e+02 -1.250865e+02  3.095000e+00
     vertex  1.513875e+02 -1.249865e+02  2.045000e+00
   endloop
 endfacet
 facet normal  1.000000e+00  0.000000e+00  0.000000e+00
   outer loop
     vertex  1.513875e+02 -1.252865e+02  2.045000e+00
     vertex  1.513875e+02 -1.251865e+02  3.095000e+00
     vertex  1.513875e+02 -1.252865e+02  3.545000e+00
   endloop
 endfacet
 facet normal  0.000000e+00  1.000000e+00  0.000000e+00
   outer loop
     vertex  1.516875e+02 -1.252865e+02  3.545000e+00
     vertex  1.513875e+02 -1.252865e+02  2.045000e+00
     vertex  1.513875e+02 -1.252865e+02  3.545000e+00
   endloop
 endfacet
 facet normal  0.000000e+00  1.000000e+00  0.000000e+00
   outer loop
     vertex  1.516875e+02 -1.252865e+02  3.545000e+00
     vertex  1.516875e+02 -1.252865e+02  2.045000e+00
     vertex  1.513875e+02 -1.252865e+02  2.045000e+00
   endloop
 endfacet
 facet normal -1.000000e+00  0.000000e+00 -0.000000e+00
   outer loop
     vertex  1.516875e+02 -1.251865e+02  3.095000e+00
     vertex  1.516875e+02 -1.251865e+02  2.045000e+00
     vertex  1.516875e+02 -1.252865e+02  2.045000e+00
   endloop
 endfacet
 facet normal -1.000000e+00  0.000000e+00  0.000000e+00
   outer loop
     vertex  1.516875e+02 -1.250865e+02  3.095000e+00
     vertex  1.516875e+02 -1.249865e+02  2.045000e+00
     vertex  1.516875e+02 -1.250865e+02  2.045000e+00
   endloop
 endfacet
 facet normal -1.000000e+00  0.000000e+00  0.000000e+00
   outer loop
     vertex  1.516875e+02 -1.249865e+02  3.545000e+00
     vertex  1.516875e+02 -1.250865e+02  3.095000e+00
     vertex  1.516875e+02 -1.251865e+02  3.095000e+00
   endloop
 endfacet
 facet normal -1.000000e+00 -0.000000e+00  0.000000e+00
   outer loop
     vertex  1.516875e+02 -1.249865e+02  3.545000e+00
     vertex  1.516875e+02 -1.251865e+02  3.095000e+00
     vertex  1.516875e+02 -1.252865e+02  3.545000e+00
   endloop
 endfacet
 facet normal -1.000000e+00  0.000000e+00  0.000000e+00
   outer loop
     vertex  1.516875e+02 -1.252865e+02  3.545000e+00
     vertex  1.516875e+02 -1.251865e+02  3.095000e+00
     vertex  1.516875e+02 -1.252865e+02  2.045000e+00
   endloop
 endfacet
 facet normal -1.000000e+00  0.000000e+00  0.000000e+00
   outer loop
     vertex  1.516875e+02 -1.249865e+02  2.045000e+00
     vertex  1.516875e+02 -1.250865e+02  3.095000e+00
     vertex  1.516875e+02 -1.249865e+02  3.545000e+00
   endloop
 endfacet
 facet normal  0.000000e+00 -1.000000e+00  0.000000e+00
   outer loop
     vertex  1.503875e+02 -1.249865e+02  3.545000e+00
     vertex  1.506875e+02 -1.249865e+02  2.045000e+00
     vertex  1.506875e+02 -1.249865e+02  3.545000e+00
   endloop
 endfacet
 facet normal  0.000000e+00 -1.000000e+00  0.000000e+00
   outer loop
     vertex  1.503875e+02 -1.249865e+02  3.545000e+00
     vertex  1.503875e+02 -1.249865e+02  2.045000e+00
     vertex  1.506875e+02 -1.249865e+02  2.045000e+00
   endloop
 endfacet
 facet normal  1.000000e+00  0.000000e+00  0.000000e+00
   outer loop
     vertex  1.503875e+02 -1.250865e+02  3.095000e+00
     vertex  1.503875e+02 -1.250865e+02  2.045000e+00
     vertex  1.503875e+02 -1.249865e+02  2.045000e+00
   endloop
 endfacet
 facet normal  1.000000e+00  0.000000e+00  0.000000e+00
   outer loop
     vertex  1.503875e+02 -1.251865e+02  3.095000e+00
     vertex  1.503875e+02 -1.252865e+02  2.045000e+00
     vertex  1.503875e+02 -1.251865e+02  2.045000e+00
   endloop
 endfacet
 facet normal  1.000000e+00  0.000000e+00  0.000000e+00
   outer loop
     vertex  1.503875e+02 -1.252865e+02  3.545000e+00
     vertex  1.503875e+02 -1.251865e+02  3.095000e+00
     vertex  1.503875e+02 -1.250865e+02  3.095000e+00
   endloop
 endfacet
 facet normal  1.000000e+00 -0.000000e+00  0.000000e+00
   outer loop
     vertex  1.503875e+02 -1.252865e+02  3.545000e+00
     vertex  1.503875e+02 -1.250865e+02  3.095000e+00
     vertex  1.503875e+02 -1.249865e+02  3.545000e+00
   endloop
 endfacet
 facet normal  1.000000e+00  0.000000e+00  0.000000e+00
   outer loop
     vertex  1.503875e+02 -1.249865e+02  3.545000e+00
     vertex  1.503875e+02 -1.250865e+02  3.095000e+00
     vertex  1.503875e+02 -1.249865e+02  2.045000e+00
   endloop
 endfacet
 facet normal  1.000000e+00  0.000000e+00  0.000000e+00
   outer loop
     vertex  1.503875e+02 -1.252865e+02  2.045000e+00
     vertex  1.503875e+02 -1.251865e+02  3.095000e+00
     vertex  1.503875e+02 -1.252865e+02  3.545000e+00
   endloop
 endfacet
 facet normal  0.000000e+00  1.000000e+00  0.000000e+00
   outer loop
     vertex  1.506875e+02 -1.252865e+02  3.545000e+00
     vertex  1.503875e+02 -1.252865e+02  2.045000e+00
     vertex  1.503875e+02 -1.252865e+02  3.545000e+00
   endloop
 endfacet
 facet normal  0.000000e+00  1.000000e+00  0.000000e+00
   outer loop
     vertex  1.506875e+02 -1.252865e+02  3.545000e+00
     vertex  1.506875e+02 -1.252865e+02  2.045000e+00
     vertex  1.503875e+02 -1.252865e+02  2.045000e+00
   endloop
 endfacet
 facet normal -1.000000e+00  0.000000e+00 -0.000000e+00
   outer loop
     vertex  1.506875e+02 -1.251865e+02  3.095000e+00
     vertex  1.506875e+02 -1.251865e+02  2.045000e+00
     vertex  1.506875e+02 -1.252865e+02  2.045000e+00
   endloop
 endfacet
 facet normal -1.000000e+00  0.000000e+00  0.000000e+00
   outer loop
     vertex  1.506875e+02 -1.250865e+02  3.095000e+00
     vertex  1.506875e+02 -1.249865e+02  2.045000e+00
     vertex  1.506875e+02 -1.250865e+02  2.045000e+00
   endloop
 endfacet
 facet normal -1.000000e+00  0.000000e+00  0.000000e+00
   outer loop
     vertex  1.506875e+02 -1.249865e+02  3.545000e+00
     vertex  1.506875e+02 -1.250865e+02  3.095000e+00
     vertex  1.506875e+02 -1.251865e+02  3.095000e+00
   endloop
 endfacet
 facet normal -1.000000e+00 -0.000000e+00  0.000000e+00
   outer loop
     vertex  1.506875e+02 -1.249865e+02  3.545000e+00
     vertex  1.506875e+02 -1.251865e+02  3.095000e+00
     vertex  1.506875e+02 -1.252865e+02  3.545000e+00
   endloop
 endfacet
 facet normal -1.000000e+00  0.000000e+00  0.000000e+00
   outer loop
     vertex  1.506875e+02 -1.252865e+02  3.545000e+00
     vertex  1.506875e+02 -1.251865e+02  3.095000e+00
     vertex  1.506875e+02 -1.252865e+02  2.045000e+00
   endloop
 endfacet
 facet normal -1.000000e+00  0.000000e+00  0.000000e+00
   outer loop
     vertex  1.506875e+02 -1.249865e+02  2.045000e+00
     vertex  1.506875e+02 -1.250865e+02  3.095000e+00
     vertex  1.506875e+02 -1.249865e+02  3.545000e+00
   endloop
 endfacet
 facet normal  0.000000e+00 -1.000000e+00  0.000000e+00
   outer loop
     vertex  1.513875e+02 -1.248965e+02 -5.000000e-03
     vertex  1.514625e+02 -1.248965e+02 -3.050000e-01
     vertex  1.516125e+02 -1.248965e+02 -3.050000e-01
   endloop
 endfacet
 facet normal  0.000000e+00 -1.000000e+00  0.000000e+00
   outer loop
     vertex  1.513875e+02 -1.248965e+02 -5.000000e-03
     vertex  1.516125e+02 -1.248965e+02 -3.050000e-01
     vertex  1.516875e+02 -1.248965e+02 -5.000000e-03
   endloop
 endfacet
 facet normal  0.000000e+00 -1.000000e+00  0.000000e+00
   outer loop
     vertex  1.513875e+02 -1.248965e+02  1.695000e+00
     vertex  1.516875e+02 -1.248965e+02 -5.000000e-03
     vertex  1.516875e+02 -1.248965e+02  1.695000e+00
   endloop
 endfacet
 facet normal  0.000000e+00 -1.000000e+00  0.000000e+00
   outer loop
     vertex  1.513875e+02 -1.248965e+02  1.695000e+00
     vertex  1.513875e+02 -1.248965e+02 -5.000000e-03
     vertex  1.516875e+02 -1.248965e+02 -5.000000e-03
   endloop
 endfacet
 facet normal  9.701425e-01 -4.487811e-18 -2.425356e-01
   outer loop
     vertex  1.516875e+02 -1.248965e+02 -5.000000e-03
     vertex  1.516125e+02 -1.248965e+02 -3.050000e-01
     vertex  1.516125e+02 -1.247965e+02 -3.050000e-01
   endloop
 endfacet
 facet normal  9.701425e-01  0.000000e+00 -2.425356e-01
   outer loop
     vertex  1.516875e+02 -1.248965e+02 -5.000000e-03
     vertex  1.516125e+02 -1.247965e+02 -3.050000e-01
     vertex  1.516875e+02 -1.247965e+02 -5.000000e-03
   endloop
 endfacet
 facet normal  0.000000e+00  0.000000e+00 -1.000000e+00
   outer loop
     vertex  1.516125e+02 -1.248965e+02 -3.050000e-01
     vertex  1.514625e+02 -1.248965e+02 -3.050000e-01
     vertex  1.514625e+02 -1.247965e+02 -3.050000e-01
   endloop
 endfacet
 facet normal  0.000000e+00  0.000000e+00 -1.000000e+00
   outer loop
     vertex  1.516125e+02 -1.248965e+02 -3.050000e-01
     vertex  1.514625e+02 -1.247965e+02 -3.050000e-01
     vertex  1.516125e+02 -1.247965e+02 -3.050000e-01
   endloop
 endfacet
 facet normal -9.701425e-01  4.487811e-18 -2.425356e-01
   outer loop
     vertex  1.514625e+02 -1.248965e+02 -3.050000e-01
     vertex  1.513875e+02 -1.248965e+02 -5.000000e-03
     vertex  1.513875e+02 -1.247965e+02 -5.000000e-03
   endloop
 endfacet
 facet normal -9.701425e-01  0.000000e+00 -2.425356e-01
   outer loop
     vertex  1.514625e+02 -1.248965e+02 -3.050000e-01
     vertex  1.513875e+02 -1.247965e+02 -5.000000e-03
     vertex  1.514625e+02 -1.247965e+02 -3.050000e-01
   endloop
 endfacet
 facet normal  0.000000e+00 -1.000000e+00  0.000000e+00
   outer loop
     vertex  1.503875e+02 -1.248965e+02 -5.000000e-03
     vertex  1.504625e+02 -1.248965e+02 -3.050000e-01
     vertex  1.506125e+02 -1.248965e+02 -3.050000e-01
   endloop
 endfacet
 facet normal  0.000000e+00 -1.000000e+00  0.000000e+00
   outer loop
     vertex  1.503875e+02 -1.248965e+02 -5.000000e-03
     vertex  1.506125e+02 -1.248965e+02 -3.050000e-01
     vertex  1.506875e+02 -1.248965e+02 -5.000000e-03
   endloop
 endfacet
 facet normal  0.000000e+00 -1.000000e+00  0.000000e+00
   outer loop
     vertex  1.503875e+02 -1.248965e+02  1.695000e+00
     vertex  1.506875e+02 -1.248965e+02 -5.000000e-03
     vertex  1.506875e+02 -1.248965e+02  1.695000e+00
   endloop
 endfacet
 facet normal  0.000000e+00 -1.000000e+00  0.000000e+00
   outer loop
     vertex  1.503875e+02 -1.248965e+02  1.695000e+00
     vertex  1.503875e+02 -1.248965e+02 -5.000000e-03
     vertex  1.506875e+02 -1.248965e+02 -5.000000e-03
   endloop
 endfacet
 facet normal  9.701425e-01 -4.487811e-18 -2.425356e-01
   outer loop
     vertex  1.506875e+02 -1.248965e+02 -5.000000e-03
     vertex  1.506125e+02 -1.248965e+02 -3.050000e-01
     vertex  1.506125e+02 -1.247965e+02 -3.050000e-01
   endloop
 endfacet
 facet normal  9.701425e-01  0.000000e+00 -2.425356e-01
   outer loop
     vertex  1.506875e+02 -1.248965e+02 -5.000000e-03
     vertex  1.506125e+02 -1.247965e+02 -3.050000e-01
     vertex  1.506875e+02 -1.247965e+02 -5.000000e-03
   endloop
 endfacet
 facet normal  0.000000e+00  0.000000e+00 -1.000000e+00
   outer loop
     vertex  1.506125e+02 -1.248965e+02 -3.050000e-01
     vertex  1.504625e+02 -1.248965e+02 -3.050000e-01
     vertex  1.504625e+02 -1.247965e+02 -3.050000e-01
   endloop
 endfacet
 facet normal  0.000000e+00  0.000000e+00 -1.000000e+00
   outer loop
     vertex  1.506125e+02 -1.248965e+02 -3.050000e-01
     vertex  1.504625e+02 -1.247965e+02 -3.050000e-01
     vertex  1.506125e+02 -1.247965e+02 -3.050000e-01
   endloop
 endfacet
 facet normal -9.701425e-01  4.487811e-18 -2.425356e-01
   outer loop
     vertex  1.504625e+02 -1.248965e+02 -3.050000e-01
     vertex  1.503875e+02 -1.248965e+02 -5.000000e-03
     vertex  1.503875e+02 -1.247965e+02 -5.000000e-03
   endloop
 endfacet
 facet normal -9.701425e-01  0.000000e+00 -2.425356e-01
   outer loop
     vertex  1.504625e+02 -1.248965e+02 -3.050000e-01
     vertex  1.503875e+02 -1.247965e+02 -5.000000e-03
     vertex  1.504625e+02 -1.247965e+02 -3.050000e-01
   endloop
 endfacet
 facet normal  0.000000e+00  0.000000e+00  1.000000e+00
   outer loop
     vertex  1.513875e+02 -1.250865e+02  2.045000e+00
     vertex  1.516875e+02 -1.250865e+02  2.045000e+00
     vertex  1.516875e+02 -1.249865e+02  2.045000e+00
   endloop
 endfacet
 facet normal  0.000000e+00  0.000000e+00  1.000000e+00
   outer loop
     vertex  1.513875e+02 -1.250865e+02  2.045000e+00
     vertex  1.516875e+02 -1.249865e+02  2.045000e+00
     vertex  1.513875e+02 -1.249865e+02  2.045000e+00
   endloop
 endfacet
 facet normal  0.000000e+00  0.000000e+00  1.000000e+00
   outer loop
     vertex  1.513875e+02 -1.252865e+02  2.045000e+00
     vertex  1.516875e+02 -1.252865e+02  2.045000e+00
     vertex  1.516875e+02 -1.251865e+02  2.045000e+00
   endloop
 endfacet
 facet normal  0.000000e+00  0.000000e+00  1.000000e+00
   outer loop
     vertex  1.513875e+02 -1.252865e+02  2.045000e+00
     vertex  1.516875e+02 -1.251865e+02  2.045000e+00
     vertex  1.513875e+02 -1.251865e+02  2.045000e+00
   endloop
 endfacet
 facet normal  0.000000e+00 -1.000000e+00 -0.000000e+00
   outer loop
     vertex  1.514125e+02 -1.251865e+02  2.170000e+00
     vertex  1.513875e+02 -1.251865e+02  2.045000e+00
     vertex  1.516875e+02 -1.251865e+02  2.045000e+00
   endloop
 endfacet
 facet normal  0.000000e+00 -1.000000e+00  0.000000e+00
   outer loop
     vertex  1.514125e+02 -1.251865e+02  2.170000e+00
     vertex  1.516875e+02 -1.251865e+02  2.045000e+00
     vertex  1.516625e+02 -1.251865e+02  2.170000e+00
   endloop
 endfacet
 facet normal  0.000000e+00 -1.000000e+00 -0.000000e+00
   outer loop
     vertex  1.516875e+02 -1.251865e+02  3.095000e+00
     vertex  1.516625e+02 -1.251865e+02  2.170000e+00
     vertex  1.516875e+02 -1.251865e+02  2.045000e+00
   endloop
 endfacet
 facet normal  0.000000e+00 -1.000000e+00  0.000000e+00
   outer loop
     vertex  1.516625e+02 -1.251865e+02  3.070000e+00
     vertex  1.516625e+02 -1.251865e+02  2.170000e+00
     vertex  1.516875e+02 -1.251865e+02  3.095000e+00
   endloop
 endfacet
 facet normal  0.000000e+00 -1.000000e+00  0.000000e+00
   outer loop
     vertex  1.513875e+02 -1.251865e+02  3.095000e+00
     vertex  1.513875e+02 -1.251865e+02  2.045000e+00
     vertex  1.514125e+02 -1.251865e+02  2.170000e+00
   endloop
 endfacet
 facet normal  0.000000e+00 -1.000000e+00  0.000000e+00
   outer loop
     vertex  1.513875e+02 -1.251865e+02  3.095000e+00
     vertex  1.514125e+02 -1.251865e+02  2.170000e+00
     vertex  1.514125e+02 -1.251865e+02  3.070000e+00
   endloop
 endfacet
 facet normal  7.071068e-01  8.586443e-18  7.071068e-01
   outer loop
     vertex  1.513875e+02 -1.251865e+02  3.095000e+00
     vertex  1.514125e+02 -1.251865e+02  3.070000e+00
     vertex  1.514125e+02 -1.250865e+02  3.070000e+00
   endloop
 endfacet
 facet normal  7.071068e-01 -0.000000e+00  7.071068e-01
   outer loop
     vertex  1.513875e+02 -1.251865e+02  3.095000e+00
     vertex  1.514125e+02 -1.250865e+02  3.070000e+00
     vertex  1.513875e+02 -1.250865e+02  3.095000e+00
   endloop
 endfacet
 facet normal  0.000000e+00  1.000000e+00  0.000000e+00
   outer loop
     vertex  1.514125e+02 -1.250865e+02  2.170000e+00
     vertex  1.516875e+02 -1.250865e+02  2.045000e+00
     vertex  1.513875e+02 -1.250865e+02  2.045000e+00
   endloop
 endfacet
 facet normal -0.000000e+00  1.000000e+00  0.000000e+00
   outer loop
     vertex  1.514125e+02 -1.250865e+02  2.170000e+00
     vertex  1.516625e+02 -1.250865e+02  2.170000e+00
     vertex  1.516875e+02 -1.250865e+02  2.045000e+00
   endloop
 endfacet
 facet normal  0.000000e+00  1.000000e+00  0.000000e+00
   outer loop
     vertex  1.516875e+02 -1.250865e+02  3.095000e+00
     vertex  1.516875e+02 -1.250865e+02  2.045000e+00
     vertex  1.516625e+02 -1.250865e+02  2.170000e+00
   endloop
 endfacet
 facet normal -0.000000e+00  1.000000e+00  0.000000e+00
   outer loop
     vertex  1.516625e+02 -1.250865e+02  3.070000e+00
     vertex  1.516875e+02 -1.250865e+02  3.095000e+00
     vertex  1.516625e+02 -1.250865e+02  2.170000e+00
   endloop
 endfacet
 facet normal  0.000000e+00  1.000000e+00  0.000000e+00
   outer loop
     vertex  1.513875e+02 -1.250865e+02  3.095000e+00
     vertex  1.514125e+02 -1.250865e+02  2.170000e+00
     vertex  1.513875e+02 -1.250865e+02  2.045000e+00
   endloop
 endfacet
 facet normal  0.000000e+00  1.000000e+00  0.000000e+00
   outer loop
     vertex  1.513875e+02 -1.250865e+02  3.095000e+00
     vertex  1.514125e+02 -1.250865e+02  3.070000e+00
     vertex  1.514125e+02 -1.250865e+02  2.170000e+00
   endloop
 endfacet
 facet normal -7.071068e-01 -8.586443e-18  7.071068e-01
   outer loop
     vertex  1.516625e+02 -1.251865e+02  3.070000e+00
     vertex  1.516875e+02 -1.251865e+02  3.095000e+00
     vertex  1.516875e+02 -1.250865e+02  3.095000e+00
   endloop
 endfacet
 facet normal -7.071068e-01  0.000000e+00  7.071068e-01
   outer loop
     vertex  1.516625e+02 -1.251865e+02  3.070000e+00
     vertex  1.516875e+02 -1.250865e+02  3.095000e+00
     vertex  1.516625e+02 -1.250865e+02  3.070000e+00
   endloop
 endfacet
 facet normal  0.000000e+00  0.000000e+00  1.000000e+00
   outer loop
     vertex  1.503875e+02 -1.250865e+02  2.045000e+00
     vertex  1.506875e+02 -1.250865e+02  2.045000e+00
     vertex  1.506875e+02 -1.249865e+02  2.045000e+00
   endloop
 endfacet
 facet normal  0.000000e+00  0.000000e+00  1.000000e+00
   outer loop
     vertex  1.503875e+02 -1.250865e+02  2.045000e+00
     vertex  1.506875e+02 -1.249865e+02  2.045000e+00
     vertex  1.503875e+02 -1.249865e+02  2.045000e+00
   endloop
 endfacet
 facet normal  0.000000e+00  0.000000e+00  1.000000e+00
   outer loop
     vertex  1.503875e+02 -1.252865e+02  2.045000e+00
     vertex  1.506875e+02 -1.252865e+02  2.045000e+00
     vertex  1.506875e+02 -1.251865e+02  2.045000e+00
   endloop
 endfacet
 facet normal  0.000000e+00  0.000000e+00  1.000000e+00
   outer loop
     vertex  1.503875e+02 -1.252865e+02  2.045000e+00
     vertex  1.506875e+02 -1.251865e+02  2.045000e+00
     vertex  1.503875e+02 -1.251865e+02  2.045000e+00
   endloop
 endfacet
 facet normal  0.000000e+00 -1.000000e+00 -0.000000e+00
   outer loop
     vertex  1.504125e+02 -1.251865e+02  2.170000e+00
     vertex  1.503875e+02 -1.251865e+02  2.045000e+00
     vertex  1.506875e+02 -1.251865e+02  2.045000e+00
   endloop
 endfacet
 facet normal  0.000000e+00 -1.000000e+00  0.000000e+00
   outer loop
     vertex  1.504125e+02 -1.251865e+02  2.170000e+00
     vertex  1.506875e+02 -1.251865e+02  2.045000e+00
     vertex  1.506625e+02 -1.251865e+02  2.170000e+00
   endloop
 endfacet
 facet normal  0.000000e+00 -1.000000e+00 -0.000000e+00
   outer loop
     vertex  1.506875e+02 -1.251865e+02  3.095000e+00
     vertex  1.506625e+02 -1.251865e+02  2.170000e+00
     vertex  1.506875e+02 -1.251865e+02  2.045000e+00
   endloop
 endfacet
 facet normal  0.000000e+00 -1.000000e+00  0.000000e+00
   outer loop
     vertex  1.506625e+02 -1.251865e+02  3.070000e+00
     vertex  1.506625e+02 -1.251865e+02  2.170000e+00
     vertex  1.506875e+02 -1.251865e+02  3.095000e+00
   endloop
 endfacet
 facet normal  0.000000e+00 -1.000000e+00  0.000000e+00
   outer loop
     vertex  1.503875e+02 -1.251865e+02  3.095000e+00
     vertex  1.503875e+02 -1.251865e+02  2.045000e+00
     vertex  1.504125e+02 -1.251865e+02  2.170000e+00
   endloop
 endfacet
 facet normal  0.000000e+00 -1.000000e+00  0.000000e+00
   outer loop
     vertex  1.503875e+02 -1.251865e+02  3.095000e+00
     vertex  1.504125e+02 -1.251865e+02  2.170000e+00
     vertex  1.504125e+02 -1.251865e+02  3.070000e+00
   endloop
 endfacet
 facet normal  7.071068e-01  8.586443e-18  7.071068e-01
   outer loop
     vertex  1.503875e+02 -1.251865e+02  3.095000e+00
     vertex  1.504125e+02 -1.251865e+02  3.070000e+00
     vertex  1.504125e+02 -1.250865e+02  3.070000e+00
   endloop
 endfacet
 facet normal  7.071068e-01 -0.000000e+00  7.071068e-01
   outer loop
     vertex  1.503875e+02 -1.251865e+02  3.095000e+00
     vertex  1.504125e+02 -1.250865e+02  3.070000e+00
     vertex  1.503875e+02 -1.250865e+02  3.095000e+00
   endloop
 endfacet
 facet normal  0.000000e+00  1.000000e+00  0.000000e+00
   outer loop
     vertex  1.504125e+02 -1.250865e+02  2.170000e+00
     vertex  1.506875e+02 -1.250865e+02  2.045000e+00
     vertex  1.503875e+02 -1.250865e+02  2.045000e+00
   endloop
 endfacet
 facet normal -0.000000e+00  1.000000e+00  0.000000e+00
   outer loop
     vertex  1.504125e+02 -1.250865e+02  2.170000e+00
     vertex  1.506625e+02 -1.250865e+02  2.170000e+00
     vertex  1.506875e+02 -1.250865e+02  2.045000e+00
   endloop
 endfacet
 facet normal  0.000000e+00  1.000000e+00  0.000000e+00
   outer loop
     vertex  1.506875e+02 -1.250865e+02  3.095000e+00
     vertex  1.506875e+02 -1.250865e+02  2.045000e+00
     vertex  1.506625e+02 -1.250865e+02  2.170000e+00
   endloop
 endfacet
 facet normal -0.000000e+00  1.000000e+00  0.000000e+00
   outer loop
     vertex  1.506625e+02 -1.250865e+02  3.070000e+00
     vertex  1.506875e+02 -1.250865e+02  3.095000e+00
     vertex  1.506625e+02 -1.250865e+02  2.170000e+00
   endloop
 endfacet
 facet normal  0.000000e+00  1.000000e+00  0.000000e+00
   outer loop
     vertex  1.503875e+02 -1.250865e+02  3.095000e+00
     vertex  1.504125e+02 -1.250865e+02  2.170000e+00
     vertex  1.503875e+02 -1.250865e+02  2.045000e+00
   endloop
 endfacet
 facet normal  0.000000e+00  1.000000e+00  0.000000e+00
   outer loop
     vertex  1.503875e+02 -1.250865e+02  3.095000e+00
     vertex  1.504125e+02 -1.250865e+02  3.070000e+00
     vertex  1.504125e+02 -1.250865e+02  2.170000e+00
   endloop
 endfacet
 facet normal -7.071068e-01 -8.586443e-18  7.071068e-01
   outer loop
     vertex  1.506625e+02 -1.251865e+02  3.070000e+00
     vertex  1.506875e+02 -1.251865e+02  3.095000e+00
     vertex  1.506875e+02 -1.250865e+02  3.095000e+00
   endloop
 endfacet
 facet normal -7.071068e-01  0.000000e+00  7.071068e-01
   outer loop
     vertex  1.506625e+02 -1.251865e+02  3.070000e+00
     vertex  1.506875e+02 -1.250865e+02  3.095000e+00
     vertex  1.506625e+02 -1.250865e+02  3.070000e+00
   endloop
 endfacet
 facet normal  1.000000e+00  0.000000e+00  0.000000e+00
   outer loop
     vertex  1.514125e+02 -1.251865e+02  3.070000e+00
     vertex  1.514125e+02 -1.251865e+02  2.170000e+00
     vertex  1.514125e+02 -1.250865e+02  2.170000e+00
   endloop
 endfacet
 facet normal  1.000000e+00 -0.000000e+00  0.000000e+00
   outer loop
     vertex  1.514125e+02 -1.251865e+02  3.070000e+00
     vertex  1.514125e+02 -1.250865e+02  2.170000e+00
     vertex  1.514125e+02 -1.250865e+02  3.070000e+00
   endloop
 endfacet
 facet normal  0.000000e+00  0.000000e+00  1.000000e+00
   outer loop
     vertex  1.514125e+02 -1.251865e+02  2.170000e+00
     vertex  1.516625e+02 -1.251865e+02  2.170000e+00
     vertex  1.516625e+02 -1.250865e+02  2.170000e+00
   endloop
 endfacet
 facet normal  0.000000e+00  0.000000e+00  1.000000e+00
   outer loop
     vertex  1.514125e+02 -1.251865e+02  2.170000e+00
     vertex  1.516625e+02 -1.250865e+02  2.170000e+00
     vertex  1.514125e+02 -1.250865e+02  2.170000e+00
   endloop
 endfacet
 facet normal -1.000000e+00  0.000000e+00  0.000000e+00
   outer loop
     vertex  1.516625e+02 -1.251865e+02  2.170000e+00
     vertex  1.516625e+02 -1.251865e+02  3.070000e+00
     vertex  1.516625e+02 -1.250865e+02  3.070000e+00
   endloop
 endfacet
 facet normal -1.000000e+00  0.000000e+00  0.000000e+00
   outer loop
     vertex  1.516625e+02 -1.251865e+02  2.170000e+00
     vertex  1.516625e+02 -1.250865e+02  3.070000e+00
     vertex  1.516625e+02 -1.250865e+02  2.170000e+00
   endloop
 endfacet
 facet normal  1.000000e+00  0.000000e+00  0.000000e+00
   outer loop
     vertex  1.504125e+02 -1.251865e+02  3.070000e+00
     vertex  1.504125e+02 -1.251865e+02  2.170000e+00
     vertex  1.504125e+02 -1.250865e+02  2.170000e+00
   endloop
 endfacet
 facet normal  1.000000e+00 -0.000000e+00  0.000000e+00
   outer loop
     vertex  1.504125e+02 -1.251865e+02  3.070000e+00
     vertex  1.504125e+02 -1.250865e+02  2.170000e+00
     vertex  1.504125e+02 -1.250865e+02  3.070000e+00
   endloop
 endfacet
 facet normal  0.000000e+00  0.000000e+00  1.000000e+00
   outer loop
     vertex  1.504125e+02 -1.251865e+02  2.170000e+00
     vertex  1.506625e+02 -1.251865e+02  2.170000e+00
     vertex  1.506625e+02 -1.250865e+02  2.170000e+00
   endloop
 endfacet
 facet normal  0.000000e+00  0.000000e+00  1.000000e+00
   outer loop
     vertex  1.504125e+02 -1.251865e+02  2.170000e+00
     vertex  1.506625e+02 -1.250865e+02  2.170000e+00
     vertex  1.504125e+02 -1.250865e+02  2.170000e+00
   endloop
 endfacet
 facet normal -1.000000e+00  0.000000e+00  0.000000e+00
   outer loop
     vertex  1.506625e+02 -1.251865e+02  2.170000e+00
     vertex  1.506625e+02 -1.251865e+02  3.070000e+00
     vertex  1.506625e+02 -1.250865e+02  3.070000e+00
   endloop
 endfacet
 facet normal -1.000000e+00  0.000000e+00  0.000000e+00
   outer loop
     vertex  1.506625e+02 -1.251865e+02  2.170000e+00
     vertex  1.506625e+02 -1.250865e+02  3.070000e+00
     vertex  1.506625e+02 -1.250865e+02  2.170000e+00
   endloop
 endfacet
 facet normal -7.071068e-01 -7.071068e-01  3.434577e-18
   outer loop
     vertex  1.293095e+02 -1.204015e+02  1.595000e+00
     vertex  1.292095e+02 -1.203015e+02  2.595000e+00
     vertex  1.292095e+02 -1.203015e+02  1.595000e+00
   endloop
 endfacet
 facet normal -7.071068e-01 -7.071068e-01  0.000000e+00
   outer loop
     vertex  1.293095e+02 -1.204015e+02  1.595000e+00
     vertex  1.293095e+02 -1.204015e+02  2.595000e+00
     vertex  1.292095e+02 -1.203015e+02  2.595000e+00
   endloop
 endfacet
 facet normal -1.000000e+00  0.000000e+00  0.000000e+00
   outer loop
     vertex  1.292095e+02 -1.203015e+02  1.595000e+00
     vertex  1.292095e+02 -1.192315e+02  2.595000e+00
     vertex  1.292095e+02 -1.192315e+02  1.595000e+00
   endloop
 endfacet
 facet normal -1.000000e+00  0.000000e+00  0.000000e+00
   outer loop
     vertex  1.292095e+02 -1.203015e+02  1.595000e+00
     vertex  1.292095e+02 -1.203015e+02  2.595000e+00
     vertex  1.292095e+02 -1.192315e+02  2.595000e+00
   endloop
 endfacet
 facet normal  0.000000e+00 -1.000000e+00  0.000000e+00
   outer loop
     vertex  1.301095e+02 -1.204015e+02  1.595000e+00
     vertex  1.293095e+02 -1.204015e+02  2.595000e+00
     vertex  1.293095e+02 -1.204015e+02  1.595000e+00
   endloop
 endfacet
 facet normal  0.000000e+00 -1.000000e+00  0.000000e+00
   outer loop
     vertex  1.301095e+02 -1.204015e+02  1.595000e+00
     vertex  1.301095e+02 -1.204015e+02  2.595000e+00
     vertex  1.293095e+02 -1.204015e+02  2.595000e+00
   endloop
 endfacet
 facet normal  0.000000e+00  0.000000e+00 -1.000000e+00
   outer loop
     vertex  1.308595e+02 -1.199165e+02  1.595000e+00
     vertex  1.312095e+02 -1.203015e+02  1.595000e+00
     vertex  1.311095e+02 -1.204015e+02  1.595000e+00
   endloop
 endfacet
 facet normal  0.000000e+00  0.000000e+00 -1.000000e+00
   outer loop
     vertex  1.305595e+02 -1.199165e+02  1.595000e+00
     vertex  1.303095e+02 -1.204015e+02  1.595000e+00
     vertex  1.302095e+02 -1.203015e+02  1.595000e+00
   endloop
 endfacet
 facet normal  0.000000e+00 -0.000000e+00 -1.000000e+00
   outer loop
     vertex  1.305595e+02 -1.199165e+02  1.595000e+00
     vertex  1.311095e+02 -1.204015e+02  1.595000e+00
     vertex  1.303095e+02 -1.204015e+02  1.595000e+00
   endloop
 endfacet
 facet normal  0.000000e+00  0.000000e+00 -1.000000e+00
   outer loop
     vertex  1.305595e+02 -1.199165e+02  1.595000e+00
     vertex  1.308595e+02 -1.199165e+02  1.595000e+00
     vertex  1.311095e+02 -1.204015e+02  1.595000e+00
   endloop
 endfacet
 facet normal  0.000000e+00  0.000000e+00 -1.000000e+00
   outer loop
     vertex  1.312095e+02 -1.192315e+02  1.595000e+00
     vertex  1.308595e+02 -1.199165e+02  1.595000e+00
     vertex  1.308595e+02 -1.196165e+02  1.595000e+00
   endloop
 endfacet
 facet normal  0.000000e+00 -0.000000e+00 -1.000000e+00
   outer loop
     vertex  1.312095e+02 -1.192315e+02  1.595000e+00
     vertex  1.312095e+02 -1.203015e+02  1.595000e+00
     vertex  1.308595e+02 -1.199165e+02  1.595000e+00
   endloop
 endfacet
 facet normal  0.000000e+00 -0.000000e+00 -1.000000e+00
   outer loop
     vertex  1.311095e+02 -1.191315e+02  1.595000e+00
     vertex  1.312095e+02 -1.192315e+02  1.595000e+00
     vertex  1.308595e+02 -1.196165e+02  1.595000e+00
   endloop
 endfacet
 facet normal  0.000000e+00  0.000000e+00 -1.000000e+00
   outer loop
     vertex  1.298595e+02 -1.199165e+02  1.595000e+00
     vertex  1.302095e+02 -1.203015e+02  1.595000e+00
     vertex  1.301095e+02 -1.204015e+02  1.595000e+00
   endloop
 endfacet
 facet normal  0.000000e+00  0.000000e+00 -1.000000e+00
   outer loop
     vertex  1.298595e+02 -1.199165e+02  1.595000e+00
     vertex  1.305595e+02 -1.199165e+02  1.595000e+00
     vertex  1.302095e+02 -1.203015e+02  1.595000e+00
   endloop
 endfacet
 facet normal  0.000000e+00  0.000000e+00 -1.000000e+00
   outer loop
     vertex  1.295595e+02 -1.199165e+02  1.595000e+00
     vertex  1.293095e+02 -1.204015e+02  1.595000e+00
     vertex  1.292095e+02 -1.203015e+02  1.595000e+00
   endloop
 endfacet
 facet normal  0.000000e+00 -0.000000e+00 -1.000000e+00
   outer loop
     vertex  1.295595e+02 -1.199165e+02  1.595000e+00
     vertex  1.301095e+02 -1.204015e+02  1.595000e+00
     vertex  1.293095e+02 -1.204015e+02  1.595000e+00
   endloop
 endfacet
 facet normal  0.000000e+00  0.000000e+00 -1.000000e+00
   outer loop
     vertex  1.295595e+02 -1.199165e+02  1.595000e+00
     vertex  1.298595e+02 -1.199165e+02  1.595000e+00
     vertex  1.301095e+02 -1.204015e+02  1.595000e+00
   endloop
 endfacet
 facet normal  0.000000e+00  0.000000e+00 -1.000000e+00
   outer loop
     vertex  1.298595e+02 -1.196165e+02  1.595000e+00
     vertex  1.305595e+02 -1.196165e+02  1.595000e+00
     vertex  1.305595e+02 -1.199165e+02  1.595000e+00
   endloop
 endfacet
 facet normal  0.000000e+00  0.000000e+00 -1.000000e+00
   outer loop
     vertex  1.298595e+02 -1.196165e+02  1.595000e+00
     vertex  1.305595e+02 -1.199165e+02  1.595000e+00
     vertex  1.298595e+02 -1.199165e+02  1.595000e+00
   endloop
 endfacet
 facet normal  0.000000e+00 -0.000000e+00 -1.000000e+00
   outer loop
     vertex  1.302095e+02 -1.192315e+02  1.595000e+00
     vertex  1.305595e+02 -1.196165e+02  1.595000e+00
     vertex  1.298595e+02 -1.196165e+02  1.595000e+00
   endloop
 endfacet
 facet normal  0.000000e+00  0.000000e+00 -1.000000e+00
   outer loop
     vertex  1.303095e+02 -1.191315e+02  1.595000e+00
     vertex  1.308595e+02 -1.196165e+02  1.595000e+00
     vertex  1.305595e+02 -1.196165e+02  1.595000e+00
   endloop
 endfacet
 facet normal  0.000000e+00  0.000000e+00 -1.000000e+00
   outer loop
     vertex  1.303095e+02 -1.191315e+02  1.595000e+00
     vertex  1.311095e+02 -1.191315e+02  1.595000e+00
     vertex  1.308595e+02 -1.196165e+02  1.595000e+00
   endloop
 endfacet
 facet normal  0.000000e+00 -0.000000e+00 -1.000000e+00
   outer loop
     vertex  1.303095e+02 -1.191315e+02  1.595000e+00
     vertex  1.305595e+02 -1.196165e+02  1.595000e+00
     vertex  1.302095e+02 -1.192315e+02  1.595000e+00
   endloop
 endfacet
 facet normal  0.000000e+00 -0.000000e+00 -1.000000e+00
   outer loop
     vertex  1.301095e+02 -1.191315e+02  1.595000e+00
     vertex  1.302095e+02 -1.192315e+02  1.595000e+00
     vertex  1.298595e+02 -1.196165e+02  1.595000e+00
   endloop
 endfacet
 facet normal  0.000000e+00  0.000000e+00 -1.000000e+00
   outer loop
     vertex  1.292095e+02 -1.192315e+02  1.595000e+00
     vertex  1.295595e+02 -1.196165e+02  1.595000e+00
     vertex  1.295595e+02 -1.199165e+02  1.595000e+00
   endloop
 endfacet
 facet normal  0.000000e+00  0.000000e+00 -1.000000e+00
   outer loop
     vertex  1.292095e+02 -1.192315e+02  1.595000e+00
     vertex  1.295595e+02 -1.199165e+02  1.595000e+00
     vertex  1.292095e+02 -1.203015e+02  1.595000e+00
   endloop
 endfacet
 facet normal  0.000000e+00  0.000000e+00 -1.000000e+00
   outer loop
     vertex  1.293095e+02 -1.191315e+02  1.595000e+00
     vertex  1.298595e+02 -1.196165e+02  1.595000e+00
     vertex  1.295595e+02 -1.196165e+02  1.595000e+00
   endloop
 endfacet
 facet normal  0.000000e+00 -0.000000e+00 -1.000000e+00
   outer loop
     vertex  1.293095e+02 -1.191315e+02  1.595000e+00
     vertex  1.295595e+02 -1.196165e+02  1.595000e+00
     vertex  1.292095e+02 -1.192315e+02  1.595000e+00
   endloop
 endfacet
 facet normal  0.000000e+00  0.000000e+00 -1.000000e+00
   outer loop
     vertex  1.293095e+02 -1.191315e+02  1.595000e+00
     vertex  1.301095e+02 -1.191315e+02  1.595000e+00
     vertex  1.298595e+02 -1.196165e+02  1.595000e+00
   endloop
 endfacet
 facet normal  0.000000e+00  0.000000e+00  1.000000e+00
   outer loop
     vertex  1.308595e+02 -1.199165e+02  2.595000e+00
     vertex  1.311095e+02 -1.204015e+02  2.595000e+00
     vertex  1.312095e+02 -1.203015e+02  2.595000e+00
   endloop
 endfacet
 facet normal  0.000000e+00  0.000000e+00  1.000000e+00
   outer loop
     vertex  1.305595e+02 -1.199165e+02  2.595000e+00
     vertex  1.302095e+02 -1.203015e+02  2.595000e+00
     vertex  1.303095e+02 -1.204015e+02  2.595000e+00
   endloop
 endfacet
 facet normal  0.000000e+00  0.000000e+00  1.000000e+00
   outer loop
     vertex  1.305595e+02 -1.199165e+02  2.595000e+00
     vertex  1.303095e+02 -1.204015e+02  2.595000e+00
     vertex  1.311095e+02 -1.204015e+02  2.595000e+00
   endloop
 endfacet
 facet normal -0.000000e+00  0.000000e+00  1.000000e+00
   outer loop
     vertex  1.305595e+02 -1.199165e+02  2.595000e+00
     vertex  1.311095e+02 -1.204015e+02  2.595000e+00
     vertex  1.308595e+02 -1.199165e+02  2.595000e+00
   endloop
 endfacet
 facet normal  0.000000e+00  0.000000e+00  1.000000e+00
   outer loop
     vertex  1.312095e+02 -1.192315e+02  2.595000e+00
     vertex  1.308595e+02 -1.196165e+02  2.595000e+00
     vertex  1.308595e+02 -1.199165e+02  2.595000e+00
   endloop
 endfacet
 facet normal  0.000000e+00  0.000000e+00  1.000000e+00
   outer loop
     vertex  1.312095e+02 -1.192315e+02  2.595000e+00
     vertex  1.308595e+02 -1.199165e+02  2.595000e+00
     vertex  1.312095e+02 -1.203015e+02  2.595000e+00
   endloop
 endfacet
 facet normal  0.000000e+00  0.000000e+00  1.000000e+00
   outer loop
     vertex  1.311095e+02 -1.191315e+02  2.595000e+00
     vertex  1.308595e+02 -1.196165e+02  2.595000e+00
     vertex  1.312095e+02 -1.192315e+02  2.595000e+00
   endloop
 endfacet
 facet normal  0.000000e+00  0.000000e+00  1.000000e+00
   outer loop
     vertex  1.298595e+02 -1.199165e+02  2.595000e+00
     vertex  1.301095e+02 -1.204015e+02  2.595000e+00
     vertex  1.302095e+02 -1.203015e+02  2.595000e+00
   endloop
 endfacet
 facet normal -0.000000e+00  0.000000e+00  1.000000e+00
   outer loop
     vertex  1.298595e+02 -1.199165e+02  2.595000e+00
     vertex  1.302095e+02 -1.203015e+02  2.595000e+00
     vertex  1.305595e+02 -1.199165e+02  2.595000e+00
   endloop
 endfacet
 facet normal  0.000000e+00  0.000000e+00  1.000000e+00
   outer loop
     vertex  1.295595e+02 -1.199165e+02  2.595000e+00
     vertex  1.292095e+02 -1.203015e+02  2.595000e+00
     vertex  1.293095e+02 -1.204015e+02  2.595000e+00
   endloop
 endfacet
 facet normal  0.000000e+00  0.000000e+00  1.000000e+00
   outer loop
     vertex  1.295595e+02 -1.199165e+02  2.595000e+00
     vertex  1.293095e+02 -1.204015e+02  2.595000e+00
     vertex  1.301095e+02 -1.204015e+02  2.595000e+00
   endloop
 endfacet
 facet normal -0.000000e+00  0.000000e+00  1.000000e+00
   outer loop
     vertex  1.295595e+02 -1.199165e+02  2.595000e+00
     vertex  1.301095e+02 -1.204015e+02  2.595000e+00
     vertex  1.298595e+02 -1.199165e+02  2.595000e+00
   endloop
 endfacet
 facet normal -0.000000e+00  0.000000e+00  1.000000e+00
   outer loop
     vertex  1.298595e+02 -1.196165e+02  2.595000e+00
     vertex  1.305595e+02 -1.199165e+02  2.595000e+00
     vertex  1.305595e+02 -1.196165e+02  2.595000e+00
   endloop
 endfacet
 facet normal  0.000000e+00  0.000000e+00  1.000000e+00
   outer loop
     vertex  1.298595e+02 -1.196165e+02  2.595000e+00
     vertex  1.298595e+02 -1.199165e+02  2.595000e+00
     vertex  1.305595e+02 -1.199165e+02  2.595000e+00
   endloop
 endfacet
 facet normal  0.000000e+00  0.000000e+00  1.000000e+00
   outer loop
     vertex  1.302095e+02 -1.192315e+02  2.595000e+00
     vertex  1.298595e+02 -1.196165e+02  2.595000e+00
     vertex  1.305595e+02 -1.196165e+02  2.595000e+00
   endloop
 endfacet
 facet normal  0.000000e+00  0.000000e+00  1.000000e+00
   outer loop
     vertex  1.303095e+02 -1.191315e+02  2.595000e+00
     vertex  1.305595e+02 -1.196165e+02  2.595000e+00
     vertex  1.308595e+02 -1.196165e+02  2.595000e+00
   endloop
 endfacet
 facet normal -0.000000e+00  0.000000e+00  1.000000e+00
   outer loop
     vertex  1.303095e+02 -1.191315e+02  2.595000e+00
     vertex  1.308595e+02 -1.196165e+02  2.595000e+00
     vertex  1.311095e+02 -1.191315e+02  2.595000e+00
   endloop
 endfacet
 facet normal  0.000000e+00  0.000000e+00  1.000000e+00
   outer loop
     vertex  1.303095e+02 -1.191315e+02  2.595000e+00
     vertex  1.302095e+02 -1.192315e+02  2.595000e+00
     vertex  1.305595e+02 -1.196165e+02  2.595000e+00
   endloop
 endfacet
 facet normal  0.000000e+00  0.000000e+00  1.000000e+00
   outer loop
     vertex  1.301095e+02 -1.191315e+02  2.595000e+00
     vertex  1.298595e+02 -1.196165e+02  2.595000e+00
     vertex  1.302095e+02 -1.192315e+02  2.595000e+00
   endloop
 endfacet
 facet normal  0.000000e+00  0.000000e+00  1.000000e+00
   outer loop
     vertex  1.292095e+02 -1.192315e+02  2.595000e+00
     vertex  1.295595e+02 -1.199165e+02  2.595000e+00
     vertex  1.295595e+02 -1.196165e+02  2.595000e+00
   endloop
 endfacet
 facet normal  0.000000e+00  0.000000e+00  1.000000e+00
   outer loop
     vertex  1.292095e+02 -1.192315e+02  2.595000e+00
     vertex  1.292095e+02 -1.203015e+02  2.595000e+00
     vertex  1.295595e+02 -1.199165e+02  2.595000e+00
   endloop
 endfacet
 facet normal  0.000000e+00  0.000000e+00  1.000000e+00
   outer loop
     vertex  1.293095e+02 -1.191315e+02  2.595000e+00
     vertex  1.295595e+02 -1.196165e+02  2.595000e+00
     vertex  1.298595e+02 -1.196165e+02  2.595000e+00
   endloop
 endfacet
 facet normal  0.000000e+00  0.000000e+00  1.000000e+00
   outer loop
     vertex  1.293095e+02 -1.191315e+02  2.595000e+00
     vertex  1.292095e+02 -1.192315e+02  2.595000e+00
     vertex  1.295595e+02 -1.196165e+02  2.595000e+00
   endloop
 endfacet
 facet normal -0.000000e+00  0.000000e+00  1.000000e+00
   outer loop
     vertex  1.293095e+02 -1.191315e+02  2.595000e+00
     vertex  1.298595e+02 -1.196165e+02  2.595000e+00
     vertex  1.301095e+02 -1.191315e+02  2.595000e+00
   endloop
 endfacet
 facet normal -7.071068e-01  7.071068e-01 -3.434577e-18
   outer loop
     vertex  1.292095e+02 -1.192315e+02  1.595000e+00
     vertex  1.293095e+02 -1.191315e+02  2.595000e+00
     vertex  1.293095e+02 -1.191315e+02  1.595000e+00
   endloop
 endfacet
 facet normal -7.071068e-01  7.071068e-01  0.000000e+00
   outer loop
     vertex  1.292095e+02 -1.192315e+02  1.595000e+00
     vertex  1.292095e+02 -1.192315e+02  2.595000e+00
     vertex  1.293095e+02 -1.191315e+02  2.595000e+00
   endloop
 endfacet
 facet normal  7.071068e-01 -7.071068e-01 -3.434577e-18
   outer loop
     vertex  1.302095e+02 -1.203015e+02  1.595000e+00
     vertex  1.301095e+02 -1.204015e+02  2.595000e+00
     vertex  1.301095e+02 -1.204015e+02  1.595000e+00
   endloop
 endfacet
 facet normal  7.071068e-01 -7.071068e-01  0.000000e+00
   outer loop
     vertex  1.302095e+02 -1.203015e+02  1.595000e+00
     vertex  1.302095e+02 -1.203015e+02  2.595000e+00
     vertex  1.301095e+02 -1.204015e+02  2.595000e+00
   endloop
 endfacet
 facet normal  0.000000e+00  1.000000e+00  0.000000e+00
   outer loop
     vertex  1.293095e+02 -1.191315e+02  1.595000e+00
     vertex  1.301095e+02 -1.191315e+02  2.595000e+00
     vertex  1.301095e+02 -1.191315e+02  1.595000e+00
   endloop
 endfacet
 facet normal  0.000000e+00  1.000000e+00  0.000000e+00
   outer loop
     vertex  1.293095e+02 -1.191315e+02  1.595000e+00
     vertex  1.293095e+02 -1.191315e+02  2.595000e+00
     vertex  1.301095e+02 -1.191315e+02  2.595000e+00
   endloop
 endfacet
 facet normal -7.071068e-01 -7.071068e-01  3.434577e-18
   outer loop
     vertex  1.303095e+02 -1.204015e+02  1.595000e+00
     vertex  1.302095e+02 -1.203015e+02  2.595000e+00
     vertex  1.302095e+02 -1.203015e+02  1.595000e+00
   endloop
 endfacet
 facet normal -7.071068e-01 -7.071068e-01  0.000000e+00
   outer loop
     vertex  1.303095e+02 -1.204015e+02  1.595000e+00
     vertex  1.303095e+02 -1.204015e+02  2.595000e+00
     vertex  1.302095e+02 -1.203015e+02  2.595000e+00
   endloop
 endfacet
 facet normal  7.071068e-01  7.071068e-01  3.434577e-18
   outer loop
     vertex  1.301095e+02 -1.191315e+02  1.595000e+00
     vertex  1.302095e+02 -1.192315e+02  2.595000e+00
     vertex  1.302095e+02 -1.192315e+02  1.595000e+00
   endloop
 endfacet
 facet normal  7.071068e-01  7.071068e-01 -0.000000e+00
   outer loop
     vertex  1.301095e+02 -1.191315e+02  1.595000e+00
     vertex  1.301095e+02 -1.191315e+02  2.595000e+00
     vertex  1.302095e+02 -1.192315e+02  2.595000e+00
   endloop
 endfacet
 facet normal  0.000000e+00 -1.000000e+00  0.000000e+00
   outer loop
     vertex  1.311095e+02 -1.204015e+02  1.595000e+00
     vertex  1.303095e+02 -1.204015e+02  2.595000e+00
     vertex  1.303095e+02 -1.204015e+02  1.595000e+00
   endloop
 endfacet
 facet normal  0.000000e+00 -1.000000e+00  0.000000e+00
   outer loop
     vertex  1.311095e+02 -1.204015e+02  1.595000e+00
     vertex  1.311095e+02 -1.204015e+02  2.595000e+00
     vertex  1.303095e+02 -1.204015e+02  2.595000e+00
   endloop
 endfacet
 facet normal -7.071068e-01  7.071068e-01 -3.434577e-18
   outer loop
     vertex  1.302095e+02 -1.192315e+02  1.595000e+00
     vertex  1.303095e+02 -1.191315e+02  2.595000e+00
     vertex  1.303095e+02 -1.191315e+02  1.595000e+00
   endloop
 endfacet
 facet normal -7.071068e-01  7.071068e-01  0.000000e+00
   outer loop
     vertex  1.302095e+02 -1.192315e+02  1.595000e+00
     vertex  1.302095e+02 -1.192315e+02  2.595000e+00
     vertex  1.303095e+02 -1.191315e+02  2.595000e+00
   endloop
 endfacet
 facet normal  7.071068e-01 -7.071068e-01 -3.434577e-18
   outer loop
     vertex  1.312095e+02 -1.203015e+02  1.595000e+00
     vertex  1.311095e+02 -1.204015e+02  2.595000e+00
     vertex  1.311095e+02 -1.204015e+02  1.595000e+00
   endloop
 endfacet
 facet normal  7.071068e-01 -7.071068e-01  0.000000e+00
   outer loop
     vertex  1.312095e+02 -1.203015e+02  1.595000e+00
     vertex  1.312095e+02 -1.203015e+02  2.595000e+00
     vertex  1.311095e+02 -1.204015e+02  2.595000e+00
   endloop
 endfacet
 facet normal  0.000000e+00  1.000000e+00  0.000000e+00
   outer loop
     vertex  1.303095e+02 -1.191315e+02  1.595000e+00
     vertex  1.311095e+02 -1.191315e+02  2.595000e+00
     vertex  1.311095e+02 -1.191315e+02  1.595000e+00
   endloop
 endfacet
 facet normal  0.000000e+00  1.000000e+00  0.000000e+00
   outer loop
     vertex  1.303095e+02 -1.191315e+02  1.595000e+00
     vertex  1.303095e+02 -1.191315e+02  2.595000e+00
     vertex  1.311095e+02 -1.191315e+02  2.595000e+00
   endloop
 endfacet
 facet normal  1.000000e+00  0.000000e+00  0.000000e+00
   outer loop
     vertex  1.312095e+02 -1.192315e+02  1.595000e+00
     vertex  1.312095e+02 -1.203015e+02  2.595000e+00
     vertex  1.312095e+02 -1.203015e+02  1.595000e+00
   endloop
 endfacet
 facet normal  1.000000e+00  0.000000e+00 -0.000000e+00
   outer loop
     vertex  1.312095e+02 -1.192315e+02  1.595000e+00
     vertex  1.312095e+02 -1.192315e+02  2.595000e+00
     vertex  1.312095e+02 -1.203015e+02  2.595000e+00
   endloop
 endfacet
 facet normal  7.071068e-01  7.071068e-01  3.434577e-18
   outer loop
     vertex  1.311095e+02 -1.191315e+02  1.595000e+00
     vertex  1.312095e+02 -1.192315e+02  2.595000e+00
     vertex  1.312095e+02 -1.192315e+02  1.595000e+00
   endloop
 endfacet
 facet normal  7.071068e-01  7.071068e-01 -0.000000e+00
   outer loop
     vertex  1.311095e+02 -1.191315e+02  1.595000e+00
     vertex  1.311095e+02 -1.191315e+02  2.595000e+00
     vertex  1.312095e+02 -1.192315e+02  2.595000e+00
   endloop
 endfacet
 facet normal  0.000000e+00  1.000000e+00  0.000000e+00
   outer loop
     vertex  1.298595e+02 -1.196165e+02  1.595000e+00
     vertex  1.298595e+02 -1.196165e+02 -1.330000e+00
     vertex  1.295595e+02 -1.196165e+02 -1.330000e+00
   endloop
 endfacet
 facet normal  0.000000e+00  1.000000e+00  0.000000e+00
   outer loop
     vertex  1.298595e+02 -1.196165e+02  1.595000e+00
     vertex  1.295595e+02 -1.196165e+02 -1.330000e+00
     vertex  1.295595e+02 -1.196165e+02  1.595000e+00
   endloop
 endfacet
 facet normal -1.000000e+00  0.000000e+00 -0.000000e+00
   outer loop
     vertex  1.295595e+02 -1.196165e+02  1.595000e+00
     vertex  1.295595e+02 -1.196165e+02 -1.330000e+00
     vertex  1.295595e+02 -1.199165e+02 -1.330000e+00
   endloop
 endfacet
 facet normal -1.000000e+00 -0.000000e+00  0.000000e+00
   outer loop
     vertex  1.295595e+02 -1.196165e+02  1.595000e+00
     vertex  1.295595e+02 -1.199165e+02 -1.330000e+00
     vertex  1.295595e+02 -1.199165e+02  1.595000e+00
   endloop
 endfacet
 facet normal  0.000000e+00 -1.000000e+00 -0.000000e+00
   outer loop
     vertex  1.298595e+02 -1.199165e+02  1.595000e+00
     vertex  1.295595e+02 -1.199165e+02 -1.330000e+00
     vertex  1.298595e+02 -1.199165e+02 -1.330000e+00
   endloop
 endfacet
 facet normal -0.000000e+00 -1.000000e+00  0.000000e+00
   outer loop
     vertex  1.298595e+02 -1.199165e+02  1.595000e+00
     vertex  1.295595e+02 -1.199165e+02  1.595000e+00
     vertex  1.295595e+02 -1.199165e+02 -1.330000e+00
   endloop
 endfacet
 facet normal  1.000000e+00  0.000000e+00  0.000000e+00
   outer loop
     vertex  1.298595e+02 -1.196165e+02  1.595000e+00
     vertex  1.298595e+02 -1.199165e+02 -1.330000e+00
     vertex  1.298595e+02 -1.196165e+02 -1.330000e+00
   endloop
 endfacet
 facet normal  1.000000e+00  0.000000e+00  0.000000e+00
   outer loop
     vertex  1.298595e+02 -1.196165e+02  1.595000e+00
     vertex  1.298595e+02 -1.199165e+02  1.595000e+00
     vertex  1.298595e+02 -1.199165e+02 -1.330000e+00
   endloop
 endfacet
 facet normal  1.000000e+00  0.000000e+00  0.000000e+00
   outer loop
     vertex  1.308595e+02 -1.196165e+02  1.595000e+00
     vertex  1.308595e+02 -1.199165e+02 -1.330000e+00
     vertex  1.308595e+02 -1.196165e+02 -1.330000e+00
   endloop
 endfacet
 facet normal  1.000000e+00  0.000000e+00  0.000000e+00
   outer loop
     vertex  1.308595e+02 -1.196165e+02  1.595000e+00
     vertex  1.308595e+02 -1.199165e+02  1.595000e+00
     vertex  1.308595e+02 -1.199165e+02 -1.330000e+00
   endloop
 endfacet
 facet normal  0.000000e+00  1.000000e+00  0.000000e+00
   outer loop
     vertex  1.308595e+02 -1.196165e+02  1.595000e+00
     vertex  1.308595e+02 -1.196165e+02 -1.330000e+00
     vertex  1.305595e+02 -1.196165e+02 -1.330000e+00
   endloop
 endfacet
 facet normal  0.000000e+00  1.000000e+00  0.000000e+00
   outer loop
     vertex  1.308595e+02 -1.196165e+02  1.595000e+00
     vertex  1.305595e+02 -1.196165e+02 -1.330000e+00
     vertex  1.305595e+02 -1.196165e+02  1.595000e+00
   endloop
 endfacet
 facet normal -1.000000e+00  0.000000e+00 -0.000000e+00
   outer loop
     vertex  1.305595e+02 -1.196165e+02  1.595000e+00
     vertex  1.305595e+02 -1.196165e+02 -1.330000e+00
     vertex  1.305595e+02 -1.199165e+02 -1.330000e+00
   endloop
 endfacet
 facet normal -1.000000e+00 -0.000000e+00  0.000000e+00
   outer loop
     vertex  1.305595e+02 -1.196165e+02  1.595000e+00
     vertex  1.305595e+02 -1.199165e+02 -1.330000e+00
     vertex  1.305595e+02 -1.199165e+02  1.595000e+00
   endloop
 endfacet
 facet normal  0.000000e+00 -1.000000e+00 -0.000000e+00
   outer loop
     vertex  1.308595e+02 -1.199165e+02  1.595000e+00
     vertex  1.305595e+02 -1.199165e+02 -1.330000e+00
     vertex  1.308595e+02 -1.199165e+02 -1.330000e+00
   endloop
 endfacet
 facet normal -0.000000e+00 -1.000000e+00  0.000000e+00
   outer loop
     vertex  1.308595e+02 -1.199165e+02  1.595000e+00
     vertex  1.305595e+02 -1.199165e+02  1.595000e+00
     vertex  1.305595e+02 -1.199165e+02 -1.330000e+00
   endloop
 endfacet
 facet normal  0.000000e+00  1.000000e+00  0.000000e+00
   outer loop
     vertex  1.298595e+02 -1.196165e+02  6.320000e+00
     vertex  1.298595e+02 -1.196165e+02  2.595000e+00
     vertex  1.295595e+02 -1.196165e+02  2.595000e+00
   endloop
 endfacet
 facet normal  0.000000e+00  1.000000e+00  0.000000e+00
   outer loop
     vertex  1.298595e+02 -1.196165e+02  6.320000e+00
     vertex  1.295595e+02 -1.196165e+02  2.595000e+00
     vertex  1.295595e+02 -1.196165e+02  6.320000e+00
   endloop
 endfacet
 facet normal -1.000000e+00  0.000000e+00 -0.000000e+00
   outer loop
     vertex  1.295595e+02 -1.196165e+02  6.320000e+00
     vertex  1.295595e+02 -1.196165e+02  2.595000e+00
     vertex  1.295595e+02 -1.199165e+02  2.595000e+00
   endloop
 endfacet
 facet normal -1.000000e+00 -0.000000e+00  0.000000e+00
   outer loop
     vertex  1.295595e+02 -1.196165e+02  6.320000e+00
     vertex  1.295595e+02 -1.199165e+02  2.595000e+00
     vertex  1.295595e+02 -1.199165e+02  6.320000e+00
   endloop
 endfacet
 facet normal  0.000000e+00 -1.000000e+00 -0.000000e+00
   outer loop
     vertex  1.298595e+02 -1.199165e+02  6.320000e+00
     vertex  1.295595e+02 -1.199165e+02  2.595000e+00
     vertex  1.298595e+02 -1.199165e+02  2.595000e+00
   endloop
 endfacet
 facet normal -0.000000e+00 -1.000000e+00  0.000000e+00
   outer loop
     vertex  1.298595e+02 -1.199165e+02  6.320000e+00
     vertex  1.295595e+02 -1.199165e+02  6.320000e+00
     vertex  1.295595e+02 -1.199165e+02  2.595000e+00
   endloop
 endfacet
 facet normal  1.000000e+00  0.000000e+00  0.000000e+00
   outer loop
     vertex  1.298595e+02 -1.196165e+02  6.320000e+00
     vertex  1.298595e+02 -1.199165e+02  2.595000e+00
     vertex  1.298595e+02 -1.196165e+02  2.595000e+00
   endloop
 endfacet
 facet normal  1.000000e+00  0.000000e+00  0.000000e+00
   outer loop
     vertex  1.298595e+02 -1.196165e+02  6.320000e+00
     vertex  1.298595e+02 -1.199165e+02  6.320000e+00
     vertex  1.298595e+02 -1.199165e+02  2.595000e+00
   endloop
 endfacet
 facet normal  1.000000e+00  0.000000e+00  0.000000e+00
   outer loop
     vertex  1.308595e+02 -1.196165e+02  6.320000e+00
     vertex  1.308595e+02 -1.199165e+02  2.595000e+00
     vertex  1.308595e+02 -1.196165e+02  2.595000e+00
   endloop
 endfacet
 facet normal  1.000000e+00  0.000000e+00  0.000000e+00
   outer loop
     vertex  1.308595e+02 -1.196165e+02  6.320000e+00
     vertex  1.308595e+02 -1.199165e+02  6.320000e+00
     vertex  1.308595e+02 -1.199165e+02  2.595000e+00
   endloop
 endfacet
 facet normal  0.000000e+00  1.000000e+00  0.000000e+00
   outer loop
     vertex  1.308595e+02 -1.196165e+02  6.320000e+00
     vertex  1.308595e+02 -1.196165e+02  2.595000e+00
     vertex  1.305595e+02 -1.196165e+02  2.595000e+00
   endloop
 endfacet
 facet normal  0.000000e+00  1.000000e+00  0.000000e+00
   outer loop
     vertex  1.308595e+02 -1.196165e+02  6.320000e+00
     vertex  1.305595e+02 -1.196165e+02  2.595000e+00
     vertex  1.305595e+02 -1.196165e+02  6.320000e+00
   endloop
 endfacet
 facet normal -1.000000e+00  0.000000e+00 -0.000000e+00
   outer loop
     vertex  1.305595e+02 -1.196165e+02  6.320000e+00
     vertex  1.305595e+02 -1.196165e+02  2.595000e+00
     vertex  1.305595e+02 -1.199165e+02  2.595000e+00
   endloop
 endfacet
 facet normal -1.000000e+00 -0.000000e+00  0.000000e+00
   outer loop
     vertex  1.305595e+02 -1.196165e+02  6.320000e+00
     vertex  1.305595e+02 -1.199165e+02  2.595000e+00
     vertex  1.305595e+02 -1.199165e+02  6.320000e+00
   endloop
 endfacet
 facet normal  0.000000e+00 -1.000000e+00 -0.000000e+00
   outer loop
     vertex  1.308595e+02 -1.199165e+02  6.320000e+00
     vertex  1.305595e+02 -1.199165e+02  2.595000e+00
     vertex  1.308595e+02 -1.199165e+02  2.595000e+00
   endloop
 endfacet
 facet normal -0.000000e+00 -1.000000e+00  0.000000e+00
   outer loop
     vertex  1.308595e+02 -1.199165e+02  6.320000e+00
     vertex  1.305595e+02 -1.199165e+02  6.320000e+00
     vertex  1.305595e+02 -1.199165e+02  2.595000e+00
   endloop
 endfacet
 facet normal  0.000000e+00  7.071068e-01 -7.071068e-01
   outer loop
     vertex  1.296345e+02 -1.196915e+02 -1.405000e+00
     vertex  1.298595e+02 -1.196165e+02 -1.330000e+00
     vertex  1.297845e+02 -1.196915e+02 -1.405000e+00
   endloop
 endfacet
 facet normal  9.813078e-18  7.071068e-01 -7.071068e-01
   outer loop
     vertex  1.296345e+02 -1.196915e+02 -1.405000e+00
     vertex  1.295595e+02 -1.196165e+02 -1.330000e+00
     vertex  1.298595e+02 -1.196165e+02 -1.330000e+00
   endloop
 endfacet
 facet normal -7.071068e-01  0.000000e+00 -7.071068e-01
   outer loop
     vertex  1.296345e+02 -1.198415e+02 -1.405000e+00
     vertex  1.295595e+02 -1.196165e+02 -1.330000e+00
     vertex  1.296345e+02 -1.196915e+02 -1.405000e+00
   endloop
 endfacet
 facet normal -7.071068e-01 -4.361368e-18 -7.071068e-01
   outer loop
     vertex  1.296345e+02 -1.198415e+02 -1.405000e+00
     vertex  1.295595e+02 -1.199165e+02 -1.330000e+00
     vertex  1.295595e+02 -1.196165e+02 -1.330000e+00
   endloop
 endfacet
 facet normal  0.000000e+00 -7.071068e-01 -7.071068e-01
   outer loop
     vertex  1.296345e+02 -1.198415e+02 -1.405000e+00
     vertex  1.297845e+02 -1.198415e+02 -1.405000e+00
     vertex  1.298595e+02 -1.199165e+02 -1.330000e+00
   endloop
 endfacet
 facet normal -9.813078e-18 -7.071068e-01 -7.071068e-01
   outer loop
     vertex  1.296345e+02 -1.198415e+02 -1.405000e+00
     vertex  1.298595e+02 -1.199165e+02 -1.330000e+00
     vertex  1.295595e+02 -1.199165e+02 -1.330000e+00
   endloop
 endfacet
 facet normal  7.071068e-01  0.000000e+00 -7.071068e-01
   outer loop
     vertex  1.297845e+02 -1.198415e+02 -1.405000e+00
     vertex  1.297845e+02 -1.196915e+02 -1.405000e+00
     vertex  1.298595e+02 -1.196165e+02 -1.330000e+00
   endloop
 endfacet
 facet normal  7.071068e-01  4.361368e-18 -7.071068e-01
   outer loop
     vertex  1.297845e+02 -1.198415e+02 -1.405000e+00
     vertex  1.298595e+02 -1.196165e+02 -1.330000e+00
     vertex  1.298595e+02 -1.199165e+02 -1.330000e+00
   endloop
 endfacet
 facet normal  7.071068e-01  0.000000e+00 -7.071068e-01
   outer loop
     vertex  1.307845e+02 -1.198415e+02 -1.405000e+00
     vertex  1.307845e+02 -1.196915e+02 -1.405000e+00
     vertex  1.308595e+02 -1.196165e+02 -1.330000e+00
   endloop
 endfacet
 facet normal  7.071068e-01  4.361368e-18 -7.071068e-01
   outer loop
     vertex  1.307845e+02 -1.198415e+02 -1.405000e+00
     vertex  1.308595e+02 -1.196165e+02 -1.330000e+00
     vertex  1.308595e+02 -1.199165e+02 -1.330000e+00
   endloop
 endfacet
 facet normal  0.000000e+00  7.071068e-01 -7.071068e-01
   outer loop
     vertex  1.306345e+02 -1.196915e+02 -1.405000e+00
     vertex  1.308595e+02 -1.196165e+02 -1.330000e+00
     vertex  1.307845e+02 -1.196915e+02 -1.405000e+00
   endloop
 endfacet
 facet normal  9.813078e-18  7.071068e-01 -7.071068e-01
   outer loop
     vertex  1.306345e+02 -1.196915e+02 -1.405000e+00
     vertex  1.305595e+02 -1.196165e+02 -1.330000e+00
     vertex  1.308595e+02 -1.196165e+02 -1.330000e+00
   endloop
 endfacet
 facet normal -7.071068e-01  0.000000e+00 -7.071068e-01
   outer loop
     vertex  1.306345e+02 -1.198415e+02 -1.405000e+00
     vertex  1.305595e+02 -1.196165e+02 -1.330000e+00
     vertex  1.306345e+02 -1.196915e+02 -1.405000e+00
   endloop
 endfacet
 facet normal -7.071068e-01 -4.361368e-18 -7.071068e-01
   outer loop
     vertex  1.306345e+02 -1.198415e+02 -1.405000e+00
     vertex  1.305595e+02 -1.199165e+02 -1.330000e+00
     vertex  1.305595e+02 -1.196165e+02 -1.330000e+00
   endloop
 endfacet
 facet normal  0.000000e+00 -7.071068e-01 -7.071068e-01
   outer loop
     vertex  1.306345e+02 -1.198415e+02 -1.405000e+00
     vertex  1.307845e+02 -1.198415e+02 -1.405000e+00
     vertex  1.308595e+02 -1.199165e+02 -1.330000e+00
   endloop
 endfacet
 facet normal -9.813078e-18 -7.071068e-01 -7.071068e-01
   outer loop
     vertex  1.306345e+02 -1.198415e+02 -1.405000e+00
     vertex  1.308595e+02 -1.199165e+02 -1.330000e+00
     vertex  1.305595e+02 -1.199165e+02 -1.330000e+00
   endloop
 endfacet
 facet normal -0.000000e+00  7.071068e-01  7.071068e-01
   outer loop
     vertex  1.296345e+02 -1.196915e+02  6.395000e+00
     vertex  1.297845e+02 -1.196915e+02  6.395000e+00
     vertex  1.298595e+02 -1.196165e+02  6.320000e+00
   endloop
 endfacet
 facet normal -9.813078e-18  7.071068e-01  7.071068e-01
   outer loop
     vertex  1.296345e+02 -1.196915e+02  6.395000e+00
     vertex  1.298595e+02 -1.196165e+02  6.320000e+00
     vertex  1.295595e+02 -1.196165e+02  6.320000e+00
   endloop
 endfacet
 facet normal -7.071068e-01  0.000000e+00  7.071068e-01
   outer loop
     vertex  1.296345e+02 -1.198415e+02  6.395000e+00
     vertex  1.296345e+02 -1.196915e+02  6.395000e+00
     vertex  1.295595e+02 -1.196165e+02  6.320000e+00
   endloop
 endfacet
 facet normal -7.071068e-01  4.361368e-18  7.071068e-01
   outer loop
     vertex  1.296345e+02 -1.198415e+02  6.395000e+00
     vertex  1.295595e+02 -1.196165e+02  6.320000e+00
     vertex  1.295595e+02 -1.199165e+02  6.320000e+00
   endloop
 endfacet
 facet normal  0.000000e+00 -7.071068e-01  7.071068e-01
   outer loop
     vertex  1.296345e+02 -1.198415e+02  6.395000e+00
     vertex  1.298595e+02 -1.199165e+02  6.320000e+00
     vertex  1.297845e+02 -1.198415e+02  6.395000e+00
   endloop
 endfacet
 facet normal  9.813078e-18 -7.071068e-01  7.071068e-01
   outer loop
     vertex  1.296345e+02 -1.198415e+02  6.395000e+00
     vertex  1.295595e+02 -1.199165e+02  6.320000e+00
     vertex  1.298595e+02 -1.199165e+02  6.320000e+00
   endloop
 endfacet
 facet normal  7.071068e-01 -0.000000e+00  7.071068e-01
   outer loop
     vertex  1.297845e+02 -1.198415e+02  6.395000e+00
     vertex  1.298595e+02 -1.196165e+02  6.320000e+00
     vertex  1.297845e+02 -1.196915e+02  6.395000e+00
   endloop
 endfacet
 facet normal  7.071068e-01 -4.361368e-18  7.071068e-01
   outer loop
     vertex  1.297845e+02 -1.198415e+02  6.395000e+00
     vertex  1.298595e+02 -1.199165e+02  6.320000e+00
     vertex  1.298595e+02 -1.196165e+02  6.320000e+00
   endloop
 endfacet
 facet normal  7.071068e-01 -0.000000e+00  7.071068e-01
   outer loop
     vertex  1.307845e+02 -1.198415e+02  6.395000e+00
     vertex  1.308595e+02 -1.196165e+02  6.320000e+00
     vertex  1.307845e+02 -1.196915e+02  6.395000e+00
   endloop
 endfacet
 facet normal  7.071068e-01 -4.361368e-18  7.071068e-01
   outer loop
     vertex  1.307845e+02 -1.198415e+02  6.395000e+00
     vertex  1.308595e+02 -1.199165e+02  6.320000e+00
     vertex  1.308595e+02 -1.196165e+02  6.320000e+00
   endloop
 endfacet
 facet normal -0.000000e+00  7.071068e-01  7.071068e-01
   outer loop
     vertex  1.306345e+02 -1.196915e+02  6.395000e+00
     vertex  1.307845e+02 -1.196915e+02  6.395000e+00
     vertex  1.308595e+02 -1.196165e+02  6.320000e+00
   endloop
 endfacet
 facet normal -9.813078e-18  7.071068e-01  7.071068e-01
   outer loop
     vertex  1.306345e+02 -1.196915e+02  6.395000e+00
     vertex  1.308595e+02 -1.196165e+02  6.320000e+00
     vertex  1.305595e+02 -1.196165e+02  6.320000e+00
   endloop
 endfacet
 facet normal -7.071068e-01  0.000000e+00  7.071068e-01
   outer loop
     vertex  1.306345e+02 -1.198415e+02  6.395000e+00
     vertex  1.306345e+02 -1.196915e+02  6.395000e+00
     vertex  1.305595e+02 -1.196165e+02  6.320000e+00
   endloop
 endfacet
 facet normal -7.071068e-01  4.361368e-18  7.071068e-01
   outer loop
     vertex  1.306345e+02 -1.198415e+02  6.395000e+00
     vertex  1.305595e+02 -1.196165e+02  6.320000e+00
     vertex  1.305595e+02 -1.199165e+02  6.320000e+00
   endloop
 endfacet
 facet normal  0.000000e+00 -7.071068e-01  7.071068e-01
   outer loop
     vertex  1.306345e+02 -1.198415e+02  6.395000e+00
     vertex  1.308595e+02 -1.199165e+02  6.320000e+00
     vertex  1.307845e+02 -1.198415e+02  6.395000e+00
   endloop
 endfacet
 facet normal  9.813078e-18 -7.071068e-01  7.071068e-01
   outer loop
     vertex  1.306345e+02 -1.198415e+02  6.395000e+00
     vertex  1.305595e+02 -1.199165e+02  6.320000e+00
     vertex  1.308595e+02 -1.199165e+02  6.320000e+00
   endloop
 endfacet
 facet normal  0.000000e+00  0.000000e+00 -1.000000e+00
   outer loop
     vertex  1.296345e+02 -1.196915e+02 -1.405000e+00
     vertex  1.297845e+02 -1.198415e+02 -1.405000e+00
     vertex  1.296345e+02 -1.198415e+02 -1.405000e+00
   endloop
 endfacet
 facet normal  0.000000e+00  0.000000e+00 -1.000000e+00
   outer loop
     vertex  1.296345e+02 -1.196915e+02 -1.405000e+00
     vertex  1.297845e+02 -1.196915e+02 -1.405000e+00
     vertex  1.297845e+02 -1.198415e+02 -1.405000e+00
   endloop
 endfacet
 facet normal  0.000000e+00  0.000000e+00 -1.000000e+00
   outer loop
     vertex  1.306345e+02 -1.196915e+02 -1.405000e+00
     vertex  1.307845e+02 -1.198415e+02 -1.405000e+00
     vertex  1.306345e+02 -1.198415e+02 -1.405000e+00
   endloop
 endfacet
 facet normal  0.000000e+00  0.000000e+00 -1.000000e+00
   outer loop
     vertex  1.306345e+02 -1.196915e+02 -1.405000e+00
     vertex  1.307845e+02 -1.196915e+02 -1.405000e+00
     vertex  1.307845e+02 -1.198415e+02 -1.405000e+00
   endloop
 endfacet
 facet normal  0.000000e+00  0.000000e+00  1.000000e+00
   outer loop
     vertex  1.296345e+02 -1.196915e+02  6.395000e+00
     vertex  1.296345e+02 -1.198415e+02  6.395000e+00
     vertex  1.297845e+02 -1.198415e+02  6.395000e+00
   endloop
 endfacet
 facet normal -0.000000e+00  0.000000e+00  1.000000e+00
   outer loop
     vertex  1.296345e+02 -1.196915e+02  6.395000e+00
     vertex  1.297845e+02 -1.198415e+02  6.395000e+00
     vertex  1.297845e+02 -1.196915e+02  6.395000e+00
   endloop
 endfacet
 facet normal  0.000000e+00  0.000000e+00  1.000000e+00
   outer loop
     vertex  1.306345e+02 -1.196915e+02  6.395000e+00
     vertex  1.306345e+02 -1.198415e+02  6.395000e+00
     vertex  1.307845e+02 -1.198415e+02  6.395000e+00
   endloop
 endfacet
 facet normal -0.000000e+00  0.000000e+00  1.000000e+00
   outer loop
     vertex  1.306345e+02 -1.196915e+02  6.395000e+00
     vertex  1.307845e+02 -1.198415e+02  6.395000e+00
     vertex  1.307845e+02 -1.196915e+02  6.395000e+00
   endloop
 endfacet
 facet normal  1.000000e+00  0.000000e+00  0.000000e+00
   outer loop
     vertex  2.114815e+02 -1.151945e+02  0.000000e+00
     vertex  2.114815e+02 -8.573046e+01  0.000000e+00
     vertex  2.114815e+02 -8.573046e+01  1.510000e+00
   endloop
 endfacet
 facet normal  1.000000e+00  0.000000e+00  0.000000e+00
   outer loop
     vertex  2.114815e+02 -1.151945e+02  0.000000e+00
     vertex  2.114815e+02 -8.573046e+01  1.510000e+00
     vertex  2.114815e+02 -1.151945e+02  1.510000e+00
   endloop
 endfacet
 facet normal  7.772449e-01  6.291982e-01 -3.067654e-16
   outer loop
     vertex  2.114815e+02 -8.573046e+01  1.510000e+00
     vertex  1.985275e+02 -6.972846e+01  0.000000e+00
     vertex  1.985275e+02 -6.972846e+01  1.510000e+00
   endloop
 endfacet
 facet normal  7.772449e-01  6.291982e-01 -0.000000e+00
   outer loop
     vertex  2.114815e+02 -8.573046e+01  0.000000e+00
     vertex  1.985275e+02 -6.972846e+01  0.000000e+00
     vertex  2.114815e+02 -8.573046e+01  1.510000e+00
   endloop
 endfacet
 facet normal  7.241379e-01 -6.896552e-01 -2.379493e-16
   outer loop
     vertex  1.962415e+02 -1.311965e+02  1.510000e+00
     vertex  2.114815e+02 -1.151945e+02  0.000000e+00
     vertex  2.114815e+02 -1.151945e+02  1.510000e+00
   endloop
 endfacet
 facet normal  7.241379e-01 -6.896552e-01  0.000000e+00
   outer loop
     vertex  1.962415e+02 -1.311965e+02  0.000000e+00
     vertex  2.114815e+02 -1.151945e+02  0.000000e+00
     vertex  1.962415e+02 -1.311965e+02  1.510000e+00
   endloop
 endfacet
 facet normal  0.000000e+00  0.000000e+00 -1.000000e+00
   outer loop
     vertex  1.117010e+02 -1.074345e+02  0.000000e+00
     vertex  1.091195e+02 -1.263705e+02  0.000000e+00
     vertex  9.692746e+01 -1.144325e+02  0.000000e+00
   endloop
 endfacet
 facet normal -0.000000e+00  0.000000e+00 -1.000000e+00
   outer loop
     vertex  1.117010e+02 -1.074345e+02  0.000000e+00
     vertex  9.692746e+01 -1.144325e+02  0.000000e+00
     vertex  1.116129e+02 -1.073670e+02  0.000000e+00
   endloop
 endfacet
 facet normal  0.000000e+00 -0.000000e+00 -1.000000e+00
   outer loop
     vertex  1.115454e+02 -1.072790e+02  0.000000e+00
     vertex  1.116129e+02 -1.073670e+02  0.000000e+00
     vertex  9.692746e+01 -1.144325e+02  0.000000e+00
   endloop
 endfacet
 facet normal  0.000000e+00 -0.000000e+00 -1.000000e+00
   outer loop
     vertex  1.115029e+02 -1.071765e+02  0.000000e+00
     vertex  1.115454e+02 -1.072790e+02  0.000000e+00
     vertex  9.692746e+01 -1.144325e+02  0.000000e+00
   endloop
 endfacet
 facet normal  0.000000e+00 -0.000000e+00 -1.000000e+00
   outer loop
     vertex  1.114885e+02 -1.070665e+02  0.000000e+00
     vertex  1.115029e+02 -1.071765e+02  0.000000e+00
     vertex  9.692746e+01 -1.144325e+02  0.000000e+00
   endloop
 endfacet
 facet normal  0.000000e+00  0.000000e+00 -1.000000e+00
   outer loop
     vertex  1.150517e+02 -1.098082e+02  0.000000e+00
     vertex  1.117010e+02 -1.074345e+02  0.000000e+00
     vertex  1.118035e+02 -1.074770e+02  0.000000e+00
   endloop
 endfacet
 facet normal -0.000000e+00  0.000000e+00 -1.000000e+00
   outer loop
     vertex  1.150517e+02 -1.098082e+02  0.000000e+00
     vertex  1.091195e+02 -1.263705e+02  0.000000e+00
     vertex  1.117010e+02 -1.074345e+02  0.000000e+00
   endloop
 endfacet
 facet normal -0.000000e+00 -0.000000e+00 -1.000000e+00
   outer loop
     vertex  1.149007e+02 -1.096115e+02  0.000000e+00
     vertex  1.150517e+02 -1.098082e+02  0.000000e+00
     vertex  1.118035e+02 -1.074770e+02  0.000000e+00
   endloop
 endfacet
 facet normal  0.000000e+00  0.000000e+00 -1.000000e+00
   outer loop
     vertex  1.149007e+02 -1.096115e+02  0.000000e+00
     vertex  1.118035e+02 -1.074770e+02  0.000000e+00
     vertex  1.119135e+02 -1.074915e+02  0.000000e+00
   endloop
 endfacet
 facet normal -0.000000e+00  0.000000e+00 -1.000000e+00
   outer loop
     vertex  1.152485e+02 -1.099592e+02  0.000000e+00
     vertex  1.091195e+02 -1.263705e+02  0.000000e+00
     vertex  1.150517e+02 -1.098082e+02  0.000000e+00
   endloop
 endfacet
 facet normal -0.000000e+00 -0.000000e+00 -1.000000e+00
   outer loop
     vertex  1.148058e+02 -1.093823e+02  0.000000e+00
     vertex  1.149007e+02 -1.096115e+02  0.000000e+00
     vertex  1.119135e+02 -1.074915e+02  0.000000e+00
   endloop
 endfacet
 facet normal  0.000000e+00  0.000000e+00 -1.000000e+00
   outer loop
     vertex  1.148058e+02 -1.093823e+02  0.000000e+00
     vertex  1.119135e+02 -1.074915e+02  0.000000e+00
     vertex  1.120235e+02 -1.074770e+02  0.000000e+00
   endloop
 endfacet
 facet normal -0.000000e+00  0.000000e+00 -1.000000e+00
   outer loop
     vertex  1.154776e+02 -1.100541e+02  0.000000e+00
     vertex  1.091195e+02 -1.263705e+02  0.000000e+00
     vertex  1.152485e+02 -1.099592e+02  0.000000e+00
   endloop
 endfacet
 facet normal  0.000000e+00  0.000000e+00 -1.000000e+00
   outer loop
     vertex  1.147735e+02 -1.091365e+02  0.000000e+00
     vertex  1.120235e+02 -1.074770e+02  0.000000e+00
     vertex  1.121260e+02 -1.074345e+02  0.000000e+00
   endloop
 endfacet
 facet normal -0.000000e+00 -0.000000e+00 -1.000000e+00
   outer loop
     vertex  1.147735e+02 -1.091365e+02  0.000000e+00
     vertex  1.148058e+02 -1.093823e+02  0.000000e+00
     vertex  1.120235e+02 -1.074770e+02  0.000000e+00
   endloop
 endfacet
 facet normal -0.000000e+00  0.000000e+00 -1.000000e+00
   outer loop
     vertex  1.157235e+02 -1.100865e+02  0.000000e+00
     vertex  1.091195e+02 -1.263705e+02  0.000000e+00
     vertex  1.154776e+02 -1.100541e+02  0.000000e+00
   endloop
 endfacet
 facet normal  0.000000e+00  0.000000e+00 -1.000000e+00
   outer loop
     vertex  1.159693e+02 -1.100541e+02  0.000000e+00
     vertex  1.091195e+02 -1.263705e+02  0.000000e+00
     vertex  1.157235e+02 -1.100865e+02  0.000000e+00
   endloop
 endfacet
 facet normal  0.000000e+00  0.000000e+00 -1.000000e+00
   outer loop
     vertex  1.148058e+02 -1.088906e+02  0.000000e+00
     vertex  1.122140e+02 -1.073670e+02  0.000000e+00
     vertex  1.122815e+02 -1.072790e+02  0.000000e+00
   endloop
 endfacet
 facet normal  0.000000e+00  0.000000e+00 -1.000000e+00
   outer loop
     vertex  1.148058e+02 -1.088906e+02  0.000000e+00
     vertex  1.121260e+02 -1.074345e+02  0.000000e+00
     vertex  1.122140e+02 -1.073670e+02  0.000000e+00
   endloop
 endfacet
 facet normal -0.000000e+00  0.000000e+00 -1.000000e+00
   outer loop
     vertex  1.148058e+02 -1.088906e+02  0.000000e+00
     vertex  1.147735e+02 -1.091365e+02  0.000000e+00
     vertex  1.121260e+02 -1.074345e+02  0.000000e+00
   endloop
 endfacet
 facet normal  0.000000e+00  0.000000e+00 -1.000000e+00
   outer loop
     vertex  1.149007e+02 -1.086615e+02  0.000000e+00
     vertex  1.122815e+02 -1.072790e+02  0.000000e+00
     vertex  1.123240e+02 -1.071765e+02  0.000000e+00
   endloop
 endfacet
 facet normal -0.000000e+00  0.000000e+00 -1.000000e+00
   outer loop
     vertex  1.149007e+02 -1.086615e+02  0.000000e+00
     vertex  1.148058e+02 -1.088906e+02  0.000000e+00
     vertex  1.122815e+02 -1.072790e+02  0.000000e+00
   endloop
 endfacet
 facet normal  0.000000e+00  0.000000e+00 -1.000000e+00
   outer loop
     vertex  1.150517e+02 -1.084647e+02  0.000000e+00
     vertex  1.123240e+02 -1.071765e+02  0.000000e+00
     vertex  1.123385e+02 -1.070665e+02  0.000000e+00
   endloop
 endfacet
 facet normal -0.000000e+00  0.000000e+00 -1.000000e+00
   outer loop
     vertex  1.150517e+02 -1.084647e+02  0.000000e+00
     vertex  1.149007e+02 -1.086615e+02  0.000000e+00
     vertex  1.123240e+02 -1.071765e+02  0.000000e+00
   endloop
 endfacet
 facet normal  0.000000e+00  0.000000e+00 -1.000000e+00
   outer loop
     vertex  1.152485e+02 -1.083137e+02  0.000000e+00
     vertex  1.123385e+02 -1.070665e+02  0.000000e+00
     vertex  1.123240e+02 -1.069565e+02  0.000000e+00
   endloop
 endfacet
 facet normal -0.000000e+00  0.000000e+00 -1.000000e+00
   outer loop
     vertex  1.152485e+02 -1.083137e+02  0.000000e+00
     vertex  1.150517e+02 -1.084647e+02  0.000000e+00
     vertex  1.123385e+02 -1.070665e+02  0.000000e+00
   endloop
 endfacet
 facet normal  0.000000e+00  0.000000e+00 -1.000000e+00
   outer loop
     vertex  1.154776e+02 -1.082188e+02  0.000000e+00
     vertex  1.123240e+02 -1.069565e+02  0.000000e+00
     vertex  1.122815e+02 -1.068540e+02  0.000000e+00
   endloop
 endfacet
 facet normal -0.000000e+00  0.000000e+00 -1.000000e+00
   outer loop
     vertex  1.154776e+02 -1.082188e+02  0.000000e+00
     vertex  1.152485e+02 -1.083137e+02  0.000000e+00
     vertex  1.123240e+02 -1.069565e+02  0.000000e+00
   endloop
 endfacet
 facet normal  0.000000e+00 -0.000000e+00 -1.000000e+00
   outer loop
     vertex  1.040347e+02 -9.661146e+01  0.000000e+00
     vertex  1.043446e+02 -9.701532e+01  0.000000e+00
     vertex  9.692746e+01 -1.144325e+02  0.000000e+00
   endloop
 endfacet
 facet normal -0.000000e+00  0.000000e+00 -1.000000e+00
   outer loop
     vertex  1.047485e+02 -9.732521e+01  0.000000e+00
     vertex  9.692746e+01 -1.144325e+02  0.000000e+00
     vertex  1.043446e+02 -9.701532e+01  0.000000e+00
   endloop
 endfacet
 facet normal  0.000000e+00  0.000000e+00 -1.000000e+00
   outer loop
     vertex  1.157235e+02 -1.081865e+02  0.000000e+00
     vertex  1.122815e+02 -1.068540e+02  0.000000e+00
     vertex  1.122140e+02 -1.067659e+02  0.000000e+00
   endloop
 endfacet
 facet normal -0.000000e+00  0.000000e+00 -1.000000e+00
   outer loop
     vertex  1.157235e+02 -1.081865e+02  0.000000e+00
     vertex  1.154776e+02 -1.082188e+02  0.000000e+00
     vertex  1.122815e+02 -1.068540e+02  0.000000e+00
   endloop
 endfacet
 facet normal  0.000000e+00 -0.000000e+00 -1.000000e+00
   outer loop
     vertex  1.038399e+02 -9.614115e+01  0.000000e+00
     vertex  1.040347e+02 -9.661146e+01  0.000000e+00
     vertex  9.692746e+01 -1.144325e+02  0.000000e+00
   endloop
 endfacet
 facet normal -0.000000e+00  0.000000e+00 -1.000000e+00
   outer loop
     vertex  1.052188e+02 -9.752001e+01  0.000000e+00
     vertex  9.692746e+01 -1.144325e+02  0.000000e+00
     vertex  1.047485e+02 -9.732521e+01  0.000000e+00
   endloop
 endfacet
 facet normal  0.000000e+00  0.000000e+00 -1.000000e+00
   outer loop
     vertex  1.052188e+02 -9.752001e+01  0.000000e+00
     vertex  1.115029e+02 -1.069565e+02  0.000000e+00
     vertex  1.114885e+02 -1.070665e+02  0.000000e+00
   endloop
 endfacet
 facet normal  0.000000e+00 -0.000000e+00 -1.000000e+00
   outer loop
     vertex  1.052188e+02 -9.752001e+01  0.000000e+00
     vertex  1.114885e+02 -1.070665e+02  0.000000e+00
     vertex  9.692746e+01 -1.144325e+02  0.000000e+00
   endloop
 endfacet
 facet normal -0.000000e+00 -0.000000e+00 -1.000000e+00
   outer loop
     vertex  1.057235e+02 -9.758646e+01  0.000000e+00
     vertex  1.115029e+02 -1.069565e+02  0.000000e+00
     vertex  1.052188e+02 -9.752001e+01  0.000000e+00
   endloop
 endfacet
 facet normal  0.000000e+00  0.000000e+00 -1.000000e+00
   outer loop
     vertex  1.057235e+02 -9.758646e+01  0.000000e+00
     vertex  1.115454e+02 -1.068540e+02  0.000000e+00
     vertex  1.115029e+02 -1.069565e+02  0.000000e+00
   endloop
 endfacet
 facet normal  0.000000e+00 -0.000000e+00 -1.000000e+00
   outer loop
     vertex  1.037735e+02 -9.563646e+01  0.000000e+00
     vertex  1.038399e+02 -9.614115e+01  0.000000e+00
     vertex  9.692746e+01 -1.144325e+02  0.000000e+00
   endloop
 endfacet
 facet normal  0.000000e+00 -0.000000e+00 -1.000000e+00
   outer loop
     vertex  1.062282e+02 -9.752001e+01  0.000000e+00
     vertex  1.115454e+02 -1.068540e+02  0.000000e+00
     vertex  1.057235e+02 -9.758646e+01  0.000000e+00
   endloop
 endfacet
 facet normal  0.000000e+00  0.000000e+00 -1.000000e+00
   outer loop
     vertex  1.062282e+02 -9.752001e+01  0.000000e+00
     vertex  1.116129e+02 -1.067659e+02  0.000000e+00
     vertex  1.115454e+02 -1.068540e+02  0.000000e+00
   endloop
 endfacet
 facet normal  0.000000e+00  0.000000e+00 -1.000000e+00
   outer loop
     vertex  1.062282e+02 -9.752001e+01  0.000000e+00
     vertex  1.117010e+02 -1.066984e+02  0.000000e+00
     vertex  1.116129e+02 -1.067659e+02  0.000000e+00
   endloop
 endfacet
 facet normal  0.000000e+00 -0.000000e+00 -1.000000e+00
   outer loop
     vertex  1.066985e+02 -9.732521e+01  0.000000e+00
     vertex  1.117010e+02 -1.066984e+02  0.000000e+00
     vertex  1.062282e+02 -9.752001e+01  0.000000e+00
   endloop
 endfacet
 facet normal  0.000000e+00  0.000000e+00 -1.000000e+00
   outer loop
     vertex  1.066985e+02 -9.732521e+01  0.000000e+00
     vertex  1.118035e+02 -1.066559e+02  0.000000e+00
     vertex  1.117010e+02 -1.066984e+02  0.000000e+00
   endloop
 endfacet
 facet normal  0.000000e+00 -0.000000e+00 -1.000000e+00
   outer loop
     vertex  1.294930e+02 -1.198915e+02  0.000000e+00
     vertex  1.295327e+02 -1.199432e+02  0.000000e+00
     vertex  1.091195e+02 -1.263705e+02  0.000000e+00
   endloop
 endfacet
 facet normal -0.000000e+00  0.000000e+00 -1.000000e+00
   outer loop
     vertex  1.295845e+02 -1.199830e+02  0.000000e+00
     vertex  1.091195e+02 -1.263705e+02  0.000000e+00
     vertex  1.295327e+02 -1.199432e+02  0.000000e+00
   endloop
 endfacet
 facet normal -0.000000e+00  0.000000e+00 -1.000000e+00
   outer loop
     vertex  1.296448e+02 -1.200079e+02  0.000000e+00
     vertex  1.091195e+02 -1.263705e+02  0.000000e+00
     vertex  1.295845e+02 -1.199830e+02  0.000000e+00
   endloop
 endfacet
 facet normal  0.000000e+00 -0.000000e+00 -1.000000e+00
   outer loop
     vertex  1.294680e+02 -1.198312e+02  0.000000e+00
     vertex  1.294930e+02 -1.198915e+02  0.000000e+00
     vertex  1.091195e+02 -1.263705e+02  0.000000e+00
   endloop
 endfacet
 facet normal -0.000000e+00  0.000000e+00 -1.000000e+00
   outer loop
     vertex  1.297095e+02 -1.200165e+02  0.000000e+00
     vertex  1.091195e+02 -1.263705e+02  0.000000e+00
     vertex  1.296448e+02 -1.200079e+02  0.000000e+00
   endloop
 endfacet
 facet normal -0.000000e+00  0.000000e+00 -1.000000e+00
   outer loop
     vertex  1.294595e+02 -1.197665e+02  0.000000e+00
     vertex  1.091195e+02 -1.263705e+02  0.000000e+00
     vertex  1.159693e+02 -1.100541e+02  0.000000e+00
   endloop
 endfacet
 facet normal  0.000000e+00 -0.000000e+00 -1.000000e+00
   outer loop
     vertex  1.294595e+02 -1.197665e+02  0.000000e+00
     vertex  1.294680e+02 -1.198312e+02  0.000000e+00
     vertex  1.091195e+02 -1.263705e+02  0.000000e+00
   endloop
 endfacet
 facet normal  0.000000e+00  0.000000e+00 -1.000000e+00
   outer loop
     vertex  1.294595e+02 -1.197665e+02  0.000000e+00
     vertex  1.159693e+02 -1.100541e+02  0.000000e+00
     vertex  1.161985e+02 -1.099592e+02  0.000000e+00
   endloop
 endfacet
 facet normal  0.000000e+00  0.000000e+00 -1.000000e+00
   outer loop
     vertex  1.294680e+02 -1.197018e+02  0.000000e+00
     vertex  1.161985e+02 -1.099592e+02  0.000000e+00
     vertex  1.163952e+02 -1.098082e+02  0.000000e+00
   endloop
 endfacet
 facet normal -0.000000e+00  0.000000e+00 -1.000000e+00
   outer loop
     vertex  1.294680e+02 -1.197018e+02  0.000000e+00
     vertex  1.294595e+02 -1.197665e+02  0.000000e+00
     vertex  1.161985e+02 -1.099592e+02  0.000000e+00
   endloop
 endfacet
 facet normal -0.000000e+00  0.000000e+00 -1.000000e+00
   outer loop
     vertex  1.294930e+02 -1.196415e+02  0.000000e+00
     vertex  1.294680e+02 -1.197018e+02  0.000000e+00
     vertex  1.163952e+02 -1.098082e+02  0.000000e+00
   endloop
 endfacet
 facet normal  0.000000e+00 -0.000000e+00 -1.000000e+00
   outer loop
     vertex  1.071023e+02 -9.701532e+01  0.000000e+00
     vertex  1.118035e+02 -1.066559e+02  0.000000e+00
     vertex  1.066985e+02 -9.732521e+01  0.000000e+00
   endloop
 endfacet
 facet normal  0.000000e+00  0.000000e+00 -1.000000e+00
   outer loop
     vertex  1.071023e+02 -9.701532e+01  0.000000e+00
     vertex  1.119135e+02 -1.066415e+02  0.000000e+00
     vertex  1.118035e+02 -1.066559e+02  0.000000e+00
   endloop
 endfacet
 facet normal  0.000000e+00  0.000000e+00 -1.000000e+00
   outer loop
     vertex  1.305845e+02 -1.199830e+02  0.000000e+00
     vertex  1.298862e+02 -1.199432e+02  0.000000e+00
     vertex  1.305327e+02 -1.199432e+02  0.000000e+00
   endloop
 endfacet
 facet normal  0.000000e+00  0.000000e+00 -1.000000e+00
   outer loop
     vertex  1.305845e+02 -1.199830e+02  0.000000e+00
     vertex  1.298345e+02 -1.199830e+02  0.000000e+00
     vertex  1.298862e+02 -1.199432e+02  0.000000e+00
   endloop
 endfacet
 facet normal -0.000000e+00  0.000000e+00 -1.000000e+00
   outer loop
     vertex  1.305845e+02 -1.199830e+02  0.000000e+00
     vertex  1.297742e+02 -1.200079e+02  0.000000e+00
     vertex  1.298345e+02 -1.199830e+02  0.000000e+00
   endloop
 endfacet
 facet normal  0.000000e+00 -0.000000e+00 -1.000000e+00
   outer loop
     vertex  1.304930e+02 -1.198915e+02  0.000000e+00
     vertex  1.305327e+02 -1.199432e+02  0.000000e+00
     vertex  1.298862e+02 -1.199432e+02  0.000000e+00
   endloop
 endfacet
 facet normal  0.000000e+00  0.000000e+00 -1.000000e+00
   outer loop
     vertex  1.304930e+02 -1.198915e+02  0.000000e+00
     vertex  1.299260e+02 -1.198915e+02  0.000000e+00
     vertex  1.299509e+02 -1.198312e+02  0.000000e+00
   endloop
 endfacet
 facet normal -0.000000e+00  0.000000e+00 -1.000000e+00
   outer loop
     vertex  1.304930e+02 -1.198915e+02  0.000000e+00
     vertex  1.298862e+02 -1.199432e+02  0.000000e+00
     vertex  1.299260e+02 -1.198915e+02  0.000000e+00
   endloop
 endfacet
 facet normal  0.000000e+00  0.000000e+00 -1.000000e+00
   outer loop
     vertex  1.306448e+02 -1.200079e+02  0.000000e+00
     vertex  1.297742e+02 -1.200079e+02  0.000000e+00
     vertex  1.305845e+02 -1.199830e+02  0.000000e+00
   endloop
 endfacet
 facet normal -0.000000e+00 -0.000000e+00 -1.000000e+00
   outer loop
     vertex  1.304680e+02 -1.198312e+02  0.000000e+00
     vertex  1.304930e+02 -1.198915e+02  0.000000e+00
     vertex  1.299509e+02 -1.198312e+02  0.000000e+00
   endloop
 endfacet
 facet normal -0.000000e+00  0.000000e+00 -1.000000e+00
   outer loop
     vertex  1.304595e+02 -1.197665e+02  0.000000e+00
     vertex  1.299509e+02 -1.198312e+02  0.000000e+00
     vertex  1.299595e+02 -1.197665e+02  0.000000e+00
   endloop
 endfacet
 facet normal  0.000000e+00 -0.000000e+00 -1.000000e+00
   outer loop
     vertex  1.304595e+02 -1.197665e+02  0.000000e+00
     vertex  1.304680e+02 -1.198312e+02  0.000000e+00
     vertex  1.299509e+02 -1.198312e+02  0.000000e+00
   endloop
 endfacet
 facet normal -0.000000e+00  0.000000e+00 -1.000000e+00
   outer loop
     vertex  1.307095e+02 -1.200165e+02  0.000000e+00
     vertex  1.091195e+02 -1.263705e+02  0.000000e+00
     vertex  1.297095e+02 -1.200165e+02  0.000000e+00
   endloop
 endfacet
 facet normal  0.000000e+00  0.000000e+00 -1.000000e+00
   outer loop
     vertex  1.307095e+02 -1.200165e+02  0.000000e+00
     vertex  1.297095e+02 -1.200165e+02  0.000000e+00
     vertex  1.297742e+02 -1.200079e+02  0.000000e+00
   endloop
 endfacet
 facet normal  0.000000e+00  0.000000e+00 -1.000000e+00
   outer loop
     vertex  1.307095e+02 -1.200165e+02  0.000000e+00
     vertex  1.297742e+02 -1.200079e+02  0.000000e+00
     vertex  1.306448e+02 -1.200079e+02  0.000000e+00
   endloop
 endfacet
 facet normal -0.000000e+00  0.000000e+00 -1.000000e+00
   outer loop
     vertex  1.304680e+02 -1.197018e+02  0.000000e+00
     vertex  1.299595e+02 -1.197665e+02  0.000000e+00
     vertex  1.299509e+02 -1.197018e+02  0.000000e+00
   endloop
 endfacet
 facet normal  0.000000e+00  0.000000e+00 -1.000000e+00
   outer loop
     vertex  1.304680e+02 -1.197018e+02  0.000000e+00
     vertex  1.304595e+02 -1.197665e+02  0.000000e+00
     vertex  1.299595e+02 -1.197665e+02  0.000000e+00
   endloop
 endfacet
 facet normal  0.000000e+00 -0.000000e+00 -1.000000e+00
   outer loop
     vertex  1.074122e+02 -9.661146e+01  0.000000e+00
     vertex  1.119135e+02 -1.066415e+02  0.000000e+00
     vertex  1.071023e+02 -9.701532e+01  0.000000e+00
   endloop
 endfacet
 facet normal  0.000000e+00  0.000000e+00 -1.000000e+00
   outer loop
     vertex  1.074122e+02 -9.661146e+01  0.000000e+00
     vertex  1.120235e+02 -1.066559e+02  0.000000e+00
     vertex  1.119135e+02 -1.066415e+02  0.000000e+00
   endloop
 endfacet
 facet normal -0.000000e+00  0.000000e+00 -1.000000e+00
   outer loop
     vertex  1.304930e+02 -1.196415e+02  0.000000e+00
     vertex  1.299509e+02 -1.197018e+02  0.000000e+00
     vertex  1.299260e+02 -1.196415e+02  0.000000e+00
   endloop
 endfacet
 facet normal  0.000000e+00  0.000000e+00 -1.000000e+00
   outer loop
     vertex  1.304930e+02 -1.196415e+02  0.000000e+00
     vertex  1.304680e+02 -1.197018e+02  0.000000e+00
     vertex  1.299509e+02 -1.197018e+02  0.000000e+00
   endloop
 endfacet
 facet normal -0.000000e+00  0.000000e+00 -1.000000e+00
   outer loop
     vertex  1.305327e+02 -1.195897e+02  0.000000e+00
     vertex  1.299260e+02 -1.196415e+02  0.000000e+00
     vertex  1.298862e+02 -1.195897e+02  0.000000e+00
   endloop
 endfacet
 facet normal  0.000000e+00  0.000000e+00 -1.000000e+00
   outer loop
     vertex  1.305327e+02 -1.195897e+02  0.000000e+00
     vertex  1.304930e+02 -1.196415e+02  0.000000e+00
     vertex  1.299260e+02 -1.196415e+02  0.000000e+00
   endloop
 endfacet
 facet normal  0.000000e+00  0.000000e+00 -1.000000e+00
   outer loop
     vertex  1.305845e+02 -1.195500e+02  0.000000e+00
     vertex  1.298345e+02 -1.195500e+02  0.000000e+00
     vertex  1.297742e+02 -1.195250e+02  0.000000e+00
   endloop
 endfacet
 facet normal -0.000000e+00  0.000000e+00 -1.000000e+00
   outer loop
     vertex  1.305845e+02 -1.195500e+02  0.000000e+00
     vertex  1.298862e+02 -1.195897e+02  0.000000e+00
     vertex  1.298345e+02 -1.195500e+02  0.000000e+00
   endloop
 endfacet
 facet normal  0.000000e+00  0.000000e+00 -1.000000e+00
   outer loop
     vertex  1.305845e+02 -1.195500e+02  0.000000e+00
     vertex  1.305327e+02 -1.195897e+02  0.000000e+00
     vertex  1.298862e+02 -1.195897e+02  0.000000e+00
   endloop
 endfacet
 facet normal -0.000000e+00  0.000000e+00 -1.000000e+00
   outer loop
     vertex  1.306448e+02 -1.195250e+02  0.000000e+00
     vertex  1.305845e+02 -1.195500e+02  0.000000e+00
     vertex  1.297742e+02 -1.195250e+02  0.000000e+00
   endloop
 endfacet
 facet normal -0.000000e+00  0.000000e+00 -1.000000e+00
   outer loop
     vertex  1.307095e+02 -1.195165e+02  0.000000e+00
     vertex  1.297742e+02 -1.195250e+02  0.000000e+00
     vertex  1.297095e+02 -1.195165e+02  0.000000e+00
   endloop
 endfacet
 facet normal  0.000000e+00  0.000000e+00 -1.000000e+00
   outer loop
     vertex  1.307095e+02 -1.195165e+02  0.000000e+00
     vertex  1.306448e+02 -1.195250e+02  0.000000e+00
     vertex  1.297742e+02 -1.195250e+02  0.000000e+00
   endloop
 endfacet
 facet normal  0.000000e+00 -0.000000e+00 -1.000000e+00
   outer loop
     vertex  1.076070e+02 -9.614115e+01  0.000000e+00
     vertex  1.120235e+02 -1.066559e+02  0.000000e+00
     vertex  1.074122e+02 -9.661146e+01  0.000000e+00
   endloop
 endfacet
 facet normal  0.000000e+00  0.000000e+00 -1.000000e+00
   outer loop
     vertex  1.076070e+02 -9.614115e+01  0.000000e+00
     vertex  1.121260e+02 -1.066984e+02  0.000000e+00
     vertex  1.120235e+02 -1.066559e+02  0.000000e+00
   endloop
 endfacet
 facet normal  0.000000e+00 -0.000000e+00 -1.000000e+00
   outer loop
     vertex  1.191654e+02 -1.072790e+02  0.000000e+00
     vertex  1.192329e+02 -1.073670e+02  0.000000e+00
     vertex  1.166411e+02 -1.088906e+02  0.000000e+00
   endloop
 endfacet
 facet normal  0.000000e+00  0.000000e+00 -1.000000e+00
   outer loop
     vertex  1.191654e+02 -1.072790e+02  0.000000e+00
     vertex  1.166411e+02 -1.088906e+02  0.000000e+00
     vertex  1.165462e+02 -1.086615e+02  0.000000e+00
   endloop
 endfacet
 facet normal -0.000000e+00  0.000000e+00 -1.000000e+00
   outer loop
     vertex  1.193210e+02 -1.074345e+02  0.000000e+00
     vertex  1.166411e+02 -1.088906e+02  0.000000e+00
     vertex  1.192329e+02 -1.073670e+02  0.000000e+00
   endloop
 endfacet
 facet normal  0.000000e+00  0.000000e+00 -1.000000e+00
   outer loop
     vertex  1.193210e+02 -1.074345e+02  0.000000e+00
     vertex  1.166735e+02 -1.091365e+02  0.000000e+00
     vertex  1.166411e+02 -1.088906e+02  0.000000e+00
   endloop
 endfacet
 facet normal  0.000000e+00  0.000000e+00 -1.000000e+00
   outer loop
     vertex  1.191229e+02 -1.071765e+02  0.000000e+00
     vertex  1.165462e+02 -1.086615e+02  0.000000e+00
     vertex  1.163952e+02 -1.084647e+02  0.000000e+00
   endloop
 endfacet
 facet normal  0.000000e+00 -0.000000e+00 -1.000000e+00
   outer loop
     vertex  1.191229e+02 -1.071765e+02  0.000000e+00
     vertex  1.191654e+02 -1.072790e+02  0.000000e+00
     vertex  1.165462e+02 -1.086615e+02  0.000000e+00
   endloop
 endfacet
 facet normal -0.000000e+00  0.000000e+00 -1.000000e+00
   outer loop
     vertex  1.194235e+02 -1.074770e+02  0.000000e+00
     vertex  1.166735e+02 -1.091365e+02  0.000000e+00
     vertex  1.193210e+02 -1.074345e+02  0.000000e+00
   endloop
 endfacet
 facet normal  0.000000e+00  0.000000e+00 -1.000000e+00
   outer loop
     vertex  1.194235e+02 -1.074770e+02  0.000000e+00
     vertex  1.166411e+02 -1.093823e+02  0.000000e+00
     vertex  1.166735e+02 -1.091365e+02  0.000000e+00
   endloop
 endfacet
 facet normal -0.000000e+00  0.000000e+00 -1.000000e+00
   outer loop
     vertex  1.195335e+02 -1.074915e+02  0.000000e+00
     vertex  1.166411e+02 -1.093823e+02  0.000000e+00
     vertex  1.194235e+02 -1.074770e+02  0.000000e+00
   endloop
 endfacet
 facet normal  0.000000e+00  0.000000e+00 -1.000000e+00
   outer loop
     vertex  1.195335e+02 -1.074915e+02  0.000000e+00
     vertex  1.165462e+02 -1.096115e+02  0.000000e+00
     vertex  1.166411e+02 -1.093823e+02  0.000000e+00
   endloop
 endfacet
 facet normal  0.000000e+00 -0.000000e+00 -1.000000e+00
   outer loop
     vertex  1.191085e+02 -1.070665e+02  0.000000e+00
     vertex  1.191229e+02 -1.071765e+02  0.000000e+00
     vertex  1.163952e+02 -1.084647e+02  0.000000e+00
   endloop
 endfacet
 facet normal  0.000000e+00  0.000000e+00 -1.000000e+00
   outer loop
     vertex  1.191085e+02 -1.070665e+02  0.000000e+00
     vertex  1.163952e+02 -1.084647e+02  0.000000e+00
     vertex  1.161985e+02 -1.083137e+02  0.000000e+00
   endloop
 endfacet
 facet normal  0.000000e+00 -0.000000e+00 -1.000000e+00
   outer loop
     vertex  1.196435e+02 -1.074770e+02  0.000000e+00
     vertex  1.294930e+02 -1.196415e+02  0.000000e+00
     vertex  1.163952e+02 -1.098082e+02  0.000000e+00
   endloop
 endfacet
 facet normal  0.000000e+00  0.000000e+00 -1.000000e+00
   outer loop
     vertex  1.196435e+02 -1.074770e+02  0.000000e+00
     vertex  1.165462e+02 -1.096115e+02  0.000000e+00
     vertex  1.195335e+02 -1.074915e+02  0.000000e+00
   endloop
 endfacet
 facet normal  0.000000e+00  0.000000e+00 -1.000000e+00
   outer loop
     vertex  1.196435e+02 -1.074770e+02  0.000000e+00
     vertex  1.163952e+02 -1.098082e+02  0.000000e+00
     vertex  1.165462e+02 -1.096115e+02  0.000000e+00
   endloop
 endfacet
 facet normal  0.000000e+00  0.000000e+00 -1.000000e+00
   outer loop
     vertex  1.191229e+02 -1.069565e+02  0.000000e+00
     vertex  1.191085e+02 -1.070665e+02  0.000000e+00
     vertex  1.161985e+02 -1.083137e+02  0.000000e+00
   endloop
 endfacet
 facet normal  0.000000e+00  0.000000e+00 -1.000000e+00
   outer loop
     vertex  1.191229e+02 -1.069565e+02  0.000000e+00
     vertex  1.161985e+02 -1.083137e+02  0.000000e+00
     vertex  1.159693e+02 -1.082188e+02  0.000000e+00
   endloop
 endfacet
 facet normal  0.000000e+00  0.000000e+00 -1.000000e+00
   outer loop
     vertex  1.191654e+02 -1.068540e+02  0.000000e+00
     vertex  1.191229e+02 -1.069565e+02  0.000000e+00
     vertex  1.159693e+02 -1.082188e+02  0.000000e+00
   endloop
 endfacet
 facet normal  0.000000e+00  0.000000e+00 -1.000000e+00
   outer loop
     vertex  1.191654e+02 -1.068540e+02  0.000000e+00
     vertex  1.159693e+02 -1.082188e+02  0.000000e+00
     vertex  1.157235e+02 -1.081865e+02  0.000000e+00
   endloop
 endfacet
 facet normal  0.000000e+00 -0.000000e+00 -1.000000e+00
   outer loop
     vertex  1.197460e+02 -1.074345e+02  0.000000e+00
     vertex  1.294930e+02 -1.196415e+02  0.000000e+00
     vertex  1.196435e+02 -1.074770e+02  0.000000e+00
   endloop
 endfacet
 facet normal  0.000000e+00  0.000000e+00 -1.000000e+00
   outer loop
     vertex  1.197460e+02 -1.074345e+02  0.000000e+00
     vertex  1.295327e+02 -1.195897e+02  0.000000e+00
     vertex  1.294930e+02 -1.196415e+02  0.000000e+00
   endloop
 endfacet
 facet normal  0.000000e+00  0.000000e+00 -1.000000e+00
   outer loop
     vertex  1.192329e+02 -1.067659e+02  0.000000e+00
     vertex  1.191654e+02 -1.068540e+02  0.000000e+00
     vertex  1.157235e+02 -1.081865e+02  0.000000e+00
   endloop
 endfacet
 facet normal -0.000000e+00  0.000000e+00 -1.000000e+00
   outer loop
     vertex  1.192329e+02 -1.067659e+02  0.000000e+00
     vertex  1.157235e+02 -1.081865e+02  0.000000e+00
     vertex  1.122140e+02 -1.067659e+02  0.000000e+00
   endloop
 endfacet
 facet normal  0.000000e+00  0.000000e+00 -1.000000e+00
   outer loop
     vertex  1.193210e+02 -1.066984e+02  0.000000e+00
     vertex  1.121260e+02 -1.066984e+02  0.000000e+00
     vertex  1.076070e+02 -9.614115e+01  0.000000e+00
   endloop
 endfacet
 facet normal  0.000000e+00  0.000000e+00 -1.000000e+00
   outer loop
     vertex  1.193210e+02 -1.066984e+02  0.000000e+00
     vertex  1.192329e+02 -1.067659e+02  0.000000e+00
     vertex  1.122140e+02 -1.067659e+02  0.000000e+00
   endloop
 endfacet
 facet normal -0.000000e+00  0.000000e+00 -1.000000e+00
   outer loop
     vertex  1.193210e+02 -1.066984e+02  0.000000e+00
     vertex  1.122140e+02 -1.067659e+02  0.000000e+00
     vertex  1.121260e+02 -1.066984e+02  0.000000e+00
   endloop
 endfacet
 facet normal -0.000000e+00  0.000000e+00 -1.000000e+00
   outer loop
     vertex  1.194235e+02 -1.066559e+02  0.000000e+00
     vertex  1.193210e+02 -1.066984e+02  0.000000e+00
     vertex  1.076070e+02 -9.614115e+01  0.000000e+00
   endloop
 endfacet
 facet normal  0.000000e+00  0.000000e+00 -1.000000e+00
   outer loop
     vertex  9.692746e+01 -8.268246e+01  0.000000e+00
     vertex  1.052188e+02 -9.375290e+01  0.000000e+00
     vertex  1.047485e+02 -9.394771e+01  0.000000e+00
   endloop
 endfacet
 facet normal  0.000000e+00  0.000000e+00 -1.000000e+00
   outer loop
     vertex  9.692746e+01 -8.268246e+01  0.000000e+00
     vertex  1.047485e+02 -9.394771e+01  0.000000e+00
     vertex  1.043446e+02 -9.425760e+01  0.000000e+00
   endloop
 endfacet
 facet normal  0.000000e+00  0.000000e+00 -1.000000e+00
   outer loop
     vertex  9.692746e+01 -8.268246e+01  0.000000e+00
     vertex  1.043446e+02 -9.425760e+01  0.000000e+00
     vertex  1.040347e+02 -9.466146e+01  0.000000e+00
   endloop
 endfacet
 facet normal  0.000000e+00  0.000000e+00 -1.000000e+00
   outer loop
     vertex  9.692746e+01 -8.268246e+01  0.000000e+00
     vertex  1.040347e+02 -9.466146e+01  0.000000e+00
     vertex  1.038399e+02 -9.513176e+01  0.000000e+00
   endloop
 endfacet
 facet normal  0.000000e+00  0.000000e+00 -1.000000e+00
   outer loop
     vertex  9.692746e+01 -8.268246e+01  0.000000e+00
     vertex  1.038399e+02 -9.513176e+01  0.000000e+00
     vertex  1.037735e+02 -9.563646e+01  0.000000e+00
   endloop
 endfacet
 facet normal  0.000000e+00  0.000000e+00 -1.000000e+00
   outer loop
     vertex  9.692746e+01 -8.268246e+01  0.000000e+00
     vertex  1.037735e+02 -9.563646e+01  0.000000e+00
     vertex  9.692746e+01 -1.144325e+02  0.000000e+00
   endloop
 endfacet
 facet normal  0.000000e+00  0.000000e+00 -1.000000e+00
   outer loop
     vertex  1.238042e+02 -1.055557e+02  0.000000e+00
     vertex  1.199585e+02 -1.070665e+02  0.000000e+00
     vertex  1.199440e+02 -1.069565e+02  0.000000e+00
   endloop
 endfacet
 facet normal  0.000000e+00  0.000000e+00 -1.000000e+00
   outer loop
     vertex  1.238042e+02 -1.055557e+02  0.000000e+00
     vertex  1.199440e+02 -1.071765e+02  0.000000e+00
     vertex  1.199585e+02 -1.070665e+02  0.000000e+00
   endloop
 endfacet
 facet normal  0.000000e+00  0.000000e+00 -1.000000e+00
   outer loop
     vertex  1.235976e+02 -1.052865e+02  0.000000e+00
     vertex  1.199440e+02 -1.069565e+02  0.000000e+00
     vertex  1.199015e+02 -1.068540e+02  0.000000e+00
   endloop
 endfacet
 facet normal  0.000000e+00 -0.000000e+00 -1.000000e+00
   outer loop
     vertex  1.235976e+02 -1.052865e+02  0.000000e+00
     vertex  1.238042e+02 -1.055557e+02  0.000000e+00
     vertex  1.199440e+02 -1.069565e+02  0.000000e+00
   endloop
 endfacet
 facet normal -0.000000e+00  0.000000e+00 -1.000000e+00
   outer loop
     vertex  1.240735e+02 -1.057623e+02  0.000000e+00
     vertex  1.199440e+02 -1.071765e+02  0.000000e+00
     vertex  1.238042e+02 -1.055557e+02  0.000000e+00
   endloop
 endfacet
 facet normal  0.000000e+00  0.000000e+00 -1.000000e+00
   outer loop
     vertex  1.240735e+02 -1.057623e+02  0.000000e+00
     vertex  1.199015e+02 -1.072790e+02  0.000000e+00
     vertex  1.199440e+02 -1.071765e+02  0.000000e+00
   endloop
 endfacet
 facet normal  0.000000e+00  0.000000e+00 -1.000000e+00
   outer loop
     vertex  1.234678e+02 -1.049729e+02  0.000000e+00
     vertex  1.199015e+02 -1.068540e+02  0.000000e+00
     vertex  1.198340e+02 -1.067659e+02  0.000000e+00
   endloop
 endfacet
 facet normal  0.000000e+00 -0.000000e+00 -1.000000e+00
   outer loop
     vertex  1.234678e+02 -1.049729e+02  0.000000e+00
     vertex  1.235976e+02 -1.052865e+02  0.000000e+00
     vertex  1.199015e+02 -1.068540e+02  0.000000e+00
   endloop
 endfacet
 facet normal  0.000000e+00  0.000000e+00 -1.000000e+00
   outer loop
     vertex  1.243870e+02 -1.058922e+02  0.000000e+00
     vertex  1.198340e+02 -1.073670e+02  0.000000e+00
     vertex  1.199015e+02 -1.072790e+02  0.000000e+00
   endloop
 endfacet
 facet normal -0.000000e+00  0.000000e+00 -1.000000e+00
   outer loop
     vertex  1.243870e+02 -1.058922e+02  0.000000e+00
     vertex  1.199015e+02 -1.072790e+02  0.000000e+00
     vertex  1.240735e+02 -1.057623e+02  0.000000e+00
   endloop
 endfacet
 facet normal  0.000000e+00  0.000000e+00 -1.000000e+00
   outer loop
     vertex  1.234235e+02 -1.046365e+02  0.000000e+00
     vertex  1.197460e+02 -1.066984e+02  0.000000e+00
     vertex  1.196435e+02 -1.066559e+02  0.000000e+00
   endloop
 endfacet
 facet normal  0.000000e+00  0.000000e+00 -1.000000e+00
   outer loop
     vertex  1.234235e+02 -1.046365e+02  0.000000e+00
     vertex  1.198340e+02 -1.067659e+02  0.000000e+00
     vertex  1.197460e+02 -1.066984e+02  0.000000e+00
   endloop
 endfacet
 facet normal  0.000000e+00 -0.000000e+00 -1.000000e+00
   outer loop
     vertex  1.234235e+02 -1.046365e+02  0.000000e+00
     vertex  1.234678e+02 -1.049729e+02  0.000000e+00
     vertex  1.198340e+02 -1.067659e+02  0.000000e+00
   endloop
 endfacet
 facet normal  0.000000e+00  0.000000e+00 -1.000000e+00
   outer loop
     vertex  1.247235e+02 -1.059365e+02  0.000000e+00
     vertex  1.295845e+02 -1.195500e+02  0.000000e+00
     vertex  1.295327e+02 -1.195897e+02  0.000000e+00
   endloop
 endfacet
 facet normal  0.000000e+00  0.000000e+00 -1.000000e+00
   outer loop
     vertex  1.247235e+02 -1.059365e+02  0.000000e+00
     vertex  1.197460e+02 -1.074345e+02  0.000000e+00
     vertex  1.198340e+02 -1.073670e+02  0.000000e+00
   endloop
 endfacet
 facet normal  0.000000e+00 -0.000000e+00 -1.000000e+00
   outer loop
     vertex  1.247235e+02 -1.059365e+02  0.000000e+00
     vertex  1.295327e+02 -1.195897e+02  0.000000e+00
     vertex  1.197460e+02 -1.074345e+02  0.000000e+00
   endloop
 endfacet
 facet normal -0.000000e+00  0.000000e+00 -1.000000e+00
   outer loop
     vertex  1.247235e+02 -1.059365e+02  0.000000e+00
     vertex  1.198340e+02 -1.073670e+02  0.000000e+00
     vertex  1.243870e+02 -1.058922e+02  0.000000e+00
   endloop
 endfacet
 facet normal  0.000000e+00  0.000000e+00 -1.000000e+00
   outer loop
     vertex  1.250599e+02 -1.058922e+02  0.000000e+00
     vertex  1.296448e+02 -1.195250e+02  0.000000e+00
     vertex  1.295845e+02 -1.195500e+02  0.000000e+00
   endloop
 endfacet
 facet normal  0.000000e+00 -0.000000e+00 -1.000000e+00
   outer loop
     vertex  1.250599e+02 -1.058922e+02  0.000000e+00
     vertex  1.295845e+02 -1.195500e+02  0.000000e+00
     vertex  1.247235e+02 -1.059365e+02  0.000000e+00
   endloop
 endfacet
 facet normal  0.000000e+00  0.000000e+00 -1.000000e+00
   outer loop
     vertex  1.234678e+02 -1.043000e+02  0.000000e+00
     vertex  1.196435e+02 -1.066559e+02  0.000000e+00
     vertex  1.195335e+02 -1.066415e+02  0.000000e+00
   endloop
 endfacet
 facet normal  0.000000e+00  0.000000e+00 -1.000000e+00
   outer loop
     vertex  1.234678e+02 -1.043000e+02  0.000000e+00
     vertex  1.234235e+02 -1.046365e+02  0.000000e+00
     vertex  1.196435e+02 -1.066559e+02  0.000000e+00
   endloop
 endfacet
 facet normal  0.000000e+00  0.000000e+00 -1.000000e+00
   outer loop
     vertex  1.253735e+02 -1.057623e+02  0.000000e+00
     vertex  1.297095e+02 -1.195165e+02  0.000000e+00
     vertex  1.296448e+02 -1.195250e+02  0.000000e+00
   endloop
 endfacet
 facet normal  0.000000e+00 -0.000000e+00 -1.000000e+00
   outer loop
     vertex  1.253735e+02 -1.057623e+02  0.000000e+00
     vertex  1.296448e+02 -1.195250e+02  0.000000e+00
     vertex  1.250599e+02 -1.058922e+02  0.000000e+00
   endloop
 endfacet
 facet normal  0.000000e+00  0.000000e+00 -1.000000e+00
   outer loop
     vertex  1.253735e+02 -1.057623e+02  0.000000e+00
     vertex  1.307095e+02 -1.195165e+02  0.000000e+00
     vertex  1.297095e+02 -1.195165e+02  0.000000e+00
   endloop
 endfacet
 facet normal  0.000000e+00  0.000000e+00 -1.000000e+00
   outer loop
     vertex  1.235976e+02 -1.039865e+02  0.000000e+00
     vertex  1.195335e+02 -1.066415e+02  0.000000e+00
     vertex  1.194235e+02 -1.066559e+02  0.000000e+00
   endloop
 endfacet
 facet normal  0.000000e+00  0.000000e+00 -1.000000e+00
   outer loop
     vertex  1.235976e+02 -1.039865e+02  0.000000e+00
     vertex  1.234678e+02 -1.043000e+02  0.000000e+00
     vertex  1.195335e+02 -1.066415e+02  0.000000e+00
   endloop
 endfacet
 facet normal  0.000000e+00 -0.000000e+00 -1.000000e+00
   outer loop
     vertex  1.256427e+02 -1.055557e+02  0.000000e+00
     vertex  1.307095e+02 -1.195165e+02  0.000000e+00
     vertex  1.253735e+02 -1.057623e+02  0.000000e+00
   endloop
 endfacet
 facet normal  0.000000e+00  0.000000e+00 -1.000000e+00
   outer loop
     vertex  1.256427e+02 -1.055557e+02  0.000000e+00
     vertex  1.307742e+02 -1.195250e+02  0.000000e+00
     vertex  1.307095e+02 -1.195165e+02  0.000000e+00
   endloop
 endfacet
 facet normal -0.000000e+00  0.000000e+00 -1.000000e+00
   outer loop
     vertex  1.238042e+02 -1.037172e+02  0.000000e+00
     vertex  1.194235e+02 -1.066559e+02  0.000000e+00
     vertex  1.076070e+02 -9.614115e+01  0.000000e+00
   endloop
 endfacet
 facet normal  0.000000e+00  0.000000e+00 -1.000000e+00
   outer loop
     vertex  1.238042e+02 -1.037172e+02  0.000000e+00
     vertex  1.076070e+02 -9.614115e+01  0.000000e+00
     vertex  1.076735e+02 -9.563646e+01  0.000000e+00
   endloop
 endfacet
 facet normal  0.000000e+00  0.000000e+00 -1.000000e+00
   outer loop
     vertex  1.238042e+02 -1.037172e+02  0.000000e+00
     vertex  1.235976e+02 -1.039865e+02  0.000000e+00
     vertex  1.194235e+02 -1.066559e+02  0.000000e+00
   endloop
 endfacet
 facet normal  0.000000e+00  0.000000e+00 -1.000000e+00
   outer loop
     vertex  1.258493e+02 -1.052865e+02  0.000000e+00
     vertex  1.308345e+02 -1.195500e+02  0.000000e+00
     vertex  1.307742e+02 -1.195250e+02  0.000000e+00
   endloop
 endfacet
 facet normal  0.000000e+00 -0.000000e+00 -1.000000e+00
   outer loop
     vertex  1.258493e+02 -1.052865e+02  0.000000e+00
     vertex  1.307742e+02 -1.195250e+02  0.000000e+00
     vertex  1.256427e+02 -1.055557e+02  0.000000e+00
   endloop
 endfacet
 facet normal -0.000000e+00  0.000000e+00 -1.000000e+00
   outer loop
     vertex  1.240735e+02 -1.035106e+02  0.000000e+00
     vertex  1.238042e+02 -1.037172e+02  0.000000e+00
     vertex  1.076735e+02 -9.563646e+01  0.000000e+00
   endloop
 endfacet
 facet normal  0.000000e+00 -0.000000e+00 -1.000000e+00
   outer loop
     vertex  1.259792e+02 -1.049729e+02  0.000000e+00
     vertex  1.308345e+02 -1.195500e+02  0.000000e+00
     vertex  1.258493e+02 -1.052865e+02  0.000000e+00
   endloop
 endfacet
 facet normal  0.000000e+00  0.000000e+00 -1.000000e+00
   outer loop
     vertex  1.503607e+02 -1.250232e+02  0.000000e+00
     vertex  1.307742e+02 -1.200079e+02  0.000000e+00
     vertex  1.308345e+02 -1.199830e+02  0.000000e+00
   endloop
 endfacet
 facet normal  0.000000e+00  0.000000e+00 -1.000000e+00
   outer loop
     vertex  1.504125e+02 -1.250630e+02  0.000000e+00
     vertex  1.307095e+02 -1.200165e+02  0.000000e+00
     vertex  1.307742e+02 -1.200079e+02  0.000000e+00
   endloop
 endfacet
 facet normal -0.000000e+00  0.000000e+00 -1.000000e+00
   outer loop
     vertex  1.504125e+02 -1.250630e+02  0.000000e+00
     vertex  1.091195e+02 -1.263705e+02  0.000000e+00
     vertex  1.307095e+02 -1.200165e+02  0.000000e+00
   endloop
 endfacet
 facet normal  0.000000e+00  0.000000e+00 -1.000000e+00
   outer loop
     vertex  1.504125e+02 -1.250630e+02  0.000000e+00
     vertex  1.307742e+02 -1.200079e+02  0.000000e+00
     vertex  1.503607e+02 -1.250232e+02  0.000000e+00
   endloop
 endfacet
 facet normal  0.000000e+00  0.000000e+00 -1.000000e+00
   outer loop
     vertex  1.503210e+02 -1.249715e+02  0.000000e+00
     vertex  1.308345e+02 -1.199830e+02  0.000000e+00
     vertex  1.308862e+02 -1.199432e+02  0.000000e+00
   endloop
 endfacet
 facet normal -0.000000e+00 -0.000000e+00 -1.000000e+00
   outer loop
     vertex  1.503210e+02 -1.249715e+02  0.000000e+00
     vertex  1.503607e+02 -1.250232e+02  0.000000e+00
     vertex  1.308345e+02 -1.199830e+02  0.000000e+00
   endloop
 endfacet
 facet normal -0.000000e+00  0.000000e+00 -1.000000e+00
   outer loop
     vertex  1.504728e+02 -1.250879e+02  0.000000e+00
     vertex  1.091195e+02 -1.263705e+02  0.000000e+00
     vertex  1.504125e+02 -1.250630e+02  0.000000e+00
   endloop
 endfacet
 facet normal -0.000000e+00 -0.000000e+00 -1.000000e+00
   outer loop
     vertex  1.502960e+02 -1.249112e+02  0.000000e+00
     vertex  1.503210e+02 -1.249715e+02  0.000000e+00
     vertex  1.308862e+02 -1.199432e+02  0.000000e+00
   endloop
 endfacet
 facet normal  0.000000e+00  0.000000e+00 -1.000000e+00
   outer loop
     vertex  1.502960e+02 -1.249112e+02  0.000000e+00
     vertex  1.308862e+02 -1.199432e+02  0.000000e+00
     vertex  1.309260e+02 -1.198915e+02  0.000000e+00
   endloop
 endfacet
 facet normal -0.000000e+00  0.000000e+00 -1.000000e+00
   outer loop
     vertex  1.505375e+02 -1.250965e+02  0.000000e+00
     vertex  1.091195e+02 -1.263705e+02  0.000000e+00
     vertex  1.504728e+02 -1.250879e+02  0.000000e+00
   endloop
 endfacet
 facet normal -0.000000e+00 -0.000000e+00 -1.000000e+00
   outer loop
     vertex  1.502875e+02 -1.248465e+02  0.000000e+00
     vertex  1.502960e+02 -1.249112e+02  0.000000e+00
     vertex  1.309260e+02 -1.198915e+02  0.000000e+00
   endloop
 endfacet
 facet normal  0.000000e+00  0.000000e+00 -1.000000e+00
   outer loop
     vertex  1.502875e+02 -1.248465e+02  0.000000e+00
     vertex  1.309260e+02 -1.198915e+02  0.000000e+00
     vertex  1.309509e+02 -1.198312e+02  0.000000e+00
   endloop
 endfacet
 facet normal -0.000000e+00  0.000000e+00 -1.000000e+00
   outer loop
     vertex  1.502960e+02 -1.247818e+02  0.000000e+00
     vertex  1.502875e+02 -1.248465e+02  0.000000e+00
     vertex  1.309509e+02 -1.198312e+02  0.000000e+00
   endloop
 endfacet
 facet normal  0.000000e+00  0.000000e+00 -1.000000e+00
   outer loop
     vertex  1.502960e+02 -1.247818e+02  0.000000e+00
     vertex  1.309509e+02 -1.198312e+02  0.000000e+00
     vertex  1.309595e+02 -1.197665e+02  0.000000e+00
   endloop
 endfacet
 facet normal -0.000000e+00  0.000000e+00 -1.000000e+00
   outer loop
     vertex  1.503210e+02 -1.247215e+02  0.000000e+00
     vertex  1.502960e+02 -1.247818e+02  0.000000e+00
     vertex  1.309595e+02 -1.197665e+02  0.000000e+00
   endloop
 endfacet
 facet normal  0.000000e+00  0.000000e+00 -1.000000e+00
   outer loop
     vertex  1.503210e+02 -1.247215e+02  0.000000e+00
     vertex  1.309595e+02 -1.197665e+02  0.000000e+00
     vertex  1.309509e+02 -1.197018e+02  0.000000e+00
   endloop
 endfacet
 facet normal -0.000000e+00  0.000000e+00 -1.000000e+00
   outer loop
     vertex  1.503607e+02 -1.246697e+02  0.000000e+00
     vertex  1.503210e+02 -1.247215e+02  0.000000e+00
     vertex  1.309509e+02 -1.197018e+02  0.000000e+00
   endloop
 endfacet
 facet normal  0.000000e+00  0.000000e+00 -1.000000e+00
   outer loop
     vertex  1.503607e+02 -1.246697e+02  0.000000e+00
     vertex  1.309509e+02 -1.197018e+02  0.000000e+00
     vertex  1.309260e+02 -1.196415e+02  0.000000e+00
   endloop
 endfacet
 facet normal  0.000000e+00 -0.000000e+00 -1.000000e+00
   outer loop
     vertex  1.513210e+02 -1.249715e+02  0.000000e+00
     vertex  1.513607e+02 -1.250232e+02  0.000000e+00
     vertex  1.507142e+02 -1.250232e+02  0.000000e+00
   endloop
 endfacet
 facet normal  0.000000e+00  0.000000e+00 -1.000000e+00
   outer loop
     vertex  1.513210e+02 -1.249715e+02  0.000000e+00
     vertex  1.507540e+02 -1.249715e+02  0.000000e+00
     vertex  1.507789e+02 -1.249112e+02  0.000000e+00
   endloop
 endfacet
 facet normal -0.000000e+00  0.000000e+00 -1.000000e+00
   outer loop
     vertex  1.513210e+02 -1.249715e+02  0.000000e+00
     vertex  1.507142e+02 -1.250232e+02  0.000000e+00
     vertex  1.507540e+02 -1.249715e+02  0.000000e+00
   endloop
 endfacet
 facet normal  0.000000e+00  0.000000e+00 -1.000000e+00
   outer loop
     vertex  1.514125e+02 -1.250630e+02  0.000000e+00
     vertex  1.507142e+02 -1.250232e+02  0.000000e+00
     vertex  1.513607e+02 -1.250232e+02  0.000000e+00
   endloop
 endfacet
 facet normal  0.000000e+00  0.000000e+00 -1.000000e+00
   outer loop
     vertex  1.514125e+02 -1.250630e+02  0.000000e+00
     vertex  1.506625e+02 -1.250630e+02  0.000000e+00
     vertex  1.507142e+02 -1.250232e+02  0.000000e+00
   endloop
 endfacet
 facet normal -0.000000e+00 -0.000000e+00 -1.000000e+00
   outer loop
     vertex  1.512960e+02 -1.249112e+02  0.000000e+00
     vertex  1.513210e+02 -1.249715e+02  0.000000e+00
     vertex  1.507789e+02 -1.249112e+02  0.000000e+00
   endloop
 endfacet
 facet normal  0.000000e+00  0.000000e+00 -1.000000e+00
   outer loop
     vertex  1.514728e+02 -1.250879e+02  0.000000e+00
     vertex  1.506625e+02 -1.250630e+02  0.000000e+00
     vertex  1.514125e+02 -1.250630e+02  0.000000e+00
   endloop
 endfacet
 facet normal  0.000000e+00  0.000000e+00 -1.000000e+00
   outer loop
     vertex  1.514728e+02 -1.250879e+02  0.000000e+00
     vertex  1.506022e+02 -1.250879e+02  0.000000e+00
     vertex  1.506625e+02 -1.250630e+02  0.000000e+00
   endloop
 endfacet
 facet normal  0.000000e+00 -0.000000e+00 -1.000000e+00
   outer loop
     vertex  1.512875e+02 -1.248465e+02  0.000000e+00
     vertex  1.512960e+02 -1.249112e+02  0.000000e+00
     vertex  1.507789e+02 -1.249112e+02  0.000000e+00
   endloop
 endfacet
 facet normal  0.000000e+00  0.000000e+00 -1.000000e+00
   outer loop
     vertex  1.512875e+02 -1.248465e+02  0.000000e+00
     vertex  1.507875e+02 -1.248465e+02  0.000000e+00
     vertex  1.507789e+02 -1.247818e+02  0.000000e+00
   endloop
 endfacet
 facet normal -0.000000e+00  0.000000e+00 -1.000000e+00
   outer loop
     vertex  1.512875e+02 -1.248465e+02  0.000000e+00
     vertex  1.507789e+02 -1.249112e+02  0.000000e+00
     vertex  1.507875e+02 -1.248465e+02  0.000000e+00
   endloop
 endfacet
 facet normal  0.000000e+00  0.000000e+00 -1.000000e+00
   outer loop
     vertex  1.515375e+02 -1.250965e+02  0.000000e+00
     vertex  1.506022e+02 -1.250879e+02  0.000000e+00
     vertex  1.514728e+02 -1.250879e+02  0.000000e+00
   endloop
 endfacet
 facet normal  0.000000e+00  0.000000e+00 -1.000000e+00
   outer loop
     vertex  1.515375e+02 -1.250965e+02  0.000000e+00
     vertex  1.505375e+02 -1.250965e+02  0.000000e+00
     vertex  1.506022e+02 -1.250879e+02  0.000000e+00
   endloop
 endfacet
 facet normal -0.000000e+00  0.000000e+00 -1.000000e+00
   outer loop
     vertex  1.512960e+02 -1.247818e+02  0.000000e+00
     vertex  1.512875e+02 -1.248465e+02  0.000000e+00
     vertex  1.507789e+02 -1.247818e+02  0.000000e+00
   endloop
 endfacet
 facet normal  0.000000e+00  0.000000e+00 -1.000000e+00
   outer loop
     vertex  1.513210e+02 -1.247215e+02  0.000000e+00
     vertex  1.512960e+02 -1.247818e+02  0.000000e+00
     vertex  1.507789e+02 -1.247818e+02  0.000000e+00
   endloop
 endfacet
 facet normal -0.000000e+00  0.000000e+00 -1.000000e+00
   outer loop
     vertex  1.513210e+02 -1.247215e+02  0.000000e+00
     vertex  1.507789e+02 -1.247818e+02  0.000000e+00
     vertex  1.507540e+02 -1.247215e+02  0.000000e+00
   endloop
 endfacet
 facet normal  0.000000e+00  0.000000e+00 -1.000000e+00
   outer loop
     vertex  1.513607e+02 -1.246697e+02  0.000000e+00
     vertex  1.513210e+02 -1.247215e+02  0.000000e+00
     vertex  1.507540e+02 -1.247215e+02  0.000000e+00
   endloop
 endfacet
 facet normal -0.000000e+00  0.000000e+00 -1.000000e+00
   outer loop
     vertex  1.513607e+02 -1.246697e+02  0.000000e+00
     vertex  1.507540e+02 -1.247215e+02  0.000000e+00
     vertex  1.507142e+02 -1.246697e+02  0.000000e+00
   endloop
 endfacet
 facet normal -0.000000e+00  0.000000e+00 -1.000000e+00
   outer loop
     vertex  1.514125e+02 -1.246300e+02  0.000000e+00
     vertex  1.507142e+02 -1.246697e+02  0.000000e+00
     vertex  1.506625e+02 -1.246300e+02  0.000000e+00
   endloop
 endfacet
 facet normal  0.000000e+00  0.000000e+00 -1.000000e+00
   outer loop
     vertex  1.514125e+02 -1.246300e+02  0.000000e+00
     vertex  1.513607e+02 -1.246697e+02  0.000000e+00
     vertex  1.507142e+02 -1.246697e+02  0.000000e+00
   endloop
 endfacet
 facet normal -0.000000e+00  0.000000e+00 -1.000000e+00
   outer loop
     vertex  1.514728e+02 -1.246050e+02  0.000000e+00
     vertex  1.506625e+02 -1.246300e+02  0.000000e+00
     vertex  1.506022e+02 -1.246050e+02  0.000000e+00
   endloop
 endfacet
 facet normal  0.000000e+00  0.000000e+00 -1.000000e+00
   outer loop
     vertex  1.514728e+02 -1.246050e+02  0.000000e+00
     vertex  1.514125e+02 -1.246300e+02  0.000000e+00
     vertex  1.506625e+02 -1.246300e+02  0.000000e+00
   endloop
 endfacet
 facet normal -0.000000e+00  0.000000e+00 -1.000000e+00
   outer loop
     vertex  1.515375e+02 -1.245965e+02  0.000000e+00
     vertex  1.506022e+02 -1.246050e+02  0.000000e+00
     vertex  1.505375e+02 -1.245965e+02  0.000000e+00
   endloop
 endfacet
 facet normal  0.000000e+00  0.000000e+00 -1.000000e+00
   outer loop
     vertex  1.515375e+02 -1.245965e+02  0.000000e+00
     vertex  1.514728e+02 -1.246050e+02  0.000000e+00
     vertex  1.506022e+02 -1.246050e+02  0.000000e+00
   endloop
 endfacet
 facet normal -0.000000e+00  0.000000e+00 -1.000000e+00
   outer loop
     vertex  1.117010e+02 -8.457452e+01  0.000000e+00
     vertex  1.062282e+02 -9.375290e+01  0.000000e+00
     vertex  1.116129e+02 -8.450698e+01  0.000000e+00
   endloop
 endfacet
 facet normal  0.000000e+00  0.000000e+00 -1.000000e+00
   outer loop
     vertex  1.117010e+02 -8.457452e+01  0.000000e+00
     vertex  1.066985e+02 -9.394771e+01  0.000000e+00
     vertex  1.062282e+02 -9.375290e+01  0.000000e+00
   endloop
 endfacet
 facet normal  0.000000e+00 -0.000000e+00 -1.000000e+00
   outer loop
     vertex  1.115454e+02 -8.441896e+01  0.000000e+00
     vertex  1.116129e+02 -8.450698e+01  0.000000e+00
     vertex  1.062282e+02 -9.375290e+01  0.000000e+00
   endloop
 endfacet
 facet normal  0.000000e+00  0.000000e+00 -1.000000e+00
   outer loop
     vertex  1.115454e+02 -8.441896e+01  0.000000e+00
     vertex  1.062282e+02 -9.375290e+01  0.000000e+00
     vertex  1.057235e+02 -9.368646e+01  0.000000e+00
   endloop
 endfacet
 facet normal -0.000000e+00  0.000000e+00 -1.000000e+00
   outer loop
     vertex  1.118035e+02 -8.461698e+01  0.000000e+00
     vertex  1.066985e+02 -9.394771e+01  0.000000e+00
     vertex  1.117010e+02 -8.457452e+01  0.000000e+00
   endloop
 endfacet
 facet normal  0.000000e+00  0.000000e+00 -1.000000e+00
   outer loop
     vertex  1.118035e+02 -8.461698e+01  0.000000e+00
     vertex  1.071023e+02 -9.425760e+01  0.000000e+00
     vertex  1.066985e+02 -9.394771e+01  0.000000e+00
   endloop
 endfacet
 facet normal  0.000000e+00 -0.000000e+00 -1.000000e+00
   outer loop
     vertex  1.115029e+02 -8.431646e+01  0.000000e+00
     vertex  1.115454e+02 -8.441896e+01  0.000000e+00
     vertex  1.057235e+02 -9.368646e+01  0.000000e+00
   endloop
 endfacet
 facet normal -0.000000e+00  0.000000e+00 -1.000000e+00
   outer loop
     vertex  1.115029e+02 -8.431646e+01  0.000000e+00
     vertex  1.052188e+02 -9.375290e+01  0.000000e+00
     vertex  9.692746e+01 -8.268246e+01  0.000000e+00
   endloop
 endfacet
 facet normal  0.000000e+00  0.000000e+00 -1.000000e+00
   outer loop
     vertex  1.115029e+02 -8.431646e+01  0.000000e+00
     vertex  1.057235e+02 -9.368646e+01  0.000000e+00
     vertex  1.052188e+02 -9.375290e+01  0.000000e+00
   endloop
 endfacet
 facet normal -0.000000e+00  0.000000e+00 -1.000000e+00
   outer loop
     vertex  1.119135e+02 -8.463146e+01  0.000000e+00
     vertex  1.071023e+02 -9.425760e+01  0.000000e+00
     vertex  1.118035e+02 -8.461698e+01  0.000000e+00
   endloop
 endfacet
 facet normal  0.000000e+00  0.000000e+00 -1.000000e+00
   outer loop
     vertex  1.119135e+02 -8.463146e+01  0.000000e+00
     vertex  1.074122e+02 -9.466146e+01  0.000000e+00
     vertex  1.071023e+02 -9.425760e+01  0.000000e+00
   endloop
 endfacet
 facet normal -0.000000e+00 -0.000000e+00 -1.000000e+00
   outer loop
     vertex  1.114885e+02 -8.420646e+01  0.000000e+00
     vertex  1.115029e+02 -8.431646e+01  0.000000e+00
     vertex  9.692746e+01 -8.268246e+01  0.000000e+00
   endloop
 endfacet
 facet normal  0.000000e+00  0.000000e+00 -1.000000e+00
   outer loop
     vertex  1.120235e+02 -8.461698e+01  0.000000e+00
     vertex  1.074122e+02 -9.466146e+01  0.000000e+00
     vertex  1.119135e+02 -8.463146e+01  0.000000e+00
   endloop
 endfacet
 facet normal  0.000000e+00  0.000000e+00 -1.000000e+00
   outer loop
     vertex  1.120235e+02 -8.461698e+01  0.000000e+00
     vertex  1.076070e+02 -9.513176e+01  0.000000e+00
     vertex  1.074122e+02 -9.466146e+01  0.000000e+00
   endloop
 endfacet
 facet normal -0.000000e+00  0.000000e+00 -1.000000e+00
   outer loop
     vertex  1.115029e+02 -8.409646e+01  0.000000e+00
     vertex  1.114885e+02 -8.420646e+01  0.000000e+00
     vertex  9.692746e+01 -8.268246e+01  0.000000e+00
   endloop
 endfacet
 facet normal  0.000000e+00  0.000000e+00 -1.000000e+00
   outer loop
     vertex  1.121260e+02 -8.457452e+01  0.000000e+00
     vertex  1.076070e+02 -9.513176e+01  0.000000e+00
     vertex  1.120235e+02 -8.461698e+01  0.000000e+00
   endloop
 endfacet
 facet normal  0.000000e+00  0.000000e+00 -1.000000e+00
   outer loop
     vertex  1.150517e+02 -8.280821e+01  0.000000e+00
     vertex  1.123385e+02 -8.420646e+01  0.000000e+00
     vertex  1.123240e+02 -8.409646e+01  0.000000e+00
   endloop
 endfacet
 facet normal  0.000000e+00 -0.000000e+00 -1.000000e+00
   outer loop
     vertex  1.149007e+02 -8.261146e+01  0.000000e+00
     vertex  1.150517e+02 -8.280821e+01  0.000000e+00
     vertex  1.123240e+02 -8.409646e+01  0.000000e+00
   endloop
 endfacet
 facet normal  0.000000e+00  0.000000e+00 -1.000000e+00
   outer loop
     vertex  1.149007e+02 -8.261146e+01  0.000000e+00
     vertex  1.123240e+02 -8.409646e+01  0.000000e+00
     vertex  1.122815e+02 -8.399396e+01  0.000000e+00
   endloop
 endfacet
 facet normal -0.000000e+00  0.000000e+00 -1.000000e+00
   outer loop
     vertex  1.152485e+02 -8.295918e+01  0.000000e+00
     vertex  1.123385e+02 -8.420646e+01  0.000000e+00
     vertex  1.150517e+02 -8.280821e+01  0.000000e+00
   endloop
 endfacet
 facet normal  0.000000e+00  0.000000e+00 -1.000000e+00
   outer loop
     vertex  1.152485e+02 -8.295918e+01  0.000000e+00
     vertex  1.123240e+02 -8.431646e+01  0.000000e+00
     vertex  1.123385e+02 -8.420646e+01  0.000000e+00
   endloop
 endfacet
 facet normal  0.000000e+00 -0.000000e+00 -1.000000e+00
   outer loop
     vertex  1.148058e+02 -8.238234e+01  0.000000e+00
     vertex  1.149007e+02 -8.261146e+01  0.000000e+00
     vertex  1.122815e+02 -8.399396e+01  0.000000e+00
   endloop
 endfacet
 facet normal  0.000000e+00  0.000000e+00 -1.000000e+00
   outer loop
     vertex  1.148058e+02 -8.238234e+01  0.000000e+00
     vertex  1.122140e+02 -8.390594e+01  0.000000e+00
     vertex  1.121260e+02 -8.383840e+01  0.000000e+00
   endloop
 endfacet
 facet normal  0.000000e+00  0.000000e+00 -1.000000e+00
   outer loop
     vertex  1.148058e+02 -8.238234e+01  0.000000e+00
     vertex  1.122815e+02 -8.399396e+01  0.000000e+00
     vertex  1.122140e+02 -8.390594e+01  0.000000e+00
   endloop
 endfacet
 facet normal  0.000000e+00  0.000000e+00 -1.000000e+00
   outer loop
     vertex  1.154776e+02 -8.305409e+01  0.000000e+00
     vertex  1.122815e+02 -8.441896e+01  0.000000e+00
     vertex  1.123240e+02 -8.431646e+01  0.000000e+00
   endloop
 endfacet
 facet normal -0.000000e+00  0.000000e+00 -1.000000e+00
   outer loop
     vertex  1.154776e+02 -8.305409e+01  0.000000e+00
     vertex  1.123240e+02 -8.431646e+01  0.000000e+00
     vertex  1.152485e+02 -8.295918e+01  0.000000e+00
   endloop
 endfacet
 facet normal -0.000000e+00  0.000000e+00 -1.000000e+00
   outer loop
     vertex  1.157235e+02 -8.308646e+01  0.000000e+00
     vertex  1.122815e+02 -8.441896e+01  0.000000e+00
     vertex  1.154776e+02 -8.305409e+01  0.000000e+00
   endloop
 endfacet
 facet normal  0.000000e+00  0.000000e+00 -1.000000e+00
   outer loop
     vertex  1.157235e+02 -8.308646e+01  0.000000e+00
     vertex  1.122140e+02 -8.450698e+01  0.000000e+00
     vertex  1.122815e+02 -8.441896e+01  0.000000e+00
   endloop
 endfacet
 facet normal  0.000000e+00 -0.000000e+00 -1.000000e+00
   outer loop
     vertex  1.147735e+02 -8.213646e+01  0.000000e+00
     vertex  1.148058e+02 -8.238234e+01  0.000000e+00
     vertex  1.121260e+02 -8.383840e+01  0.000000e+00
   endloop
 endfacet
 facet normal  0.000000e+00  0.000000e+00 -1.000000e+00
   outer loop
     vertex  1.147735e+02 -8.213646e+01  0.000000e+00
     vertex  1.121260e+02 -8.383840e+01  0.000000e+00
     vertex  1.120235e+02 -8.379594e+01  0.000000e+00
   endloop
 endfacet
 facet normal  0.000000e+00  0.000000e+00 -1.000000e+00
   outer loop
     vertex  1.148058e+02 -8.189058e+01  0.000000e+00
     vertex  1.147735e+02 -8.213646e+01  0.000000e+00
     vertex  1.120235e+02 -8.379594e+01  0.000000e+00
   endloop
 endfacet
 facet normal  0.000000e+00  0.000000e+00 -1.000000e+00
   outer loop
     vertex  1.148058e+02 -8.189058e+01  0.000000e+00
     vertex  1.120235e+02 -8.379594e+01  0.000000e+00
     vertex  1.119135e+02 -8.378146e+01  0.000000e+00
   endloop
 endfacet
 facet normal  0.000000e+00  0.000000e+00 -1.000000e+00
   outer loop
     vertex  1.149007e+02 -8.166146e+01  0.000000e+00
     vertex  1.148058e+02 -8.189058e+01  0.000000e+00
     vertex  1.119135e+02 -8.378146e+01  0.000000e+00
   endloop
 endfacet
 facet normal  0.000000e+00  0.000000e+00 -1.000000e+00
   outer loop
     vertex  1.149007e+02 -8.166146e+01  0.000000e+00
     vertex  1.119135e+02 -8.378146e+01  0.000000e+00
     vertex  1.118035e+02 -8.379594e+01  0.000000e+00
   endloop
 endfacet
 facet normal  0.000000e+00 -0.000000e+00 -1.000000e+00
   outer loop
     vertex  1.086115e+02 -7.506246e+01  0.000000e+00
     vertex  1.115029e+02 -8.409646e+01  0.000000e+00
     vertex  9.692746e+01 -8.268246e+01  0.000000e+00
   endloop
 endfacet
 facet normal  0.000000e+00  0.000000e+00 -1.000000e+00
   outer loop
     vertex  1.086115e+02 -7.506246e+01  0.000000e+00
     vertex  1.115454e+02 -8.399396e+01  0.000000e+00
     vertex  1.115029e+02 -8.409646e+01  0.000000e+00
   endloop
 endfacet
 facet normal  0.000000e+00  0.000000e+00 -1.000000e+00
   outer loop
     vertex  1.086115e+02 -7.506246e+01  0.000000e+00
     vertex  1.116129e+02 -8.390594e+01  0.000000e+00
     vertex  1.115454e+02 -8.399396e+01  0.000000e+00
   endloop
 endfacet
 facet normal  0.000000e+00  0.000000e+00 -1.000000e+00
   outer loop
     vertex  1.086115e+02 -7.506246e+01  0.000000e+00
     vertex  1.117010e+02 -8.383840e+01  0.000000e+00
     vertex  1.116129e+02 -8.390594e+01  0.000000e+00
   endloop
 endfacet
 facet normal  0.000000e+00  0.000000e+00 -1.000000e+00
   outer loop
     vertex  1.086115e+02 -7.506246e+01  0.000000e+00
     vertex  1.118035e+02 -8.379594e+01  0.000000e+00
     vertex  1.117010e+02 -8.383840e+01  0.000000e+00
   endloop
 endfacet
 facet normal  0.000000e+00  0.000000e+00 -1.000000e+00
   outer loop
     vertex  1.086115e+02 -7.506246e+01  0.000000e+00
     vertex  1.149007e+02 -8.166146e+01  0.000000e+00
     vertex  1.118035e+02 -8.379594e+01  0.000000e+00
   endloop
 endfacet
 facet normal -0.000000e+00  0.000000e+00 -1.000000e+00
   outer loop
     vertex  1.150517e+02 -8.146471e+01  0.000000e+00
     vertex  1.149007e+02 -8.166146e+01  0.000000e+00
     vertex  1.086115e+02 -7.506246e+01  0.000000e+00
   endloop
 endfacet
 facet normal -0.000000e+00  0.000000e+00 -1.000000e+00
   outer loop
     vertex  1.152485e+02 -8.131373e+01  0.000000e+00
     vertex  1.150517e+02 -8.146471e+01  0.000000e+00
     vertex  1.086115e+02 -7.506246e+01  0.000000e+00
   endloop
 endfacet
 facet normal -0.000000e+00  0.000000e+00 -1.000000e+00
   outer loop
     vertex  1.154776e+02 -8.121883e+01  0.000000e+00
     vertex  1.152485e+02 -8.131373e+01  0.000000e+00
     vertex  1.086115e+02 -7.506246e+01  0.000000e+00
   endloop
 endfacet
 facet normal -0.000000e+00  0.000000e+00 -1.000000e+00
   outer loop
     vertex  1.157235e+02 -8.118646e+01  0.000000e+00
     vertex  1.154776e+02 -8.121883e+01  0.000000e+00
     vertex  1.086115e+02 -7.506246e+01  0.000000e+00
   endloop
 endfacet
 facet normal  0.000000e+00  0.000000e+00 -1.000000e+00
   outer loop
     vertex  1.192329e+02 -8.450698e+01  0.000000e+00
     vertex  1.122140e+02 -8.450698e+01  0.000000e+00
     vertex  1.157235e+02 -8.308646e+01  0.000000e+00
   endloop
 endfacet
 facet normal -0.000000e+00 -0.000000e+00 -1.000000e+00
   outer loop
     vertex  1.191654e+02 -8.441896e+01  0.000000e+00
     vertex  1.192329e+02 -8.450698e+01  0.000000e+00
     vertex  1.157235e+02 -8.308646e+01  0.000000e+00
   endloop
 endfacet
 facet normal  0.000000e+00  0.000000e+00 -1.000000e+00
   outer loop
     vertex  1.191654e+02 -8.441896e+01  0.000000e+00
     vertex  1.157235e+02 -8.308646e+01  0.000000e+00
     vertex  1.159693e+02 -8.305409e+01  0.000000e+00
   endloop
 endfacet
 facet normal  0.000000e+00  0.000000e+00 -1.000000e+00
   outer loop
     vertex  1.193210e+02 -8.457452e+01  0.000000e+00
     vertex  1.122140e+02 -8.450698e+01  0.000000e+00
     vertex  1.192329e+02 -8.450698e+01  0.000000e+00
   endloop
 endfacet
 facet normal -0.000000e+00  0.000000e+00 -1.000000e+00
   outer loop
     vertex  1.193210e+02 -8.457452e+01  0.000000e+00
     vertex  1.076070e+02 -9.513176e+01  0.000000e+00
     vertex  1.121260e+02 -8.457452e+01  0.000000e+00
   endloop
 endfacet
 facet normal  0.000000e+00  0.000000e+00 -1.000000e+00
   outer loop
     vertex  1.193210e+02 -8.457452e+01  0.000000e+00
     vertex  1.121260e+02 -8.457452e+01  0.000000e+00
     vertex  1.122140e+02 -8.450698e+01  0.000000e+00
   endloop
 endfacet
 facet normal  0.000000e+00  0.000000e+00 -1.000000e+00
   outer loop
     vertex  1.159693e+02 -8.121883e+01  0.000000e+00
     vertex  1.157235e+02 -8.118646e+01  0.000000e+00
     vertex  1.086115e+02 -7.506246e+01  0.000000e+00
   endloop
 endfacet
 facet normal  0.000000e+00  0.000000e+00 -1.000000e+00
   outer loop
     vertex  1.191229e+02 -8.431646e+01  0.000000e+00
     vertex  1.159693e+02 -8.305409e+01  0.000000e+00
     vertex  1.161985e+02 -8.295918e+01  0.000000e+00
   endloop
 endfacet
 facet normal -0.000000e+00 -0.000000e+00 -1.000000e+00
   outer loop
     vertex  1.191229e+02 -8.431646e+01  0.000000e+00
     vertex  1.191654e+02 -8.441896e+01  0.000000e+00
     vertex  1.159693e+02 -8.305409e+01  0.000000e+00
   endloop
 endfacet
 facet normal  0.000000e+00  0.000000e+00 -1.000000e+00
   outer loop
     vertex  1.194235e+02 -8.461698e+01  0.000000e+00
     vertex  1.076735e+02 -9.563646e+01  0.000000e+00
     vertex  1.076070e+02 -9.513176e+01  0.000000e+00
   endloop
 endfacet
 facet normal -0.000000e+00  0.000000e+00 -1.000000e+00
   outer loop
     vertex  1.194235e+02 -8.461698e+01  0.000000e+00
     vertex  1.076070e+02 -9.513176e+01  0.000000e+00
     vertex  1.193210e+02 -8.457452e+01  0.000000e+00
   endloop
 endfacet
 facet normal  0.000000e+00 -0.000000e+00 -1.000000e+00
   outer loop
     vertex  1.194235e+02 -8.461698e+01  0.000000e+00
     vertex  1.240735e+02 -1.035106e+02  0.000000e+00
     vertex  1.076735e+02 -9.563646e+01  0.000000e+00
   endloop
 endfacet
 facet normal  0.000000e+00  0.000000e+00 -1.000000e+00
   outer loop
     vertex  1.161985e+02 -8.131373e+01  0.000000e+00
     vertex  1.159693e+02 -8.121883e+01  0.000000e+00
     vertex  1.086115e+02 -7.506246e+01  0.000000e+00
   endloop
 endfacet
 facet normal -0.000000e+00 -0.000000e+00 -1.000000e+00
   outer loop
     vertex  1.191085e+02 -8.420646e+01  0.000000e+00
     vertex  1.191229e+02 -8.431646e+01  0.000000e+00
     vertex  1.161985e+02 -8.295918e+01  0.000000e+00
   endloop
 endfacet
 facet normal  0.000000e+00  0.000000e+00 -1.000000e+00
   outer loop
     vertex  1.191085e+02 -8.420646e+01  0.000000e+00
     vertex  1.161985e+02 -8.295918e+01  0.000000e+00
     vertex  1.163952e+02 -8.280821e+01  0.000000e+00
   endloop
 endfacet
 facet normal -0.000000e+00 -0.000000e+00 -1.000000e+00
   outer loop
     vertex  1.195335e+02 -8.463146e+01  0.000000e+00
     vertex  1.240735e+02 -1.035106e+02  0.000000e+00
     vertex  1.194235e+02 -8.461698e+01  0.000000e+00
   endloop
 endfacet
 facet normal  0.000000e+00  0.000000e+00 -1.000000e+00
   outer loop
     vertex  1.195335e+02 -8.463146e+01  0.000000e+00
     vertex  1.243870e+02 -1.033808e+02  0.000000e+00
     vertex  1.240735e+02 -1.035106e+02  0.000000e+00
   endloop
 endfacet
 facet normal  0.000000e+00 -0.000000e+00 -1.000000e+00
   outer loop
     vertex  1.196435e+02 -8.461698e+01  0.000000e+00
     vertex  1.243870e+02 -1.033808e+02  0.000000e+00
     vertex  1.195335e+02 -8.463146e+01  0.000000e+00
   endloop
 endfacet
 facet normal  0.000000e+00  0.000000e+00 -1.000000e+00
   outer loop
     vertex  1.196435e+02 -8.461698e+01  0.000000e+00
     vertex  1.247235e+02 -1.033365e+02  0.000000e+00
     vertex  1.243870e+02 -1.033808e+02  0.000000e+00
   endloop
 endfacet
 facet normal -0.000000e+00  0.000000e+00 -1.000000e+00
   outer loop
     vertex  1.191229e+02 -8.409646e+01  0.000000e+00
     vertex  1.191085e+02 -8.420646e+01  0.000000e+00
     vertex  1.163952e+02 -8.280821e+01  0.000000e+00
   endloop
 endfacet
 facet normal  0.000000e+00  0.000000e+00 -1.000000e+00
   outer loop
     vertex  1.191229e+02 -8.409646e+01  0.000000e+00
     vertex  1.163952e+02 -8.280821e+01  0.000000e+00
     vertex  1.165462e+02 -8.261146e+01  0.000000e+00
   endloop
 endfacet
 facet normal  0.000000e+00  0.000000e+00 -1.000000e+00
   outer loop
     vertex  1.191654e+02 -8.399396e+01  0.000000e+00
     vertex  1.165462e+02 -8.261146e+01  0.000000e+00
     vertex  1.166411e+02 -8.238234e+01  0.000000e+00
   endloop
 endfacet
 facet normal -0.000000e+00  0.000000e+00 -1.000000e+00
   outer loop
     vertex  1.191654e+02 -8.399396e+01  0.000000e+00
     vertex  1.191229e+02 -8.409646e+01  0.000000e+00
     vertex  1.165462e+02 -8.261146e+01  0.000000e+00
   endloop
 endfacet
 facet normal  0.000000e+00 -0.000000e+00 -1.000000e+00
   outer loop
     vertex  1.197460e+02 -8.457452e+01  0.000000e+00
     vertex  1.247235e+02 -1.033365e+02  0.000000e+00
     vertex  1.196435e+02 -8.461698e+01  0.000000e+00
   endloop
 endfacet
 facet normal  0.000000e+00 -0.000000e+00 -1.000000e+00
   outer loop
     vertex  1.198340e+02 -8.450698e+01  0.000000e+00
     vertex  1.247235e+02 -1.033365e+02  0.000000e+00
     vertex  1.197460e+02 -8.457452e+01  0.000000e+00
   endloop
 endfacet
 facet normal  0.000000e+00  0.000000e+00 -1.000000e+00
   outer loop
     vertex  1.198340e+02 -8.450698e+01  0.000000e+00
     vertex  1.250599e+02 -1.033808e+02  0.000000e+00
     vertex  1.247235e+02 -1.033365e+02  0.000000e+00
   endloop
 endfacet
 facet normal -0.000000e+00  0.000000e+00 -1.000000e+00
   outer loop
     vertex  1.192329e+02 -8.390594e+01  0.000000e+00
     vertex  1.191654e+02 -8.399396e+01  0.000000e+00
     vertex  1.166411e+02 -8.238234e+01  0.000000e+00
   endloop
 endfacet
 facet normal  0.000000e+00  0.000000e+00 -1.000000e+00
   outer loop
     vertex  1.193210e+02 -8.383840e+01  0.000000e+00
     vertex  1.166411e+02 -8.238234e+01  0.000000e+00
     vertex  1.166735e+02 -8.213646e+01  0.000000e+00
   endloop
 endfacet
 facet normal -0.000000e+00  0.000000e+00 -1.000000e+00
   outer loop
     vertex  1.193210e+02 -8.383840e+01  0.000000e+00
     vertex  1.192329e+02 -8.390594e+01  0.000000e+00
     vertex  1.166411e+02 -8.238234e+01  0.000000e+00
   endloop
 endfacet
 facet normal  0.000000e+00 -0.000000e+00 -1.000000e+00
   outer loop
     vertex  1.199015e+02 -8.441896e+01  0.000000e+00
     vertex  1.250599e+02 -1.033808e+02  0.000000e+00
     vertex  1.198340e+02 -8.450698e+01  0.000000e+00
   endloop
 endfacet
 facet normal  0.000000e+00  0.000000e+00 -1.000000e+00
   outer loop
     vertex  1.199015e+02 -8.441896e+01  0.000000e+00
     vertex  1.253735e+02 -1.035106e+02  0.000000e+00
     vertex  1.250599e+02 -1.033808e+02  0.000000e+00
   endloop
 endfacet
 facet normal -0.000000e+00  0.000000e+00 -1.000000e+00
   outer loop
     vertex  1.194235e+02 -8.379594e+01  0.000000e+00
     vertex  1.193210e+02 -8.383840e+01  0.000000e+00
     vertex  1.166735e+02 -8.213646e+01  0.000000e+00
   endloop
 endfacet
 facet normal  0.000000e+00  0.000000e+00 -1.000000e+00
   outer loop
     vertex  1.194235e+02 -8.379594e+01  0.000000e+00
     vertex  1.166735e+02 -8.213646e+01  0.000000e+00
     vertex  1.166411e+02 -8.189058e+01  0.000000e+00
   endloop
 endfacet
 facet normal  0.000000e+00  0.000000e+00 -1.000000e+00
   outer loop
     vertex  1.195335e+02 -8.378146e+01  0.000000e+00
     vertex  1.166411e+02 -8.189058e+01  0.000000e+00
     vertex  1.165462e+02 -8.166146e+01  0.000000e+00
   endloop
 endfacet
 facet normal -0.000000e+00  0.000000e+00 -1.000000e+00
   outer loop
     vertex  1.195335e+02 -8.378146e+01  0.000000e+00
     vertex  1.194235e+02 -8.379594e+01  0.000000e+00
     vertex  1.166411e+02 -8.189058e+01  0.000000e+00
   endloop
 endfacet
 facet normal  0.000000e+00  0.000000e+00 -1.000000e+00
   outer loop
     vertex  1.196435e+02 -8.379594e+01  0.000000e+00
     vertex  1.165462e+02 -8.166146e+01  0.000000e+00
     vertex  1.163952e+02 -8.146471e+01  0.000000e+00
   endloop
 endfacet
 facet normal  0.000000e+00  0.000000e+00 -1.000000e+00
   outer loop
     vertex  1.196435e+02 -8.379594e+01  0.000000e+00
     vertex  1.195335e+02 -8.378146e+01  0.000000e+00
     vertex  1.165462e+02 -8.166146e+01  0.000000e+00
   endloop
 endfacet
 facet normal  0.000000e+00  0.000000e+00 -1.000000e+00
   outer loop
     vertex  1.197460e+02 -8.383840e+01  0.000000e+00
     vertex  1.196435e+02 -8.379594e+01  0.000000e+00
     vertex  1.163952e+02 -8.146471e+01  0.000000e+00
   endloop
 endfacet
 facet normal  0.000000e+00  0.000000e+00 -1.000000e+00
   outer loop
     vertex  1.695715e+02 -1.263705e+02  0.000000e+00
     vertex  1.517142e+02 -1.250232e+02  0.000000e+00
     vertex  1.517540e+02 -1.249715e+02  0.000000e+00
   endloop
 endfacet
 facet normal  0.000000e+00  0.000000e+00 -1.000000e+00
   outer loop
     vertex  1.695715e+02 -1.263705e+02  0.000000e+00
     vertex  1.516625e+02 -1.250630e+02  0.000000e+00
     vertex  1.517142e+02 -1.250232e+02  0.000000e+00
   endloop
 endfacet
 facet normal  0.000000e+00  0.000000e+00 -1.000000e+00
   outer loop
     vertex  1.695715e+02 -1.263705e+02  0.000000e+00
     vertex  1.516022e+02 -1.250879e+02  0.000000e+00
     vertex  1.516625e+02 -1.250630e+02  0.000000e+00
   endloop
 endfacet
 facet normal  0.000000e+00  0.000000e+00 -1.000000e+00
   outer loop
     vertex  1.695715e+02 -1.263705e+02  0.000000e+00
     vertex  1.517540e+02 -1.247215e+02  0.000000e+00
     vertex  1.517142e+02 -1.246697e+02  0.000000e+00
   endloop
 endfacet
 facet normal  0.000000e+00  0.000000e+00 -1.000000e+00
   outer loop
     vertex  1.695715e+02 -1.263705e+02  0.000000e+00
     vertex  1.517789e+02 -1.247818e+02  0.000000e+00
     vertex  1.517540e+02 -1.247215e+02  0.000000e+00
   endloop
 endfacet
 facet normal  0.000000e+00  0.000000e+00 -1.000000e+00
   outer loop
     vertex  1.695715e+02 -1.263705e+02  0.000000e+00
     vertex  1.517875e+02 -1.248465e+02  0.000000e+00
     vertex  1.517789e+02 -1.247818e+02  0.000000e+00
   endloop
 endfacet
 facet normal  0.000000e+00  0.000000e+00 -1.000000e+00
   outer loop
     vertex  1.695715e+02 -1.263705e+02  0.000000e+00
     vertex  1.517789e+02 -1.249112e+02  0.000000e+00
     vertex  1.517875e+02 -1.248465e+02  0.000000e+00
   endloop
 endfacet
 facet normal  0.000000e+00  0.000000e+00 -1.000000e+00
   outer loop
     vertex  1.695715e+02 -1.263705e+02  0.000000e+00
     vertex  1.517540e+02 -1.249715e+02  0.000000e+00
     vertex  1.517789e+02 -1.249112e+02  0.000000e+00
   endloop
 endfacet
 facet normal  0.000000e+00  0.000000e+00 -1.000000e+00
   outer loop
     vertex  1.481302e+02 -1.033617e+02  0.000000e+00
     vertex  1.309260e+02 -1.196415e+02  0.000000e+00
     vertex  1.308862e+02 -1.195897e+02  0.000000e+00
   endloop
 endfacet
 facet normal  0.000000e+00  0.000000e+00 -1.000000e+00
   outer loop
     vertex  1.482355e+02 -1.034424e+02  0.000000e+00
     vertex  1.504125e+02 -1.246300e+02  0.000000e+00
     vertex  1.503607e+02 -1.246697e+02  0.000000e+00
   endloop
 endfacet
 facet normal  0.000000e+00 -0.000000e+00 -1.000000e+00
   outer loop
     vertex  1.482355e+02 -1.034424e+02  0.000000e+00
     vertex  1.503607e+02 -1.246697e+02  0.000000e+00
     vertex  1.309260e+02 -1.196415e+02  0.000000e+00
   endloop
 endfacet
 facet normal -0.000000e+00  0.000000e+00 -1.000000e+00
   outer loop
     vertex  1.482355e+02 -1.034424e+02  0.000000e+00
     vertex  1.309260e+02 -1.196415e+02  0.000000e+00
     vertex  1.481302e+02 -1.033617e+02  0.000000e+00
   endloop
 endfacet
 facet normal  0.000000e+00 -0.000000e+00 -1.000000e+00
   outer loop
     vertex  1.480495e+02 -1.032565e+02  0.000000e+00
     vertex  1.481302e+02 -1.033617e+02  0.000000e+00
     vertex  1.308862e+02 -1.195897e+02  0.000000e+00
   endloop
 endfacet
 facet normal  0.000000e+00  0.000000e+00 -1.000000e+00
   outer loop
     vertex  1.480495e+02 -1.032565e+02  0.000000e+00
     vertex  1.308862e+02 -1.195897e+02  0.000000e+00
     vertex  1.308345e+02 -1.195500e+02  0.000000e+00
   endloop
 endfacet
 facet normal  0.000000e+00  0.000000e+00 -1.000000e+00
   outer loop
     vertex  1.480495e+02 -1.032565e+02  0.000000e+00
     vertex  1.308345e+02 -1.195500e+02  0.000000e+00
     vertex  1.259792e+02 -1.049729e+02  0.000000e+00
   endloop
 endfacet
 facet normal -0.000000e+00 -0.000000e+00 -1.000000e+00
   outer loop
     vertex  1.483580e+02 -1.034931e+02  0.000000e+00
     vertex  1.504125e+02 -1.246300e+02  0.000000e+00
     vertex  1.482355e+02 -1.034424e+02  0.000000e+00
   endloop
 endfacet
 facet normal  0.000000e+00  0.000000e+00 -1.000000e+00
   outer loop
     vertex  1.483580e+02 -1.034931e+02  0.000000e+00
     vertex  1.504728e+02 -1.246050e+02  0.000000e+00
     vertex  1.504125e+02 -1.246300e+02  0.000000e+00
   endloop
 endfacet
 facet normal  0.000000e+00  0.000000e+00 -1.000000e+00
   outer loop
     vertex  1.479988e+02 -1.031339e+02  0.000000e+00
     vertex  1.259792e+02 -1.049729e+02  0.000000e+00
     vertex  1.260235e+02 -1.046365e+02  0.000000e+00
   endloop
 endfacet
 facet normal  0.000000e+00 -0.000000e+00 -1.000000e+00
   outer loop
     vertex  1.479988e+02 -1.031339e+02  0.000000e+00
     vertex  1.480495e+02 -1.032565e+02  0.000000e+00
     vertex  1.259792e+02 -1.049729e+02  0.000000e+00
   endloop
 endfacet
 facet normal -0.000000e+00 -0.000000e+00 -1.000000e+00
   outer loop
     vertex  1.484895e+02 -1.035105e+02  0.000000e+00
     vertex  1.504728e+02 -1.246050e+02  0.000000e+00
     vertex  1.483580e+02 -1.034931e+02  0.000000e+00
   endloop
 endfacet
 facet normal  0.000000e+00  0.000000e+00 -1.000000e+00
   outer loop
     vertex  1.484895e+02 -1.035105e+02  0.000000e+00
     vertex  1.505375e+02 -1.245965e+02  0.000000e+00
     vertex  1.504728e+02 -1.246050e+02  0.000000e+00
   endloop
 endfacet
 facet normal  0.000000e+00 -0.000000e+00 -1.000000e+00
   outer loop
     vertex  1.479815e+02 -1.030025e+02  0.000000e+00
     vertex  1.479988e+02 -1.031339e+02  0.000000e+00
     vertex  1.260235e+02 -1.046365e+02  0.000000e+00
   endloop
 endfacet
 facet normal  0.000000e+00  0.000000e+00 -1.000000e+00
   outer loop
     vertex  1.479815e+02 -1.030025e+02  0.000000e+00
     vertex  1.260235e+02 -1.046365e+02  0.000000e+00
     vertex  1.259792e+02 -1.043000e+02  0.000000e+00
   endloop
 endfacet
 facet normal  0.000000e+00 -0.000000e+00 -1.000000e+00
   outer loop
     vertex  1.486209e+02 -1.034931e+02  0.000000e+00
     vertex  1.505375e+02 -1.245965e+02  0.000000e+00
     vertex  1.484895e+02 -1.035105e+02  0.000000e+00
   endloop
 endfacet
 facet normal  0.000000e+00  0.000000e+00 -1.000000e+00
   outer loop
     vertex  1.430502e+02 -9.320167e+01  0.000000e+00
     vertex  1.259792e+02 -1.043000e+02  0.000000e+00
     vertex  1.258493e+02 -1.039865e+02  0.000000e+00
   endloop
 endfacet
 facet normal -0.000000e+00  0.000000e+00 -1.000000e+00
   outer loop
     vertex  1.533155e+02 -1.034424e+02  0.000000e+00
     vertex  1.487435e+02 -1.034424e+02  0.000000e+00
     vertex  1.488487e+02 -1.033617e+02  0.000000e+00
   endloop
 endfacet
 facet normal  0.000000e+00  0.000000e+00 -1.000000e+00
   outer loop
     vertex  1.533155e+02 -1.034424e+02  0.000000e+00
     vertex  1.486209e+02 -1.034931e+02  0.000000e+00
     vertex  1.487435e+02 -1.034424e+02  0.000000e+00
   endloop
 endfacet
 facet normal  0.000000e+00  0.000000e+00 -1.000000e+00
   outer loop
     vertex  1.533155e+02 -1.034424e+02  0.000000e+00
     vertex  1.488487e+02 -1.033617e+02  0.000000e+00
     vertex  1.532102e+02 -1.033617e+02  0.000000e+00
   endloop
 endfacet
 facet normal  0.000000e+00  0.000000e+00 -1.000000e+00
   outer loop
     vertex  1.429695e+02 -9.309646e+01  0.000000e+00
     vertex  1.258493e+02 -1.039865e+02  0.000000e+00
     vertex  1.256427e+02 -1.037172e+02  0.000000e+00
   endloop
 endfacet
 facet normal  0.000000e+00 -0.000000e+00 -1.000000e+00
   outer loop
     vertex  1.429695e+02 -9.309646e+01  0.000000e+00
     vertex  1.430502e+02 -9.320167e+01  0.000000e+00
     vertex  1.258493e+02 -1.039865e+02  0.000000e+00
   endloop
 endfacet
 facet normal  0.000000e+00  0.000000e+00 -1.000000e+00
   outer loop
     vertex  1.531295e+02 -1.032565e+02  0.000000e+00
     vertex  1.488487e+02 -1.033617e+02  0.000000e+00
     vertex  1.489294e+02 -1.032565e+02  0.000000e+00
   endloop
 endfacet
 facet normal  0.000000e+00 -0.000000e+00 -1.000000e+00
   outer loop
     vertex  1.531295e+02 -1.032565e+02  0.000000e+00
     vertex  1.532102e+02 -1.033617e+02  0.000000e+00
     vertex  1.488487e+02 -1.033617e+02  0.000000e+00
   endloop
 endfacet
 facet normal  0.000000e+00  0.000000e+00 -1.000000e+00
   outer loop
     vertex  1.431555e+02 -9.328240e+01  0.000000e+00
     vertex  1.479988e+02 -1.028710e+02  0.000000e+00
     vertex  1.479815e+02 -1.030025e+02  0.000000e+00
   endloop
 endfacet
 facet normal  0.000000e+00 -0.000000e+00 -1.000000e+00
   outer loop
     vertex  1.431555e+02 -9.328240e+01  0.000000e+00
     vertex  1.479815e+02 -1.030025e+02  0.000000e+00
     vertex  1.259792e+02 -1.043000e+02  0.000000e+00
   endloop
 endfacet
 facet normal -0.000000e+00  0.000000e+00 -1.000000e+00
   outer loop
     vertex  1.431555e+02 -9.328240e+01  0.000000e+00
     vertex  1.259792e+02 -1.043000e+02  0.000000e+00
     vertex  1.430502e+02 -9.320167e+01  0.000000e+00
   endloop
 endfacet
 facet normal  0.000000e+00 -0.000000e+00 -1.000000e+00
   outer loop
     vertex  1.530788e+02 -1.031339e+02  0.000000e+00
     vertex  1.531295e+02 -1.032565e+02  0.000000e+00
     vertex  1.489294e+02 -1.032565e+02  0.000000e+00
   endloop
 endfacet
 facet normal  0.000000e+00  0.000000e+00 -1.000000e+00
   outer loop
     vertex  1.530788e+02 -1.031339e+02  0.000000e+00
     vertex  1.489294e+02 -1.032565e+02  0.000000e+00
     vertex  1.489801e+02 -1.031339e+02  0.000000e+00
   endloop
 endfacet
 facet normal  0.000000e+00  0.000000e+00 -1.000000e+00
   outer loop
     vertex  1.534380e+02 -1.034931e+02  0.000000e+00
     vertex  1.505375e+02 -1.245965e+02  0.000000e+00
     vertex  1.486209e+02 -1.034931e+02  0.000000e+00
   endloop
 endfacet
 facet normal -0.000000e+00  0.000000e+00 -1.000000e+00
   outer loop
     vertex  1.534380e+02 -1.034931e+02  0.000000e+00
     vertex  1.486209e+02 -1.034931e+02  0.000000e+00
     vertex  1.533155e+02 -1.034424e+02  0.000000e+00
   endloop
 endfacet
 facet normal  0.000000e+00  0.000000e+00 -1.000000e+00
   outer loop
     vertex  1.534380e+02 -1.034931e+02  0.000000e+00
     vertex  1.515375e+02 -1.245965e+02  0.000000e+00
     vertex  1.505375e+02 -1.245965e+02  0.000000e+00
   endloop
 endfacet
 facet normal  0.000000e+00  0.000000e+00 -1.000000e+00
   outer loop
     vertex  1.429188e+02 -9.297394e+01  0.000000e+00
     vertex  1.256427e+02 -1.037172e+02  0.000000e+00
     vertex  1.253735e+02 -1.035106e+02  0.000000e+00
   endloop
 endfacet
 facet normal  0.000000e+00 -0.000000e+00 -1.000000e+00
   outer loop
     vertex  1.429188e+02 -9.297394e+01  0.000000e+00
     vertex  1.429695e+02 -9.309646e+01  0.000000e+00
     vertex  1.256427e+02 -1.037172e+02  0.000000e+00
   endloop
 endfacet
 facet normal  0.000000e+00  0.000000e+00 -1.000000e+00
   outer loop
     vertex  1.432780e+02 -9.333315e+01  0.000000e+00
     vertex  1.480495e+02 -1.027485e+02  0.000000e+00
     vertex  1.479988e+02 -1.028710e+02  0.000000e+00
   endloop
 endfacet
 facet normal -0.000000e+00 -0.000000e+00 -1.000000e+00
   outer loop
     vertex  1.432780e+02 -9.333315e+01  0.000000e+00
     vertex  1.479988e+02 -1.028710e+02  0.000000e+00
     vertex  1.431555e+02 -9.328240e+01  0.000000e+00
   endloop
 endfacet
 facet normal -0.000000e+00  0.000000e+00 -1.000000e+00
   outer loop
     vertex  1.535695e+02 -1.035105e+02  0.000000e+00
     vertex  1.515375e+02 -1.245965e+02  0.000000e+00
     vertex  1.534380e+02 -1.034931e+02  0.000000e+00
   endloop
 endfacet
 facet normal  0.000000e+00  0.000000e+00 -1.000000e+00
   outer loop
     vertex  1.535695e+02 -1.035105e+02  0.000000e+00
     vertex  1.516022e+02 -1.246050e+02  0.000000e+00
     vertex  1.515375e+02 -1.245965e+02  0.000000e+00
   endloop
 endfacet
 facet normal  0.000000e+00 -0.000000e+00 -1.000000e+00
   outer loop
     vertex  1.530615e+02 -1.030025e+02  0.000000e+00
     vertex  1.530788e+02 -1.031339e+02  0.000000e+00
     vertex  1.489801e+02 -1.031339e+02  0.000000e+00
   endloop
 endfacet
 facet normal -0.000000e+00  0.000000e+00 -1.000000e+00
   outer loop
     vertex  1.530615e+02 -1.030025e+02  0.000000e+00
     vertex  1.489975e+02 -1.030025e+02  0.000000e+00
     vertex  1.489801e+02 -1.028710e+02  0.000000e+00
   endloop
 endfacet
 facet normal  0.000000e+00  0.000000e+00 -1.000000e+00
   outer loop
     vertex  1.530615e+02 -1.030025e+02  0.000000e+00
     vertex  1.489801e+02 -1.031339e+02  0.000000e+00
     vertex  1.489975e+02 -1.030025e+02  0.000000e+00
   endloop
 endfacet
 facet normal  0.000000e+00 -0.000000e+00 -1.000000e+00
   outer loop
     vertex  1.429015e+02 -9.284246e+01  0.000000e+00
     vertex  1.429188e+02 -9.297394e+01  0.000000e+00
     vertex  1.253735e+02 -1.035106e+02  0.000000e+00
   endloop
 endfacet
 facet normal -0.000000e+00  0.000000e+00 -1.000000e+00
   outer loop
     vertex  1.429015e+02 -9.284246e+01  0.000000e+00
     vertex  1.253735e+02 -1.035106e+02  0.000000e+00
     vertex  1.199015e+02 -8.441896e+01  0.000000e+00
   endloop
 endfacet
 facet normal  0.000000e+00  0.000000e+00 -1.000000e+00
   outer loop
     vertex  1.434095e+02 -9.335046e+01  0.000000e+00
     vertex  1.481302e+02 -1.026432e+02  0.000000e+00
     vertex  1.480495e+02 -1.027485e+02  0.000000e+00
   endloop
 endfacet
 facet normal -0.000000e+00 -0.000000e+00 -1.000000e+00
   outer loop
     vertex  1.434095e+02 -9.335046e+01  0.000000e+00
     vertex  1.480495e+02 -1.027485e+02  0.000000e+00
     vertex  1.432780e+02 -9.333315e+01  0.000000e+00
   endloop
 endfacet
 facet normal  0.000000e+00  0.000000e+00 -1.000000e+00
   outer loop
     vertex  1.537009e+02 -1.034931e+02  0.000000e+00
     vertex  1.516022e+02 -1.246050e+02  0.000000e+00
     vertex  1.535695e+02 -1.035105e+02  0.000000e+00
   endloop
 endfacet
 facet normal  0.000000e+00  0.000000e+00 -1.000000e+00
   outer loop
     vertex  1.537009e+02 -1.034931e+02  0.000000e+00
     vertex  1.516625e+02 -1.246300e+02  0.000000e+00
     vertex  1.516022e+02 -1.246050e+02  0.000000e+00
   endloop
 endfacet
 facet normal  0.000000e+00  0.000000e+00 -1.000000e+00
   outer loop
     vertex  1.530788e+02 -1.028710e+02  0.000000e+00
     vertex  1.530615e+02 -1.030025e+02  0.000000e+00
     vertex  1.489801e+02 -1.028710e+02  0.000000e+00
   endloop
 endfacet
 facet normal  0.000000e+00  0.000000e+00 -1.000000e+00
   outer loop
     vertex  1.435409e+02 -9.333315e+01  0.000000e+00
     vertex  1.482355e+02 -1.025625e+02  0.000000e+00
     vertex  1.481302e+02 -1.026432e+02  0.000000e+00
   endloop
 endfacet
 facet normal  0.000000e+00 -0.000000e+00 -1.000000e+00
   outer loop
     vertex  1.435409e+02 -9.333315e+01  0.000000e+00
     vertex  1.481302e+02 -1.026432e+02  0.000000e+00
     vertex  1.434095e+02 -9.335046e+01  0.000000e+00
   endloop
 endfacet
 facet normal  0.000000e+00  0.000000e+00 -1.000000e+00
   outer loop
     vertex  1.531295e+02 -1.027485e+02  0.000000e+00
     vertex  1.530788e+02 -1.028710e+02  0.000000e+00
     vertex  1.489801e+02 -1.028710e+02  0.000000e+00
   endloop
 endfacet
 facet normal -0.000000e+00  0.000000e+00 -1.000000e+00
   outer loop
     vertex  1.531295e+02 -1.027485e+02  0.000000e+00
     vertex  1.489294e+02 -1.027485e+02  0.000000e+00
     vertex  1.488487e+02 -1.026432e+02  0.000000e+00
   endloop
 endfacet
 facet normal  0.000000e+00  0.000000e+00 -1.000000e+00
   outer loop
     vertex  1.531295e+02 -1.027485e+02  0.000000e+00
     vertex  1.489801e+02 -1.028710e+02  0.000000e+00
     vertex  1.489294e+02 -1.027485e+02  0.000000e+00
   endloop
 endfacet
 facet normal  0.000000e+00  0.000000e+00 -1.000000e+00
   outer loop
     vertex  1.436635e+02 -9.328240e+01  0.000000e+00
     vertex  1.483580e+02 -1.025118e+02  0.000000e+00
     vertex  1.482355e+02 -1.025625e+02  0.000000e+00
   endloop
 endfacet
 facet normal  0.000000e+00 -0.000000e+00 -1.000000e+00
   outer loop
     vertex  1.436635e+02 -9.328240e+01  0.000000e+00
     vertex  1.482355e+02 -1.025625e+02  0.000000e+00
     vertex  1.435409e+02 -9.333315e+01  0.000000e+00
   endloop
 endfacet
 facet normal  0.000000e+00  0.000000e+00 -1.000000e+00
   outer loop
     vertex  1.538235e+02 -1.034424e+02  0.000000e+00
     vertex  1.516625e+02 -1.246300e+02  0.000000e+00
     vertex  1.537009e+02 -1.034931e+02  0.000000e+00
   endloop
 endfacet
 facet normal  0.000000e+00 -0.000000e+00 -1.000000e+00
   outer loop
     vertex  1.538235e+02 -1.034424e+02  0.000000e+00
     vertex  1.695715e+02 -1.263705e+02  0.000000e+00
     vertex  1.517142e+02 -1.246697e+02  0.000000e+00
   endloop
 endfacet
 facet normal  0.000000e+00  0.000000e+00 -1.000000e+00
   outer loop
     vertex  1.538235e+02 -1.034424e+02  0.000000e+00
     vertex  1.517142e+02 -1.246697e+02  0.000000e+00
     vertex  1.516625e+02 -1.246300e+02  0.000000e+00
   endloop
 endfacet
 facet normal  0.000000e+00  0.000000e+00 -1.000000e+00
   outer loop
     vertex  1.532102e+02 -1.026432e+02  0.000000e+00
     vertex  1.531295e+02 -1.027485e+02  0.000000e+00
     vertex  1.488487e+02 -1.026432e+02  0.000000e+00
   endloop
 endfacet
 facet normal  0.000000e+00  0.000000e+00 -1.000000e+00
   outer loop
     vertex  1.437687e+02 -9.320167e+01  0.000000e+00
     vertex  1.484895e+02 -1.024945e+02  0.000000e+00
     vertex  1.483580e+02 -1.025118e+02  0.000000e+00
   endloop
 endfacet
 facet normal  0.000000e+00 -0.000000e+00 -1.000000e+00
   outer loop
     vertex  1.437687e+02 -9.320167e+01  0.000000e+00
     vertex  1.483580e+02 -1.025118e+02  0.000000e+00
     vertex  1.436635e+02 -9.328240e+01  0.000000e+00
   endloop
 endfacet
 facet normal  0.000000e+00 -0.000000e+00 -1.000000e+00
   outer loop
     vertex  1.539287e+02 -1.033617e+02  0.000000e+00
     vertex  1.695715e+02 -1.263705e+02  0.000000e+00
     vertex  1.538235e+02 -1.034424e+02  0.000000e+00
   endloop
 endfacet
 facet normal  0.000000e+00 -0.000000e+00 -1.000000e+00
   outer loop
     vertex  1.540094e+02 -1.032565e+02  0.000000e+00
     vertex  1.695715e+02 -1.263705e+02  0.000000e+00
     vertex  1.539287e+02 -1.033617e+02  0.000000e+00
   endloop
 endfacet
 facet normal  0.000000e+00  0.000000e+00 -1.000000e+00
   outer loop
     vertex  1.438494e+02 -9.309646e+01  0.000000e+00
     vertex  1.486209e+02 -1.025118e+02  0.000000e+00
     vertex  1.484895e+02 -1.024945e+02  0.000000e+00
   endloop
 endfacet
 facet normal  0.000000e+00 -0.000000e+00 -1.000000e+00
   outer loop
     vertex  1.438494e+02 -9.309646e+01  0.000000e+00
     vertex  1.484895e+02 -1.024945e+02  0.000000e+00
     vertex  1.437687e+02 -9.320167e+01  0.000000e+00
   endloop
 endfacet
 facet normal -0.000000e+00  0.000000e+00 -1.000000e+00
   outer loop
     vertex  1.533155e+02 -1.025625e+02  0.000000e+00
     vertex  1.487435e+02 -1.025625e+02  0.000000e+00
     vertex  1.486209e+02 -1.025118e+02  0.000000e+00
   endloop
 endfacet
 facet normal  0.000000e+00  0.000000e+00 -1.000000e+00
   outer loop
     vertex  1.533155e+02 -1.025625e+02  0.000000e+00
     vertex  1.488487e+02 -1.026432e+02  0.000000e+00
     vertex  1.487435e+02 -1.025625e+02  0.000000e+00
   endloop
 endfacet
 facet normal  0.000000e+00  0.000000e+00 -1.000000e+00
   outer loop
     vertex  1.533155e+02 -1.025625e+02  0.000000e+00
     vertex  1.532102e+02 -1.026432e+02  0.000000e+00
     vertex  1.488487e+02 -1.026432e+02  0.000000e+00
   endloop
 endfacet
 facet normal  0.000000e+00 -0.000000e+00 -1.000000e+00
   outer loop
     vertex  1.540601e+02 -1.031339e+02  0.000000e+00
     vertex  1.695715e+02 -1.263705e+02  0.000000e+00
     vertex  1.540094e+02 -1.032565e+02  0.000000e+00
   endloop
 endfacet
 facet normal  0.000000e+00 -0.000000e+00 -1.000000e+00
   outer loop
     vertex  1.439001e+02 -9.297394e+01  0.000000e+00
     vertex  1.486209e+02 -1.025118e+02  0.000000e+00
     vertex  1.438494e+02 -9.309646e+01  0.000000e+00
   endloop
 endfacet
 facet normal -0.000000e+00  0.000000e+00 -1.000000e+00
   outer loop
     vertex  1.534380e+02 -1.025118e+02  0.000000e+00
     vertex  1.486209e+02 -1.025118e+02  0.000000e+00
     vertex  1.439001e+02 -9.297394e+01  0.000000e+00
   endloop
 endfacet
 facet normal  0.000000e+00  0.000000e+00 -1.000000e+00
   outer loop
     vertex  1.534380e+02 -1.025118e+02  0.000000e+00
     vertex  1.533155e+02 -1.025625e+02  0.000000e+00
     vertex  1.486209e+02 -1.025118e+02  0.000000e+00
   endloop
 endfacet
 facet normal  0.000000e+00 -0.000000e+00 -1.000000e+00
   outer loop
     vertex  1.429695e+02 -9.055646e+01  0.000000e+00
     vertex  1.429695e+02 -9.258846e+01  0.000000e+00
     vertex  1.429188e+02 -9.271098e+01  0.000000e+00
   endloop
 endfacet
 facet normal  0.000000e+00  0.000000e+00 -1.000000e+00
   outer loop
     vertex  1.429695e+02 -9.055646e+01  0.000000e+00
     vertex  1.430502e+02 -9.248325e+01  0.000000e+00
     vertex  1.429695e+02 -9.258846e+01  0.000000e+00
   endloop
 endfacet
 facet normal  0.000000e+00  0.000000e+00 -1.000000e+00
   outer loop
     vertex  1.429695e+02 -9.055646e+01  0.000000e+00
     vertex  1.430502e+02 -9.066167e+01  0.000000e+00
     vertex  1.430502e+02 -9.248325e+01  0.000000e+00
   endloop
 endfacet
 facet normal  0.000000e+00 -0.000000e+00 -1.000000e+00
   outer loop
     vertex  1.431555e+02 -9.074240e+01  0.000000e+00
     vertex  1.431555e+02 -9.240252e+01  0.000000e+00
     vertex  1.430502e+02 -9.248325e+01  0.000000e+00
   endloop
 endfacet
 facet normal  0.000000e+00  0.000000e+00 -1.000000e+00
   outer loop
     vertex  1.431555e+02 -9.074240e+01  0.000000e+00
     vertex  1.432780e+02 -9.235177e+01  0.000000e+00
     vertex  1.431555e+02 -9.240252e+01  0.000000e+00
   endloop
 endfacet
 facet normal -0.000000e+00  0.000000e+00 -1.000000e+00
   outer loop
     vertex  1.431555e+02 -9.074240e+01  0.000000e+00
     vertex  1.430502e+02 -9.248325e+01  0.000000e+00
     vertex  1.430502e+02 -9.066167e+01  0.000000e+00
   endloop
 endfacet
 facet normal  0.000000e+00  0.000000e+00 -1.000000e+00
   outer loop
     vertex  1.429188e+02 -9.043394e+01  0.000000e+00
     vertex  1.429695e+02 -9.055646e+01  0.000000e+00
     vertex  1.429188e+02 -9.271098e+01  0.000000e+00
   endloop
 endfacet
 facet normal -0.000000e+00 -0.000000e+00 -1.000000e+00
   outer loop
     vertex  1.432780e+02 -9.079315e+01  0.000000e+00
     vertex  1.432780e+02 -9.235177e+01  0.000000e+00
     vertex  1.431555e+02 -9.074240e+01  0.000000e+00
   endloop
 endfacet
 facet normal  0.000000e+00  0.000000e+00 -1.000000e+00
   outer loop
     vertex  1.432780e+02 -9.079315e+01  0.000000e+00
     vertex  1.434095e+02 -9.233446e+01  0.000000e+00
     vertex  1.432780e+02 -9.235177e+01  0.000000e+00
   endloop
 endfacet
 facet normal  0.000000e+00  0.000000e+00 -1.000000e+00
   outer loop
     vertex  1.429015e+02 -9.030246e+01  0.000000e+00
     vertex  1.429188e+02 -9.043394e+01  0.000000e+00
     vertex  1.429188e+02 -9.271098e+01  0.000000e+00
   endloop
 endfacet
 facet normal -0.000000e+00 -0.000000e+00 -1.000000e+00
   outer loop
     vertex  1.429015e+02 -9.030246e+01  0.000000e+00
     vertex  1.429015e+02 -9.284246e+01  0.000000e+00
     vertex  1.199015e+02 -8.441896e+01  0.000000e+00
   endloop
 endfacet
 facet normal  0.000000e+00  0.000000e+00 -1.000000e+00
   outer loop
     vertex  1.429015e+02 -9.030246e+01  0.000000e+00
     vertex  1.429188e+02 -9.271098e+01  0.000000e+00
     vertex  1.429015e+02 -9.284246e+01  0.000000e+00
   endloop
 endfacet
 facet normal -0.000000e+00 -0.000000e+00 -1.000000e+00
   outer loop
     vertex  1.434095e+02 -9.081046e+01  0.000000e+00
     vertex  1.434095e+02 -9.233446e+01  0.000000e+00
     vertex  1.432780e+02 -9.079315e+01  0.000000e+00
   endloop
 endfacet
 facet normal  0.000000e+00  0.000000e+00 -1.000000e+00
   outer loop
     vertex  1.434095e+02 -9.081046e+01  0.000000e+00
     vertex  1.435409e+02 -9.235177e+01  0.000000e+00
     vertex  1.434095e+02 -9.233446e+01  0.000000e+00
   endloop
 endfacet
 facet normal  0.000000e+00 -0.000000e+00 -1.000000e+00
   outer loop
     vertex  1.435409e+02 -9.079315e+01  0.000000e+00
     vertex  1.435409e+02 -9.235177e+01  0.000000e+00
     vertex  1.434095e+02 -9.081046e+01  0.000000e+00
   endloop
 endfacet
 facet normal  0.000000e+00  0.000000e+00 -1.000000e+00
   outer loop
     vertex  1.436635e+02 -9.074240e+01  0.000000e+00
     vertex  1.435409e+02 -9.235177e+01  0.000000e+00
     vertex  1.435409e+02 -9.079315e+01  0.000000e+00
   endloop
 endfacet
 facet normal  0.000000e+00  0.000000e+00 -1.000000e+00
   outer loop
     vertex  1.436635e+02 -9.074240e+01  0.000000e+00
     vertex  1.436635e+02 -9.240252e+01  0.000000e+00
     vertex  1.435409e+02 -9.235177e+01  0.000000e+00
   endloop
 endfacet
 facet normal  0.000000e+00 -0.000000e+00 -1.000000e+00
   outer loop
     vertex  1.436635e+02 -9.074240e+01  0.000000e+00
     vertex  1.437687e+02 -9.248325e+01  0.000000e+00
     vertex  1.436635e+02 -9.240252e+01  0.000000e+00
   endloop
 endfacet
 facet normal  0.000000e+00 -0.000000e+00 -1.000000e+00
   outer loop
     vertex  1.437687e+02 -9.066167e+01  0.000000e+00
     vertex  1.438494e+02 -9.258846e+01  0.000000e+00
     vertex  1.437687e+02 -9.248325e+01  0.000000e+00
   endloop
 endfacet
 facet normal  0.000000e+00  0.000000e+00 -1.000000e+00
   outer loop
     vertex  1.437687e+02 -9.066167e+01  0.000000e+00
     vertex  1.437687e+02 -9.248325e+01  0.000000e+00
     vertex  1.436635e+02 -9.074240e+01  0.000000e+00
   endloop
 endfacet
 facet normal  0.000000e+00 -0.000000e+00 -1.000000e+00
   outer loop
     vertex  1.438494e+02 -9.055646e+01  0.000000e+00
     vertex  1.438494e+02 -9.258846e+01  0.000000e+00
     vertex  1.437687e+02 -9.066167e+01  0.000000e+00
   endloop
 endfacet
 facet normal  0.000000e+00  0.000000e+00 -1.000000e+00
   outer loop
     vertex  1.439001e+02 -9.043394e+01  0.000000e+00
     vertex  1.438494e+02 -9.258846e+01  0.000000e+00
     vertex  1.438494e+02 -9.055646e+01  0.000000e+00
   endloop
 endfacet
 facet normal  0.000000e+00 -0.000000e+00 -1.000000e+00
   outer loop
     vertex  1.439001e+02 -9.043394e+01  0.000000e+00
     vertex  1.439001e+02 -9.271098e+01  0.000000e+00
     vertex  1.438494e+02 -9.258846e+01  0.000000e+00
   endloop
 endfacet
 facet normal  0.000000e+00 -0.000000e+00 -1.000000e+00
   outer loop
     vertex  1.430502e+02 -8.812167e+01  0.000000e+00
     vertex  1.431555e+02 -8.986252e+01  0.000000e+00
     vertex  1.430502e+02 -8.994325e+01  0.000000e+00
   endloop
 endfacet
 facet normal  0.000000e+00  0.000000e+00 -1.000000e+00
   outer loop
     vertex  1.429695e+02 -8.801646e+01  0.000000e+00
     vertex  1.430502e+02 -8.812167e+01  0.000000e+00
     vertex  1.430502e+02 -8.994325e+01  0.000000e+00
   endloop
 endfacet
 facet normal  0.000000e+00  0.000000e+00 -1.000000e+00
   outer loop
     vertex  1.429695e+02 -8.801646e+01  0.000000e+00
     vertex  1.430502e+02 -8.994325e+01  0.000000e+00
     vertex  1.429695e+02 -9.004846e+01  0.000000e+00
   endloop
 endfacet
 facet normal -0.000000e+00 -0.000000e+00 -1.000000e+00
   outer loop
     vertex  1.431555e+02 -8.820240e+01  0.000000e+00
     vertex  1.431555e+02 -8.986252e+01  0.000000e+00
     vertex  1.430502e+02 -8.812167e+01  0.000000e+00
   endloop
 endfacet
 facet normal  0.000000e+00  0.000000e+00 -1.000000e+00
   outer loop
     vertex  1.429188e+02 -8.789394e+01  0.000000e+00
     vertex  1.429695e+02 -8.801646e+01  0.000000e+00
     vertex  1.429695e+02 -9.004846e+01  0.000000e+00
   endloop
 endfacet
 facet normal  0.000000e+00  0.000000e+00 -1.000000e+00
   outer loop
     vertex  1.429188e+02 -8.789394e+01  0.000000e+00
     vertex  1.429695e+02 -9.004846e+01  0.000000e+00
     vertex  1.429188e+02 -9.017098e+01  0.000000e+00
   endloop
 endfacet
 facet normal -0.000000e+00  0.000000e+00 -1.000000e+00
   outer loop
     vertex  1.432780e+02 -8.825315e+01  0.000000e+00
     vertex  1.431555e+02 -8.986252e+01  0.000000e+00
     vertex  1.431555e+02 -8.820240e+01  0.000000e+00
   endloop
 endfacet
 facet normal  0.000000e+00 -0.000000e+00 -1.000000e+00
   outer loop
     vertex  1.432780e+02 -8.825315e+01  0.000000e+00
     vertex  1.432780e+02 -8.981177e+01  0.000000e+00
     vertex  1.431555e+02 -8.986252e+01  0.000000e+00
   endloop
 endfacet
 facet normal  0.000000e+00  0.000000e+00 -1.000000e+00
   outer loop
     vertex  1.432780e+02 -8.825315e+01  0.000000e+00
     vertex  1.434095e+02 -8.979446e+01  0.000000e+00
     vertex  1.432780e+02 -8.981177e+01  0.000000e+00
   endloop
 endfacet
 facet normal -0.000000e+00 -0.000000e+00 -1.000000e+00
   outer loop
     vertex  1.434095e+02 -8.827046e+01  0.000000e+00
     vertex  1.434095e+02 -8.979446e+01  0.000000e+00
     vertex  1.432780e+02 -8.825315e+01  0.000000e+00
   endloop
 endfacet
 facet normal  0.000000e+00  0.000000e+00 -1.000000e+00
   outer loop
     vertex  1.434095e+02 -8.827046e+01  0.000000e+00
     vertex  1.435409e+02 -8.981177e+01  0.000000e+00
     vertex  1.434095e+02 -8.979446e+01  0.000000e+00
   endloop
 endfacet
 facet normal  0.000000e+00  0.000000e+00 -1.000000e+00
   outer loop
     vertex  1.429015e+02 -8.776246e+01  0.000000e+00
     vertex  1.199015e+02 -8.441896e+01  0.000000e+00
     vertex  1.199440e+02 -8.431646e+01  0.000000e+00
   endloop
 endfacet
 facet normal -0.000000e+00 -0.000000e+00 -1.000000e+00
   outer loop
     vertex  1.429015e+02 -8.776246e+01  0.000000e+00
     vertex  1.429015e+02 -9.030246e+01  0.000000e+00
     vertex  1.199015e+02 -8.441896e+01  0.000000e+00
   endloop
 endfacet
 facet normal  0.000000e+00  0.000000e+00 -1.000000e+00
   outer loop
     vertex  1.429015e+02 -8.776246e+01  0.000000e+00
     vertex  1.429188e+02 -8.789394e+01  0.000000e+00
     vertex  1.429188e+02 -9.017098e+01  0.000000e+00
   endloop
 endfacet
 facet normal  0.000000e+00  0.000000e+00 -1.000000e+00
   outer loop
     vertex  1.429015e+02 -8.776246e+01  0.000000e+00
     vertex  1.429188e+02 -9.017098e+01  0.000000e+00
     vertex  1.429015e+02 -9.030246e+01  0.000000e+00
   endloop
 endfacet
 facet normal  0.000000e+00 -0.000000e+00 -1.000000e+00
   outer loop
     vertex  1.435409e+02 -8.825315e+01  0.000000e+00
     vertex  1.435409e+02 -8.981177e+01  0.000000e+00
     vertex  1.434095e+02 -8.827046e+01  0.000000e+00
   endloop
 endfacet
 facet normal  0.000000e+00  0.000000e+00 -1.000000e+00
   outer loop
     vertex  1.436635e+02 -8.820240e+01  0.000000e+00
     vertex  1.435409e+02 -8.981177e+01  0.000000e+00
     vertex  1.435409e+02 -8.825315e+01  0.000000e+00
   endloop
 endfacet
 facet normal  0.000000e+00 -0.000000e+00 -1.000000e+00
   outer loop
     vertex  1.436635e+02 -8.820240e+01  0.000000e+00
     vertex  1.436635e+02 -8.986252e+01  0.000000e+00
     vertex  1.435409e+02 -8.981177e+01  0.000000e+00
   endloop
 endfacet
 facet normal  0.000000e+00  0.000000e+00 -1.000000e+00
   outer loop
     vertex  1.437687e+02 -8.812167e+01  0.000000e+00
     vertex  1.436635e+02 -8.986252e+01  0.000000e+00
     vertex  1.436635e+02 -8.820240e+01  0.000000e+00
   endloop
 endfacet
 facet normal  0.000000e+00 -0.000000e+00 -1.000000e+00
   outer loop
     vertex  1.437687e+02 -8.812167e+01  0.000000e+00
     vertex  1.437687e+02 -8.994325e+01  0.000000e+00
     vertex  1.436635e+02 -8.986252e+01  0.000000e+00
   endloop
 endfacet
 facet normal  0.000000e+00  0.000000e+00 -1.000000e+00
   outer loop
     vertex  1.438494e+02 -8.801646e+01  0.000000e+00
     vertex  1.437687e+02 -8.994325e+01  0.000000e+00
     vertex  1.437687e+02 -8.812167e+01  0.000000e+00
   endloop
 endfacet
 facet normal  0.000000e+00 -0.000000e+00 -1.000000e+00
   outer loop
     vertex  1.438494e+02 -8.801646e+01  0.000000e+00
     vertex  1.438494e+02 -9.004846e+01  0.000000e+00
     vertex  1.437687e+02 -8.994325e+01  0.000000e+00
   endloop
 endfacet
 facet normal  0.000000e+00  0.000000e+00 -1.000000e+00
   outer loop
     vertex  1.439001e+02 -8.789394e+01  0.000000e+00
     vertex  1.438494e+02 -9.004846e+01  0.000000e+00
     vertex  1.438494e+02 -8.801646e+01  0.000000e+00
   endloop
 endfacet
 facet normal  0.000000e+00 -0.000000e+00 -1.000000e+00
   outer loop
     vertex  1.439001e+02 -8.789394e+01  0.000000e+00
     vertex  1.439001e+02 -9.017098e+01  0.000000e+00
     vertex  1.438494e+02 -9.004846e+01  0.000000e+00
   endloop
 endfacet
 facet normal  0.000000e+00 -0.000000e+00 -1.000000e+00
   outer loop
     vertex  1.429695e+02 -8.547646e+01  0.000000e+00
     vertex  1.429695e+02 -8.750846e+01  0.000000e+00
     vertex  1.429188e+02 -8.763098e+01  0.000000e+00
   endloop
 endfacet
 facet normal  0.000000e+00  0.000000e+00 -1.000000e+00
   outer loop
     vertex  1.429695e+02 -8.547646e+01  0.000000e+00
     vertex  1.430502e+02 -8.740325e+01  0.000000e+00
     vertex  1.429695e+02 -8.750846e+01  0.000000e+00
   endloop
 endfacet
 facet normal  0.000000e+00  0.000000e+00 -1.000000e+00
   outer loop
     vertex  1.429695e+02 -8.547646e+01  0.000000e+00
     vertex  1.430502e+02 -8.558167e+01  0.000000e+00
     vertex  1.430502e+02 -8.740325e+01  0.000000e+00
   endloop
 endfacet
 facet normal  0.000000e+00 -0.000000e+00 -1.000000e+00
   outer loop
     vertex  1.431555e+02 -8.566240e+01  0.000000e+00
     vertex  1.431555e+02 -8.732252e+01  0.000000e+00
     vertex  1.430502e+02 -8.740325e+01  0.000000e+00
   endloop
 endfacet
 facet normal -0.000000e+00  0.000000e+00 -1.000000e+00
   outer loop
     vertex  1.431555e+02 -8.566240e+01  0.000000e+00
     vertex  1.430502e+02 -8.740325e+01  0.000000e+00
     vertex  1.430502e+02 -8.558167e+01  0.000000e+00
   endloop
 endfacet
 facet normal  0.000000e+00  0.000000e+00 -1.000000e+00
   outer loop
     vertex  1.429188e+02 -8.535394e+01  0.000000e+00
     vertex  1.429695e+02 -8.547646e+01  0.000000e+00
     vertex  1.429188e+02 -8.763098e+01  0.000000e+00
   endloop
 endfacet
 facet normal -0.000000e+00  0.000000e+00 -1.000000e+00
   outer loop
     vertex  1.432780e+02 -8.571315e+01  0.000000e+00
     vertex  1.431555e+02 -8.732252e+01  0.000000e+00
     vertex  1.431555e+02 -8.566240e+01  0.000000e+00
   endloop
 endfacet
 facet normal  0.000000e+00 -0.000000e+00 -1.000000e+00
   outer loop
     vertex  1.432780e+02 -8.571315e+01  0.000000e+00
     vertex  1.432780e+02 -8.727177e+01  0.000000e+00
     vertex  1.431555e+02 -8.732252e+01  0.000000e+00
   endloop
 endfacet
 facet normal  0.000000e+00  0.000000e+00 -1.000000e+00
   outer loop
     vertex  1.429015e+02 -8.522246e+01  0.000000e+00
     vertex  1.199440e+02 -8.431646e+01  0.000000e+00
     vertex  1.199585e+02 -8.420646e+01  0.000000e+00
   endloop
 endfacet
 facet normal -0.000000e+00 -0.000000e+00 -1.000000e+00
   outer loop
     vertex  1.429015e+02 -8.522246e+01  0.000000e+00
     vertex  1.429015e+02 -8.776246e+01  0.000000e+00
     vertex  1.199440e+02 -8.431646e+01  0.000000e+00
   endloop
 endfacet
 facet normal  0.000000e+00  0.000000e+00 -1.000000e+00
   outer loop
     vertex  1.429015e+02 -8.522246e+01  0.000000e+00
     vertex  1.429188e+02 -8.763098e+01  0.000000e+00
     vertex  1.429015e+02 -8.776246e+01  0.000000e+00
   endloop
 endfacet
 facet normal  0.000000e+00  0.000000e+00 -1.000000e+00
   outer loop
     vertex  1.429015e+02 -8.522246e+01  0.000000e+00
     vertex  1.429188e+02 -8.535394e+01  0.000000e+00
     vertex  1.429188e+02 -8.763098e+01  0.000000e+00
   endloop
 endfacet
 facet normal -0.000000e+00  0.000000e+00 -1.000000e+00
   outer loop
     vertex  1.434095e+02 -8.573046e+01  0.000000e+00
     vertex  1.432780e+02 -8.727177e+01  0.000000e+00
     vertex  1.432780e+02 -8.571315e+01  0.000000e+00
   endloop
 endfacet
 facet normal  0.000000e+00 -0.000000e+00 -1.000000e+00
   outer loop
     vertex  1.434095e+02 -8.573046e+01  0.000000e+00
     vertex  1.434095e+02 -8.725446e+01  0.000000e+00
     vertex  1.432780e+02 -8.727177e+01  0.000000e+00
   endloop
 endfacet
 facet normal  0.000000e+00  0.000000e+00 -1.000000e+00
   outer loop
     vertex  1.434095e+02 -8.573046e+01  0.000000e+00
     vertex  1.435409e+02 -8.727177e+01  0.000000e+00
     vertex  1.434095e+02 -8.725446e+01  0.000000e+00
   endloop
 endfacet
 facet normal  0.000000e+00  0.000000e+00 -1.000000e+00
   outer loop
     vertex  1.435409e+02 -8.571315e+01  0.000000e+00
     vertex  1.436635e+02 -8.732252e+01  0.000000e+00
     vertex  1.435409e+02 -8.727177e+01  0.000000e+00
   endloop
 endfacet
 facet normal  0.000000e+00 -0.000000e+00 -1.000000e+00
   outer loop
     vertex  1.435409e+02 -8.571315e+01  0.000000e+00
     vertex  1.435409e+02 -8.727177e+01  0.000000e+00
     vertex  1.434095e+02 -8.573046e+01  0.000000e+00
   endloop
 endfacet
 facet normal  0.000000e+00 -0.000000e+00 -1.000000e+00
   outer loop
     vertex  1.436635e+02 -8.566240e+01  0.000000e+00
     vertex  1.436635e+02 -8.732252e+01  0.000000e+00
     vertex  1.435409e+02 -8.571315e+01  0.000000e+00
   endloop
 endfacet
 facet normal  0.000000e+00  0.000000e+00 -1.000000e+00
   outer loop
     vertex  1.436635e+02 -8.566240e+01  0.000000e+00
     vertex  1.437687e+02 -8.740325e+01  0.000000e+00
     vertex  1.436635e+02 -8.732252e+01  0.000000e+00
   endloop
 endfacet
 facet normal  0.000000e+00 -0.000000e+00 -1.000000e+00
   outer loop
     vertex  1.437687e+02 -8.558167e+01  0.000000e+00
     vertex  1.437687e+02 -8.740325e+01  0.000000e+00
     vertex  1.436635e+02 -8.566240e+01  0.000000e+00
   endloop
 endfacet
 facet normal  0.000000e+00  0.000000e+00 -1.000000e+00
   outer loop
     vertex  1.438494e+02 -8.547646e+01  0.000000e+00
     vertex  1.437687e+02 -8.740325e+01  0.000000e+00
     vertex  1.437687e+02 -8.558167e+01  0.000000e+00
   endloop
 endfacet
 facet normal  0.000000e+00 -0.000000e+00 -1.000000e+00
   outer loop
     vertex  1.438494e+02 -8.547646e+01  0.000000e+00
     vertex  1.438494e+02 -8.750846e+01  0.000000e+00
     vertex  1.437687e+02 -8.740325e+01  0.000000e+00
   endloop
 endfacet
 facet normal  0.000000e+00  0.000000e+00 -1.000000e+00
   outer loop
     vertex  1.439001e+02 -8.535394e+01  0.000000e+00
     vertex  1.438494e+02 -8.750846e+01  0.000000e+00
     vertex  1.438494e+02 -8.547646e+01  0.000000e+00
   endloop
 endfacet
 facet normal  0.000000e+00 -0.000000e+00 -1.000000e+00
   outer loop
     vertex  1.439001e+02 -8.535394e+01  0.000000e+00
     vertex  1.439001e+02 -8.763098e+01  0.000000e+00
     vertex  1.438494e+02 -8.750846e+01  0.000000e+00
   endloop
 endfacet
 facet normal  0.000000e+00  0.000000e+00 -1.000000e+00
   outer loop
     vertex  1.429695e+02 -8.293646e+01  0.000000e+00
     vertex  1.430502e+02 -8.304167e+01  0.000000e+00
     vertex  1.430502e+02 -8.486325e+01  0.000000e+00
   endloop
 endfacet
 facet normal  0.000000e+00 -0.000000e+00 -1.000000e+00
   outer loop
     vertex  1.429695e+02 -8.293646e+01  0.000000e+00
     vertex  1.429695e+02 -8.496846e+01  0.000000e+00
     vertex  1.429188e+02 -8.509098e+01  0.000000e+00
   endloop
 endfacet
 facet normal  0.000000e+00  0.000000e+00 -1.000000e+00
   outer loop
     vertex  1.429695e+02 -8.293646e+01  0.000000e+00
     vertex  1.430502e+02 -8.486325e+01  0.000000e+00
     vertex  1.429695e+02 -8.496846e+01  0.000000e+00
   endloop
 endfacet
 facet normal -0.000000e+00  0.000000e+00 -1.000000e+00
   outer loop
     vertex  1.431555e+02 -8.312240e+01  0.000000e+00
     vertex  1.430502e+02 -8.486325e+01  0.000000e+00
     vertex  1.430502e+02 -8.304167e+01  0.000000e+00
   endloop
 endfacet
 facet normal  0.000000e+00 -0.000000e+00 -1.000000e+00
   outer loop
     vertex  1.431555e+02 -8.312240e+01  0.000000e+00
     vertex  1.431555e+02 -8.478252e+01  0.000000e+00
     vertex  1.430502e+02 -8.486325e+01  0.000000e+00
   endloop
 endfacet
 facet normal  0.000000e+00  0.000000e+00 -1.000000e+00
   outer loop
     vertex  1.429188e+02 -8.281394e+01  0.000000e+00
     vertex  1.429695e+02 -8.293646e+01  0.000000e+00
     vertex  1.429188e+02 -8.509098e+01  0.000000e+00
   endloop
 endfacet
 facet normal -0.000000e+00  0.000000e+00 -1.000000e+00
   outer loop
     vertex  1.432780e+02 -8.317315e+01  0.000000e+00
     vertex  1.431555e+02 -8.478252e+01  0.000000e+00
     vertex  1.431555e+02 -8.312240e+01  0.000000e+00
   endloop
 endfacet
 facet normal  0.000000e+00 -0.000000e+00 -1.000000e+00
   outer loop
     vertex  1.432780e+02 -8.317315e+01  0.000000e+00
     vertex  1.432780e+02 -8.473177e+01  0.000000e+00
     vertex  1.431555e+02 -8.478252e+01  0.000000e+00
   endloop
 endfacet
 facet normal -0.000000e+00  0.000000e+00 -1.000000e+00
   outer loop
     vertex  1.434095e+02 -8.319046e+01  0.000000e+00
     vertex  1.432780e+02 -8.473177e+01  0.000000e+00
     vertex  1.432780e+02 -8.317315e+01  0.000000e+00
   endloop
 endfacet
 facet normal  0.000000e+00 -0.000000e+00 -1.000000e+00
   outer loop
     vertex  1.434095e+02 -8.319046e+01  0.000000e+00
     vertex  1.434095e+02 -8.471446e+01  0.000000e+00
     vertex  1.432780e+02 -8.473177e+01  0.000000e+00
   endloop
 endfacet
 facet normal  0.000000e+00  0.000000e+00 -1.000000e+00
   outer loop
     vertex  1.434095e+02 -8.319046e+01  0.000000e+00
     vertex  1.435409e+02 -8.473177e+01  0.000000e+00
     vertex  1.434095e+02 -8.471446e+01  0.000000e+00
   endloop
 endfacet
 facet normal  0.000000e+00  0.000000e+00 -1.000000e+00
   outer loop
     vertex  1.429015e+02 -8.268246e+01  0.000000e+00
     vertex  1.429188e+02 -8.281394e+01  0.000000e+00
     vertex  1.429188e+02 -8.509098e+01  0.000000e+00
   endloop
 endfacet
 facet normal  0.000000e+00  0.000000e+00 -1.000000e+00
   outer loop
     vertex  1.429015e+02 -8.268246e+01  0.000000e+00
     vertex  1.429188e+02 -8.509098e+01  0.000000e+00
     vertex  1.429015e+02 -8.522246e+01  0.000000e+00
   endloop
 endfacet
 facet normal  0.000000e+00 -0.000000e+00 -1.000000e+00
   outer loop
     vertex  1.435409e+02 -8.317315e+01  0.000000e+00
     vertex  1.435409e+02 -8.473177e+01  0.000000e+00
     vertex  1.434095e+02 -8.319046e+01  0.000000e+00
   endloop
 endfacet
 facet normal  0.000000e+00  0.000000e+00 -1.000000e+00
   outer loop
     vertex  1.436635e+02 -8.312240e+01  0.000000e+00
     vertex  1.435409e+02 -8.473177e+01  0.000000e+00
     vertex  1.435409e+02 -8.317315e+01  0.000000e+00
   endloop
 endfacet
 facet normal  0.000000e+00  0.000000e+00 -1.000000e+00
   outer loop
     vertex  1.436635e+02 -8.312240e+01  0.000000e+00
     vertex  1.436635e+02 -8.478252e+01  0.000000e+00
     vertex  1.435409e+02 -8.473177e+01  0.000000e+00
   endloop
 endfacet
 facet normal  0.000000e+00 -0.000000e+00 -1.000000e+00
   outer loop
     vertex  1.436635e+02 -8.312240e+01  0.000000e+00
     vertex  1.437687e+02 -8.486325e+01  0.000000e+00
     vertex  1.436635e+02 -8.478252e+01  0.000000e+00
   endloop
 endfacet
 facet normal  0.000000e+00  0.000000e+00 -1.000000e+00
   outer loop
     vertex  1.437687e+02 -8.304167e+01  0.000000e+00
     vertex  1.437687e+02 -8.486325e+01  0.000000e+00
     vertex  1.436635e+02 -8.312240e+01  0.000000e+00
   endloop
 endfacet
 facet normal  0.000000e+00 -0.000000e+00 -1.000000e+00
   outer loop
     vertex  1.437687e+02 -8.304167e+01  0.000000e+00
     vertex  1.438494e+02 -8.496846e+01  0.000000e+00
     vertex  1.437687e+02 -8.486325e+01  0.000000e+00
   endloop
 endfacet
 facet normal  0.000000e+00 -0.000000e+00 -1.000000e+00
   outer loop
     vertex  1.438494e+02 -8.293646e+01  0.000000e+00
     vertex  1.438494e+02 -8.496846e+01  0.000000e+00
     vertex  1.437687e+02 -8.304167e+01  0.000000e+00
   endloop
 endfacet
 facet normal  0.000000e+00  0.000000e+00 -1.000000e+00
   outer loop
     vertex  1.439001e+02 -8.281394e+01  0.000000e+00
     vertex  1.438494e+02 -8.496846e+01  0.000000e+00
     vertex  1.438494e+02 -8.293646e+01  0.000000e+00
   endloop
 endfacet
 facet normal  0.000000e+00 -0.000000e+00 -1.000000e+00
   outer loop
     vertex  1.439001e+02 -8.281394e+01  0.000000e+00
     vertex  1.439001e+02 -8.509098e+01  0.000000e+00
     vertex  1.438494e+02 -8.496846e+01  0.000000e+00
   endloop
 endfacet
 facet normal  0.000000e+00  0.000000e+00 -1.000000e+00
   outer loop
     vertex  1.430502e+02 -8.050167e+01  0.000000e+00
     vertex  1.430502e+02 -8.232325e+01  0.000000e+00
     vertex  1.429695e+02 -8.242846e+01  0.000000e+00
   endloop
 endfacet
 facet normal  0.000000e+00 -0.000000e+00 -1.000000e+00
   outer loop
     vertex  1.429695e+02 -8.039646e+01  0.000000e+00
     vertex  1.429695e+02 -8.242846e+01  0.000000e+00
     vertex  1.429188e+02 -8.255098e+01  0.000000e+00
   endloop
 endfacet
 facet normal  0.000000e+00  0.000000e+00 -1.000000e+00
   outer loop
     vertex  1.429695e+02 -8.039646e+01  0.000000e+00
     vertex  1.430502e+02 -8.050167e+01  0.000000e+00
     vertex  1.429695e+02 -8.242846e+01  0.000000e+00
   endloop
 endfacet
 facet normal -0.000000e+00  0.000000e+00 -1.000000e+00
   outer loop
     vertex  1.431555e+02 -8.058240e+01  0.000000e+00
     vertex  1.430502e+02 -8.232325e+01  0.000000e+00
     vertex  1.430502e+02 -8.050167e+01  0.000000e+00
   endloop
 endfacet
 facet normal  0.000000e+00 -0.000000e+00 -1.000000e+00
   outer loop
     vertex  1.431555e+02 -8.058240e+01  0.000000e+00
     vertex  1.431555e+02 -8.224252e+01  0.000000e+00
     vertex  1.430502e+02 -8.232325e+01  0.000000e+00
   endloop
 endfacet
 facet normal  0.000000e+00  0.000000e+00 -1.000000e+00
   outer loop
     vertex  1.431555e+02 -8.058240e+01  0.000000e+00
     vertex  1.432780e+02 -8.219177e+01  0.000000e+00
     vertex  1.431555e+02 -8.224252e+01  0.000000e+00
   endloop
 endfacet
 facet normal  0.000000e+00  0.000000e+00 -1.000000e+00
   outer loop
     vertex  1.429188e+02 -8.027394e+01  0.000000e+00
     vertex  1.429695e+02 -8.039646e+01  0.000000e+00
     vertex  1.429188e+02 -8.255098e+01  0.000000e+00
   endloop
 endfacet
 facet normal -0.000000e+00 -0.000000e+00 -1.000000e+00
   outer loop
     vertex  1.432780e+02 -8.063315e+01  0.000000e+00
     vertex  1.432780e+02 -8.219177e+01  0.000000e+00
     vertex  1.431555e+02 -8.058240e+01  0.000000e+00
   endloop
 endfacet
 facet normal  0.000000e+00 -0.000000e+00 -1.000000e+00
   outer loop
     vertex  1.434095e+02 -8.065046e+01  0.000000e+00
     vertex  1.434095e+02 -8.217446e+01  0.000000e+00
     vertex  1.432780e+02 -8.219177e+01  0.000000e+00
   endloop
 endfacet
 facet normal -0.000000e+00  0.000000e+00 -1.000000e+00
   outer loop
     vertex  1.434095e+02 -8.065046e+01  0.000000e+00
     vertex  1.432780e+02 -8.219177e+01  0.000000e+00
     vertex  1.432780e+02 -8.063315e+01  0.000000e+00
   endloop
 endfacet
 facet normal  0.000000e+00 -0.000000e+00 -1.000000e+00
   outer loop
     vertex  1.435409e+02 -8.063315e+01  0.000000e+00
     vertex  1.435409e+02 -8.219177e+01  0.000000e+00
     vertex  1.434095e+02 -8.217446e+01  0.000000e+00
   endloop
 endfacet
 facet normal  0.000000e+00  0.000000e+00 -1.000000e+00
   outer loop
     vertex  1.435409e+02 -8.063315e+01  0.000000e+00
     vertex  1.434095e+02 -8.217446e+01  0.000000e+00
     vertex  1.434095e+02 -8.065046e+01  0.000000e+00
   endloop
 endfacet
 facet normal  0.000000e+00 -0.000000e+00 -1.000000e+00
   outer loop
     vertex  1.436635e+02 -8.058240e+01  0.000000e+00
     vertex  1.436635e+02 -8.224252e+01  0.000000e+00
     vertex  1.435409e+02 -8.219177e+01  0.000000e+00
   endloop
 endfacet
 facet normal  0.000000e+00  0.000000e+00 -1.000000e+00
   outer loop
     vertex  1.436635e+02 -8.058240e+01  0.000000e+00
     vertex  1.437687e+02 -8.232325e+01  0.000000e+00
     vertex  1.436635e+02 -8.224252e+01  0.000000e+00
   endloop
 endfacet
 facet normal  0.000000e+00  0.000000e+00 -1.000000e+00
   outer loop
     vertex  1.436635e+02 -8.058240e+01  0.000000e+00
     vertex  1.435409e+02 -8.219177e+01  0.000000e+00
     vertex  1.435409e+02 -8.063315e+01  0.000000e+00
   endloop
 endfacet
 facet normal  0.000000e+00  0.000000e+00 -1.000000e+00
   outer loop
     vertex  1.437687e+02 -8.050167e+01  0.000000e+00
     vertex  1.438494e+02 -8.242846e+01  0.000000e+00
     vertex  1.437687e+02 -8.232325e+01  0.000000e+00
   endloop
 endfacet
 facet normal  0.000000e+00 -0.000000e+00 -1.000000e+00
   outer loop
     vertex  1.437687e+02 -8.050167e+01  0.000000e+00
     vertex  1.437687e+02 -8.232325e+01  0.000000e+00
     vertex  1.436635e+02 -8.058240e+01  0.000000e+00
   endloop
 endfacet
 facet normal  0.000000e+00 -0.000000e+00 -1.000000e+00
   outer loop
     vertex  1.438494e+02 -8.039646e+01  0.000000e+00
     vertex  1.438494e+02 -8.242846e+01  0.000000e+00
     vertex  1.437687e+02 -8.050167e+01  0.000000e+00
   endloop
 endfacet
 facet normal  0.000000e+00  0.000000e+00 -1.000000e+00
   outer loop
     vertex  1.385835e+02 -7.506246e+01  0.000000e+00
     vertex  1.163952e+02 -8.146471e+01  0.000000e+00
     vertex  1.161985e+02 -8.131373e+01  0.000000e+00
   endloop
 endfacet
 facet normal  0.000000e+00  0.000000e+00 -1.000000e+00
   outer loop
     vertex  1.385835e+02 -7.506246e+01  0.000000e+00
     vertex  1.429015e+02 -8.014246e+01  0.000000e+00
     vertex  1.429188e+02 -8.027394e+01  0.000000e+00
   endloop
 endfacet
 facet normal  0.000000e+00  0.000000e+00 -1.000000e+00
   outer loop
     vertex  1.385835e+02 -7.506246e+01  0.000000e+00
     vertex  1.429188e+02 -8.001098e+01  0.000000e+00
     vertex  1.429015e+02 -8.014246e+01  0.000000e+00
   endloop
 endfacet
 facet normal -0.000000e+00  0.000000e+00 -1.000000e+00
   outer loop
     vertex  1.385835e+02 -7.506246e+01  0.000000e+00
     vertex  1.161985e+02 -8.131373e+01  0.000000e+00
     vertex  1.086115e+02 -7.506246e+01  0.000000e+00
   endloop
 endfacet
 facet normal  0.000000e+00  0.000000e+00 -1.000000e+00
   outer loop
     vertex  1.385835e+02 -7.506246e+01  0.000000e+00
     vertex  1.198340e+02 -8.390594e+01  0.000000e+00
     vertex  1.197460e+02 -8.383840e+01  0.000000e+00
   endloop
 endfacet
 facet normal  0.000000e+00  0.000000e+00 -1.000000e+00
   outer loop
     vertex  1.385835e+02 -7.506246e+01  0.000000e+00
     vertex  1.199015e+02 -8.399396e+01  0.000000e+00
     vertex  1.198340e+02 -8.390594e+01  0.000000e+00
   endloop
 endfacet
 facet normal  0.000000e+00  0.000000e+00 -1.000000e+00
   outer loop
     vertex  1.385835e+02 -7.506246e+01  0.000000e+00
     vertex  1.199440e+02 -8.409646e+01  0.000000e+00
     vertex  1.199015e+02 -8.399396e+01  0.000000e+00
   endloop
 endfacet
 facet normal  0.000000e+00  0.000000e+00 -1.000000e+00
   outer loop
     vertex  1.385835e+02 -7.506246e+01  0.000000e+00
     vertex  1.199585e+02 -8.420646e+01  0.000000e+00
     vertex  1.199440e+02 -8.409646e+01  0.000000e+00
   endloop
 endfacet
 facet normal  0.000000e+00  0.000000e+00 -1.000000e+00
   outer loop
     vertex  1.385835e+02 -7.506246e+01  0.000000e+00
     vertex  1.197460e+02 -8.383840e+01  0.000000e+00
     vertex  1.163952e+02 -8.146471e+01  0.000000e+00
   endloop
 endfacet
 facet normal  0.000000e+00  0.000000e+00 -1.000000e+00
   outer loop
     vertex  1.385835e+02 -7.506246e+01  0.000000e+00
     vertex  1.429188e+02 -8.027394e+01  0.000000e+00
     vertex  1.429188e+02 -8.255098e+01  0.000000e+00
   endloop
 endfacet
 facet normal  0.000000e+00  0.000000e+00 -1.000000e+00
   outer loop
     vertex  1.385835e+02 -7.506246e+01  0.000000e+00
     vertex  1.429015e+02 -8.268246e+01  0.000000e+00
     vertex  1.429015e+02 -8.522246e+01  0.000000e+00
   endloop
 endfacet
 facet normal  0.000000e+00 -0.000000e+00 -1.000000e+00
   outer loop
     vertex  1.385835e+02 -7.506246e+01  0.000000e+00
     vertex  1.429015e+02 -8.522246e+01  0.000000e+00
     vertex  1.199585e+02 -8.420646e+01  0.000000e+00
   endloop
 endfacet
 facet normal  0.000000e+00  0.000000e+00 -1.000000e+00
   outer loop
     vertex  1.385835e+02 -7.506246e+01  0.000000e+00
     vertex  1.429188e+02 -8.255098e+01  0.000000e+00
     vertex  1.429015e+02 -8.268246e+01  0.000000e+00
   endloop
 endfacet
 facet normal  0.000000e+00 -0.000000e+00 -1.000000e+00
   outer loop
     vertex  1.439001e+02 -8.027394e+01  0.000000e+00
     vertex  1.439001e+02 -8.255098e+01  0.000000e+00
     vertex  1.438494e+02 -8.242846e+01  0.000000e+00
   endloop
 endfacet
 facet normal  0.000000e+00  0.000000e+00 -1.000000e+00
   outer loop
     vertex  1.439001e+02 -8.027394e+01  0.000000e+00
     vertex  1.438494e+02 -8.242846e+01  0.000000e+00
     vertex  1.438494e+02 -8.039646e+01  0.000000e+00
   endloop
 endfacet
 facet normal  0.000000e+00  0.000000e+00 -1.000000e+00
   outer loop
     vertex  1.582902e+02 -9.320167e+01  0.000000e+00
     vertex  1.537009e+02 -1.025118e+02  0.000000e+00
     vertex  1.535695e+02 -1.024945e+02  0.000000e+00
   endloop
 endfacet
 facet normal  0.000000e+00 -0.000000e+00 -1.000000e+00
   outer loop
     vertex  1.582095e+02 -9.309646e+01  0.000000e+00
     vertex  1.582902e+02 -9.320167e+01  0.000000e+00
     vertex  1.535695e+02 -1.024945e+02  0.000000e+00
   endloop
 endfacet
 facet normal  0.000000e+00  0.000000e+00 -1.000000e+00
   outer loop
     vertex  1.582095e+02 -9.309646e+01  0.000000e+00
     vertex  1.535695e+02 -1.024945e+02  0.000000e+00
     vertex  1.534380e+02 -1.025118e+02  0.000000e+00
   endloop
 endfacet
 facet normal  0.000000e+00  0.000000e+00 -1.000000e+00
   outer loop
     vertex  1.583955e+02 -9.328240e+01  0.000000e+00
     vertex  1.538235e+02 -1.025625e+02  0.000000e+00
     vertex  1.537009e+02 -1.025118e+02  0.000000e+00
   endloop
 endfacet
 facet normal -0.000000e+00  0.000000e+00 -1.000000e+00
   outer loop
     vertex  1.583955e+02 -9.328240e+01  0.000000e+00
     vertex  1.537009e+02 -1.025118e+02  0.000000e+00
     vertex  1.582902e+02 -9.320167e+01  0.000000e+00
   endloop
 endfacet
 facet normal  0.000000e+00  0.000000e+00 -1.000000e+00
   outer loop
     vertex  1.429695e+02 -7.785646e+01  0.000000e+00
     vertex  1.430502e+02 -7.978325e+01  0.000000e+00
     vertex  1.429695e+02 -7.988846e+01  0.000000e+00
   endloop
 endfacet
 facet normal  0.000000e+00  0.000000e+00 -1.000000e+00
   outer loop
     vertex  1.429695e+02 -7.785646e+01  0.000000e+00
     vertex  1.430502e+02 -7.796167e+01  0.000000e+00
     vertex  1.430502e+02 -7.978325e+01  0.000000e+00
   endloop
 endfacet
 facet normal  0.000000e+00 -0.000000e+00 -1.000000e+00
   outer loop
     vertex  1.431555e+02 -7.804240e+01  0.000000e+00
     vertex  1.431555e+02 -7.970252e+01  0.000000e+00
     vertex  1.430502e+02 -7.978325e+01  0.000000e+00
   endloop
 endfacet
 facet normal -0.000000e+00  0.000000e+00 -1.000000e+00
   outer loop
     vertex  1.431555e+02 -7.804240e+01  0.000000e+00
     vertex  1.430502e+02 -7.978325e+01  0.000000e+00
     vertex  1.430502e+02 -7.796167e+01  0.000000e+00
   endloop
 endfacet
 facet normal  0.000000e+00 -0.000000e+00 -1.000000e+00
   outer loop
     vertex  1.581588e+02 -9.297394e+01  0.000000e+00
     vertex  1.582095e+02 -9.309646e+01  0.000000e+00
     vertex  1.534380e+02 -1.025118e+02  0.000000e+00
   endloop
 endfacet
 facet normal -0.000000e+00  0.000000e+00 -1.000000e+00
   outer loop
     vertex  1.581588e+02 -9.297394e+01  0.000000e+00
     vertex  1.534380e+02 -1.025118e+02  0.000000e+00
     vertex  1.439001e+02 -9.297394e+01  0.000000e+00
   endloop
 endfacet
 facet normal  0.000000e+00  0.000000e+00 -1.000000e+00
   outer loop
     vertex  1.585180e+02 -9.333315e+01  0.000000e+00
     vertex  1.539287e+02 -1.026432e+02  0.000000e+00
     vertex  1.538235e+02 -1.025625e+02  0.000000e+00
   endloop
 endfacet
 facet normal -0.000000e+00  0.000000e+00 -1.000000e+00
   outer loop
     vertex  1.585180e+02 -9.333315e+01  0.000000e+00
     vertex  1.538235e+02 -1.025625e+02  0.000000e+00
     vertex  1.583955e+02 -9.328240e+01  0.000000e+00
   endloop
 endfacet
 facet normal  0.000000e+00  0.000000e+00 -1.000000e+00
   outer loop
     vertex  1.429188e+02 -7.773394e+01  0.000000e+00
     vertex  1.429695e+02 -7.988846e+01  0.000000e+00
     vertex  1.429188e+02 -8.001098e+01  0.000000e+00
   endloop
 endfacet
 facet normal -0.000000e+00 -0.000000e+00 -1.000000e+00
   outer loop
     vertex  1.429188e+02 -7.773394e+01  0.000000e+00
     vertex  1.429188e+02 -8.001098e+01  0.000000e+00
     vertex  1.385835e+02 -7.506246e+01  0.000000e+00
   endloop
 endfacet
 facet normal  0.000000e+00  0.000000e+00 -1.000000e+00
   outer loop
     vertex  1.429188e+02 -7.773394e+01  0.000000e+00
     vertex  1.429695e+02 -7.785646e+01  0.000000e+00
     vertex  1.429695e+02 -7.988846e+01  0.000000e+00
   endloop
 endfacet
 facet normal  0.000000e+00 -0.000000e+00 -1.000000e+00
   outer loop
     vertex  1.432780e+02 -7.809315e+01  0.000000e+00
     vertex  1.432780e+02 -7.965177e+01  0.000000e+00
     vertex  1.431555e+02 -7.970252e+01  0.000000e+00
   endloop
 endfacet
 facet normal -0.000000e+00  0.000000e+00 -1.000000e+00
   outer loop
     vertex  1.432780e+02 -7.809315e+01  0.000000e+00
     vertex  1.431555e+02 -7.970252e+01  0.000000e+00
     vertex  1.431555e+02 -7.804240e+01  0.000000e+00
   endloop
 endfacet
 facet normal  0.000000e+00 -0.000000e+00 -1.000000e+00
   outer loop
     vertex  1.581415e+02 -9.284246e+01  0.000000e+00
     vertex  1.581588e+02 -9.297394e+01  0.000000e+00
     vertex  1.439001e+02 -9.297394e+01  0.000000e+00
   endloop
 endfacet
 facet normal  0.000000e+00  0.000000e+00 -1.000000e+00
   outer loop
     vertex  1.581415e+02 -9.284246e+01  0.000000e+00
     vertex  1.439175e+02 -9.284246e+01  0.000000e+00
     vertex  1.439001e+02 -9.271098e+01  0.000000e+00
   endloop
 endfacet
 facet normal -0.000000e+00  0.000000e+00 -1.000000e+00
   outer loop
     vertex  1.581415e+02 -9.284246e+01  0.000000e+00
     vertex  1.439001e+02 -9.297394e+01  0.000000e+00
     vertex  1.439175e+02 -9.284246e+01  0.000000e+00
   endloop
 endfacet
 facet normal  0.000000e+00  0.000000e+00 -1.000000e+00
   outer loop
     vertex  1.586495e+02 -9.335046e+01  0.000000e+00
     vertex  1.540094e+02 -1.027485e+02  0.000000e+00
     vertex  1.539287e+02 -1.026432e+02  0.000000e+00
   endloop
 endfacet
 facet normal -0.000000e+00  0.000000e+00 -1.000000e+00
   outer loop
     vertex  1.586495e+02 -9.335046e+01  0.000000e+00
     vertex  1.539287e+02 -1.026432e+02  0.000000e+00
     vertex  1.585180e+02 -9.333315e+01  0.000000e+00
   endloop
 endfacet
 facet normal -0.000000e+00 -0.000000e+00 -1.000000e+00
   outer loop
     vertex  1.429015e+02 -7.760246e+01  0.000000e+00
     vertex  1.429188e+02 -7.773394e+01  0.000000e+00
     vertex  1.385835e+02 -7.506246e+01  0.000000e+00
   endloop
 endfacet
 facet normal  0.000000e+00 -0.000000e+00 -1.000000e+00
   outer loop
     vertex  1.434095e+02 -7.811046e+01  0.000000e+00
     vertex  1.434095e+02 -7.963446e+01  0.000000e+00
     vertex  1.432780e+02 -7.965177e+01  0.000000e+00
   endloop
 endfacet
 facet normal -0.000000e+00  0.000000e+00 -1.000000e+00
   outer loop
     vertex  1.434095e+02 -7.811046e+01  0.000000e+00
     vertex  1.432780e+02 -7.965177e+01  0.000000e+00
     vertex  1.432780e+02 -7.809315e+01  0.000000e+00
   endloop
 endfacet
 facet normal -0.000000e+00  0.000000e+00 -1.000000e+00
   outer loop
     vertex  1.581588e+02 -9.271098e+01  0.000000e+00
     vertex  1.581415e+02 -9.284246e+01  0.000000e+00
     vertex  1.439001e+02 -9.271098e+01  0.000000e+00
   endloop
 endfacet
 facet normal  0.000000e+00  0.000000e+00 -1.000000e+00
   outer loop
     vertex  1.587809e+02 -9.333315e+01  0.000000e+00
     vertex  1.540601e+02 -1.028710e+02  0.000000e+00
     vertex  1.540094e+02 -1.027485e+02  0.000000e+00
   endloop
 endfacet
 facet normal  0.000000e+00  0.000000e+00 -1.000000e+00
   outer loop
     vertex  1.587809e+02 -9.333315e+01  0.000000e+00
     vertex  1.540094e+02 -1.027485e+02  0.000000e+00
     vertex  1.586495e+02 -9.335046e+01  0.000000e+00
   endloop
 endfacet
 facet normal -0.000000e+00  0.000000e+00 -1.000000e+00
   outer loop
     vertex  1.429188e+02 -7.747098e+01  0.000000e+00
     vertex  1.429015e+02 -7.760246e+01  0.000000e+00
     vertex  1.385835e+02 -7.506246e+01  0.000000e+00
   endloop
 endfacet
 facet normal  0.000000e+00 -0.000000e+00 -1.000000e+00
   outer loop
     vertex  1.435409e+02 -7.809315e+01  0.000000e+00
     vertex  1.435409e+02 -7.965177e+01  0.000000e+00
     vertex  1.434095e+02 -7.963446e+01  0.000000e+00
   endloop
 endfacet
 facet normal  0.000000e+00  0.000000e+00 -1.000000e+00
   outer loop
     vertex  1.435409e+02 -7.809315e+01  0.000000e+00
     vertex  1.434095e+02 -7.963446e+01  0.000000e+00
     vertex  1.434095e+02 -7.811046e+01  0.000000e+00
   endloop
 endfacet
 facet normal  0.000000e+00  0.000000e+00 -1.000000e+00
   outer loop
     vertex  1.589035e+02 -9.328240e+01  0.000000e+00
     vertex  1.540601e+02 -1.028710e+02  0.000000e+00
     vertex  1.587809e+02 -9.333315e+01  0.000000e+00
   endloop
 endfacet
 facet normal  0.000000e+00  0.000000e+00 -1.000000e+00
   outer loop
     vertex  1.589035e+02 -9.328240e+01  0.000000e+00
     vertex  1.540775e+02 -1.030025e+02  0.000000e+00
     vertex  1.540601e+02 -1.028710e+02  0.000000e+00
   endloop
 endfacet
 facet normal  0.000000e+00 -0.000000e+00 -1.000000e+00
   outer loop
     vertex  1.436635e+02 -7.804240e+01  0.000000e+00
     vertex  1.436635e+02 -7.970252e+01  0.000000e+00
     vertex  1.435409e+02 -7.965177e+01  0.000000e+00
   endloop
 endfacet
 facet normal  0.000000e+00  0.000000e+00 -1.000000e+00
   outer loop
     vertex  1.436635e+02 -7.804240e+01  0.000000e+00
     vertex  1.437687e+02 -7.978325e+01  0.000000e+00
     vertex  1.436635e+02 -7.970252e+01  0.000000e+00
   endloop
 endfacet
 facet normal  0.000000e+00  0.000000e+00 -1.000000e+00
   outer loop
     vertex  1.436635e+02 -7.804240e+01  0.000000e+00
     vertex  1.435409e+02 -7.965177e+01  0.000000e+00
     vertex  1.435409e+02 -7.809315e+01  0.000000e+00
   endloop
 endfacet
 facet normal -0.000000e+00  0.000000e+00 -1.000000e+00
   outer loop
     vertex  1.429695e+02 -7.734846e+01  0.000000e+00
     vertex  1.429188e+02 -7.747098e+01  0.000000e+00
     vertex  1.385835e+02 -7.506246e+01  0.000000e+00
   endloop
 endfacet
 facet normal  0.000000e+00  0.000000e+00 -1.000000e+00
   outer loop
     vertex  1.590087e+02 -9.320167e+01  0.000000e+00
     vertex  1.540601e+02 -1.031339e+02  0.000000e+00
     vertex  1.540775e+02 -1.030025e+02  0.000000e+00
   endloop
 endfacet
 facet normal  0.000000e+00  0.000000e+00 -1.000000e+00
   outer loop
     vertex  1.590087e+02 -9.320167e+01  0.000000e+00
     vertex  1.540775e+02 -1.030025e+02  0.000000e+00
     vertex  1.589035e+02 -9.328240e+01  0.000000e+00
   endloop
 endfacet
 facet normal  0.000000e+00 -0.000000e+00 -1.000000e+00
   outer loop
     vertex  1.590087e+02 -9.320167e+01  0.000000e+00
     vertex  1.695715e+02 -1.263705e+02  0.000000e+00
     vertex  1.540601e+02 -1.031339e+02  0.000000e+00
   endloop
 endfacet
 facet normal  0.000000e+00  0.000000e+00 -1.000000e+00
   outer loop
     vertex  1.437687e+02 -7.796167e+01  0.000000e+00
     vertex  1.438494e+02 -7.988846e+01  0.000000e+00
     vertex  1.437687e+02 -7.978325e+01  0.000000e+00
   endloop
 endfacet
 facet normal  0.000000e+00 -0.000000e+00 -1.000000e+00
   outer loop
     vertex  1.437687e+02 -7.796167e+01  0.000000e+00
     vertex  1.437687e+02 -7.978325e+01  0.000000e+00
     vertex  1.436635e+02 -7.804240e+01  0.000000e+00
   endloop
 endfacet
 facet normal -0.000000e+00  0.000000e+00 -1.000000e+00
   outer loop
     vertex  1.430502e+02 -7.724325e+01  0.000000e+00
     vertex  1.429695e+02 -7.734846e+01  0.000000e+00
     vertex  1.385835e+02 -7.506246e+01  0.000000e+00
   endloop
 endfacet
 facet normal  0.000000e+00 -0.000000e+00 -1.000000e+00
   outer loop
     vertex  1.590894e+02 -9.309646e+01  0.000000e+00
     vertex  1.695715e+02 -1.263705e+02  0.000000e+00
     vertex  1.590087e+02 -9.320167e+01  0.000000e+00
   endloop
 endfacet
 facet normal  0.000000e+00  0.000000e+00 -1.000000e+00
   outer loop
     vertex  1.438494e+02 -7.785646e+01  0.000000e+00
     vertex  1.439001e+02 -8.001098e+01  0.000000e+00
     vertex  1.438494e+02 -7.988846e+01  0.000000e+00
   endloop
 endfacet
 facet normal  0.000000e+00 -0.000000e+00 -1.000000e+00
   outer loop
     vertex  1.438494e+02 -7.785646e+01  0.000000e+00
     vertex  1.438494e+02 -7.988846e+01  0.000000e+00
     vertex  1.437687e+02 -7.796167e+01  0.000000e+00
   endloop
 endfacet
 facet normal -0.000000e+00  0.000000e+00 -1.000000e+00
   outer loop
     vertex  1.431555e+02 -7.716252e+01  0.000000e+00
     vertex  1.430502e+02 -7.724325e+01  0.000000e+00
     vertex  1.385835e+02 -7.506246e+01  0.000000e+00
   endloop
 endfacet
 facet normal  0.000000e+00 -0.000000e+00 -1.000000e+00
   outer loop
     vertex  1.591401e+02 -9.297394e+01  0.000000e+00
     vertex  1.695715e+02 -1.263705e+02  0.000000e+00
     vertex  1.590894e+02 -9.309646e+01  0.000000e+00
   endloop
 endfacet
 facet normal  0.000000e+00 -0.000000e+00 -1.000000e+00
   outer loop
     vertex  1.439001e+02 -7.773394e+01  0.000000e+00
     vertex  1.439001e+02 -8.001098e+01  0.000000e+00
     vertex  1.438494e+02 -7.785646e+01  0.000000e+00
   endloop
 endfacet
 facet normal -0.000000e+00  0.000000e+00 -1.000000e+00
   outer loop
     vertex  1.432780e+02 -7.711177e+01  0.000000e+00
     vertex  1.431555e+02 -7.716252e+01  0.000000e+00
     vertex  1.385835e+02 -7.506246e+01  0.000000e+00
   endloop
 endfacet
 facet normal -0.000000e+00  0.000000e+00 -1.000000e+00
   outer loop
     vertex  1.434095e+02 -7.709446e+01  0.000000e+00
     vertex  1.432780e+02 -7.711177e+01  0.000000e+00
     vertex  1.385835e+02 -7.506246e+01  0.000000e+00
   endloop
 endfacet
 facet normal  0.000000e+00  0.000000e+00 -1.000000e+00
   outer loop
     vertex  1.435409e+02 -7.711177e+01  0.000000e+00
     vertex  1.434095e+02 -7.709446e+01  0.000000e+00
     vertex  1.385835e+02 -7.506246e+01  0.000000e+00
   endloop
 endfacet
 facet normal  0.000000e+00 -0.000000e+00 -1.000000e+00
   outer loop
     vertex  1.582095e+02 -9.055646e+01  0.000000e+00
     vertex  1.582902e+02 -9.248325e+01  0.000000e+00
     vertex  1.582095e+02 -9.258846e+01  0.000000e+00
   endloop
 endfacet
 facet normal  0.000000e+00  0.000000e+00 -1.000000e+00
   outer loop
     vertex  1.582095e+02 -9.055646e+01  0.000000e+00
     vertex  1.582902e+02 -9.066167e+01  0.000000e+00
     vertex  1.582902e+02 -9.248325e+01  0.000000e+00
   endloop
 endfacet
 facet normal  0.000000e+00  0.000000e+00 -1.000000e+00
   outer loop
     vertex  1.583955e+02 -9.074240e+01  0.000000e+00
     vertex  1.583955e+02 -9.240252e+01  0.000000e+00
     vertex  1.582902e+02 -9.248325e+01  0.000000e+00
   endloop
 endfacet
 facet normal  0.000000e+00 -0.000000e+00 -1.000000e+00
   outer loop
     vertex  1.583955e+02 -9.074240e+01  0.000000e+00
     vertex  1.585180e+02 -9.235177e+01  0.000000e+00
     vertex  1.583955e+02 -9.240252e+01  0.000000e+00
   endloop
 endfacet
 facet normal -0.000000e+00  0.000000e+00 -1.000000e+00
   outer loop
     vertex  1.583955e+02 -9.074240e+01  0.000000e+00
     vertex  1.582902e+02 -9.248325e+01  0.000000e+00
     vertex  1.582902e+02 -9.066167e+01  0.000000e+00
   endloop
 endfacet
 facet normal  0.000000e+00 -0.000000e+00 -1.000000e+00
   outer loop
     vertex  1.581588e+02 -9.043394e+01  0.000000e+00
     vertex  1.582095e+02 -9.258846e+01  0.000000e+00
     vertex  1.581588e+02 -9.271098e+01  0.000000e+00
   endloop
 endfacet
 facet normal -0.000000e+00  0.000000e+00 -1.000000e+00
   outer loop
     vertex  1.581588e+02 -9.043394e+01  0.000000e+00
     vertex  1.439001e+02 -9.271098e+01  0.000000e+00
     vertex  1.439001e+02 -9.043394e+01  0.000000e+00
   endloop
 endfacet
 facet normal  0.000000e+00  0.000000e+00 -1.000000e+00
   outer loop
     vertex  1.581588e+02 -9.043394e+01  0.000000e+00
     vertex  1.581588e+02 -9.271098e+01  0.000000e+00
     vertex  1.439001e+02 -9.271098e+01  0.000000e+00
   endloop
 endfacet
 facet normal  0.000000e+00  0.000000e+00 -1.000000e+00
   outer loop
     vertex  1.581588e+02 -9.043394e+01  0.000000e+00
     vertex  1.582095e+02 -9.055646e+01  0.000000e+00
     vertex  1.582095e+02 -9.258846e+01  0.000000e+00
   endloop
 endfacet
 facet normal -0.000000e+00  0.000000e+00 -1.000000e+00
   outer loop
     vertex  1.585180e+02 -9.079315e+01  0.000000e+00
     vertex  1.585180e+02 -9.235177e+01  0.000000e+00
     vertex  1.583955e+02 -9.074240e+01  0.000000e+00
   endloop
 endfacet
 facet normal  0.000000e+00 -0.000000e+00 -1.000000e+00
   outer loop
     vertex  1.581415e+02 -9.030246e+01  0.000000e+00
     vertex  1.581588e+02 -9.043394e+01  0.000000e+00
     vertex  1.439001e+02 -9.043394e+01  0.000000e+00
   endloop
 endfacet
 facet normal -0.000000e+00  0.000000e+00 -1.000000e+00
   outer loop
     vertex  1.581415e+02 -9.030246e+01  0.000000e+00
     vertex  1.439001e+02 -9.043394e+01  0.000000e+00
     vertex  1.439175e+02 -9.030246e+01  0.000000e+00
   endloop
 endfacet
 facet normal  0.000000e+00  0.000000e+00 -1.000000e+00
   outer loop
     vertex  1.586495e+02 -9.081046e+01  0.000000e+00
     vertex  1.586495e+02 -9.233446e+01  0.000000e+00
     vertex  1.585180e+02 -9.235177e+01  0.000000e+00
   endloop
 endfacet
 facet normal  0.000000e+00 -0.000000e+00 -1.000000e+00
   outer loop
     vertex  1.586495e+02 -9.081046e+01  0.000000e+00
     vertex  1.587809e+02 -9.235177e+01  0.000000e+00
     vertex  1.586495e+02 -9.233446e+01  0.000000e+00
   endloop
 endfacet
 facet normal -0.000000e+00  0.000000e+00 -1.000000e+00
   outer loop
     vertex  1.586495e+02 -9.081046e+01  0.000000e+00
     vertex  1.585180e+02 -9.235177e+01  0.000000e+00
     vertex  1.585180e+02 -9.079315e+01  0.000000e+00
   endloop
 endfacet
 facet normal  0.000000e+00  0.000000e+00 -1.000000e+00
   outer loop
     vertex  1.581588e+02 -9.017098e+01  0.000000e+00
     vertex  1.581415e+02 -9.030246e+01  0.000000e+00
     vertex  1.439175e+02 -9.030246e+01  0.000000e+00
   endloop
 endfacet
 facet normal -0.000000e+00  0.000000e+00 -1.000000e+00
   outer loop
     vertex  1.581588e+02 -9.017098e+01  0.000000e+00
     vertex  1.439175e+02 -9.030246e+01  0.000000e+00
     vertex  1.439001e+02 -9.017098e+01  0.000000e+00
   endloop
 endfacet
 facet normal  0.000000e+00  0.000000e+00 -1.000000e+00
   outer loop
     vertex  1.581588e+02 -9.017098e+01  0.000000e+00
     vertex  1.439001e+02 -9.017098e+01  0.000000e+00
     vertex  1.439001e+02 -8.789394e+01  0.000000e+00
   endloop
 endfacet
 facet normal  0.000000e+00  0.000000e+00 -1.000000e+00
   outer loop
     vertex  1.587809e+02 -9.079315e+01  0.000000e+00
     vertex  1.587809e+02 -9.235177e+01  0.000000e+00
     vertex  1.586495e+02 -9.081046e+01  0.000000e+00
   endloop
 endfacet
 facet normal  0.000000e+00  0.000000e+00 -1.000000e+00
   outer loop
     vertex  1.589035e+02 -9.074240e+01  0.000000e+00
     vertex  1.589035e+02 -9.240252e+01  0.000000e+00
     vertex  1.587809e+02 -9.235177e+01  0.000000e+00
   endloop
 endfacet
 facet normal  0.000000e+00  0.000000e+00 -1.000000e+00
   outer loop
     vertex  1.589035e+02 -9.074240e+01  0.000000e+00
     vertex  1.587809e+02 -9.235177e+01  0.000000e+00
     vertex  1.587809e+02 -9.079315e+01  0.000000e+00
   endloop
 endfacet
 facet normal  0.000000e+00  0.000000e+00 -1.000000e+00
   outer loop
     vertex  1.590087e+02 -9.066167e+01  0.000000e+00
     vertex  1.590087e+02 -9.248325e+01  0.000000e+00
     vertex  1.589035e+02 -9.240252e+01  0.000000e+00
   endloop
 endfacet
 facet normal  0.000000e+00  0.000000e+00 -1.000000e+00
   outer loop
     vertex  1.590087e+02 -9.066167e+01  0.000000e+00
     vertex  1.589035e+02 -9.240252e+01  0.000000e+00
     vertex  1.589035e+02 -9.074240e+01  0.000000e+00
   endloop
 endfacet
 facet normal  0.000000e+00  0.000000e+00 -1.000000e+00
   outer loop
     vertex  1.590894e+02 -9.055646e+01  0.000000e+00
     vertex  1.590894e+02 -9.258846e+01  0.000000e+00
     vertex  1.590087e+02 -9.248325e+01  0.000000e+00
   endloop
 endfacet
 facet normal  0.000000e+00  0.000000e+00 -1.000000e+00
   outer loop
     vertex  1.590894e+02 -9.055646e+01  0.000000e+00
     vertex  1.590087e+02 -9.248325e+01  0.000000e+00
     vertex  1.590087e+02 -9.066167e+01  0.000000e+00
   endloop
 endfacet
 facet normal  0.000000e+00  0.000000e+00 -1.000000e+00
   outer loop
     vertex  1.591401e+02 -9.043394e+01  0.000000e+00
     vertex  1.591401e+02 -9.271098e+01  0.000000e+00
     vertex  1.590894e+02 -9.258846e+01  0.000000e+00
   endloop
 endfacet
 facet normal  0.000000e+00  0.000000e+00 -1.000000e+00
   outer loop
     vertex  1.591401e+02 -9.043394e+01  0.000000e+00
     vertex  1.590894e+02 -9.258846e+01  0.000000e+00
     vertex  1.590894e+02 -9.055646e+01  0.000000e+00
   endloop
 endfacet
 facet normal  0.000000e+00 -0.000000e+00 -1.000000e+00
   outer loop
     vertex  1.591575e+02 -9.030246e+01  0.000000e+00
     vertex  1.591575e+02 -9.284246e+01  0.000000e+00
     vertex  1.591401e+02 -9.271098e+01  0.000000e+00
   endloop
 endfacet
 facet normal  0.000000e+00  0.000000e+00 -1.000000e+00
   outer loop
     vertex  1.591575e+02 -9.030246e+01  0.000000e+00
     vertex  1.591401e+02 -9.271098e+01  0.000000e+00
     vertex  1.591401e+02 -9.043394e+01  0.000000e+00
   endloop
 endfacet
 facet normal  0.000000e+00 -0.000000e+00 -1.000000e+00
   outer loop
     vertex  1.582902e+02 -8.812167e+01  0.000000e+00
     vertex  1.583955e+02 -8.986252e+01  0.000000e+00
     vertex  1.582902e+02 -8.994325e+01  0.000000e+00
   endloop
 endfacet
 facet normal  0.000000e+00  0.000000e+00 -1.000000e+00
   outer loop
     vertex  1.582095e+02 -8.801646e+01  0.000000e+00
     vertex  1.582095e+02 -9.004846e+01  0.000000e+00
     vertex  1.581588e+02 -9.017098e+01  0.000000e+00
   endloop
 endfacet
 facet normal  0.000000e+00 -0.000000e+00 -1.000000e+00
   outer loop
     vertex  1.582095e+02 -8.801646e+01  0.000000e+00
     vertex  1.582902e+02 -8.994325e+01  0.000000e+00
     vertex  1.582095e+02 -9.004846e+01  0.000000e+00
   endloop
 endfacet
 facet normal  0.000000e+00  0.000000e+00 -1.000000e+00
   outer loop
     vertex  1.582095e+02 -8.801646e+01  0.000000e+00
     vertex  1.582902e+02 -8.812167e+01  0.000000e+00
     vertex  1.582902e+02 -8.994325e+01  0.000000e+00
   endloop
 endfacet
 facet normal -0.000000e+00  0.000000e+00 -1.000000e+00
   outer loop
     vertex  1.583955e+02 -8.820240e+01  0.000000e+00
     vertex  1.583955e+02 -8.986252e+01  0.000000e+00
     vertex  1.582902e+02 -8.812167e+01  0.000000e+00
   endloop
 endfacet
 facet normal -0.000000e+00  0.000000e+00 -1.000000e+00
   outer loop
     vertex  1.581588e+02 -8.789394e+01  0.000000e+00
     vertex  1.581588e+02 -9.017098e+01  0.000000e+00
     vertex  1.439001e+02 -8.789394e+01  0.000000e+00
   endloop
 endfacet
 facet normal  0.000000e+00 -0.000000e+00 -1.000000e+00
   outer loop
     vertex  1.581588e+02 -8.789394e+01  0.000000e+00
     vertex  1.582095e+02 -8.801646e+01  0.000000e+00
     vertex  1.581588e+02 -9.017098e+01  0.000000e+00
   endloop
 endfacet
 facet normal  0.000000e+00  0.000000e+00 -1.000000e+00
   outer loop
     vertex  1.585180e+02 -8.825315e+01  0.000000e+00
     vertex  1.585180e+02 -8.981177e+01  0.000000e+00
     vertex  1.583955e+02 -8.986252e+01  0.000000e+00
   endloop
 endfacet
 facet normal  0.000000e+00 -0.000000e+00 -1.000000e+00
   outer loop
     vertex  1.585180e+02 -8.825315e+01  0.000000e+00
     vertex  1.586495e+02 -8.979446e+01  0.000000e+00
     vertex  1.585180e+02 -8.981177e+01  0.000000e+00
   endloop
 endfacet
 facet normal -0.000000e+00  0.000000e+00 -1.000000e+00
   outer loop
     vertex  1.585180e+02 -8.825315e+01  0.000000e+00
     vertex  1.583955e+02 -8.986252e+01  0.000000e+00
     vertex  1.583955e+02 -8.820240e+01  0.000000e+00
   endloop
 endfacet
 facet normal -0.000000e+00  0.000000e+00 -1.000000e+00
   outer loop
     vertex  1.581415e+02 -8.776246e+01  0.000000e+00
     vertex  1.439001e+02 -8.789394e+01  0.000000e+00
     vertex  1.439175e+02 -8.776246e+01  0.000000e+00
   endloop
 endfacet
 facet normal  0.000000e+00 -0.000000e+00 -1.000000e+00
   outer loop
     vertex  1.581415e+02 -8.776246e+01  0.000000e+00
     vertex  1.581588e+02 -8.789394e+01  0.000000e+00
     vertex  1.439001e+02 -8.789394e+01  0.000000e+00
   endloop
 endfacet
 facet normal -0.000000e+00  0.000000e+00 -1.000000e+00
   outer loop
     vertex  1.586495e+02 -8.827046e+01  0.000000e+00
     vertex  1.586495e+02 -8.979446e+01  0.000000e+00
     vertex  1.585180e+02 -8.825315e+01  0.000000e+00
   endloop
 endfacet
 facet normal  0.000000e+00  0.000000e+00 -1.000000e+00
   outer loop
     vertex  1.581588e+02 -8.763098e+01  0.000000e+00
     vertex  1.581415e+02 -8.776246e+01  0.000000e+00
     vertex  1.439175e+02 -8.776246e+01  0.000000e+00
   endloop
 endfacet
 facet normal  0.000000e+00  0.000000e+00 -1.000000e+00
   outer loop
     vertex  1.581588e+02 -8.763098e+01  0.000000e+00
     vertex  1.439001e+02 -8.763098e+01  0.000000e+00
     vertex  1.439001e+02 -8.535394e+01  0.000000e+00
   endloop
 endfacet
 facet normal -0.000000e+00  0.000000e+00 -1.000000e+00
   outer loop
     vertex  1.581588e+02 -8.763098e+01  0.000000e+00
     vertex  1.439175e+02 -8.776246e+01  0.000000e+00
     vertex  1.439001e+02 -8.763098e+01  0.000000e+00
   endloop
 endfacet
 facet normal  0.000000e+00  0.000000e+00 -1.000000e+00
   outer loop
     vertex  1.587809e+02 -8.825315e+01  0.000000e+00
     vertex  1.587809e+02 -8.981177e+01  0.000000e+00
     vertex  1.586495e+02 -8.979446e+01  0.000000e+00
   endloop
 endfacet
 facet normal  0.000000e+00  0.000000e+00 -1.000000e+00
   outer loop
     vertex  1.587809e+02 -8.825315e+01  0.000000e+00
     vertex  1.586495e+02 -8.979446e+01  0.000000e+00
     vertex  1.586495e+02 -8.827046e+01  0.000000e+00
   endloop
 endfacet
 facet normal  0.000000e+00  0.000000e+00 -1.000000e+00
   outer loop
     vertex  1.589035e+02 -8.820240e+01  0.000000e+00
     vertex  1.587809e+02 -8.981177e+01  0.000000e+00
     vertex  1.587809e+02 -8.825315e+01  0.000000e+00
   endloop
 endfacet
 facet normal  0.000000e+00  0.000000e+00 -1.000000e+00
   outer loop
     vertex  1.589035e+02 -8.820240e+01  0.000000e+00
     vertex  1.589035e+02 -8.986252e+01  0.000000e+00
     vertex  1.587809e+02 -8.981177e+01  0.000000e+00
   endloop
 endfacet
 facet normal  0.000000e+00  0.000000e+00 -1.000000e+00
   outer loop
     vertex  1.590087e+02 -8.812167e+01  0.000000e+00
     vertex  1.590087e+02 -8.994325e+01  0.000000e+00
     vertex  1.589035e+02 -8.986252e+01  0.000000e+00
   endloop
 endfacet
 facet normal  0.000000e+00  0.000000e+00 -1.000000e+00
   outer loop
     vertex  1.590087e+02 -8.812167e+01  0.000000e+00
     vertex  1.589035e+02 -8.986252e+01  0.000000e+00
     vertex  1.589035e+02 -8.820240e+01  0.000000e+00
   endloop
 endfacet
 facet normal  0.000000e+00  0.000000e+00 -1.000000e+00
   outer loop
     vertex  1.590894e+02 -8.801646e+01  0.000000e+00
     vertex  1.590087e+02 -8.994325e+01  0.000000e+00
     vertex  1.590087e+02 -8.812167e+01  0.000000e+00
   endloop
 endfacet
 facet normal  0.000000e+00  0.000000e+00 -1.000000e+00
   outer loop
     vertex  1.590894e+02 -8.801646e+01  0.000000e+00
     vertex  1.590894e+02 -9.004846e+01  0.000000e+00
     vertex  1.590087e+02 -8.994325e+01  0.000000e+00
   endloop
 endfacet
 facet normal  0.000000e+00 -0.000000e+00 -1.000000e+00
   outer loop
     vertex  1.590894e+02 -8.801646e+01  0.000000e+00
     vertex  1.591401e+02 -9.017098e+01  0.000000e+00
     vertex  1.590894e+02 -9.004846e+01  0.000000e+00
   endloop
 endfacet
 facet normal  0.000000e+00  0.000000e+00 -1.000000e+00
   outer loop
     vertex  1.591401e+02 -8.789394e+01  0.000000e+00
     vertex  1.591401e+02 -9.017098e+01  0.000000e+00
     vertex  1.590894e+02 -8.801646e+01  0.000000e+00
   endloop
 endfacet
 facet normal  0.000000e+00 -0.000000e+00 -1.000000e+00
   outer loop
     vertex  1.591575e+02 -8.776246e+01  0.000000e+00
     vertex  1.591575e+02 -9.030246e+01  0.000000e+00
     vertex  1.591401e+02 -9.017098e+01  0.000000e+00
   endloop
 endfacet
 facet normal  0.000000e+00  0.000000e+00 -1.000000e+00
   outer loop
     vertex  1.591575e+02 -8.776246e+01  0.000000e+00
     vertex  1.591401e+02 -9.017098e+01  0.000000e+00
     vertex  1.591401e+02 -8.789394e+01  0.000000e+00
   endloop
 endfacet
 facet normal  0.000000e+00  0.000000e+00 -1.000000e+00
   outer loop
     vertex  1.582902e+02 -8.558167e+01  0.000000e+00
     vertex  1.582902e+02 -8.740325e+01  0.000000e+00
     vertex  1.582095e+02 -8.750846e+01  0.000000e+00
   endloop
 endfacet
 facet normal  0.000000e+00 -0.000000e+00 -1.000000e+00
   outer loop
     vertex  1.582095e+02 -8.547646e+01  0.000000e+00
     vertex  1.582902e+02 -8.558167e+01  0.000000e+00
     vertex  1.582095e+02 -8.750846e+01  0.000000e+00
   endloop
 endfacet
 facet normal -0.000000e+00  0.000000e+00 -1.000000e+00
   outer loop
     vertex  1.583955e+02 -8.566240e+01  0.000000e+00
     vertex  1.582902e+02 -8.740325e+01  0.000000e+00
     vertex  1.582902e+02 -8.558167e+01  0.000000e+00
   endloop
 endfacet
 facet normal  0.000000e+00  0.000000e+00 -1.000000e+00
   outer loop
     vertex  1.583955e+02 -8.566240e+01  0.000000e+00
     vertex  1.583955e+02 -8.732252e+01  0.000000e+00
     vertex  1.582902e+02 -8.740325e+01  0.000000e+00
   endloop
 endfacet
 facet normal -0.000000e+00  0.000000e+00 -1.000000e+00
   outer loop
     vertex  1.581588e+02 -8.535394e+01  0.000000e+00
     vertex  1.581588e+02 -8.763098e+01  0.000000e+00
     vertex  1.439001e+02 -8.535394e+01  0.000000e+00
   endloop
 endfacet
 facet normal  0.000000e+00 -0.000000e+00 -1.000000e+00
   outer loop
     vertex  1.581588e+02 -8.535394e+01  0.000000e+00
     vertex  1.582095e+02 -8.750846e+01  0.000000e+00
     vertex  1.581588e+02 -8.763098e+01  0.000000e+00
   endloop
 endfacet
 facet normal  0.000000e+00  0.000000e+00 -1.000000e+00
   outer loop
     vertex  1.581588e+02 -8.535394e+01  0.000000e+00
     vertex  1.439001e+02 -8.535394e+01  0.000000e+00
     vertex  1.439175e+02 -8.522246e+01  0.000000e+00
   endloop
 endfacet
 facet normal  0.000000e+00  0.000000e+00 -1.000000e+00
   outer loop
     vertex  1.581588e+02 -8.535394e+01  0.000000e+00
     vertex  1.582095e+02 -8.547646e+01  0.000000e+00
     vertex  1.582095e+02 -8.750846e+01  0.000000e+00
   endloop
 endfacet
 facet normal -0.000000e+00  0.000000e+00 -1.000000e+00
   outer loop
     vertex  1.585180e+02 -8.571315e+01  0.000000e+00
     vertex  1.583955e+02 -8.732252e+01  0.000000e+00
     vertex  1.583955e+02 -8.566240e+01  0.000000e+00
   endloop
 endfacet
 facet normal  0.000000e+00  0.000000e+00 -1.000000e+00
   outer loop
     vertex  1.585180e+02 -8.571315e+01  0.000000e+00
     vertex  1.585180e+02 -8.727177e+01  0.000000e+00
     vertex  1.583955e+02 -8.732252e+01  0.000000e+00
   endloop
 endfacet
 facet normal -0.000000e+00 -0.000000e+00 -1.000000e+00
   outer loop
     vertex  1.581415e+02 -8.522246e+01  0.000000e+00
     vertex  1.581588e+02 -8.535394e+01  0.000000e+00
     vertex  1.439175e+02 -8.522246e+01  0.000000e+00
   endloop
 endfacet
 facet normal -0.000000e+00  0.000000e+00 -1.000000e+00
   outer loop
     vertex  1.586495e+02 -8.573046e+01  0.000000e+00
     vertex  1.585180e+02 -8.727177e+01  0.000000e+00
     vertex  1.585180e+02 -8.571315e+01  0.000000e+00
   endloop
 endfacet
 facet normal  0.000000e+00  0.000000e+00 -1.000000e+00
   outer loop
     vertex  1.586495e+02 -8.573046e+01  0.000000e+00
     vertex  1.586495e+02 -8.725446e+01  0.000000e+00
     vertex  1.585180e+02 -8.727177e+01  0.000000e+00
   endloop
 endfacet
 facet normal  0.000000e+00  0.000000e+00 -1.000000e+00
   outer loop
     vertex  1.581588e+02 -8.509098e+01  0.000000e+00
     vertex  1.581415e+02 -8.522246e+01  0.000000e+00
     vertex  1.439175e+02 -8.522246e+01  0.000000e+00
   endloop
 endfacet
 facet normal -0.000000e+00  0.000000e+00 -1.000000e+00
   outer loop
     vertex  1.581588e+02 -8.509098e+01  0.000000e+00
     vertex  1.439175e+02 -8.522246e+01  0.000000e+00
     vertex  1.439001e+02 -8.509098e+01  0.000000e+00
   endloop
 endfacet
 facet normal  0.000000e+00  0.000000e+00 -1.000000e+00
   outer loop
     vertex  1.587809e+02 -8.571315e+01  0.000000e+00
     vertex  1.586495e+02 -8.725446e+01  0.000000e+00
     vertex  1.586495e+02 -8.573046e+01  0.000000e+00
   endloop
 endfacet
 facet normal  0.000000e+00  0.000000e+00 -1.000000e+00
   outer loop
     vertex  1.587809e+02 -8.571315e+01  0.000000e+00
     vertex  1.587809e+02 -8.727177e+01  0.000000e+00
     vertex  1.586495e+02 -8.725446e+01  0.000000e+00
   endloop
 endfacet
 facet normal  0.000000e+00  0.000000e+00 -1.000000e+00
   outer loop
     vertex  1.589035e+02 -8.566240e+01  0.000000e+00
     vertex  1.587809e+02 -8.727177e+01  0.000000e+00
     vertex  1.587809e+02 -8.571315e+01  0.000000e+00
   endloop
 endfacet
 facet normal  0.000000e+00  0.000000e+00 -1.000000e+00
   outer loop
     vertex  1.589035e+02 -8.566240e+01  0.000000e+00
     vertex  1.589035e+02 -8.732252e+01  0.000000e+00
     vertex  1.587809e+02 -8.727177e+01  0.000000e+00
   endloop
 endfacet
 facet normal  0.000000e+00  0.000000e+00 -1.000000e+00
   outer loop
     vertex  1.590087e+02 -8.558167e+01  0.000000e+00
     vertex  1.589035e+02 -8.732252e+01  0.000000e+00
     vertex  1.589035e+02 -8.566240e+01  0.000000e+00
   endloop
 endfacet
 facet normal  0.000000e+00  0.000000e+00 -1.000000e+00
   outer loop
     vertex  1.590087e+02 -8.558167e+01  0.000000e+00
     vertex  1.590087e+02 -8.740325e+01  0.000000e+00
     vertex  1.589035e+02 -8.732252e+01  0.000000e+00
   endloop
 endfacet
 facet normal  0.000000e+00 -0.000000e+00 -1.000000e+00
   outer loop
     vertex  1.590087e+02 -8.558167e+01  0.000000e+00
     vertex  1.590894e+02 -8.750846e+01  0.000000e+00
     vertex  1.590087e+02 -8.740325e+01  0.000000e+00
   endloop
 endfacet
 facet normal  0.000000e+00  0.000000e+00 -1.000000e+00
   outer loop
     vertex  1.590894e+02 -8.547646e+01  0.000000e+00
     vertex  1.590894e+02 -8.750846e+01  0.000000e+00
     vertex  1.590087e+02 -8.558167e+01  0.000000e+00
   endloop
 endfacet
 facet normal  0.000000e+00 -0.000000e+00 -1.000000e+00
   outer loop
     vertex  1.590894e+02 -8.547646e+01  0.000000e+00
     vertex  1.591401e+02 -8.763098e+01  0.000000e+00
     vertex  1.590894e+02 -8.750846e+01  0.000000e+00
   endloop
 endfacet
 facet normal  0.000000e+00  0.000000e+00 -1.000000e+00
   outer loop
     vertex  1.591401e+02 -8.535394e+01  0.000000e+00
     vertex  1.591401e+02 -8.763098e+01  0.000000e+00
     vertex  1.590894e+02 -8.547646e+01  0.000000e+00
   endloop
 endfacet
 facet normal  0.000000e+00  0.000000e+00 -1.000000e+00
   outer loop
     vertex  1.591575e+02 -8.522246e+01  0.000000e+00
     vertex  1.591401e+02 -8.763098e+01  0.000000e+00
     vertex  1.591401e+02 -8.535394e+01  0.000000e+00
   endloop
 endfacet
 facet normal  0.000000e+00 -0.000000e+00 -1.000000e+00
   outer loop
     vertex  1.591575e+02 -8.522246e+01  0.000000e+00
     vertex  1.591575e+02 -8.776246e+01  0.000000e+00
     vertex  1.591401e+02 -8.763098e+01  0.000000e+00
   endloop
 endfacet
 facet normal  0.000000e+00  0.000000e+00 -1.000000e+00
   outer loop
     vertex  1.582095e+02 -8.293646e+01  0.000000e+00
     vertex  1.582902e+02 -8.304167e+01  0.000000e+00
     vertex  1.582902e+02 -8.486325e+01  0.000000e+00
   endloop
 endfacet
 facet normal  0.000000e+00  0.000000e+00 -1.000000e+00
   outer loop
     vertex  1.582095e+02 -8.293646e+01  0.000000e+00
     vertex  1.582095e+02 -8.496846e+01  0.000000e+00
     vertex  1.581588e+02 -8.509098e+01  0.000000e+00
   endloop
 endfacet
 facet normal  0.000000e+00 -0.000000e+00 -1.000000e+00
   outer loop
     vertex  1.582095e+02 -8.293646e+01  0.000000e+00
     vertex  1.582902e+02 -8.486325e+01  0.000000e+00
     vertex  1.582095e+02 -8.496846e+01  0.000000e+00
   endloop
 endfacet
 facet normal -0.000000e+00  0.000000e+00 -1.000000e+00
   outer loop
     vertex  1.583955e+02 -8.312240e+01  0.000000e+00
     vertex  1.582902e+02 -8.486325e+01  0.000000e+00
     vertex  1.582902e+02 -8.304167e+01  0.000000e+00
   endloop
 endfacet
 facet normal  0.000000e+00  0.000000e+00 -1.000000e+00
   outer loop
     vertex  1.583955e+02 -8.312240e+01  0.000000e+00
     vertex  1.583955e+02 -8.478252e+01  0.000000e+00
     vertex  1.582902e+02 -8.486325e+01  0.000000e+00
   endloop
 endfacet
 facet normal  0.000000e+00  0.000000e+00 -1.000000e+00
   outer loop
     vertex  1.581588e+02 -8.281394e+01  0.000000e+00
     vertex  1.581588e+02 -8.509098e+01  0.000000e+00
     vertex  1.439001e+02 -8.509098e+01  0.000000e+00
   endloop
 endfacet
 facet normal -0.000000e+00  0.000000e+00 -1.000000e+00
   outer loop
     vertex  1.581588e+02 -8.281394e+01  0.000000e+00
     vertex  1.439001e+02 -8.509098e+01  0.000000e+00
     vertex  1.439001e+02 -8.281394e+01  0.000000e+00
   endloop
 endfacet
 facet normal  0.000000e+00 -0.000000e+00 -1.000000e+00
   outer loop
     vertex  1.581588e+02 -8.281394e+01  0.000000e+00
     vertex  1.582095e+02 -8.293646e+01  0.000000e+00
     vertex  1.581588e+02 -8.509098e+01  0.000000e+00
   endloop
 endfacet
 facet normal -0.000000e+00  0.000000e+00 -1.000000e+00
   outer loop
     vertex  1.585180e+02 -8.317315e+01  0.000000e+00
     vertex  1.583955e+02 -8.478252e+01  0.000000e+00
     vertex  1.583955e+02 -8.312240e+01  0.000000e+00
   endloop
 endfacet
 facet normal  0.000000e+00  0.000000e+00 -1.000000e+00
   outer loop
     vertex  1.585180e+02 -8.317315e+01  0.000000e+00
     vertex  1.585180e+02 -8.473177e+01  0.000000e+00
     vertex  1.583955e+02 -8.478252e+01  0.000000e+00
   endloop
 endfacet
 facet normal  0.000000e+00 -0.000000e+00 -1.000000e+00
   outer loop
     vertex  1.585180e+02 -8.317315e+01  0.000000e+00
     vertex  1.586495e+02 -8.471446e+01  0.000000e+00
     vertex  1.585180e+02 -8.473177e+01  0.000000e+00
   endloop
 endfacet
 facet normal  0.000000e+00  0.000000e+00 -1.000000e+00
   outer loop
     vertex  1.581415e+02 -8.268246e+01  0.000000e+00
     vertex  1.439175e+02 -8.268246e+01  0.000000e+00
     vertex  1.439001e+02 -8.255098e+01  0.000000e+00
   endloop
 endfacet
 facet normal -0.000000e+00  0.000000e+00 -1.000000e+00
   outer loop
     vertex  1.581415e+02 -8.268246e+01  0.000000e+00
     vertex  1.439001e+02 -8.281394e+01  0.000000e+00
     vertex  1.439175e+02 -8.268246e+01  0.000000e+00
   endloop
 endfacet
 facet normal  0.000000e+00 -0.000000e+00 -1.000000e+00
   outer loop
     vertex  1.581415e+02 -8.268246e+01  0.000000e+00
     vertex  1.581588e+02 -8.281394e+01  0.000000e+00
     vertex  1.439001e+02 -8.281394e+01  0.000000e+00
   endloop
 endfacet
 facet normal -0.000000e+00  0.000000e+00 -1.000000e+00
   outer loop
     vertex  1.586495e+02 -8.319046e+01  0.000000e+00
     vertex  1.586495e+02 -8.471446e+01  0.000000e+00
     vertex  1.585180e+02 -8.317315e+01  0.000000e+00
   endloop
 endfacet
 facet normal  0.000000e+00 -0.000000e+00 -1.000000e+00
   outer loop
     vertex  1.586495e+02 -8.319046e+01  0.000000e+00
     vertex  1.587809e+02 -8.473177e+01  0.000000e+00
     vertex  1.586495e+02 -8.471446e+01  0.000000e+00
   endloop
 endfacet
 facet normal -0.000000e+00  0.000000e+00 -1.000000e+00
   outer loop
     vertex  1.581588e+02 -8.255098e+01  0.000000e+00
     vertex  1.581415e+02 -8.268246e+01  0.000000e+00
     vertex  1.439001e+02 -8.255098e+01  0.000000e+00
   endloop
 endfacet
 facet normal  0.000000e+00  0.000000e+00 -1.000000e+00
   outer loop
     vertex  1.587809e+02 -8.317315e+01  0.000000e+00
     vertex  1.587809e+02 -8.473177e+01  0.000000e+00
     vertex  1.586495e+02 -8.319046e+01  0.000000e+00
   endloop
 endfacet
 facet normal  0.000000e+00  0.000000e+00 -1.000000e+00
   outer loop
     vertex  1.589035e+02 -8.312240e+01  0.000000e+00
     vertex  1.587809e+02 -8.473177e+01  0.000000e+00
     vertex  1.587809e+02 -8.317315e+01  0.000000e+00
   endloop
 endfacet
 facet normal  0.000000e+00  0.000000e+00 -1.000000e+00
   outer loop
     vertex  1.589035e+02 -8.312240e+01  0.000000e+00
     vertex  1.589035e+02 -8.478252e+01  0.000000e+00
     vertex  1.587809e+02 -8.473177e+01  0.000000e+00
   endloop
 endfacet
 facet normal  0.000000e+00  0.000000e+00 -1.000000e+00
   outer loop
     vertex  1.590087e+02 -8.304167e+01  0.000000e+00
     vertex  1.589035e+02 -8.478252e+01  0.000000e+00
     vertex  1.589035e+02 -8.312240e+01  0.000000e+00
   endloop
 endfacet
 facet normal  0.000000e+00  0.000000e+00 -1.000000e+00
   outer loop
     vertex  1.590087e+02 -8.304167e+01  0.000000e+00
     vertex  1.590087e+02 -8.486325e+01  0.000000e+00
     vertex  1.589035e+02 -8.478252e+01  0.000000e+00
   endloop
 endfacet
 facet normal  0.000000e+00 -0.000000e+00 -1.000000e+00
   outer loop
     vertex  1.590087e+02 -8.304167e+01  0.000000e+00
     vertex  1.590894e+02 -8.496846e+01  0.000000e+00
     vertex  1.590087e+02 -8.486325e+01  0.000000e+00
   endloop
 endfacet
 facet normal  0.000000e+00  0.000000e+00 -1.000000e+00
   outer loop
     vertex  1.590894e+02 -8.293646e+01  0.000000e+00
     vertex  1.590894e+02 -8.496846e+01  0.000000e+00
     vertex  1.590087e+02 -8.304167e+01  0.000000e+00
   endloop
 endfacet
 facet normal  0.000000e+00  0.000000e+00 -1.000000e+00
   outer loop
     vertex  1.591401e+02 -8.281394e+01  0.000000e+00
     vertex  1.591401e+02 -8.509098e+01  0.000000e+00
     vertex  1.590894e+02 -8.496846e+01  0.000000e+00
   endloop
 endfacet
 facet normal  0.000000e+00  0.000000e+00 -1.000000e+00
   outer loop
     vertex  1.591401e+02 -8.281394e+01  0.000000e+00
     vertex  1.590894e+02 -8.496846e+01  0.000000e+00
     vertex  1.590894e+02 -8.293646e+01  0.000000e+00
   endloop
 endfacet
 facet normal  0.000000e+00  0.000000e+00 -1.000000e+00
   outer loop
     vertex  1.591575e+02 -8.268246e+01  0.000000e+00
     vertex  1.591575e+02 -8.522246e+01  0.000000e+00
     vertex  1.591401e+02 -8.509098e+01  0.000000e+00
   endloop
 endfacet
 facet normal  0.000000e+00  0.000000e+00 -1.000000e+00
   outer loop
     vertex  1.591575e+02 -8.268246e+01  0.000000e+00
     vertex  1.591401e+02 -8.509098e+01  0.000000e+00
     vertex  1.591401e+02 -8.281394e+01  0.000000e+00
   endloop
 endfacet
 facet normal  0.000000e+00 -0.000000e+00 -1.000000e+00
   outer loop
     vertex  1.582902e+02 -8.050167e+01  0.000000e+00
     vertex  1.583955e+02 -8.224252e+01  0.000000e+00
     vertex  1.582902e+02 -8.232325e+01  0.000000e+00
   endloop
 endfacet
 facet normal  0.000000e+00 -0.000000e+00 -1.000000e+00
   outer loop
     vertex  1.582095e+02 -8.039646e+01  0.000000e+00
     vertex  1.582902e+02 -8.232325e+01  0.000000e+00
     vertex  1.582095e+02 -8.242846e+01  0.000000e+00
   endloop
 endfacet
 facet normal  0.000000e+00  0.000000e+00 -1.000000e+00
   outer loop
     vertex  1.582095e+02 -8.039646e+01  0.000000e+00
     vertex  1.582902e+02 -8.050167e+01  0.000000e+00
     vertex  1.582902e+02 -8.232325e+01  0.000000e+00
   endloop
 endfacet
 facet normal -0.000000e+00  0.000000e+00 -1.000000e+00
   outer loop
     vertex  1.583955e+02 -8.058240e+01  0.000000e+00
     vertex  1.583955e+02 -8.224252e+01  0.000000e+00
     vertex  1.582902e+02 -8.050167e+01  0.000000e+00
   endloop
 endfacet
 facet normal -0.000000e+00  0.000000e+00 -1.000000e+00
   outer loop
     vertex  1.581588e+02 -8.027394e+01  0.000000e+00
     vertex  1.439001e+02 -8.255098e+01  0.000000e+00
     vertex  1.439001e+02 -8.027394e+01  0.000000e+00
   endloop
 endfacet
 facet normal  0.000000e+00 -0.000000e+00 -1.000000e+00
   outer loop
     vertex  1.581588e+02 -8.027394e+01  0.000000e+00
     vertex  1.582095e+02 -8.242846e+01  0.000000e+00
     vertex  1.581588e+02 -8.255098e+01  0.000000e+00
   endloop
 endfacet
 facet normal  0.000000e+00  0.000000e+00 -1.000000e+00
   outer loop
     vertex  1.581588e+02 -8.027394e+01  0.000000e+00
     vertex  1.582095e+02 -8.039646e+01  0.000000e+00
     vertex  1.582095e+02 -8.242846e+01  0.000000e+00
   endloop
 endfacet
 facet normal  0.000000e+00  0.000000e+00 -1.000000e+00
   outer loop
     vertex  1.581588e+02 -8.027394e+01  0.000000e+00
     vertex  1.581588e+02 -8.255098e+01  0.000000e+00
     vertex  1.439001e+02 -8.255098e+01  0.000000e+00
   endloop
 endfacet
 facet normal -0.000000e+00  0.000000e+00 -1.000000e+00
   outer loop
     vertex  1.585180e+02 -8.063315e+01  0.000000e+00
     vertex  1.583955e+02 -8.224252e+01  0.000000e+00
     vertex  1.583955e+02 -8.058240e+01  0.000000e+00
   endloop
 endfacet
 facet normal  0.000000e+00  0.000000e+00 -1.000000e+00
   outer loop
     vertex  1.585180e+02 -8.063315e+01  0.000000e+00
     vertex  1.585180e+02 -8.219177e+01  0.000000e+00
     vertex  1.583955e+02 -8.224252e+01  0.000000e+00
   endloop
 endfacet
 facet normal  0.000000e+00 -0.000000e+00 -1.000000e+00
   outer loop
     vertex  1.585180e+02 -8.063315e+01  0.000000e+00
     vertex  1.586495e+02 -8.217446e+01  0.000000e+00
     vertex  1.585180e+02 -8.219177e+01  0.000000e+00
   endloop
 endfacet
 facet normal  0.000000e+00 -0.000000e+00 -1.000000e+00
   outer loop
     vertex  1.581415e+02 -8.014246e+01  0.000000e+00
     vertex  1.581588e+02 -8.027394e+01  0.000000e+00
     vertex  1.439001e+02 -8.027394e+01  0.000000e+00
   endloop
 endfacet
 facet normal  0.000000e+00  0.000000e+00 -1.000000e+00
   outer loop
     vertex  1.581415e+02 -8.014246e+01  0.000000e+00
     vertex  1.439175e+02 -8.014246e+01  0.000000e+00
     vertex  1.439001e+02 -8.001098e+01  0.000000e+00
   endloop
 endfacet
 facet normal -0.000000e+00  0.000000e+00 -1.000000e+00
   outer loop
     vertex  1.581415e+02 -8.014246e+01  0.000000e+00
     vertex  1.439001e+02 -8.027394e+01  0.000000e+00
     vertex  1.439175e+02 -8.014246e+01  0.000000e+00
   endloop
 endfacet
 facet normal -0.000000e+00  0.000000e+00 -1.000000e+00
   outer loop
     vertex  1.586495e+02 -8.065046e+01  0.000000e+00
     vertex  1.586495e+02 -8.217446e+01  0.000000e+00
     vertex  1.585180e+02 -8.063315e+01  0.000000e+00
   endloop
 endfacet
 facet normal -0.000000e+00  0.000000e+00 -1.000000e+00
   outer loop
     vertex  1.581588e+02 -8.001098e+01  0.000000e+00
     vertex  1.581415e+02 -8.014246e+01  0.000000e+00
     vertex  1.439001e+02 -8.001098e+01  0.000000e+00
   endloop
 endfacet
 facet normal  0.000000e+00  0.000000e+00 -1.000000e+00
   outer loop
     vertex  1.587809e+02 -8.063315e+01  0.000000e+00
     vertex  1.587809e+02 -8.219177e+01  0.000000e+00
     vertex  1.586495e+02 -8.217446e+01  0.000000e+00
   endloop
 endfacet
 facet normal  0.000000e+00  0.000000e+00 -1.000000e+00
   outer loop
     vertex  1.587809e+02 -8.063315e+01  0.000000e+00
     vertex  1.586495e+02 -8.217446e+01  0.000000e+00
     vertex  1.586495e+02 -8.065046e+01  0.000000e+00
   endloop
 endfacet
 facet normal  0.000000e+00  0.000000e+00 -1.000000e+00
   outer loop
     vertex  1.589035e+02 -8.058240e+01  0.000000e+00
     vertex  1.589035e+02 -8.224252e+01  0.000000e+00
     vertex  1.587809e+02 -8.219177e+01  0.000000e+00
   endloop
 endfacet
 facet normal  0.000000e+00  0.000000e+00 -1.000000e+00
   outer loop
     vertex  1.589035e+02 -8.058240e+01  0.000000e+00
     vertex  1.587809e+02 -8.219177e+01  0.000000e+00
     vertex  1.587809e+02 -8.063315e+01  0.000000e+00
   endloop
 endfacet
 facet normal  0.000000e+00  0.000000e+00 -1.000000e+00
   outer loop
     vertex  1.590087e+02 -8.050167e+01  0.000000e+00
     vertex  1.589035e+02 -8.224252e+01  0.000000e+00
     vertex  1.589035e+02 -8.058240e+01  0.000000e+00
   endloop
 endfacet
 facet normal  0.000000e+00  0.000000e+00 -1.000000e+00
   outer loop
     vertex  1.590087e+02 -8.050167e+01  0.000000e+00
     vertex  1.590087e+02 -8.232325e+01  0.000000e+00
     vertex  1.589035e+02 -8.224252e+01  0.000000e+00
   endloop
 endfacet
 facet normal  0.000000e+00  0.000000e+00 -1.000000e+00
   outer loop
     vertex  1.590894e+02 -8.039646e+01  0.000000e+00
     vertex  1.590894e+02 -8.242846e+01  0.000000e+00
     vertex  1.590087e+02 -8.232325e+01  0.000000e+00
   endloop
 endfacet
 facet normal  0.000000e+00 -0.000000e+00 -1.000000e+00
   outer loop
     vertex  1.590894e+02 -8.039646e+01  0.000000e+00
     vertex  1.591401e+02 -8.255098e+01  0.000000e+00
     vertex  1.590894e+02 -8.242846e+01  0.000000e+00
   endloop
 endfacet
 facet normal  0.000000e+00  0.000000e+00 -1.000000e+00
   outer loop
     vertex  1.590894e+02 -8.039646e+01  0.000000e+00
     vertex  1.590087e+02 -8.232325e+01  0.000000e+00
     vertex  1.590087e+02 -8.050167e+01  0.000000e+00
   endloop
 endfacet
 facet normal  0.000000e+00  0.000000e+00 -1.000000e+00
   outer loop
     vertex  1.591401e+02 -8.027394e+01  0.000000e+00
     vertex  1.591401e+02 -8.255098e+01  0.000000e+00
     vertex  1.590894e+02 -8.039646e+01  0.000000e+00
   endloop
 endfacet
 facet normal  0.000000e+00 -0.000000e+00 -1.000000e+00
   outer loop
     vertex  1.582902e+02 -7.796167e+01  0.000000e+00
     vertex  1.583955e+02 -7.970252e+01  0.000000e+00
     vertex  1.582902e+02 -7.978325e+01  0.000000e+00
   endloop
 endfacet
 facet normal  0.000000e+00  0.000000e+00 -1.000000e+00
   outer loop
     vertex  1.582095e+02 -7.785646e+01  0.000000e+00
     vertex  1.582902e+02 -7.796167e+01  0.000000e+00
     vertex  1.582902e+02 -7.978325e+01  0.000000e+00
   endloop
 endfacet
 facet normal  0.000000e+00 -0.000000e+00 -1.000000e+00
   outer loop
     vertex  1.582095e+02 -7.785646e+01  0.000000e+00
     vertex  1.582902e+02 -7.978325e+01  0.000000e+00
     vertex  1.582095e+02 -7.988846e+01  0.000000e+00
   endloop
 endfacet
 facet normal -0.000000e+00  0.000000e+00 -1.000000e+00
   outer loop
     vertex  1.583955e+02 -7.804240e+01  0.000000e+00
     vertex  1.583955e+02 -7.970252e+01  0.000000e+00
     vertex  1.582902e+02 -7.796167e+01  0.000000e+00
   endloop
 endfacet
 facet normal -0.000000e+00  0.000000e+00 -1.000000e+00
   outer loop
     vertex  1.581588e+02 -7.773394e+01  0.000000e+00
     vertex  1.439001e+02 -8.001098e+01  0.000000e+00
     vertex  1.439001e+02 -7.773394e+01  0.000000e+00
   endloop
 endfacet
 facet normal  0.000000e+00  0.000000e+00 -1.000000e+00
   outer loop
     vertex  1.581588e+02 -7.773394e+01  0.000000e+00
     vertex  1.581588e+02 -8.001098e+01  0.000000e+00
     vertex  1.439001e+02 -8.001098e+01  0.000000e+00
   endloop
 endfacet
 facet normal  0.000000e+00 -0.000000e+00 -1.000000e+00
   outer loop
     vertex  1.581588e+02 -7.773394e+01  0.000000e+00
     vertex  1.582095e+02 -7.988846e+01  0.000000e+00
     vertex  1.581588e+02 -8.001098e+01  0.000000e+00
   endloop
 endfacet
 facet normal  0.000000e+00  0.000000e+00 -1.000000e+00
   outer loop
     vertex  1.581588e+02 -7.773394e+01  0.000000e+00
     vertex  1.582095e+02 -7.785646e+01  0.000000e+00
     vertex  1.582095e+02 -7.988846e+01  0.000000e+00
   endloop
 endfacet
 facet normal  0.000000e+00  0.000000e+00 -1.000000e+00
   outer loop
     vertex  1.585180e+02 -7.809315e+01  0.000000e+00
     vertex  1.585180e+02 -7.965177e+01  0.000000e+00
     vertex  1.583955e+02 -7.970252e+01  0.000000e+00
   endloop
 endfacet
 facet normal -0.000000e+00  0.000000e+00 -1.000000e+00
   outer loop
     vertex  1.585180e+02 -7.809315e+01  0.000000e+00
     vertex  1.583955e+02 -7.970252e+01  0.000000e+00
     vertex  1.583955e+02 -7.804240e+01  0.000000e+00
   endloop
 endfacet
 facet normal -0.000000e+00  0.000000e+00 -1.000000e+00
   outer loop
     vertex  1.581415e+02 -7.760246e+01  0.000000e+00
     vertex  1.439001e+02 -7.773394e+01  0.000000e+00
     vertex  1.439175e+02 -7.760246e+01  0.000000e+00
   endloop
 endfacet
 facet normal  0.000000e+00 -0.000000e+00 -1.000000e+00
   outer loop
     vertex  1.581415e+02 -7.760246e+01  0.000000e+00
     vertex  1.581588e+02 -7.773394e+01  0.000000e+00
     vertex  1.439001e+02 -7.773394e+01  0.000000e+00
   endloop
 endfacet
 facet normal  0.000000e+00  0.000000e+00 -1.000000e+00
   outer loop
     vertex  1.586495e+02 -7.811046e+01  0.000000e+00
     vertex  1.586495e+02 -7.963446e+01  0.000000e+00
     vertex  1.585180e+02 -7.965177e+01  0.000000e+00
   endloop
 endfacet
 facet normal -0.000000e+00  0.000000e+00 -1.000000e+00
   outer loop
     vertex  1.586495e+02 -7.811046e+01  0.000000e+00
     vertex  1.585180e+02 -7.965177e+01  0.000000e+00
     vertex  1.585180e+02 -7.809315e+01  0.000000e+00
   endloop
 endfacet
 facet normal  0.000000e+00  0.000000e+00 -1.000000e+00
   outer loop
     vertex  1.581588e+02 -7.747098e+01  0.000000e+00
     vertex  1.581415e+02 -7.760246e+01  0.000000e+00
     vertex  1.439175e+02 -7.760246e+01  0.000000e+00
   endloop
 endfacet
 facet normal -0.000000e+00  0.000000e+00 -1.000000e+00
   outer loop
     vertex  1.581588e+02 -7.747098e+01  0.000000e+00
     vertex  1.439175e+02 -7.760246e+01  0.000000e+00
     vertex  1.439001e+02 -7.747098e+01  0.000000e+00
   endloop
 endfacet
 facet normal  0.000000e+00  0.000000e+00 -1.000000e+00
   outer loop
     vertex  1.587809e+02 -7.809315e+01  0.000000e+00
     vertex  1.587809e+02 -7.965177e+01  0.000000e+00
     vertex  1.586495e+02 -7.963446e+01  0.000000e+00
   endloop
 endfacet
 facet normal  0.000000e+00  0.000000e+00 -1.000000e+00
   outer loop
     vertex  1.587809e+02 -7.809315e+01  0.000000e+00
     vertex  1.586495e+02 -7.963446e+01  0.000000e+00
     vertex  1.586495e+02 -7.811046e+01  0.000000e+00
   endloop
 endfacet
 facet normal -0.000000e+00  0.000000e+00 -1.000000e+00
   outer loop
     vertex  1.582095e+02 -7.734846e+01  0.000000e+00
     vertex  1.439001e+02 -7.747098e+01  0.000000e+00
     vertex  1.438494e+02 -7.734846e+01  0.000000e+00
   endloop
 endfacet
 facet normal  0.000000e+00  0.000000e+00 -1.000000e+00
   outer loop
     vertex  1.582095e+02 -7.734846e+01  0.000000e+00
     vertex  1.581588e+02 -7.747098e+01  0.000000e+00
     vertex  1.439001e+02 -7.747098e+01  0.000000e+00
   endloop
 endfacet
 facet normal  0.000000e+00  0.000000e+00 -1.000000e+00
   outer loop
     vertex  1.589035e+02 -7.804240e+01  0.000000e+00
     vertex  1.589035e+02 -7.970252e+01  0.000000e+00
     vertex  1.587809e+02 -7.965177e+01  0.000000e+00
   endloop
 endfacet
 facet normal  0.000000e+00  0.000000e+00 -1.000000e+00
   outer loop
     vertex  1.589035e+02 -7.804240e+01  0.000000e+00
     vertex  1.587809e+02 -7.965177e+01  0.000000e+00
     vertex  1.587809e+02 -7.809315e+01  0.000000e+00
   endloop
 endfacet
 facet normal  0.000000e+00  0.000000e+00 -1.000000e+00
   outer loop
     vertex  1.582902e+02 -7.724325e+01  0.000000e+00
     vertex  1.582095e+02 -7.734846e+01  0.000000e+00
     vertex  1.438494e+02 -7.734846e+01  0.000000e+00
   endloop
 endfacet
 facet normal -0.000000e+00  0.000000e+00 -1.000000e+00
   outer loop
     vertex  1.582902e+02 -7.724325e+01  0.000000e+00
     vertex  1.438494e+02 -7.734846e+01  0.000000e+00
     vertex  1.437687e+02 -7.724325e+01  0.000000e+00
   endloop
 endfacet
 facet normal  0.000000e+00  0.000000e+00 -1.000000e+00
   outer loop
     vertex  1.590087e+02 -7.796167e+01  0.000000e+00
     vertex  1.590087e+02 -7.978325e+01  0.000000e+00
     vertex  1.589035e+02 -7.970252e+01  0.000000e+00
   endloop
 endfacet
 facet normal  0.000000e+00 -0.000000e+00 -1.000000e+00
   outer loop
     vertex  1.590087e+02 -7.796167e+01  0.000000e+00
     vertex  1.590894e+02 -7.988846e+01  0.000000e+00
     vertex  1.590087e+02 -7.978325e+01  0.000000e+00
   endloop
 endfacet
 facet normal  0.000000e+00  0.000000e+00 -1.000000e+00
   outer loop
     vertex  1.590087e+02 -7.796167e+01  0.000000e+00
     vertex  1.589035e+02 -7.970252e+01  0.000000e+00
     vertex  1.589035e+02 -7.804240e+01  0.000000e+00
   endloop
 endfacet
 facet normal  0.000000e+00  0.000000e+00 -1.000000e+00
   outer loop
     vertex  1.583955e+02 -7.716252e+01  0.000000e+00
     vertex  1.582902e+02 -7.724325e+01  0.000000e+00
     vertex  1.437687e+02 -7.724325e+01  0.000000e+00
   endloop
 endfacet
 facet normal  0.000000e+00  0.000000e+00 -1.000000e+00
   outer loop
     vertex  1.583955e+02 -7.716252e+01  0.000000e+00
     vertex  1.436635e+02 -7.716252e+01  0.000000e+00
     vertex  1.435409e+02 -7.711177e+01  0.000000e+00
   endloop
 endfacet
 facet normal -0.000000e+00  0.000000e+00 -1.000000e+00
   outer loop
     vertex  1.583955e+02 -7.716252e+01  0.000000e+00
     vertex  1.437687e+02 -7.724325e+01  0.000000e+00
     vertex  1.436635e+02 -7.716252e+01  0.000000e+00
   endloop
 endfacet
 facet normal  0.000000e+00  0.000000e+00 -1.000000e+00
   outer loop
     vertex  1.590894e+02 -7.785646e+01  0.000000e+00
     vertex  1.590894e+02 -7.988846e+01  0.000000e+00
     vertex  1.590087e+02 -7.796167e+01  0.000000e+00
   endloop
 endfacet
 facet normal  0.000000e+00 -0.000000e+00 -1.000000e+00
   outer loop
     vertex  1.590894e+02 -7.785646e+01  0.000000e+00
     vertex  1.591401e+02 -8.001098e+01  0.000000e+00
     vertex  1.590894e+02 -7.988846e+01  0.000000e+00
   endloop
 endfacet
 facet normal -0.000000e+00  0.000000e+00 -1.000000e+00
   outer loop
     vertex  1.585180e+02 -7.711177e+01  0.000000e+00
     vertex  1.583955e+02 -7.716252e+01  0.000000e+00
     vertex  1.435409e+02 -7.711177e+01  0.000000e+00
   endloop
 endfacet
 facet normal  0.000000e+00  0.000000e+00 -1.000000e+00
   outer loop
     vertex  1.585180e+02 -7.711177e+01  0.000000e+00
     vertex  1.435409e+02 -7.711177e+01  0.000000e+00
     vertex  1.385835e+02 -7.506246e+01  0.000000e+00
   endloop
 endfacet
 facet normal  0.000000e+00  0.000000e+00 -1.000000e+00
   outer loop
     vertex  1.591401e+02 -7.773394e+01  0.000000e+00
     vertex  1.591401e+02 -8.001098e+01  0.000000e+00
     vertex  1.590894e+02 -7.785646e+01  0.000000e+00
   endloop
 endfacet
 facet normal -0.000000e+00  0.000000e+00 -1.000000e+00
   outer loop
     vertex  1.586495e+02 -7.709446e+01  0.000000e+00
     vertex  1.585180e+02 -7.711177e+01  0.000000e+00
     vertex  1.385835e+02 -7.506246e+01  0.000000e+00
   endloop
 endfacet
 facet normal -0.000000e+00  0.000000e+00 -1.000000e+00
   outer loop
     vertex  2.114815e+02 -1.151945e+02  0.000000e+00
     vertex  1.695715e+02 -1.263705e+02  0.000000e+00
     vertex  1.591401e+02 -9.297394e+01  0.000000e+00
   endloop
 endfacet
 facet normal  0.000000e+00  0.000000e+00 -1.000000e+00
   outer loop
     vertex  2.114815e+02 -1.151945e+02  0.000000e+00
     vertex  1.789695e+02 -1.311965e+02  0.000000e+00
     vertex  1.695715e+02 -1.263705e+02  0.000000e+00
   endloop
 endfacet
 facet normal  0.000000e+00  0.000000e+00 -1.000000e+00
   outer loop
     vertex  2.114815e+02 -1.151945e+02  0.000000e+00
     vertex  1.962415e+02 -1.311965e+02  0.000000e+00
     vertex  1.789695e+02 -1.311965e+02  0.000000e+00
   endloop
 endfacet
 facet normal  0.000000e+00  0.000000e+00 -1.000000e+00
   outer loop
     vertex  1.716035e+02 -7.506246e+01  0.000000e+00
     vertex  1.591401e+02 -8.255098e+01  0.000000e+00
     vertex  1.591401e+02 -8.027394e+01  0.000000e+00
   endloop
 endfacet
 facet normal  0.000000e+00  0.000000e+00 -1.000000e+00
   outer loop
     vertex  1.716035e+02 -7.506246e+01  0.000000e+00
     vertex  1.591401e+02 -9.297394e+01  0.000000e+00
     vertex  1.591575e+02 -9.284246e+01  0.000000e+00
   endloop
 endfacet
 facet normal  0.000000e+00  0.000000e+00 -1.000000e+00
   outer loop
     vertex  1.716035e+02 -7.506246e+01  0.000000e+00
     vertex  1.591575e+02 -8.268246e+01  0.000000e+00
     vertex  1.591401e+02 -8.255098e+01  0.000000e+00
   endloop
 endfacet
 facet normal  0.000000e+00  0.000000e+00 -1.000000e+00
   outer loop
     vertex  1.716035e+02 -7.506246e+01  0.000000e+00
     vertex  1.591575e+02 -9.030246e+01  0.000000e+00
     vertex  1.591575e+02 -8.776246e+01  0.000000e+00
   endloop
 endfacet
 facet normal  0.000000e+00  0.000000e+00 -1.000000e+00
   outer loop
     vertex  1.716035e+02 -7.506246e+01  0.000000e+00
     vertex  1.591575e+02 -8.014246e+01  0.000000e+00
     vertex  1.591401e+02 -8.001098e+01  0.000000e+00
   endloop
 endfacet
 facet normal  0.000000e+00  0.000000e+00 -1.000000e+00
   outer loop
     vertex  1.716035e+02 -7.506246e+01  0.000000e+00
     vertex  1.591401e+02 -8.027394e+01  0.000000e+00
     vertex  1.591575e+02 -8.014246e+01  0.000000e+00
   endloop
 endfacet
 facet normal  0.000000e+00  0.000000e+00 -1.000000e+00
   outer loop
     vertex  1.716035e+02 -7.506246e+01  0.000000e+00
     vertex  1.591575e+02 -8.522246e+01  0.000000e+00
     vertex  1.591575e+02 -8.268246e+01  0.000000e+00
   endloop
 endfacet
 facet normal  0.000000e+00  0.000000e+00 -1.000000e+00
   outer loop
     vertex  1.716035e+02 -7.506246e+01  0.000000e+00
     vertex  1.587809e+02 -7.711177e+01  0.000000e+00
     vertex  1.586495e+02 -7.709446e+01  0.000000e+00
   endloop
 endfacet
 facet normal  0.000000e+00  0.000000e+00 -1.000000e+00
   outer loop
     vertex  1.716035e+02 -7.506246e+01  0.000000e+00
     vertex  1.589035e+02 -7.716252e+01  0.000000e+00
     vertex  1.587809e+02 -7.711177e+01  0.000000e+00
   endloop
 endfacet
 facet normal  0.000000e+00  0.000000e+00 -1.000000e+00
   outer loop
     vertex  1.716035e+02 -7.506246e+01  0.000000e+00
     vertex  1.590087e+02 -7.724325e+01  0.000000e+00
     vertex  1.589035e+02 -7.716252e+01  0.000000e+00
   endloop
 endfacet
 facet normal  0.000000e+00  0.000000e+00 -1.000000e+00
   outer loop
     vertex  1.716035e+02 -7.506246e+01  0.000000e+00
     vertex  1.590894e+02 -7.734846e+01  0.000000e+00
     vertex  1.590087e+02 -7.724325e+01  0.000000e+00
   endloop
 endfacet
 facet normal  0.000000e+00  0.000000e+00 -1.000000e+00
   outer loop
     vertex  1.716035e+02 -7.506246e+01  0.000000e+00
     vertex  1.591401e+02 -7.747098e+01  0.000000e+00
     vertex  1.590894e+02 -7.734846e+01  0.000000e+00
   endloop
 endfacet
 facet normal  0.000000e+00  0.000000e+00 -1.000000e+00
   outer loop
     vertex  1.716035e+02 -7.506246e+01  0.000000e+00
     vertex  1.591575e+02 -7.760246e+01  0.000000e+00
     vertex  1.591401e+02 -7.747098e+01  0.000000e+00
   endloop
 endfacet
 facet normal  0.000000e+00  0.000000e+00 -1.000000e+00
   outer loop
     vertex  1.716035e+02 -7.506246e+01  0.000000e+00
     vertex  1.591401e+02 -7.773394e+01  0.000000e+00
     vertex  1.591575e+02 -7.760246e+01  0.000000e+00
   endloop
 endfacet
 facet normal  0.000000e+00  0.000000e+00 -1.000000e+00
   outer loop
     vertex  1.716035e+02 -7.506246e+01  0.000000e+00
     vertex  1.591575e+02 -8.776246e+01  0.000000e+00
     vertex  1.591575e+02 -8.522246e+01  0.000000e+00
   endloop
 endfacet
 facet normal  0.000000e+00  0.000000e+00 -1.000000e+00
   outer loop
     vertex  1.716035e+02 -7.506246e+01  0.000000e+00
     vertex  1.591401e+02 -8.001098e+01  0.000000e+00
     vertex  1.591401e+02 -7.773394e+01  0.000000e+00
   endloop
 endfacet
 facet normal  0.000000e+00  0.000000e+00 -1.000000e+00
   outer loop
     vertex  1.716035e+02 -7.506246e+01  0.000000e+00
     vertex  1.591575e+02 -9.284246e+01  0.000000e+00
     vertex  1.591575e+02 -9.030246e+01  0.000000e+00
   endloop
 endfacet
 facet normal  0.000000e+00  0.000000e+00 -1.000000e+00
   outer loop
     vertex  2.114815e+02 -8.573046e+01  0.000000e+00
     vertex  1.716035e+02 -7.506246e+01  0.000000e+00
     vertex  1.825255e+02 -6.972846e+01  0.000000e+00
   endloop
 endfacet
 facet normal -0.000000e+00  0.000000e+00 -1.000000e+00
   outer loop
     vertex  2.114815e+02 -8.573046e+01  0.000000e+00
     vertex  1.591401e+02 -9.297394e+01  0.000000e+00
     vertex  1.716035e+02 -7.506246e+01  0.000000e+00
   endloop
 endfacet
 facet normal  0.000000e+00 -0.000000e+00 -1.000000e+00
   outer loop
     vertex  2.114815e+02 -8.573046e+01  0.000000e+00
     vertex  2.114815e+02 -1.151945e+02  0.000000e+00
     vertex  1.591401e+02 -9.297394e+01  0.000000e+00
   endloop
 endfacet
 facet normal -0.000000e+00 -0.000000e+00 -1.000000e+00
   outer loop
     vertex  1.985275e+02 -6.972846e+01  0.000000e+00
     vertex  2.114815e+02 -8.573046e+01  0.000000e+00
     vertex  1.825255e+02 -6.972846e+01  0.000000e+00
   endloop
 endfacet
 facet normal -0.000000e+00  0.000000e+00 -1.000000e+00
   outer loop
     vertex  1.716035e+02 -7.506246e+01  0.000000e+00
     vertex  1.586495e+02 -7.709446e+01  0.000000e+00
     vertex  1.385835e+02 -7.506246e+01  0.000000e+00
   endloop
 endfacet
 facet normal  0.000000e+00  0.000000e+00 -1.000000e+00
   outer loop
     vertex  1.091195e+02 -1.263705e+02  0.000000e+00
     vertex  1.515375e+02 -1.250965e+02  0.000000e+00
     vertex  1.695715e+02 -1.263705e+02  0.000000e+00
   endloop
 endfacet
 facet normal  0.000000e+00  0.000000e+00 -1.000000e+00
   outer loop
     vertex  1.515375e+02 -1.250965e+02  0.000000e+00
     vertex  1.516022e+02 -1.250879e+02  0.000000e+00
     vertex  1.695715e+02 -1.263705e+02  0.000000e+00
   endloop
 endfacet
 facet normal  0.000000e+00  0.000000e+00 -1.000000e+00
   outer loop
     vertex  1.091195e+02 -1.263705e+02  0.000000e+00
     vertex  1.505375e+02 -1.250965e+02  0.000000e+00
     vertex  1.515375e+02 -1.250965e+02  0.000000e+00
   endloop
 endfacet
 facet normal  0.000000e+00  0.000000e+00  1.000000e+00
   outer loop
     vertex  1.117010e+02 -1.074345e+02  1.510000e+00
     vertex  9.692746e+01 -1.144325e+02  1.510000e+00
     vertex  1.091195e+02 -1.263705e+02  1.510000e+00
   endloop
 endfacet
 facet normal  0.000000e+00  0.000000e+00  1.000000e+00
   outer loop
     vertex  1.117010e+02 -1.074345e+02  1.510000e+00
     vertex  1.116129e+02 -1.073670e+02  1.510000e+00
     vertex  9.692746e+01 -1.144325e+02  1.510000e+00
   endloop
 endfacet
 facet normal  0.000000e+00  0.000000e+00  1.000000e+00
   outer loop
     vertex  1.115454e+02 -1.072790e+02  1.510000e+00
     vertex  9.692746e+01 -1.144325e+02  1.510000e+00
     vertex  1.116129e+02 -1.073670e+02  1.510000e+00
   endloop
 endfacet
 facet normal  0.000000e+00  0.000000e+00  1.000000e+00
   outer loop
     vertex  1.115029e+02 -1.071765e+02  1.510000e+00
     vertex  9.692746e+01 -1.144325e+02  1.510000e+00
     vertex  1.115454e+02 -1.072790e+02  1.510000e+00
   endloop
 endfacet
 facet normal  0.000000e+00  0.000000e+00  1.000000e+00
   outer loop
     vertex  1.114885e+02 -1.070665e+02  1.510000e+00
     vertex  9.692746e+01 -1.144325e+02  1.510000e+00
     vertex  1.115029e+02 -1.071765e+02  1.510000e+00
   endloop
 endfacet
 facet normal  0.000000e+00  0.000000e+00  1.000000e+00
   outer loop
     vertex  1.150517e+02 -1.098082e+02  1.510000e+00
     vertex  1.118035e+02 -1.074770e+02  1.510000e+00
     vertex  1.117010e+02 -1.074345e+02  1.510000e+00
   endloop
 endfacet
 facet normal  0.000000e+00  0.000000e+00  1.000000e+00
   outer loop
     vertex  1.150517e+02 -1.098082e+02  1.510000e+00
     vertex  1.117010e+02 -1.074345e+02  1.510000e+00
     vertex  1.091195e+02 -1.263705e+02  1.510000e+00
   endloop
 endfacet
 facet normal  0.000000e+00  0.000000e+00  1.000000e+00
   outer loop
     vertex  1.149007e+02 -1.096115e+02  1.510000e+00
     vertex  1.118035e+02 -1.074770e+02  1.510000e+00
     vertex  1.150517e+02 -1.098082e+02  1.510000e+00
   endloop
 endfacet
 facet normal  0.000000e+00  0.000000e+00  1.000000e+00
   outer loop
     vertex  1.149007e+02 -1.096115e+02  1.510000e+00
     vertex  1.119135e+02 -1.074915e+02  1.510000e+00
     vertex  1.118035e+02 -1.074770e+02  1.510000e+00
   endloop
 endfacet
 facet normal  0.000000e+00  0.000000e+00  1.000000e+00
   outer loop
     vertex  1.152485e+02 -1.099592e+02  1.510000e+00
     vertex  1.150517e+02 -1.098082e+02  1.510000e+00
     vertex  1.091195e+02 -1.263705e+02  1.510000e+00
   endloop
 endfacet
 facet normal  0.000000e+00  0.000000e+00  1.000000e+00
   outer loop
     vertex  1.148058e+02 -1.093823e+02  1.510000e+00
     vertex  1.119135e+02 -1.074915e+02  1.510000e+00
     vertex  1.149007e+02 -1.096115e+02  1.510000e+00
   endloop
 endfacet
 facet normal  0.000000e+00  0.000000e+00  1.000000e+00
   outer loop
     vertex  1.148058e+02 -1.093823e+02  1.510000e+00
     vertex  1.120235e+02 -1.074770e+02  1.510000e+00
     vertex  1.119135e+02 -1.074915e+02  1.510000e+00
   endloop
 endfacet
 facet normal  0.000000e+00  0.000000e+00  1.000000e+00
   outer loop
     vertex  1.154776e+02 -1.100541e+02  1.510000e+00
     vertex  1.152485e+02 -1.099592e+02  1.510000e+00
     vertex  1.091195e+02 -1.263705e+02  1.510000e+00
   endloop
 endfacet
 facet normal  0.000000e+00  0.000000e+00  1.000000e+00
   outer loop
     vertex  1.147735e+02 -1.091365e+02  1.510000e+00
     vertex  1.121260e+02 -1.074345e+02  1.510000e+00
     vertex  1.120235e+02 -1.074770e+02  1.510000e+00
   endloop
 endfacet
 facet normal  0.000000e+00  0.000000e+00  1.000000e+00
   outer loop
     vertex  1.147735e+02 -1.091365e+02  1.510000e+00
     vertex  1.120235e+02 -1.074770e+02  1.510000e+00
     vertex  1.148058e+02 -1.093823e+02  1.510000e+00
   endloop
 endfacet
 facet normal  0.000000e+00  0.000000e+00  1.000000e+00
   outer loop
     vertex  1.157235e+02 -1.100865e+02  1.510000e+00
     vertex  1.154776e+02 -1.100541e+02  1.510000e+00
     vertex  1.091195e+02 -1.263705e+02  1.510000e+00
   endloop
 endfacet
 facet normal  0.000000e+00  0.000000e+00  1.000000e+00
   outer loop
     vertex  1.159693e+02 -1.100541e+02  1.510000e+00
     vertex  1.157235e+02 -1.100865e+02  1.510000e+00
     vertex  1.091195e+02 -1.263705e+02  1.510000e+00
   endloop
 endfacet
 facet normal  0.000000e+00  0.000000e+00  1.000000e+00
   outer loop
     vertex  1.148058e+02 -1.088906e+02  1.510000e+00
     vertex  1.122815e+02 -1.072790e+02  1.510000e+00
     vertex  1.122140e+02 -1.073670e+02  1.510000e+00
   endloop
 endfacet
 facet normal  0.000000e+00  0.000000e+00  1.000000e+00
   outer loop
     vertex  1.148058e+02 -1.088906e+02  1.510000e+00
     vertex  1.122140e+02 -1.073670e+02  1.510000e+00
     vertex  1.121260e+02 -1.074345e+02  1.510000e+00
   endloop
 endfacet
 facet normal  0.000000e+00  0.000000e+00  1.000000e+00
   outer loop
     vertex  1.148058e+02 -1.088906e+02  1.510000e+00
     vertex  1.121260e+02 -1.074345e+02  1.510000e+00
     vertex  1.147735e+02 -1.091365e+02  1.510000e+00
   endloop
 endfacet
 facet normal  0.000000e+00  0.000000e+00  1.000000e+00
   outer loop
     vertex  1.149007e+02 -1.086615e+02  1.510000e+00
     vertex  1.123240e+02 -1.071765e+02  1.510000e+00
     vertex  1.122815e+02 -1.072790e+02  1.510000e+00
   endloop
 endfacet
 facet normal  0.000000e+00  0.000000e+00  1.000000e+00
   outer loop
     vertex  1.149007e+02 -1.086615e+02  1.510000e+00
     vertex  1.122815e+02 -1.072790e+02  1.510000e+00
     vertex  1.148058e+02 -1.088906e+02  1.510000e+00
   endloop
 endfacet
 facet normal  0.000000e+00  0.000000e+00  1.000000e+00
   outer loop
     vertex  1.150517e+02 -1.084647e+02  1.510000e+00
     vertex  1.123385e+02 -1.070665e+02  1.510000e+00
     vertex  1.123240e+02 -1.071765e+02  1.510000e+00
   endloop
 endfacet
 facet normal  0.000000e+00  0.000000e+00  1.000000e+00
   outer loop
     vertex  1.150517e+02 -1.084647e+02  1.510000e+00
     vertex  1.123240e+02 -1.071765e+02  1.510000e+00
     vertex  1.149007e+02 -1.086615e+02  1.510000e+00
   endloop
 endfacet
 facet normal  0.000000e+00  0.000000e+00  1.000000e+00
   outer loop
     vertex  1.152485e+02 -1.083137e+02  1.510000e+00
     vertex  1.123240e+02 -1.069565e+02  1.510000e+00
     vertex  1.123385e+02 -1.070665e+02  1.510000e+00
   endloop
 endfacet
 facet normal  0.000000e+00  0.000000e+00  1.000000e+00
   outer loop
     vertex  1.152485e+02 -1.083137e+02  1.510000e+00
     vertex  1.123385e+02 -1.070665e+02  1.510000e+00
     vertex  1.150517e+02 -1.084647e+02  1.510000e+00
   endloop
 endfacet
 facet normal  0.000000e+00  0.000000e+00  1.000000e+00
   outer loop
     vertex  1.154776e+02 -1.082188e+02  1.510000e+00
     vertex  1.122815e+02 -1.068540e+02  1.510000e+00
     vertex  1.123240e+02 -1.069565e+02  1.510000e+00
   endloop
 endfacet
 facet normal  0.000000e+00  0.000000e+00  1.000000e+00
   outer loop
     vertex  1.154776e+02 -1.082188e+02  1.510000e+00
     vertex  1.123240e+02 -1.069565e+02  1.510000e+00
     vertex  1.152485e+02 -1.083137e+02  1.510000e+00
   endloop
 endfacet
 facet normal  0.000000e+00  0.000000e+00  1.000000e+00
   outer loop
     vertex  1.040347e+02 -9.661146e+01  1.510000e+00
     vertex  9.692746e+01 -1.144325e+02  1.510000e+00
     vertex  1.043446e+02 -9.701532e+01  1.510000e+00
   endloop
 endfacet
 facet normal  0.000000e+00  0.000000e+00  1.000000e+00
   outer loop
     vertex  1.047485e+02 -9.732521e+01  1.510000e+00
     vertex  1.043446e+02 -9.701532e+01  1.510000e+00
     vertex  9.692746e+01 -1.144325e+02  1.510000e+00
   endloop
 endfacet
 facet normal  0.000000e+00  0.000000e+00  1.000000e+00
   outer loop
     vertex  1.157235e+02 -1.081865e+02  1.510000e+00
     vertex  1.122140e+02 -1.067659e+02  1.510000e+00
     vertex  1.122815e+02 -1.068540e+02  1.510000e+00
   endloop
 endfacet
 facet normal  0.000000e+00  0.000000e+00  1.000000e+00
   outer loop
     vertex  1.157235e+02 -1.081865e+02  1.510000e+00
     vertex  1.122815e+02 -1.068540e+02  1.510000e+00
     vertex  1.154776e+02 -1.082188e+02  1.510000e+00
   endloop
 endfacet
 facet normal  0.000000e+00  0.000000e+00  1.000000e+00
   outer loop
     vertex  1.038399e+02 -9.614115e+01  1.510000e+00
     vertex  9.692746e+01 -1.144325e+02  1.510000e+00
     vertex  1.040347e+02 -9.661146e+01  1.510000e+00
   endloop
 endfacet
 facet normal  0.000000e+00  0.000000e+00  1.000000e+00
   outer loop
     vertex  1.052188e+02 -9.752001e+01  1.510000e+00
     vertex  1.047485e+02 -9.732521e+01  1.510000e+00
     vertex  9.692746e+01 -1.144325e+02  1.510000e+00
   endloop
 endfacet
 facet normal  0.000000e+00  0.000000e+00  1.000000e+00
   outer loop
     vertex  1.052188e+02 -9.752001e+01  1.510000e+00
     vertex  1.114885e+02 -1.070665e+02  1.510000e+00
     vertex  1.115029e+02 -1.069565e+02  1.510000e+00
   endloop
 endfacet
 facet normal  0.000000e+00  0.000000e+00  1.000000e+00
   outer loop
     vertex  1.052188e+02 -9.752001e+01  1.510000e+00
     vertex  9.692746e+01 -1.144325e+02  1.510000e+00
     vertex  1.114885e+02 -1.070665e+02  1.510000e+00
   endloop
 endfacet
 facet normal  0.000000e+00  0.000000e+00  1.000000e+00
   outer loop
     vertex  1.057235e+02 -9.758646e+01  1.510000e+00
     vertex  1.052188e+02 -9.752001e+01  1.510000e+00
     vertex  1.115029e+02 -1.069565e+02  1.510000e+00
   endloop
 endfacet
 facet normal  0.000000e+00  0.000000e+00  1.000000e+00
   outer loop
     vertex  1.057235e+02 -9.758646e+01  1.510000e+00
     vertex  1.115029e+02 -1.069565e+02  1.510000e+00
     vertex  1.115454e+02 -1.068540e+02  1.510000e+00
   endloop
 endfacet
 facet normal  0.000000e+00  0.000000e+00  1.000000e+00
   outer loop
     vertex  1.037735e+02 -9.563646e+01  1.510000e+00
     vertex  9.692746e+01 -1.144325e+02  1.510000e+00
     vertex  1.038399e+02 -9.614115e+01  1.510000e+00
   endloop
 endfacet
 facet normal  0.000000e+00  0.000000e+00  1.000000e+00
   outer loop
     vertex  1.062282e+02 -9.752001e+01  1.510000e+00
     vertex  1.057235e+02 -9.758646e+01  1.510000e+00
     vertex  1.115454e+02 -1.068540e+02  1.510000e+00
   endloop
 endfacet
 facet normal  0.000000e+00  0.000000e+00  1.000000e+00
   outer loop
     vertex  1.062282e+02 -9.752001e+01  1.510000e+00
     vertex  1.115454e+02 -1.068540e+02  1.510000e+00
     vertex  1.116129e+02 -1.067659e+02  1.510000e+00
   endloop
 endfacet
 facet normal  0.000000e+00  0.000000e+00  1.000000e+00
   outer loop
     vertex  1.062282e+02 -9.752001e+01  1.510000e+00
     vertex  1.116129e+02 -1.067659e+02  1.510000e+00
     vertex  1.117010e+02 -1.066984e+02  1.510000e+00
   endloop
 endfacet
 facet normal  0.000000e+00  0.000000e+00  1.000000e+00
   outer loop
     vertex  1.066985e+02 -9.732521e+01  1.510000e+00
     vertex  1.062282e+02 -9.752001e+01  1.510000e+00
     vertex  1.117010e+02 -1.066984e+02  1.510000e+00
   endloop
 endfacet
 facet normal  0.000000e+00  0.000000e+00  1.000000e+00
   outer loop
     vertex  1.066985e+02 -9.732521e+01  1.510000e+00
     vertex  1.117010e+02 -1.066984e+02  1.510000e+00
     vertex  1.118035e+02 -1.066559e+02  1.510000e+00
   endloop
 endfacet
 facet normal  0.000000e+00  0.000000e+00  1.000000e+00
   outer loop
     vertex  1.294930e+02 -1.198915e+02  1.510000e+00
     vertex  1.091195e+02 -1.263705e+02  1.510000e+00
     vertex  1.295327e+02 -1.199432e+02  1.510000e+00
   endloop
 endfacet
 facet normal  0.000000e+00  0.000000e+00  1.000000e+00
   outer loop
     vertex  1.295845e+02 -1.199830e+02  1.510000e+00
     vertex  1.295327e+02 -1.199432e+02  1.510000e+00
     vertex  1.091195e+02 -1.263705e+02  1.510000e+00
   endloop
 endfacet
 facet normal  0.000000e+00  0.000000e+00  1.000000e+00
   outer loop
     vertex  1.296448e+02 -1.200079e+02  1.510000e+00
     vertex  1.295845e+02 -1.199830e+02  1.510000e+00
     vertex  1.091195e+02 -1.263705e+02  1.510000e+00
   endloop
 endfacet
 facet normal  0.000000e+00  0.000000e+00  1.000000e+00
   outer loop
     vertex  1.294680e+02 -1.198312e+02  1.510000e+00
     vertex  1.091195e+02 -1.263705e+02  1.510000e+00
     vertex  1.294930e+02 -1.198915e+02  1.510000e+00
   endloop
 endfacet
 facet normal  0.000000e+00  0.000000e+00  1.000000e+00
   outer loop
     vertex  1.297095e+02 -1.200165e+02  1.510000e+00
     vertex  1.296448e+02 -1.200079e+02  1.510000e+00
     vertex  1.091195e+02 -1.263705e+02  1.510000e+00
   endloop
 endfacet
 facet normal  0.000000e+00  0.000000e+00  1.000000e+00
   outer loop
     vertex  1.294595e+02 -1.197665e+02  1.510000e+00
     vertex  1.159693e+02 -1.100541e+02  1.510000e+00
     vertex  1.091195e+02 -1.263705e+02  1.510000e+00
   endloop
 endfacet
 facet normal  0.000000e+00  0.000000e+00  1.000000e+00
   outer loop
     vertex  1.294595e+02 -1.197665e+02  1.510000e+00
     vertex  1.091195e+02 -1.263705e+02  1.510000e+00
     vertex  1.294680e+02 -1.198312e+02  1.510000e+00
   endloop
 endfacet
 facet normal  0.000000e+00  0.000000e+00  1.000000e+00
   outer loop
     vertex  1.294595e+02 -1.197665e+02  1.510000e+00
     vertex  1.161985e+02 -1.099592e+02  1.510000e+00
     vertex  1.159693e+02 -1.100541e+02  1.510000e+00
   endloop
 endfacet
 facet normal  0.000000e+00  0.000000e+00  1.000000e+00
   outer loop
     vertex  1.294680e+02 -1.197018e+02  1.510000e+00
     vertex  1.163952e+02 -1.098082e+02  1.510000e+00
     vertex  1.161985e+02 -1.099592e+02  1.510000e+00
   endloop
 endfacet
 facet normal  0.000000e+00  0.000000e+00  1.000000e+00
   outer loop
     vertex  1.294680e+02 -1.197018e+02  1.510000e+00
     vertex  1.161985e+02 -1.099592e+02  1.510000e+00
     vertex  1.294595e+02 -1.197665e+02  1.510000e+00
   endloop
 endfacet
 facet normal  0.000000e+00  0.000000e+00  1.000000e+00
   outer loop
     vertex  1.294930e+02 -1.196415e+02  1.510000e+00
     vertex  1.163952e+02 -1.098082e+02  1.510000e+00
     vertex  1.294680e+02 -1.197018e+02  1.510000e+00
   endloop
 endfacet
 facet normal  0.000000e+00  0.000000e+00  1.000000e+00
   outer loop
     vertex  1.071023e+02 -9.701532e+01  1.510000e+00
     vertex  1.066985e+02 -9.732521e+01  1.510000e+00
     vertex  1.118035e+02 -1.066559e+02  1.510000e+00
   endloop
 endfacet
 facet normal  0.000000e+00  0.000000e+00  1.000000e+00
   outer loop
     vertex  1.071023e+02 -9.701532e+01  1.510000e+00
     vertex  1.118035e+02 -1.066559e+02  1.510000e+00
     vertex  1.119135e+02 -1.066415e+02  1.510000e+00
   endloop
 endfacet
 facet normal  0.000000e+00  0.000000e+00  1.000000e+00
   outer loop
     vertex  1.305845e+02 -1.199830e+02  1.510000e+00
     vertex  1.305327e+02 -1.199432e+02  1.510000e+00
     vertex  1.298862e+02 -1.199432e+02  1.510000e+00
   endloop
 endfacet
 facet normal  0.000000e+00  0.000000e+00  1.000000e+00
   outer loop
     vertex  1.305845e+02 -1.199830e+02  1.510000e+00
     vertex  1.298862e+02 -1.199432e+02  1.510000e+00
     vertex  1.298345e+02 -1.199830e+02  1.510000e+00
   endloop
 endfacet
 facet normal  0.000000e+00  0.000000e+00  1.000000e+00
   outer loop
     vertex  1.305845e+02 -1.199830e+02  1.510000e+00
     vertex  1.298345e+02 -1.199830e+02  1.510000e+00
     vertex  1.297742e+02 -1.200079e+02  1.510000e+00
   endloop
 endfacet
 facet normal  0.000000e+00  0.000000e+00  1.000000e+00
   outer loop
     vertex  1.304930e+02 -1.198915e+02  1.510000e+00
     vertex  1.298862e+02 -1.199432e+02  1.510000e+00
     vertex  1.305327e+02 -1.199432e+02  1.510000e+00
   endloop
 endfacet
 facet normal  0.000000e+00  0.000000e+00  1.000000e+00
   outer loop
     vertex  1.304930e+02 -1.198915e+02  1.510000e+00
     vertex  1.299509e+02 -1.198312e+02  1.510000e+00
     vertex  1.299260e+02 -1.198915e+02  1.510000e+00
   endloop
 endfacet
 facet normal  0.000000e+00  0.000000e+00  1.000000e+00
   outer loop
     vertex  1.304930e+02 -1.198915e+02  1.510000e+00
     vertex  1.299260e+02 -1.198915e+02  1.510000e+00
     vertex  1.298862e+02 -1.199432e+02  1.510000e+00
   endloop
 endfacet
 facet normal  0.000000e+00  0.000000e+00  1.000000e+00
   outer loop
     vertex  1.306448e+02 -1.200079e+02  1.510000e+00
     vertex  1.305845e+02 -1.199830e+02  1.510000e+00
     vertex  1.297742e+02 -1.200079e+02  1.510000e+00
   endloop
 endfacet
 facet normal  0.000000e+00  0.000000e+00  1.000000e+00
   outer loop
     vertex  1.304680e+02 -1.198312e+02  1.510000e+00
     vertex  1.299509e+02 -1.198312e+02  1.510000e+00
     vertex  1.304930e+02 -1.198915e+02  1.510000e+00
   endloop
 endfacet
 facet normal  0.000000e+00  0.000000e+00  1.000000e+00
   outer loop
     vertex  1.304595e+02 -1.197665e+02  1.510000e+00
     vertex  1.299595e+02 -1.197665e+02  1.510000e+00
     vertex  1.299509e+02 -1.198312e+02  1.510000e+00
   endloop
 endfacet
 facet normal  0.000000e+00  0.000000e+00  1.000000e+00
   outer loop
     vertex  1.304595e+02 -1.197665e+02  1.510000e+00
     vertex  1.299509e+02 -1.198312e+02  1.510000e+00
     vertex  1.304680e+02 -1.198312e+02  1.510000e+00
   endloop
 endfacet
 facet normal  0.000000e+00  0.000000e+00  1.000000e+00
   outer loop
     vertex  1.307095e+02 -1.200165e+02  1.510000e+00
     vertex  1.297095e+02 -1.200165e+02  1.510000e+00
     vertex  1.091195e+02 -1.263705e+02  1.510000e+00
   endloop
 endfacet
 facet normal  0.000000e+00  0.000000e+00  1.000000e+00
   outer loop
     vertex  1.307095e+02 -1.200165e+02  1.510000e+00
     vertex  1.297742e+02 -1.200079e+02  1.510000e+00
     vertex  1.297095e+02 -1.200165e+02  1.510000e+00
   endloop
 endfacet
 facet normal  0.000000e+00  0.000000e+00  1.000000e+00
   outer loop
     vertex  1.307095e+02 -1.200165e+02  1.510000e+00
     vertex  1.306448e+02 -1.200079e+02  1.510000e+00
     vertex  1.297742e+02 -1.200079e+02  1.510000e+00
   endloop
 endfacet
 facet normal  0.000000e+00  0.000000e+00  1.000000e+00
   outer loop
     vertex  1.304680e+02 -1.197018e+02  1.510000e+00
     vertex  1.299509e+02 -1.197018e+02  1.510000e+00
     vertex  1.299595e+02 -1.197665e+02  1.510000e+00
   endloop
 endfacet
 facet normal  0.000000e+00  0.000000e+00  1.000000e+00
   outer loop
     vertex  1.304680e+02 -1.197018e+02  1.510000e+00
     vertex  1.299595e+02 -1.197665e+02  1.510000e+00
     vertex  1.304595e+02 -1.197665e+02  1.510000e+00
   endloop
 endfacet
 facet normal  0.000000e+00  0.000000e+00  1.000000e+00
   outer loop
     vertex  1.074122e+02 -9.661146e+01  1.510000e+00
     vertex  1.071023e+02 -9.701532e+01  1.510000e+00
     vertex  1.119135e+02 -1.066415e+02  1.510000e+00
   endloop
 endfacet
 facet normal  0.000000e+00  0.000000e+00  1.000000e+00
   outer loop
     vertex  1.074122e+02 -9.661146e+01  1.510000e+00
     vertex  1.119135e+02 -1.066415e+02  1.510000e+00
     vertex  1.120235e+02 -1.066559e+02  1.510000e+00
   endloop
 endfacet
 facet normal  0.000000e+00  0.000000e+00  1.000000e+00
   outer loop
     vertex  1.304930e+02 -1.196415e+02  1.510000e+00
     vertex  1.299260e+02 -1.196415e+02  1.510000e+00
     vertex  1.299509e+02 -1.197018e+02  1.510000e+00
   endloop
 endfacet
 facet normal  0.000000e+00  0.000000e+00  1.000000e+00
   outer loop
     vertex  1.304930e+02 -1.196415e+02  1.510000e+00
     vertex  1.299509e+02 -1.197018e+02  1.510000e+00
     vertex  1.304680e+02 -1.197018e+02  1.510000e+00
   endloop
 endfacet
 facet normal  0.000000e+00  0.000000e+00  1.000000e+00
   outer loop
     vertex  1.305327e+02 -1.195897e+02  1.510000e+00
     vertex  1.298862e+02 -1.195897e+02  1.510000e+00
     vertex  1.299260e+02 -1.196415e+02  1.510000e+00
   endloop
 endfacet
 facet normal  0.000000e+00  0.000000e+00  1.000000e+00
   outer loop
     vertex  1.305327e+02 -1.195897e+02  1.510000e+00
     vertex  1.299260e+02 -1.196415e+02  1.510000e+00
     vertex  1.304930e+02 -1.196415e+02  1.510000e+00
   endloop
 endfacet
 facet normal  0.000000e+00  0.000000e+00  1.000000e+00
   outer loop
     vertex  1.305845e+02 -1.195500e+02  1.510000e+00
     vertex  1.297742e+02 -1.195250e+02  1.510000e+00
     vertex  1.298345e+02 -1.195500e+02  1.510000e+00
   endloop
 endfacet
 facet normal  0.000000e+00  0.000000e+00  1.000000e+00
   outer loop
     vertex  1.305845e+02 -1.195500e+02  1.510000e+00
     vertex  1.298345e+02 -1.195500e+02  1.510000e+00
     vertex  1.298862e+02 -1.195897e+02  1.510000e+00
   endloop
 endfacet
 facet normal  0.000000e+00  0.000000e+00  1.000000e+00
   outer loop
     vertex  1.305845e+02 -1.195500e+02  1.510000e+00
     vertex  1.298862e+02 -1.195897e+02  1.510000e+00
     vertex  1.305327e+02 -1.195897e+02  1.510000e+00
   endloop
 endfacet
 facet normal  0.000000e+00  0.000000e+00  1.000000e+00
   outer loop
     vertex  1.306448e+02 -1.195250e+02  1.510000e+00
     vertex  1.297742e+02 -1.195250e+02  1.510000e+00
     vertex  1.305845e+02 -1.195500e+02  1.510000e+00
   endloop
 endfacet
 facet normal  0.000000e+00  0.000000e+00  1.000000e+00
   outer loop
     vertex  1.307095e+02 -1.195165e+02  1.510000e+00
     vertex  1.297095e+02 -1.195165e+02  1.510000e+00
     vertex  1.297742e+02 -1.195250e+02  1.510000e+00
   endloop
 endfacet
 facet normal  0.000000e+00  0.000000e+00  1.000000e+00
   outer loop
     vertex  1.307095e+02 -1.195165e+02  1.510000e+00
     vertex  1.297742e+02 -1.195250e+02  1.510000e+00
     vertex  1.306448e+02 -1.195250e+02  1.510000e+00
   endloop
 endfacet
 facet normal  0.000000e+00  0.000000e+00  1.000000e+00
   outer loop
     vertex  1.076070e+02 -9.614115e+01  1.510000e+00
     vertex  1.074122e+02 -9.661146e+01  1.510000e+00
     vertex  1.120235e+02 -1.066559e+02  1.510000e+00
   endloop
 endfacet
 facet normal  0.000000e+00  0.000000e+00  1.000000e+00
   outer loop
     vertex  1.076070e+02 -9.614115e+01  1.510000e+00
     vertex  1.120235e+02 -1.066559e+02  1.510000e+00
     vertex  1.121260e+02 -1.066984e+02  1.510000e+00
   endloop
 endfacet
 facet normal  0.000000e+00  0.000000e+00  1.000000e+00
   outer loop
     vertex  1.191654e+02 -1.072790e+02  1.510000e+00
     vertex  1.166411e+02 -1.088906e+02  1.510000e+00
     vertex  1.192329e+02 -1.073670e+02  1.510000e+00
   endloop
 endfacet
 facet normal  0.000000e+00  0.000000e+00  1.000000e+00
   outer loop
     vertex  1.191654e+02 -1.072790e+02  1.510000e+00
     vertex  1.165462e+02 -1.086615e+02  1.510000e+00
     vertex  1.166411e+02 -1.088906e+02  1.510000e+00
   endloop
 endfacet
 facet normal  0.000000e+00  0.000000e+00  1.000000e+00
   outer loop
     vertex  1.193210e+02 -1.074345e+02  1.510000e+00
     vertex  1.192329e+02 -1.073670e+02  1.510000e+00
     vertex  1.166411e+02 -1.088906e+02  1.510000e+00
   endloop
 endfacet
 facet normal  0.000000e+00  0.000000e+00  1.000000e+00
   outer loop
     vertex  1.193210e+02 -1.074345e+02  1.510000e+00
     vertex  1.166411e+02 -1.088906e+02  1.510000e+00
     vertex  1.166735e+02 -1.091365e+02  1.510000e+00
   endloop
 endfacet
 facet normal  0.000000e+00  0.000000e+00  1.000000e+00
   outer loop
     vertex  1.191229e+02 -1.071765e+02  1.510000e+00
     vertex  1.163952e+02 -1.084647e+02  1.510000e+00
     vertex  1.165462e+02 -1.086615e+02  1.510000e+00
   endloop
 endfacet
 facet normal  0.000000e+00  0.000000e+00  1.000000e+00
   outer loop
     vertex  1.191229e+02 -1.071765e+02  1.510000e+00
     vertex  1.165462e+02 -1.086615e+02  1.510000e+00
     vertex  1.191654e+02 -1.072790e+02  1.510000e+00
   endloop
 endfacet
 facet normal  0.000000e+00  0.000000e+00  1.000000e+00
   outer loop
     vertex  1.194235e+02 -1.074770e+02  1.510000e+00
     vertex  1.193210e+02 -1.074345e+02  1.510000e+00
     vertex  1.166735e+02 -1.091365e+02  1.510000e+00
   endloop
 endfacet
 facet normal  0.000000e+00  0.000000e+00  1.000000e+00
   outer loop
     vertex  1.194235e+02 -1.074770e+02  1.510000e+00
     vertex  1.166735e+02 -1.091365e+02  1.510000e+00
     vertex  1.166411e+02 -1.093823e+02  1.510000e+00
   endloop
 endfacet
 facet normal  0.000000e+00  0.000000e+00  1.000000e+00
   outer loop
     vertex  1.195335e+02 -1.074915e+02  1.510000e+00
     vertex  1.194235e+02 -1.074770e+02  1.510000e+00
     vertex  1.166411e+02 -1.093823e+02  1.510000e+00
   endloop
 endfacet
 facet normal  0.000000e+00  0.000000e+00  1.000000e+00
   outer loop
     vertex  1.195335e+02 -1.074915e+02  1.510000e+00
     vertex  1.166411e+02 -1.093823e+02  1.510000e+00
     vertex  1.165462e+02 -1.096115e+02  1.510000e+00
   endloop
 endfacet
 facet normal  0.000000e+00  0.000000e+00  1.000000e+00
   outer loop
     vertex  1.191085e+02 -1.070665e+02  1.510000e+00
     vertex  1.163952e+02 -1.084647e+02  1.510000e+00
     vertex  1.191229e+02 -1.071765e+02  1.510000e+00
   endloop
 endfacet
 facet normal  0.000000e+00  0.000000e+00  1.000000e+00
   outer loop
     vertex  1.191085e+02 -1.070665e+02  1.510000e+00
     vertex  1.161985e+02 -1.083137e+02  1.510000e+00
     vertex  1.163952e+02 -1.084647e+02  1.510000e+00
   endloop
 endfacet
 facet normal  0.000000e+00  0.000000e+00  1.000000e+00
   outer loop
     vertex  1.196435e+02 -1.074770e+02  1.510000e+00
     vertex  1.163952e+02 -1.098082e+02  1.510000e+00
     vertex  1.294930e+02 -1.196415e+02  1.510000e+00
   endloop
 endfacet
 facet normal  0.000000e+00  0.000000e+00  1.000000e+00
   outer loop
     vertex  1.196435e+02 -1.074770e+02  1.510000e+00
     vertex  1.195335e+02 -1.074915e+02  1.510000e+00
     vertex  1.165462e+02 -1.096115e+02  1.510000e+00
   endloop
 endfacet
 facet normal  0.000000e+00  0.000000e+00  1.000000e+00
   outer loop
     vertex  1.196435e+02 -1.074770e+02  1.510000e+00
     vertex  1.165462e+02 -1.096115e+02  1.510000e+00
     vertex  1.163952e+02 -1.098082e+02  1.510000e+00
   endloop
 endfacet
 facet normal  0.000000e+00  0.000000e+00  1.000000e+00
   outer loop
     vertex  1.191229e+02 -1.069565e+02  1.510000e+00
     vertex  1.161985e+02 -1.083137e+02  1.510000e+00
     vertex  1.191085e+02 -1.070665e+02  1.510000e+00
   endloop
 endfacet
 facet normal  0.000000e+00  0.000000e+00  1.000000e+00
   outer loop
     vertex  1.191229e+02 -1.069565e+02  1.510000e+00
     vertex  1.159693e+02 -1.082188e+02  1.510000e+00
     vertex  1.161985e+02 -1.083137e+02  1.510000e+00
   endloop
 endfacet
 facet normal  0.000000e+00  0.000000e+00  1.000000e+00
   outer loop
     vertex  1.191654e+02 -1.068540e+02  1.510000e+00
     vertex  1.159693e+02 -1.082188e+02  1.510000e+00
     vertex  1.191229e+02 -1.069565e+02  1.510000e+00
   endloop
 endfacet
 facet normal  0.000000e+00  0.000000e+00  1.000000e+00
   outer loop
     vertex  1.191654e+02 -1.068540e+02  1.510000e+00
     vertex  1.157235e+02 -1.081865e+02  1.510000e+00
     vertex  1.159693e+02 -1.082188e+02  1.510000e+00
   endloop
 endfacet
 facet normal  0.000000e+00  0.000000e+00  1.000000e+00
   outer loop
     vertex  1.197460e+02 -1.074345e+02  1.510000e+00
     vertex  1.196435e+02 -1.074770e+02  1.510000e+00
     vertex  1.294930e+02 -1.196415e+02  1.510000e+00
   endloop
 endfacet
 facet normal  0.000000e+00  0.000000e+00  1.000000e+00
   outer loop
     vertex  1.197460e+02 -1.074345e+02  1.510000e+00
     vertex  1.294930e+02 -1.196415e+02  1.510000e+00
     vertex  1.295327e+02 -1.195897e+02  1.510000e+00
   endloop
 endfacet
 facet normal  0.000000e+00  0.000000e+00  1.000000e+00
   outer loop
     vertex  1.192329e+02 -1.067659e+02  1.510000e+00
     vertex  1.157235e+02 -1.081865e+02  1.510000e+00
     vertex  1.191654e+02 -1.068540e+02  1.510000e+00
   endloop
 endfacet
 facet normal  0.000000e+00  0.000000e+00  1.000000e+00
   outer loop
     vertex  1.192329e+02 -1.067659e+02  1.510000e+00
     vertex  1.122140e+02 -1.067659e+02  1.510000e+00
     vertex  1.157235e+02 -1.081865e+02  1.510000e+00
   endloop
 endfacet
 facet normal  0.000000e+00  0.000000e+00  1.000000e+00
   outer loop
     vertex  1.193210e+02 -1.066984e+02  1.510000e+00
     vertex  1.076070e+02 -9.614115e+01  1.510000e+00
     vertex  1.121260e+02 -1.066984e+02  1.510000e+00
   endloop
 endfacet
 facet normal  0.000000e+00  0.000000e+00  1.000000e+00
   outer loop
     vertex  1.193210e+02 -1.066984e+02  1.510000e+00
     vertex  1.122140e+02 -1.067659e+02  1.510000e+00
     vertex  1.192329e+02 -1.067659e+02  1.510000e+00
   endloop
 endfacet
 facet normal  0.000000e+00  0.000000e+00  1.000000e+00
   outer loop
     vertex  1.193210e+02 -1.066984e+02  1.510000e+00
     vertex  1.121260e+02 -1.066984e+02  1.510000e+00
     vertex  1.122140e+02 -1.067659e+02  1.510000e+00
   endloop
 endfacet
 facet normal  0.000000e+00  0.000000e+00  1.000000e+00
   outer loop
     vertex  1.194235e+02 -1.066559e+02  1.510000e+00
     vertex  1.076070e+02 -9.614115e+01  1.510000e+00
     vertex  1.193210e+02 -1.066984e+02  1.510000e+00
   endloop
 endfacet
 facet normal  0.000000e+00  0.000000e+00  1.000000e+00
   outer loop
     vertex  9.692746e+01 -8.268246e+01  1.510000e+00
     vertex  1.047485e+02 -9.394771e+01  1.510000e+00
     vertex  1.052188e+02 -9.375290e+01  1.510000e+00
   endloop
 endfacet
 facet normal  0.000000e+00  0.000000e+00  1.000000e+00
   outer loop
     vertex  9.692746e+01 -8.268246e+01  1.510000e+00
     vertex  1.043446e+02 -9.425760e+01  1.510000e+00
     vertex  1.047485e+02 -9.394771e+01  1.510000e+00
   endloop
 endfacet
 facet normal  0.000000e+00  0.000000e+00  1.000000e+00
   outer loop
     vertex  9.692746e+01 -8.268246e+01  1.510000e+00
     vertex  1.040347e+02 -9.466146e+01  1.510000e+00
     vertex  1.043446e+02 -9.425760e+01  1.510000e+00
   endloop
 endfacet
 facet normal  0.000000e+00  0.000000e+00  1.000000e+00
   outer loop
     vertex  9.692746e+01 -8.268246e+01  1.510000e+00
     vertex  1.038399e+02 -9.513176e+01  1.510000e+00
     vertex  1.040347e+02 -9.466146e+01  1.510000e+00
   endloop
 endfacet
 facet normal  0.000000e+00  0.000000e+00  1.000000e+00
   outer loop
     vertex  9.692746e+01 -8.268246e+01  1.510000e+00
     vertex  1.037735e+02 -9.563646e+01  1.510000e+00
     vertex  1.038399e+02 -9.513176e+01  1.510000e+00
   endloop
 endfacet
 facet normal  0.000000e+00  0.000000e+00  1.000000e+00
   outer loop
     vertex  9.692746e+01 -8.268246e+01  1.510000e+00
     vertex  9.692746e+01 -1.144325e+02  1.510000e+00
     vertex  1.037735e+02 -9.563646e+01  1.510000e+00
   endloop
 endfacet
 facet normal  0.000000e+00  0.000000e+00  1.000000e+00
   outer loop
     vertex  1.238042e+02 -1.055557e+02  1.510000e+00
     vertex  1.199440e+02 -1.069565e+02  1.510000e+00
     vertex  1.199585e+02 -1.070665e+02  1.510000e+00
   endloop
 endfacet
 facet normal  0.000000e+00  0.000000e+00  1.000000e+00
   outer loop
     vertex  1.238042e+02 -1.055557e+02  1.510000e+00
     vertex  1.199585e+02 -1.070665e+02  1.510000e+00
     vertex  1.199440e+02 -1.071765e+02  1.510000e+00
   endloop
 endfacet
 facet normal  0.000000e+00  0.000000e+00  1.000000e+00
   outer loop
     vertex  1.235976e+02 -1.052865e+02  1.510000e+00
     vertex  1.199015e+02 -1.068540e+02  1.510000e+00
     vertex  1.199440e+02 -1.069565e+02  1.510000e+00
   endloop
 endfacet
 facet normal  0.000000e+00  0.000000e+00  1.000000e+00
   outer loop
     vertex  1.235976e+02 -1.052865e+02  1.510000e+00
     vertex  1.199440e+02 -1.069565e+02  1.510000e+00
     vertex  1.238042e+02 -1.055557e+02  1.510000e+00
   endloop
 endfacet
 facet normal  0.000000e+00  0.000000e+00  1.000000e+00
   outer loop
     vertex  1.240735e+02 -1.057623e+02  1.510000e+00
     vertex  1.238042e+02 -1.055557e+02  1.510000e+00
     vertex  1.199440e+02 -1.071765e+02  1.510000e+00
   endloop
 endfacet
 facet normal  0.000000e+00  0.000000e+00  1.000000e+00
   outer loop
     vertex  1.240735e+02 -1.057623e+02  1.510000e+00
     vertex  1.199440e+02 -1.071765e+02  1.510000e+00
     vertex  1.199015e+02 -1.072790e+02  1.510000e+00
   endloop
 endfacet
 facet normal  0.000000e+00  0.000000e+00  1.000000e+00
   outer loop
     vertex  1.234678e+02 -1.049729e+02  1.510000e+00
     vertex  1.198340e+02 -1.067659e+02  1.510000e+00
     vertex  1.199015e+02 -1.068540e+02  1.510000e+00
   endloop
 endfacet
 facet normal  0.000000e+00  0.000000e+00  1.000000e+00
   outer loop
     vertex  1.234678e+02 -1.049729e+02  1.510000e+00
     vertex  1.199015e+02 -1.068540e+02  1.510000e+00
     vertex  1.235976e+02 -1.052865e+02  1.510000e+00
   endloop
 endfacet
 facet normal  0.000000e+00  0.000000e+00  1.000000e+00
   outer loop
     vertex  1.243870e+02 -1.058922e+02  1.510000e+00
     vertex  1.199015e+02 -1.072790e+02  1.510000e+00
     vertex  1.198340e+02 -1.073670e+02  1.510000e+00
   endloop
 endfacet
 facet normal  0.000000e+00  0.000000e+00  1.000000e+00
   outer loop
     vertex  1.243870e+02 -1.058922e+02  1.510000e+00
     vertex  1.240735e+02 -1.057623e+02  1.510000e+00
     vertex  1.199015e+02 -1.072790e+02  1.510000e+00
   endloop
 endfacet
 facet normal  0.000000e+00  0.000000e+00  1.000000e+00
   outer loop
     vertex  1.234235e+02 -1.046365e+02  1.510000e+00
     vertex  1.196435e+02 -1.066559e+02  1.510000e+00
     vertex  1.197460e+02 -1.066984e+02  1.510000e+00
   endloop
 endfacet
 facet normal  0.000000e+00  0.000000e+00  1.000000e+00
   outer loop
     vertex  1.234235e+02 -1.046365e+02  1.510000e+00
     vertex  1.197460e+02 -1.066984e+02  1.510000e+00
     vertex  1.198340e+02 -1.067659e+02  1.510000e+00
   endloop
 endfacet
 facet normal  0.000000e+00  0.000000e+00  1.000000e+00
   outer loop
     vertex  1.234235e+02 -1.046365e+02  1.510000e+00
     vertex  1.198340e+02 -1.067659e+02  1.510000e+00
     vertex  1.234678e+02 -1.049729e+02  1.510000e+00
   endloop
 endfacet
 facet normal  0.000000e+00  0.000000e+00  1.000000e+00
   outer loop
     vertex  1.247235e+02 -1.059365e+02  1.510000e+00
     vertex  1.295327e+02 -1.195897e+02  1.510000e+00
     vertex  1.295845e+02 -1.195500e+02  1.510000e+00
   endloop
 endfacet
 facet normal  0.000000e+00  0.000000e+00  1.000000e+00
   outer loop
     vertex  1.247235e+02 -1.059365e+02  1.510000e+00
     vertex  1.198340e+02 -1.073670e+02  1.510000e+00
     vertex  1.197460e+02 -1.074345e+02  1.510000e+00
   endloop
 endfacet
 facet normal  0.000000e+00  0.000000e+00  1.000000e+00
   outer loop
     vertex  1.247235e+02 -1.059365e+02  1.510000e+00
     vertex  1.197460e+02 -1.074345e+02  1.510000e+00
     vertex  1.295327e+02 -1.195897e+02  1.510000e+00
   endloop
 endfacet
 facet normal  0.000000e+00  0.000000e+00  1.000000e+00
   outer loop
     vertex  1.247235e+02 -1.059365e+02  1.510000e+00
     vertex  1.243870e+02 -1.058922e+02  1.510000e+00
     vertex  1.198340e+02 -1.073670e+02  1.510000e+00
   endloop
 endfacet
 facet normal  0.000000e+00  0.000000e+00  1.000000e+00
   outer loop
     vertex  1.250599e+02 -1.058922e+02  1.510000e+00
     vertex  1.295845e+02 -1.195500e+02  1.510000e+00
     vertex  1.296448e+02 -1.195250e+02  1.510000e+00
   endloop
 endfacet
 facet normal  0.000000e+00  0.000000e+00  1.000000e+00
   outer loop
     vertex  1.250599e+02 -1.058922e+02  1.510000e+00
     vertex  1.247235e+02 -1.059365e+02  1.510000e+00
     vertex  1.295845e+02 -1.195500e+02  1.510000e+00
   endloop
 endfacet
 facet normal  0.000000e+00  0.000000e+00  1.000000e+00
   outer loop
     vertex  1.234678e+02 -1.043000e+02  1.510000e+00
     vertex  1.195335e+02 -1.066415e+02  1.510000e+00
     vertex  1.196435e+02 -1.066559e+02  1.510000e+00
   endloop
 endfacet
 facet normal  0.000000e+00  0.000000e+00  1.000000e+00
   outer loop
     vertex  1.234678e+02 -1.043000e+02  1.510000e+00
     vertex  1.196435e+02 -1.066559e+02  1.510000e+00
     vertex  1.234235e+02 -1.046365e+02  1.510000e+00
   endloop
 endfacet
 facet normal  0.000000e+00  0.000000e+00  1.000000e+00
   outer loop
     vertex  1.253735e+02 -1.057623e+02  1.510000e+00
     vertex  1.296448e+02 -1.195250e+02  1.510000e+00
     vertex  1.297095e+02 -1.195165e+02  1.510000e+00
   endloop
 endfacet
 facet normal  0.000000e+00  0.000000e+00  1.000000e+00
   outer loop
     vertex  1.253735e+02 -1.057623e+02  1.510000e+00
     vertex  1.250599e+02 -1.058922e+02  1.510000e+00
     vertex  1.296448e+02 -1.195250e+02  1.510000e+00
   endloop
 endfacet
 facet normal  0.000000e+00  0.000000e+00  1.000000e+00
   outer loop
     vertex  1.253735e+02 -1.057623e+02  1.510000e+00
     vertex  1.297095e+02 -1.195165e+02  1.510000e+00
     vertex  1.307095e+02 -1.195165e+02  1.510000e+00
   endloop
 endfacet
 facet normal  0.000000e+00  0.000000e+00  1.000000e+00
   outer loop
     vertex  1.235976e+02 -1.039865e+02  1.510000e+00
     vertex  1.194235e+02 -1.066559e+02  1.510000e+00
     vertex  1.195335e+02 -1.066415e+02  1.510000e+00
   endloop
 endfacet
 facet normal  0.000000e+00  0.000000e+00  1.000000e+00
   outer loop
     vertex  1.235976e+02 -1.039865e+02  1.510000e+00
     vertex  1.195335e+02 -1.066415e+02  1.510000e+00
     vertex  1.234678e+02 -1.043000e+02  1.510000e+00
   endloop
 endfacet
 facet normal  0.000000e+00  0.000000e+00  1.000000e+00
   outer loop
     vertex  1.256427e+02 -1.055557e+02  1.510000e+00
     vertex  1.253735e+02 -1.057623e+02  1.510000e+00
     vertex  1.307095e+02 -1.195165e+02  1.510000e+00
   endloop
 endfacet
 facet normal  0.000000e+00  0.000000e+00  1.000000e+00
   outer loop
     vertex  1.256427e+02 -1.055557e+02  1.510000e+00
     vertex  1.307095e+02 -1.195165e+02  1.510000e+00
     vertex  1.307742e+02 -1.195250e+02  1.510000e+00
   endloop
 endfacet
 facet normal  0.000000e+00  0.000000e+00  1.000000e+00
   outer loop
     vertex  1.238042e+02 -1.037172e+02  1.510000e+00
     vertex  1.076070e+02 -9.614115e+01  1.510000e+00
     vertex  1.194235e+02 -1.066559e+02  1.510000e+00
   endloop
 endfacet
 facet normal  0.000000e+00  0.000000e+00  1.000000e+00
   outer loop
     vertex  1.238042e+02 -1.037172e+02  1.510000e+00
     vertex  1.076735e+02 -9.563646e+01  1.510000e+00
     vertex  1.076070e+02 -9.614115e+01  1.510000e+00
   endloop
 endfacet
 facet normal  0.000000e+00  0.000000e+00  1.000000e+00
   outer loop
     vertex  1.238042e+02 -1.037172e+02  1.510000e+00
     vertex  1.194235e+02 -1.066559e+02  1.510000e+00
     vertex  1.235976e+02 -1.039865e+02  1.510000e+00
   endloop
 endfacet
 facet normal  0.000000e+00  0.000000e+00  1.000000e+00
   outer loop
     vertex  1.258493e+02 -1.052865e+02  1.510000e+00
     vertex  1.307742e+02 -1.195250e+02  1.510000e+00
     vertex  1.308345e+02 -1.195500e+02  1.510000e+00
   endloop
 endfacet
 facet normal  0.000000e+00  0.000000e+00  1.000000e+00
   outer loop
     vertex  1.258493e+02 -1.052865e+02  1.510000e+00
     vertex  1.256427e+02 -1.055557e+02  1.510000e+00
     vertex  1.307742e+02 -1.195250e+02  1.510000e+00
   endloop
 endfacet
 facet normal  0.000000e+00  0.000000e+00  1.000000e+00
   outer loop
     vertex  1.240735e+02 -1.035106e+02  1.510000e+00
     vertex  1.076735e+02 -9.563646e+01  1.510000e+00
     vertex  1.238042e+02 -1.037172e+02  1.510000e+00
   endloop
 endfacet
 facet normal  0.000000e+00  0.000000e+00  1.000000e+00
   outer loop
     vertex  1.259792e+02 -1.049729e+02  1.510000e+00
     vertex  1.258493e+02 -1.052865e+02  1.510000e+00
     vertex  1.308345e+02 -1.195500e+02  1.510000e+00
   endloop
 endfacet
 facet normal  0.000000e+00  0.000000e+00  1.000000e+00
   outer loop
     vertex  1.503607e+02 -1.250232e+02  1.510000e+00
     vertex  1.308345e+02 -1.199830e+02  1.510000e+00
     vertex  1.307742e+02 -1.200079e+02  1.510000e+00
   endloop
 endfacet
 facet normal  0.000000e+00  0.000000e+00  1.000000e+00
   outer loop
     vertex  1.504125e+02 -1.250630e+02  1.510000e+00
     vertex  1.307742e+02 -1.200079e+02  1.510000e+00
     vertex  1.307095e+02 -1.200165e+02  1.510000e+00
   endloop
 endfacet
 facet normal  0.000000e+00  0.000000e+00  1.000000e+00
   outer loop
     vertex  1.504125e+02 -1.250630e+02  1.510000e+00
     vertex  1.307095e+02 -1.200165e+02  1.510000e+00
     vertex  1.091195e+02 -1.263705e+02  1.510000e+00
   endloop
 endfacet
 facet normal  0.000000e+00  0.000000e+00  1.000000e+00
   outer loop
     vertex  1.504125e+02 -1.250630e+02  1.510000e+00
     vertex  1.503607e+02 -1.250232e+02  1.510000e+00
     vertex  1.307742e+02 -1.200079e+02  1.510000e+00
   endloop
 endfacet
 facet normal  0.000000e+00  0.000000e+00  1.000000e+00
   outer loop
     vertex  1.503210e+02 -1.249715e+02  1.510000e+00
     vertex  1.308862e+02 -1.199432e+02  1.510000e+00
     vertex  1.308345e+02 -1.199830e+02  1.510000e+00
   endloop
 endfacet
 facet normal  0.000000e+00  0.000000e+00  1.000000e+00
   outer loop
     vertex  1.503210e+02 -1.249715e+02  1.510000e+00
     vertex  1.308345e+02 -1.199830e+02  1.510000e+00
     vertex  1.503607e+02 -1.250232e+02  1.510000e+00
   endloop
 endfacet
 facet normal  0.000000e+00  0.000000e+00  1.000000e+00
   outer loop
     vertex  1.504728e+02 -1.250879e+02  1.510000e+00
     vertex  1.504125e+02 -1.250630e+02  1.510000e+00
     vertex  1.091195e+02 -1.263705e+02  1.510000e+00
   endloop
 endfacet
 facet normal  0.000000e+00  0.000000e+00  1.000000e+00
   outer loop
     vertex  1.502960e+02 -1.249112e+02  1.510000e+00
     vertex  1.308862e+02 -1.199432e+02  1.510000e+00
     vertex  1.503210e+02 -1.249715e+02  1.510000e+00
   endloop
 endfacet
 facet normal  0.000000e+00  0.000000e+00  1.000000e+00
   outer loop
     vertex  1.502960e+02 -1.249112e+02  1.510000e+00
     vertex  1.309260e+02 -1.198915e+02  1.510000e+00
     vertex  1.308862e+02 -1.199432e+02  1.510000e+00
   endloop
 endfacet
 facet normal  0.000000e+00  0.000000e+00  1.000000e+00
   outer loop
     vertex  1.505375e+02 -1.250965e+02  1.510000e+00
     vertex  1.504728e+02 -1.250879e+02  1.510000e+00
     vertex  1.091195e+02 -1.263705e+02  1.510000e+00
   endloop
 endfacet
 facet normal  0.000000e+00  0.000000e+00  1.000000e+00
   outer loop
     vertex  1.502875e+02 -1.248465e+02  1.510000e+00
     vertex  1.309260e+02 -1.198915e+02  1.510000e+00
     vertex  1.502960e+02 -1.249112e+02  1.510000e+00
   endloop
 endfacet
 facet normal  0.000000e+00  0.000000e+00  1.000000e+00
   outer loop
     vertex  1.502875e+02 -1.248465e+02  1.510000e+00
     vertex  1.309509e+02 -1.198312e+02  1.510000e+00
     vertex  1.309260e+02 -1.198915e+02  1.510000e+00
   endloop
 endfacet
 facet normal  0.000000e+00  0.000000e+00  1.000000e+00
   outer loop
     vertex  1.502960e+02 -1.247818e+02  1.510000e+00
     vertex  1.309509e+02 -1.198312e+02  1.510000e+00
     vertex  1.502875e+02 -1.248465e+02  1.510000e+00
   endloop
 endfacet
 facet normal  0.000000e+00  0.000000e+00  1.000000e+00
   outer loop
     vertex  1.502960e+02 -1.247818e+02  1.510000e+00
     vertex  1.309595e+02 -1.197665e+02  1.510000e+00
     vertex  1.309509e+02 -1.198312e+02  1.510000e+00
   endloop
 endfacet
 facet normal  0.000000e+00  0.000000e+00  1.000000e+00
   outer loop
     vertex  1.503210e+02 -1.247215e+02  1.510000e+00
     vertex  1.309595e+02 -1.197665e+02  1.510000e+00
     vertex  1.502960e+02 -1.247818e+02  1.510000e+00
   endloop
 endfacet
 facet normal  0.000000e+00  0.000000e+00  1.000000e+00
   outer loop
     vertex  1.503210e+02 -1.247215e+02  1.510000e+00
     vertex  1.309509e+02 -1.197018e+02  1.510000e+00
     vertex  1.309595e+02 -1.197665e+02  1.510000e+00
   endloop
 endfacet
 facet normal  0.000000e+00  0.000000e+00  1.000000e+00
   outer loop
     vertex  1.503607e+02 -1.246697e+02  1.510000e+00
     vertex  1.309509e+02 -1.197018e+02  1.510000e+00
     vertex  1.503210e+02 -1.247215e+02  1.510000e+00
   endloop
 endfacet
 facet normal  0.000000e+00  0.000000e+00  1.000000e+00
   outer loop
     vertex  1.503607e+02 -1.246697e+02  1.510000e+00
     vertex  1.309260e+02 -1.196415e+02  1.510000e+00
     vertex  1.309509e+02 -1.197018e+02  1.510000e+00
   endloop
 endfacet
 facet normal  0.000000e+00  0.000000e+00  1.000000e+00
   outer loop
     vertex  1.513210e+02 -1.249715e+02  1.510000e+00
     vertex  1.507142e+02 -1.250232e+02  1.510000e+00
     vertex  1.513607e+02 -1.250232e+02  1.510000e+00
   endloop
 endfacet
 facet normal  0.000000e+00  0.000000e+00  1.000000e+00
   outer loop
     vertex  1.513210e+02 -1.249715e+02  1.510000e+00
     vertex  1.507789e+02 -1.249112e+02  1.510000e+00
     vertex  1.507540e+02 -1.249715e+02  1.510000e+00
   endloop
 endfacet
 facet normal  0.000000e+00  0.000000e+00  1.000000e+00
   outer loop
     vertex  1.513210e+02 -1.249715e+02  1.510000e+00
     vertex  1.507540e+02 -1.249715e+02  1.510000e+00
     vertex  1.507142e+02 -1.250232e+02  1.510000e+00
   endloop
 endfacet
 facet normal  0.000000e+00  0.000000e+00  1.000000e+00
   outer loop
     vertex  1.514125e+02 -1.250630e+02  1.510000e+00
     vertex  1.513607e+02 -1.250232e+02  1.510000e+00
     vertex  1.507142e+02 -1.250232e+02  1.510000e+00
   endloop
 endfacet
 facet normal  0.000000e+00  0.000000e+00  1.000000e+00
   outer loop
     vertex  1.514125e+02 -1.250630e+02  1.510000e+00
     vertex  1.507142e+02 -1.250232e+02  1.510000e+00
     vertex  1.506625e+02 -1.250630e+02  1.510000e+00
   endloop
 endfacet
 facet normal  0.000000e+00  0.000000e+00  1.000000e+00
   outer loop
     vertex  1.512960e+02 -1.249112e+02  1.510000e+00
     vertex  1.507789e+02 -1.249112e+02  1.510000e+00
     vertex  1.513210e+02 -1.249715e+02  1.510000e+00
   endloop
 endfacet
 facet normal  0.000000e+00  0.000000e+00  1.000000e+00
   outer loop
     vertex  1.514728e+02 -1.250879e+02  1.510000e+00
     vertex  1.514125e+02 -1.250630e+02  1.510000e+00
     vertex  1.506625e+02 -1.250630e+02  1.510000e+00
   endloop
 endfacet
 facet normal  0.000000e+00  0.000000e+00  1.000000e+00
   outer loop
     vertex  1.514728e+02 -1.250879e+02  1.510000e+00
     vertex  1.506625e+02 -1.250630e+02  1.510000e+00
     vertex  1.506022e+02 -1.250879e+02  1.510000e+00
   endloop
 endfacet
 facet normal  0.000000e+00  0.000000e+00  1.000000e+00
   outer loop
     vertex  1.512875e+02 -1.248465e+02  1.510000e+00
     vertex  1.507789e+02 -1.249112e+02  1.510000e+00
     vertex  1.512960e+02 -1.249112e+02  1.510000e+00
   endloop
 endfacet
 facet normal  0.000000e+00  0.000000e+00  1.000000e+00
   outer loop
     vertex  1.512875e+02 -1.248465e+02  1.510000e+00
     vertex  1.507789e+02 -1.247818e+02  1.510000e+00
     vertex  1.507875e+02 -1.248465e+02  1.510000e+00
   endloop
 endfacet
 facet normal  0.000000e+00  0.000000e+00  1.000000e+00
   outer loop
     vertex  1.512875e+02 -1.248465e+02  1.510000e+00
     vertex  1.507875e+02 -1.248465e+02  1.510000e+00
     vertex  1.507789e+02 -1.249112e+02  1.510000e+00
   endloop
 endfacet
 facet normal  0.000000e+00  0.000000e+00  1.000000e+00
   outer loop
     vertex  1.515375e+02 -1.250965e+02  1.510000e+00
     vertex  1.514728e+02 -1.250879e+02  1.510000e+00
     vertex  1.506022e+02 -1.250879e+02  1.510000e+00
   endloop
 endfacet
 facet normal  0.000000e+00  0.000000e+00  1.000000e+00
   outer loop
     vertex  1.515375e+02 -1.250965e+02  1.510000e+00
     vertex  1.506022e+02 -1.250879e+02  1.510000e+00
     vertex  1.505375e+02 -1.250965e+02  1.510000e+00
   endloop
 endfacet
 facet normal  0.000000e+00  0.000000e+00  1.000000e+00
   outer loop
     vertex  1.512960e+02 -1.247818e+02  1.510000e+00
     vertex  1.507789e+02 -1.247818e+02  1.510000e+00
     vertex  1.512875e+02 -1.248465e+02  1.510000e+00
   endloop
 endfacet
 facet normal  0.000000e+00  0.000000e+00  1.000000e+00
   outer loop
     vertex  1.513210e+02 -1.247215e+02  1.510000e+00
     vertex  1.507789e+02 -1.247818e+02  1.510000e+00
     vertex  1.512960e+02 -1.247818e+02  1.510000e+00
   endloop
 endfacet
 facet normal  0.000000e+00  0.000000e+00  1.000000e+00
   outer loop
     vertex  1.513210e+02 -1.247215e+02  1.510000e+00
     vertex  1.507540e+02 -1.247215e+02  1.510000e+00
     vertex  1.507789e+02 -1.247818e+02  1.510000e+00
   endloop
 endfacet
 facet normal  0.000000e+00  0.000000e+00  1.000000e+00
   outer loop
     vertex  1.513607e+02 -1.246697e+02  1.510000e+00
     vertex  1.507540e+02 -1.247215e+02  1.510000e+00
     vertex  1.513210e+02 -1.247215e+02  1.510000e+00
   endloop
 endfacet
 facet normal  0.000000e+00  0.000000e+00  1.000000e+00
   outer loop
     vertex  1.513607e+02 -1.246697e+02  1.510000e+00
     vertex  1.507142e+02 -1.246697e+02  1.510000e+00
     vertex  1.507540e+02 -1.247215e+02  1.510000e+00
   endloop
 endfacet
 facet normal  0.000000e+00  0.000000e+00  1.000000e+00
   outer loop
     vertex  1.514125e+02 -1.246300e+02  1.510000e+00
     vertex  1.506625e+02 -1.246300e+02  1.510000e+00
     vertex  1.507142e+02 -1.246697e+02  1.510000e+00
   endloop
 endfacet
 facet normal  0.000000e+00  0.000000e+00  1.000000e+00
   outer loop
     vertex  1.514125e+02 -1.246300e+02  1.510000e+00
     vertex  1.507142e+02 -1.246697e+02  1.510000e+00
     vertex  1.513607e+02 -1.246697e+02  1.510000e+00
   endloop
 endfacet
 facet normal  0.000000e+00  0.000000e+00  1.000000e+00
   outer loop
     vertex  1.514728e+02 -1.246050e+02  1.510000e+00
     vertex  1.506022e+02 -1.246050e+02  1.510000e+00
     vertex  1.506625e+02 -1.246300e+02  1.510000e+00
   endloop
 endfacet
 facet normal  0.000000e+00  0.000000e+00  1.000000e+00
   outer loop
     vertex  1.514728e+02 -1.246050e+02  1.510000e+00
     vertex  1.506625e+02 -1.246300e+02  1.510000e+00
     vertex  1.514125e+02 -1.246300e+02  1.510000e+00
   endloop
 endfacet
 facet normal  0.000000e+00  0.000000e+00  1.000000e+00
   outer loop
     vertex  1.515375e+02 -1.245965e+02  1.510000e+00
     vertex  1.505375e+02 -1.245965e+02  1.510000e+00
     vertex  1.506022e+02 -1.246050e+02  1.510000e+00
   endloop
 endfacet
 facet normal  0.000000e+00  0.000000e+00  1.000000e+00
   outer loop
     vertex  1.515375e+02 -1.245965e+02  1.510000e+00
     vertex  1.506022e+02 -1.246050e+02  1.510000e+00
     vertex  1.514728e+02 -1.246050e+02  1.510000e+00
   endloop
 endfacet
 facet normal  0.000000e+00  0.000000e+00  1.000000e+00
   outer loop
     vertex  1.117010e+02 -8.457452e+01  1.510000e+00
     vertex  1.116129e+02 -8.450698e+01  1.510000e+00
     vertex  1.062282e+02 -9.375290e+01  1.510000e+00
   endloop
 endfacet
 facet normal  0.000000e+00  0.000000e+00  1.000000e+00
   outer loop
     vertex  1.117010e+02 -8.457452e+01  1.510000e+00
     vertex  1.062282e+02 -9.375290e+01  1.510000e+00
     vertex  1.066985e+02 -9.394771e+01  1.510000e+00
   endloop
 endfacet
 facet normal  0.000000e+00  0.000000e+00  1.000000e+00
   outer loop
     vertex  1.115454e+02 -8.441896e+01  1.510000e+00
     vertex  1.062282e+02 -9.375290e+01  1.510000e+00
     vertex  1.116129e+02 -8.450698e+01  1.510000e+00
   endloop
 endfacet
 facet normal  0.000000e+00  0.000000e+00  1.000000e+00
   outer loop
     vertex  1.115454e+02 -8.441896e+01  1.510000e+00
     vertex  1.057235e+02 -9.368646e+01  1.510000e+00
     vertex  1.062282e+02 -9.375290e+01  1.510000e+00
   endloop
 endfacet
 facet normal  0.000000e+00  0.000000e+00  1.000000e+00
   outer loop
     vertex  1.118035e+02 -8.461698e+01  1.510000e+00
     vertex  1.117010e+02 -8.457452e+01  1.510000e+00
     vertex  1.066985e+02 -9.394771e+01  1.510000e+00
   endloop
 endfacet
 facet normal  0.000000e+00  0.000000e+00  1.000000e+00
   outer loop
     vertex  1.118035e+02 -8.461698e+01  1.510000e+00
     vertex  1.066985e+02 -9.394771e+01  1.510000e+00
     vertex  1.071023e+02 -9.425760e+01  1.510000e+00
   endloop
 endfacet
 facet normal  0.000000e+00  0.000000e+00  1.000000e+00
   outer loop
     vertex  1.115029e+02 -8.431646e+01  1.510000e+00
     vertex  1.057235e+02 -9.368646e+01  1.510000e+00
     vertex  1.115454e+02 -8.441896e+01  1.510000e+00
   endloop
 endfacet
 facet normal  0.000000e+00  0.000000e+00  1.000000e+00
   outer loop
     vertex  1.115029e+02 -8.431646e+01  1.510000e+00
     vertex  9.692746e+01 -8.268246e+01  1.510000e+00
     vertex  1.052188e+02 -9.375290e+01  1.510000e+00
   endloop
 endfacet
 facet normal  0.000000e+00  0.000000e+00  1.000000e+00
   outer loop
     vertex  1.115029e+02 -8.431646e+01  1.510000e+00
     vertex  1.052188e+02 -9.375290e+01  1.510000e+00
     vertex  1.057235e+02 -9.368646e+01  1.510000e+00
   endloop
 endfacet
 facet normal  0.000000e+00  0.000000e+00  1.000000e+00
   outer loop
     vertex  1.119135e+02 -8.463146e+01  1.510000e+00
     vertex  1.118035e+02 -8.461698e+01  1.510000e+00
     vertex  1.071023e+02 -9.425760e+01  1.510000e+00
   endloop
 endfacet
 facet normal  0.000000e+00  0.000000e+00  1.000000e+00
   outer loop
     vertex  1.119135e+02 -8.463146e+01  1.510000e+00
     vertex  1.071023e+02 -9.425760e+01  1.510000e+00
     vertex  1.074122e+02 -9.466146e+01  1.510000e+00
   endloop
 endfacet
 facet normal  0.000000e+00  0.000000e+00  1.000000e+00
   outer loop
     vertex  1.114885e+02 -8.420646e+01  1.510000e+00
     vertex  9.692746e+01 -8.268246e+01  1.510000e+00
     vertex  1.115029e+02 -8.431646e+01  1.510000e+00
   endloop
 endfacet
 facet normal  0.000000e+00  0.000000e+00  1.000000e+00
   outer loop
     vertex  1.120235e+02 -8.461698e+01  1.510000e+00
     vertex  1.119135e+02 -8.463146e+01  1.510000e+00
     vertex  1.074122e+02 -9.466146e+01  1.510000e+00
   endloop
 endfacet
 facet normal  0.000000e+00  0.000000e+00  1.000000e+00
   outer loop
     vertex  1.120235e+02 -8.461698e+01  1.510000e+00
     vertex  1.074122e+02 -9.466146e+01  1.510000e+00
     vertex  1.076070e+02 -9.513176e+01  1.510000e+00
   endloop
 endfacet
 facet normal  0.000000e+00  0.000000e+00  1.000000e+00
   outer loop
     vertex  1.115029e+02 -8.409646e+01  1.510000e+00
     vertex  9.692746e+01 -8.268246e+01  1.510000e+00
     vertex  1.114885e+02 -8.420646e+01  1.510000e+00
   endloop
 endfacet
 facet normal  0.000000e+00  0.000000e+00  1.000000e+00
   outer loop
     vertex  1.121260e+02 -8.457452e+01  1.510000e+00
     vertex  1.120235e+02 -8.461698e+01  1.510000e+00
     vertex  1.076070e+02 -9.513176e+01  1.510000e+00
   endloop
 endfacet
 facet normal  0.000000e+00  0.000000e+00  1.000000e+00
   outer loop
     vertex  1.150517e+02 -8.280821e+01  1.510000e+00
     vertex  1.123240e+02 -8.409646e+01  1.510000e+00
     vertex  1.123385e+02 -8.420646e+01  1.510000e+00
   endloop
 endfacet
 facet normal  0.000000e+00  0.000000e+00  1.000000e+00
   outer loop
     vertex  1.149007e+02 -8.261146e+01  1.510000e+00
     vertex  1.123240e+02 -8.409646e+01  1.510000e+00
     vertex  1.150517e+02 -8.280821e+01  1.510000e+00
   endloop
 endfacet
 facet normal  0.000000e+00  0.000000e+00  1.000000e+00
   outer loop
     vertex  1.149007e+02 -8.261146e+01  1.510000e+00
     vertex  1.122815e+02 -8.399396e+01  1.510000e+00
     vertex  1.123240e+02 -8.409646e+01  1.510000e+00
   endloop
 endfacet
 facet normal  0.000000e+00  0.000000e+00  1.000000e+00
   outer loop
     vertex  1.152485e+02 -8.295918e+01  1.510000e+00
     vertex  1.150517e+02 -8.280821e+01  1.510000e+00
     vertex  1.123385e+02 -8.420646e+01  1.510000e+00
   endloop
 endfacet
 facet normal  0.000000e+00  0.000000e+00  1.000000e+00
   outer loop
     vertex  1.152485e+02 -8.295918e+01  1.510000e+00
     vertex  1.123385e+02 -8.420646e+01  1.510000e+00
     vertex  1.123240e+02 -8.431646e+01  1.510000e+00
   endloop
 endfacet
 facet normal  0.000000e+00  0.000000e+00  1.000000e+00
   outer loop
     vertex  1.148058e+02 -8.238234e+01  1.510000e+00
     vertex  1.122815e+02 -8.399396e+01  1.510000e+00
     vertex  1.149007e+02 -8.261146e+01  1.510000e+00
   endloop
 endfacet
 facet normal  0.000000e+00  0.000000e+00  1.000000e+00
   outer loop
     vertex  1.148058e+02 -8.238234e+01  1.510000e+00
     vertex  1.121260e+02 -8.383840e+01  1.510000e+00
     vertex  1.122140e+02 -8.390594e+01  1.510000e+00
   endloop
 endfacet
 facet normal  0.000000e+00  0.000000e+00  1.000000e+00
   outer loop
     vertex  1.148058e+02 -8.238234e+01  1.510000e+00
     vertex  1.122140e+02 -8.390594e+01  1.510000e+00
     vertex  1.122815e+02 -8.399396e+01  1.510000e+00
   endloop
 endfacet
 facet normal  0.000000e+00  0.000000e+00  1.000000e+00
   outer loop
     vertex  1.154776e+02 -8.305409e+01  1.510000e+00
     vertex  1.123240e+02 -8.431646e+01  1.510000e+00
     vertex  1.122815e+02 -8.441896e+01  1.510000e+00
   endloop
 endfacet
 facet normal  0.000000e+00  0.000000e+00  1.000000e+00
   outer loop
     vertex  1.154776e+02 -8.305409e+01  1.510000e+00
     vertex  1.152485e+02 -8.295918e+01  1.510000e+00
     vertex  1.123240e+02 -8.431646e+01  1.510000e+00
   endloop
 endfacet
 facet normal  0.000000e+00  0.000000e+00  1.000000e+00
   outer loop
     vertex  1.157235e+02 -8.308646e+01  1.510000e+00
     vertex  1.154776e+02 -8.305409e+01  1.510000e+00
     vertex  1.122815e+02 -8.441896e+01  1.510000e+00
   endloop
 endfacet
 facet normal  0.000000e+00  0.000000e+00  1.000000e+00
   outer loop
     vertex  1.157235e+02 -8.308646e+01  1.510000e+00
     vertex  1.122815e+02 -8.441896e+01  1.510000e+00
     vertex  1.122140e+02 -8.450698e+01  1.510000e+00
   endloop
 endfacet
 facet normal  0.000000e+00  0.000000e+00  1.000000e+00
   outer loop
     vertex  1.147735e+02 -8.213646e+01  1.510000e+00
     vertex  1.121260e+02 -8.383840e+01  1.510000e+00
     vertex  1.148058e+02 -8.238234e+01  1.510000e+00
   endloop
 endfacet
 facet normal  0.000000e+00  0.000000e+00  1.000000e+00
   outer loop
     vertex  1.147735e+02 -8.213646e+01  1.510000e+00
     vertex  1.120235e+02 -8.379594e+01  1.510000e+00
     vertex  1.121260e+02 -8.383840e+01  1.510000e+00
   endloop
 endfacet
 facet normal  0.000000e+00  0.000000e+00  1.000000e+00
   outer loop
     vertex  1.148058e+02 -8.189058e+01  1.510000e+00
     vertex  1.120235e+02 -8.379594e+01  1.510000e+00
     vertex  1.147735e+02 -8.213646e+01  1.510000e+00
   endloop
 endfacet
 facet normal  0.000000e+00  0.000000e+00  1.000000e+00
   outer loop
     vertex  1.148058e+02 -8.189058e+01  1.510000e+00
     vertex  1.119135e+02 -8.378146e+01  1.510000e+00
     vertex  1.120235e+02 -8.379594e+01  1.510000e+00
   endloop
 endfacet
 facet normal  0.000000e+00  0.000000e+00  1.000000e+00
   outer loop
     vertex  1.149007e+02 -8.166146e+01  1.510000e+00
     vertex  1.119135e+02 -8.378146e+01  1.510000e+00
     vertex  1.148058e+02 -8.189058e+01  1.510000e+00
   endloop
 endfacet
 facet normal  0.000000e+00  0.000000e+00  1.000000e+00
   outer loop
     vertex  1.149007e+02 -8.166146e+01  1.510000e+00
     vertex  1.118035e+02 -8.379594e+01  1.510000e+00
     vertex  1.119135e+02 -8.378146e+01  1.510000e+00
   endloop
 endfacet
 facet normal  0.000000e+00  0.000000e+00  1.000000e+00
   outer loop
     vertex  1.086115e+02 -7.506246e+01  1.510000e+00
     vertex  9.692746e+01 -8.268246e+01  1.510000e+00
     vertex  1.115029e+02 -8.409646e+01  1.510000e+00
   endloop
 endfacet
 facet normal  0.000000e+00  0.000000e+00  1.000000e+00
   outer loop
     vertex  1.086115e+02 -7.506246e+01  1.510000e+00
     vertex  1.115029e+02 -8.409646e+01  1.510000e+00
     vertex  1.115454e+02 -8.399396e+01  1.510000e+00
   endloop
 endfacet
 facet normal  0.000000e+00  0.000000e+00  1.000000e+00
   outer loop
     vertex  1.086115e+02 -7.506246e+01  1.510000e+00
     vertex  1.115454e+02 -8.399396e+01  1.510000e+00
     vertex  1.116129e+02 -8.390594e+01  1.510000e+00
   endloop
 endfacet
 facet normal  0.000000e+00  0.000000e+00  1.000000e+00
   outer loop
     vertex  1.086115e+02 -7.506246e+01  1.510000e+00
     vertex  1.116129e+02 -8.390594e+01  1.510000e+00
     vertex  1.117010e+02 -8.383840e+01  1.510000e+00
   endloop
 endfacet
 facet normal  0.000000e+00  0.000000e+00  1.000000e+00
   outer loop
     vertex  1.086115e+02 -7.506246e+01  1.510000e+00
     vertex  1.117010e+02 -8.383840e+01  1.510000e+00
     vertex  1.118035e+02 -8.379594e+01  1.510000e+00
   endloop
 endfacet
 facet normal  0.000000e+00  0.000000e+00  1.000000e+00
   outer loop
     vertex  1.086115e+02 -7.506246e+01  1.510000e+00
     vertex  1.118035e+02 -8.379594e+01  1.510000e+00
     vertex  1.149007e+02 -8.166146e+01  1.510000e+00
   endloop
 endfacet
 facet normal  0.000000e+00  0.000000e+00  1.000000e+00
   outer loop
     vertex  1.150517e+02 -8.146471e+01  1.510000e+00
     vertex  1.086115e+02 -7.506246e+01  1.510000e+00
     vertex  1.149007e+02 -8.166146e+01  1.510000e+00
   endloop
 endfacet
 facet normal  0.000000e+00  0.000000e+00  1.000000e+00
   outer loop
     vertex  1.152485e+02 -8.131373e+01  1.510000e+00
     vertex  1.086115e+02 -7.506246e+01  1.510000e+00
     vertex  1.150517e+02 -8.146471e+01  1.510000e+00
   endloop
 endfacet
 facet normal  0.000000e+00  0.000000e+00  1.000000e+00
   outer loop
     vertex  1.154776e+02 -8.121883e+01  1.510000e+00
     vertex  1.086115e+02 -7.506246e+01  1.510000e+00
     vertex  1.152485e+02 -8.131373e+01  1.510000e+00
   endloop
 endfacet
 facet normal  0.000000e+00  0.000000e+00  1.000000e+00
   outer loop
     vertex  1.157235e+02 -8.118646e+01  1.510000e+00
     vertex  1.086115e+02 -7.506246e+01  1.510000e+00
     vertex  1.154776e+02 -8.121883e+01  1.510000e+00
   endloop
 endfacet
 facet normal  0.000000e+00  0.000000e+00  1.000000e+00
   outer loop
     vertex  1.192329e+02 -8.450698e+01  1.510000e+00
     vertex  1.157235e+02 -8.308646e+01  1.510000e+00
     vertex  1.122140e+02 -8.450698e+01  1.510000e+00
   endloop
 endfacet
 facet normal  0.000000e+00  0.000000e+00  1.000000e+00
   outer loop
     vertex  1.191654e+02 -8.441896e+01  1.510000e+00
     vertex  1.157235e+02 -8.308646e+01  1.510000e+00
     vertex  1.192329e+02 -8.450698e+01  1.510000e+00
   endloop
 endfacet
 facet normal  0.000000e+00  0.000000e+00  1.000000e+00
   outer loop
     vertex  1.191654e+02 -8.441896e+01  1.510000e+00
     vertex  1.159693e+02 -8.305409e+01  1.510000e+00
     vertex  1.157235e+02 -8.308646e+01  1.510000e+00
   endloop
 endfacet
 facet normal  0.000000e+00  0.000000e+00  1.000000e+00
   outer loop
     vertex  1.193210e+02 -8.457452e+01  1.510000e+00
     vertex  1.192329e+02 -8.450698e+01  1.510000e+00
     vertex  1.122140e+02 -8.450698e+01  1.510000e+00
   endloop
 endfacet
 facet normal  0.000000e+00  0.000000e+00  1.000000e+00
   outer loop
     vertex  1.193210e+02 -8.457452e+01  1.510000e+00
     vertex  1.121260e+02 -8.457452e+01  1.510000e+00
     vertex  1.076070e+02 -9.513176e+01  1.510000e+00
   endloop
 endfacet
 facet normal  0.000000e+00  0.000000e+00  1.000000e+00
   outer loop
     vertex  1.193210e+02 -8.457452e+01  1.510000e+00
     vertex  1.122140e+02 -8.450698e+01  1.510000e+00
     vertex  1.121260e+02 -8.457452e+01  1.510000e+00
   endloop
 endfacet
 facet normal  0.000000e+00  0.000000e+00  1.000000e+00
   outer loop
     vertex  1.159693e+02 -8.121883e+01  1.510000e+00
     vertex  1.086115e+02 -7.506246e+01  1.510000e+00
     vertex  1.157235e+02 -8.118646e+01  1.510000e+00
   endloop
 endfacet
 facet normal  0.000000e+00  0.000000e+00  1.000000e+00
   outer loop
     vertex  1.191229e+02 -8.431646e+01  1.510000e+00
     vertex  1.161985e+02 -8.295918e+01  1.510000e+00
     vertex  1.159693e+02 -8.305409e+01  1.510000e+00
   endloop
 endfacet
 facet normal  0.000000e+00  0.000000e+00  1.000000e+00
   outer loop
     vertex  1.191229e+02 -8.431646e+01  1.510000e+00
     vertex  1.159693e+02 -8.305409e+01  1.510000e+00
     vertex  1.191654e+02 -8.441896e+01  1.510000e+00
   endloop
 endfacet
 facet normal  0.000000e+00  0.000000e+00  1.000000e+00
   outer loop
     vertex  1.194235e+02 -8.461698e+01  1.510000e+00
     vertex  1.076070e+02 -9.513176e+01  1.510000e+00
     vertex  1.076735e+02 -9.563646e+01  1.510000e+00
   endloop
 endfacet
 facet normal  0.000000e+00  0.000000e+00  1.000000e+00
   outer loop
     vertex  1.194235e+02 -8.461698e+01  1.510000e+00
     vertex  1.193210e+02 -8.457452e+01  1.510000e+00
     vertex  1.076070e+02 -9.513176e+01  1.510000e+00
   endloop
 endfacet
 facet normal  0.000000e+00  0.000000e+00  1.000000e+00
   outer loop
     vertex  1.194235e+02 -8.461698e+01  1.510000e+00
     vertex  1.076735e+02 -9.563646e+01  1.510000e+00
     vertex  1.240735e+02 -1.035106e+02  1.510000e+00
   endloop
 endfacet
 facet normal  0.000000e+00  0.000000e+00  1.000000e+00
   outer loop
     vertex  1.161985e+02 -8.131373e+01  1.510000e+00
     vertex  1.086115e+02 -7.506246e+01  1.510000e+00
     vertex  1.159693e+02 -8.121883e+01  1.510000e+00
   endloop
 endfacet
 facet normal  0.000000e+00  0.000000e+00  1.000000e+00
   outer loop
     vertex  1.191085e+02 -8.420646e+01  1.510000e+00
     vertex  1.161985e+02 -8.295918e+01  1.510000e+00
     vertex  1.191229e+02 -8.431646e+01  1.510000e+00
   endloop
 endfacet
 facet normal  0.000000e+00  0.000000e+00  1.000000e+00
   outer loop
     vertex  1.191085e+02 -8.420646e+01  1.510000e+00
     vertex  1.163952e+02 -8.280821e+01  1.510000e+00
     vertex  1.161985e+02 -8.295918e+01  1.510000e+00
   endloop
 endfacet
 facet normal  0.000000e+00  0.000000e+00  1.000000e+00
   outer loop
     vertex  1.195335e+02 -8.463146e+01  1.510000e+00
     vertex  1.194235e+02 -8.461698e+01  1.510000e+00
     vertex  1.240735e+02 -1.035106e+02  1.510000e+00
   endloop
 endfacet
 facet normal  0.000000e+00  0.000000e+00  1.000000e+00
   outer loop
     vertex  1.195335e+02 -8.463146e+01  1.510000e+00
     vertex  1.240735e+02 -1.035106e+02  1.510000e+00
     vertex  1.243870e+02 -1.033808e+02  1.510000e+00
   endloop
 endfacet
 facet normal  0.000000e+00  0.000000e+00  1.000000e+00
   outer loop
     vertex  1.196435e+02 -8.461698e+01  1.510000e+00
     vertex  1.195335e+02 -8.463146e+01  1.510000e+00
     vertex  1.243870e+02 -1.033808e+02  1.510000e+00
   endloop
 endfacet
 facet normal  0.000000e+00  0.000000e+00  1.000000e+00
   outer loop
     vertex  1.196435e+02 -8.461698e+01  1.510000e+00
     vertex  1.243870e+02 -1.033808e+02  1.510000e+00
     vertex  1.247235e+02 -1.033365e+02  1.510000e+00
   endloop
 endfacet
 facet normal  0.000000e+00  0.000000e+00  1.000000e+00
   outer loop
     vertex  1.191229e+02 -8.409646e+01  1.510000e+00
     vertex  1.163952e+02 -8.280821e+01  1.510000e+00
     vertex  1.191085e+02 -8.420646e+01  1.510000e+00
   endloop
 endfacet
 facet normal  0.000000e+00  0.000000e+00  1.000000e+00
   outer loop
     vertex  1.191229e+02 -8.409646e+01  1.510000e+00
     vertex  1.165462e+02 -8.261146e+01  1.510000e+00
     vertex  1.163952e+02 -8.280821e+01  1.510000e+00
   endloop
 endfacet
 facet normal  0.000000e+00  0.000000e+00  1.000000e+00
   outer loop
     vertex  1.191654e+02 -8.399396e+01  1.510000e+00
     vertex  1.166411e+02 -8.238234e+01  1.510000e+00
     vertex  1.165462e+02 -8.261146e+01  1.510000e+00
   endloop
 endfacet
 facet normal  0.000000e+00  0.000000e+00  1.000000e+00
   outer loop
     vertex  1.191654e+02 -8.399396e+01  1.510000e+00
     vertex  1.165462e+02 -8.261146e+01  1.510000e+00
     vertex  1.191229e+02 -8.409646e+01  1.510000e+00
   endloop
 endfacet
 facet normal  0.000000e+00  0.000000e+00  1.000000e+00
   outer loop
     vertex  1.197460e+02 -8.457452e+01  1.510000e+00
     vertex  1.196435e+02 -8.461698e+01  1.510000e+00
     vertex  1.247235e+02 -1.033365e+02  1.510000e+00
   endloop
 endfacet
 facet normal  0.000000e+00  0.000000e+00  1.000000e+00
   outer loop
     vertex  1.198340e+02 -8.450698e+01  1.510000e+00
     vertex  1.197460e+02 -8.457452e+01  1.510000e+00
     vertex  1.247235e+02 -1.033365e+02  1.510000e+00
   endloop
 endfacet
 facet normal  0.000000e+00  0.000000e+00  1.000000e+00
   outer loop
     vertex  1.198340e+02 -8.450698e+01  1.510000e+00
     vertex  1.247235e+02 -1.033365e+02  1.510000e+00
     vertex  1.250599e+02 -1.033808e+02  1.510000e+00
   endloop
 endfacet
 facet normal  0.000000e+00  0.000000e+00  1.000000e+00
   outer loop
     vertex  1.192329e+02 -8.390594e+01  1.510000e+00
     vertex  1.166411e+02 -8.238234e+01  1.510000e+00
     vertex  1.191654e+02 -8.399396e+01  1.510000e+00
   endloop
 endfacet
 facet normal  0.000000e+00  0.000000e+00  1.000000e+00
   outer loop
     vertex  1.193210e+02 -8.383840e+01  1.510000e+00
     vertex  1.166735e+02 -8.213646e+01  1.510000e+00
     vertex  1.166411e+02 -8.238234e+01  1.510000e+00
   endloop
 endfacet
 facet normal  0.000000e+00  0.000000e+00  1.000000e+00
   outer loop
     vertex  1.193210e+02 -8.383840e+01  1.510000e+00
     vertex  1.166411e+02 -8.238234e+01  1.510000e+00
     vertex  1.192329e+02 -8.390594e+01  1.510000e+00
   endloop
 endfacet
 facet normal  0.000000e+00  0.000000e+00  1.000000e+00
   outer loop
     vertex  1.199015e+02 -8.441896e+01  1.510000e+00
     vertex  1.198340e+02 -8.450698e+01  1.510000e+00
     vertex  1.250599e+02 -1.033808e+02  1.510000e+00
   endloop
 endfacet
 facet normal  0.000000e+00  0.000000e+00  1.000000e+00
   outer loop
     vertex  1.199015e+02 -8.441896e+01  1.510000e+00
     vertex  1.250599e+02 -1.033808e+02  1.510000e+00
     vertex  1.253735e+02 -1.035106e+02  1.510000e+00
   endloop
 endfacet
 facet normal  0.000000e+00  0.000000e+00  1.000000e+00
   outer loop
     vertex  1.194235e+02 -8.379594e+01  1.510000e+00
     vertex  1.166735e+02 -8.213646e+01  1.510000e+00
     vertex  1.193210e+02 -8.383840e+01  1.510000e+00
   endloop
 endfacet
 facet normal  0.000000e+00  0.000000e+00  1.000000e+00
   outer loop
     vertex  1.194235e+02 -8.379594e+01  1.510000e+00
     vertex  1.166411e+02 -8.189058e+01  1.510000e+00
     vertex  1.166735e+02 -8.213646e+01  1.510000e+00
   endloop
 endfacet
 facet normal  0.000000e+00  0.000000e+00  1.000000e+00
   outer loop
     vertex  1.195335e+02 -8.378146e+01  1.510000e+00
     vertex  1.165462e+02 -8.166146e+01  1.510000e+00
     vertex  1.166411e+02 -8.189058e+01  1.510000e+00
   endloop
 endfacet
 facet normal  0.000000e+00  0.000000e+00  1.000000e+00
   outer loop
     vertex  1.195335e+02 -8.378146e+01  1.510000e+00
     vertex  1.166411e+02 -8.189058e+01  1.510000e+00
     vertex  1.194235e+02 -8.379594e+01  1.510000e+00
   endloop
 endfacet
 facet normal  0.000000e+00  0.000000e+00  1.000000e+00
   outer loop
     vertex  1.196435e+02 -8.379594e+01  1.510000e+00
     vertex  1.163952e+02 -8.146471e+01  1.510000e+00
     vertex  1.165462e+02 -8.166146e+01  1.510000e+00
   endloop
 endfacet
 facet normal  0.000000e+00  0.000000e+00  1.000000e+00
   outer loop
     vertex  1.196435e+02 -8.379594e+01  1.510000e+00
     vertex  1.165462e+02 -8.166146e+01  1.510000e+00
     vertex  1.195335e+02 -8.378146e+01  1.510000e+00
   endloop
 endfacet
 facet normal  0.000000e+00  0.000000e+00  1.000000e+00
   outer loop
     vertex  1.197460e+02 -8.383840e+01  1.510000e+00
     vertex  1.163952e+02 -8.146471e+01  1.510000e+00
     vertex  1.196435e+02 -8.379594e+01  1.510000e+00
   endloop
 endfacet
 facet normal  0.000000e+00  0.000000e+00  1.000000e+00
   outer loop
     vertex  1.695715e+02 -1.263705e+02  1.510000e+00
     vertex  1.517540e+02 -1.249715e+02  1.510000e+00
     vertex  1.517142e+02 -1.250232e+02  1.510000e+00
   endloop
 endfacet
 facet normal  0.000000e+00  0.000000e+00  1.000000e+00
   outer loop
     vertex  1.695715e+02 -1.263705e+02  1.510000e+00
     vertex  1.517142e+02 -1.250232e+02  1.510000e+00
     vertex  1.516625e+02 -1.250630e+02  1.510000e+00
   endloop
 endfacet
 facet normal  0.000000e+00  0.000000e+00  1.000000e+00
   outer loop
     vertex  1.695715e+02 -1.263705e+02  1.510000e+00
     vertex  1.516625e+02 -1.250630e+02  1.510000e+00
     vertex  1.516022e+02 -1.250879e+02  1.510000e+00
   endloop
 endfacet
 facet normal  0.000000e+00  0.000000e+00  1.000000e+00
   outer loop
     vertex  1.695715e+02 -1.263705e+02  1.510000e+00
     vertex  1.517142e+02 -1.246697e+02  1.510000e+00
     vertex  1.517540e+02 -1.247215e+02  1.510000e+00
   endloop
 endfacet
 facet normal  0.000000e+00  0.000000e+00  1.000000e+00
   outer loop
     vertex  1.695715e+02 -1.263705e+02  1.510000e+00
     vertex  1.517540e+02 -1.247215e+02  1.510000e+00
     vertex  1.517789e+02 -1.247818e+02  1.510000e+00
   endloop
 endfacet
 facet normal  0.000000e+00  0.000000e+00  1.000000e+00
   outer loop
     vertex  1.695715e+02 -1.263705e+02  1.510000e+00
     vertex  1.517789e+02 -1.247818e+02  1.510000e+00
     vertex  1.517875e+02 -1.248465e+02  1.510000e+00
   endloop
 endfacet
 facet normal  0.000000e+00  0.000000e+00  1.000000e+00
   outer loop
     vertex  1.695715e+02 -1.263705e+02  1.510000e+00
     vertex  1.517875e+02 -1.248465e+02  1.510000e+00
     vertex  1.517789e+02 -1.249112e+02  1.510000e+00
   endloop
 endfacet
 facet normal  0.000000e+00  0.000000e+00  1.000000e+00
   outer loop
     vertex  1.695715e+02 -1.263705e+02  1.510000e+00
     vertex  1.517789e+02 -1.249112e+02  1.510000e+00
     vertex  1.517540e+02 -1.249715e+02  1.510000e+00
   endloop
 endfacet
 facet normal  0.000000e+00  0.000000e+00  1.000000e+00
   outer loop
     vertex  1.481302e+02 -1.033617e+02  1.510000e+00
     vertex  1.308862e+02 -1.195897e+02  1.510000e+00
     vertex  1.309260e+02 -1.196415e+02  1.510000e+00
   endloop
 endfacet
 facet normal  0.000000e+00  0.000000e+00  1.000000e+00
   outer loop
     vertex  1.482355e+02 -1.034424e+02  1.510000e+00
     vertex  1.503607e+02 -1.246697e+02  1.510000e+00
     vertex  1.504125e+02 -1.246300e+02  1.510000e+00
   endloop
 endfacet
 facet normal  0.000000e+00  0.000000e+00  1.000000e+00
   outer loop
     vertex  1.482355e+02 -1.034424e+02  1.510000e+00
     vertex  1.309260e+02 -1.196415e+02  1.510000e+00
     vertex  1.503607e+02 -1.246697e+02  1.510000e+00
   endloop
 endfacet
 facet normal  0.000000e+00  0.000000e+00  1.000000e+00
   outer loop
     vertex  1.482355e+02 -1.034424e+02  1.510000e+00
     vertex  1.481302e+02 -1.033617e+02  1.510000e+00
     vertex  1.309260e+02 -1.196415e+02  1.510000e+00
   endloop
 endfacet
 facet normal  0.000000e+00  0.000000e+00  1.000000e+00
   outer loop
     vertex  1.480495e+02 -1.032565e+02  1.510000e+00
     vertex  1.308862e+02 -1.195897e+02  1.510000e+00
     vertex  1.481302e+02 -1.033617e+02  1.510000e+00
   endloop
 endfacet
 facet normal  0.000000e+00  0.000000e+00  1.000000e+00
   outer loop
     vertex  1.480495e+02 -1.032565e+02  1.510000e+00
     vertex  1.308345e+02 -1.195500e+02  1.510000e+00
     vertex  1.308862e+02 -1.195897e+02  1.510000e+00
   endloop
 endfacet
 facet normal  0.000000e+00  0.000000e+00  1.000000e+00
   outer loop
     vertex  1.480495e+02 -1.032565e+02  1.510000e+00
     vertex  1.259792e+02 -1.049729e+02  1.510000e+00
     vertex  1.308345e+02 -1.195500e+02  1.510000e+00
   endloop
 endfacet
 facet normal  0.000000e+00  0.000000e+00  1.000000e+00
   outer loop
     vertex  1.483580e+02 -1.034931e+02  1.510000e+00
     vertex  1.482355e+02 -1.034424e+02  1.510000e+00
     vertex  1.504125e+02 -1.246300e+02  1.510000e+00
   endloop
 endfacet
 facet normal  0.000000e+00  0.000000e+00  1.000000e+00
   outer loop
     vertex  1.483580e+02 -1.034931e+02  1.510000e+00
     vertex  1.504125e+02 -1.246300e+02  1.510000e+00
     vertex  1.504728e+02 -1.246050e+02  1.510000e+00
   endloop
 endfacet
 facet normal  0.000000e+00  0.000000e+00  1.000000e+00
   outer loop
     vertex  1.479988e+02 -1.031339e+02  1.510000e+00
     vertex  1.260235e+02 -1.046365e+02  1.510000e+00
     vertex  1.259792e+02 -1.049729e+02  1.510000e+00
   endloop
 endfacet
 facet normal  0.000000e+00  0.000000e+00  1.000000e+00
   outer loop
     vertex  1.479988e+02 -1.031339e+02  1.510000e+00
     vertex  1.259792e+02 -1.049729e+02  1.510000e+00
     vertex  1.480495e+02 -1.032565e+02  1.510000e+00
   endloop
 endfacet
 facet normal  0.000000e+00  0.000000e+00  1.000000e+00
   outer loop
     vertex  1.484895e+02 -1.035105e+02  1.510000e+00
     vertex  1.483580e+02 -1.034931e+02  1.510000e+00
     vertex  1.504728e+02 -1.246050e+02  1.510000e+00
   endloop
 endfacet
 facet normal  0.000000e+00  0.000000e+00  1.000000e+00
   outer loop
     vertex  1.484895e+02 -1.035105e+02  1.510000e+00
     vertex  1.504728e+02 -1.246050e+02  1.510000e+00
     vertex  1.505375e+02 -1.245965e+02  1.510000e+00
   endloop
 endfacet
 facet normal  0.000000e+00  0.000000e+00  1.000000e+00
   outer loop
     vertex  1.479815e+02 -1.030025e+02  1.510000e+00
     vertex  1.260235e+02 -1.046365e+02  1.510000e+00
     vertex  1.479988e+02 -1.031339e+02  1.510000e+00
   endloop
 endfacet
 facet normal  0.000000e+00  0.000000e+00  1.000000e+00
   outer loop
     vertex  1.479815e+02 -1.030025e+02  1.510000e+00
     vertex  1.259792e+02 -1.043000e+02  1.510000e+00
     vertex  1.260235e+02 -1.046365e+02  1.510000e+00
   endloop
 endfacet
 facet normal  0.000000e+00  0.000000e+00  1.000000e+00
   outer loop
     vertex  1.486209e+02 -1.034931e+02  1.510000e+00
     vertex  1.484895e+02 -1.035105e+02  1.510000e+00
     vertex  1.505375e+02 -1.245965e+02  1.510000e+00
   endloop
 endfacet
 facet normal  0.000000e+00  0.000000e+00  1.000000e+00
   outer loop
     vertex  1.430502e+02 -9.320167e+01  1.510000e+00
     vertex  1.258493e+02 -1.039865e+02  1.510000e+00
     vertex  1.259792e+02 -1.043000e+02  1.510000e+00
   endloop
 endfacet
 facet normal  0.000000e+00  0.000000e+00  1.000000e+00
   outer loop
     vertex  1.533155e+02 -1.034424e+02  1.510000e+00
     vertex  1.488487e+02 -1.033617e+02  1.510000e+00
     vertex  1.487435e+02 -1.034424e+02  1.510000e+00
   endloop
 endfacet
 facet normal  0.000000e+00  0.000000e+00  1.000000e+00
   outer loop
     vertex  1.533155e+02 -1.034424e+02  1.510000e+00
     vertex  1.487435e+02 -1.034424e+02  1.510000e+00
     vertex  1.486209e+02 -1.034931e+02  1.510000e+00
   endloop
 endfacet
 facet normal  0.000000e+00  0.000000e+00  1.000000e+00
   outer loop
     vertex  1.533155e+02 -1.034424e+02  1.510000e+00
     vertex  1.532102e+02 -1.033617e+02  1.510000e+00
     vertex  1.488487e+02 -1.033617e+02  1.510000e+00
   endloop
 endfacet
 facet normal  0.000000e+00  0.000000e+00  1.000000e+00
   outer loop
     vertex  1.429695e+02 -9.309646e+01  1.510000e+00
     vertex  1.256427e+02 -1.037172e+02  1.510000e+00
     vertex  1.258493e+02 -1.039865e+02  1.510000e+00
   endloop
 endfacet
 facet normal  0.000000e+00  0.000000e+00  1.000000e+00
   outer loop
     vertex  1.429695e+02 -9.309646e+01  1.510000e+00
     vertex  1.258493e+02 -1.039865e+02  1.510000e+00
     vertex  1.430502e+02 -9.320167e+01  1.510000e+00
   endloop
 endfacet
 facet normal  0.000000e+00  0.000000e+00  1.000000e+00
   outer loop
     vertex  1.531295e+02 -1.032565e+02  1.510000e+00
     vertex  1.489294e+02 -1.032565e+02  1.510000e+00
     vertex  1.488487e+02 -1.033617e+02  1.510000e+00
   endloop
 endfacet
 facet normal  0.000000e+00  0.000000e+00  1.000000e+00
   outer loop
     vertex  1.531295e+02 -1.032565e+02  1.510000e+00
     vertex  1.488487e+02 -1.033617e+02  1.510000e+00
     vertex  1.532102e+02 -1.033617e+02  1.510000e+00
   endloop
 endfacet
 facet normal  0.000000e+00  0.000000e+00  1.000000e+00
   outer loop
     vertex  1.431555e+02 -9.328240e+01  1.510000e+00
     vertex  1.479815e+02 -1.030025e+02  1.510000e+00
     vertex  1.479988e+02 -1.028710e+02  1.510000e+00
   endloop
 endfacet
 facet normal  0.000000e+00  0.000000e+00  1.000000e+00
   outer loop
     vertex  1.431555e+02 -9.328240e+01  1.510000e+00
     vertex  1.259792e+02 -1.043000e+02  1.510000e+00
     vertex  1.479815e+02 -1.030025e+02  1.510000e+00
   endloop
 endfacet
 facet normal  0.000000e+00  0.000000e+00  1.000000e+00
   outer loop
     vertex  1.431555e+02 -9.328240e+01  1.510000e+00
     vertex  1.430502e+02 -9.320167e+01  1.510000e+00
     vertex  1.259792e+02 -1.043000e+02  1.510000e+00
   endloop
 endfacet
 facet normal  0.000000e+00  0.000000e+00  1.000000e+00
   outer loop
     vertex  1.530788e+02 -1.031339e+02  1.510000e+00
     vertex  1.489294e+02 -1.032565e+02  1.510000e+00
     vertex  1.531295e+02 -1.032565e+02  1.510000e+00
   endloop
 endfacet
 facet normal  0.000000e+00  0.000000e+00  1.000000e+00
   outer loop
     vertex  1.530788e+02 -1.031339e+02  1.510000e+00
     vertex  1.489801e+02 -1.031339e+02  1.510000e+00
     vertex  1.489294e+02 -1.032565e+02  1.510000e+00
   endloop
 endfacet
 facet normal  0.000000e+00  0.000000e+00  1.000000e+00
   outer loop
     vertex  1.534380e+02 -1.034931e+02  1.510000e+00
     vertex  1.486209e+02 -1.034931e+02  1.510000e+00
     vertex  1.505375e+02 -1.245965e+02  1.510000e+00
   endloop
 endfacet
 facet normal  0.000000e+00  0.000000e+00  1.000000e+00
   outer loop
     vertex  1.534380e+02 -1.034931e+02  1.510000e+00
     vertex  1.533155e+02 -1.034424e+02  1.510000e+00
     vertex  1.486209e+02 -1.034931e+02  1.510000e+00
   endloop
 endfacet
 facet normal  0.000000e+00  0.000000e+00  1.000000e+00
   outer loop
     vertex  1.534380e+02 -1.034931e+02  1.510000e+00
     vertex  1.505375e+02 -1.245965e+02  1.510000e+00
     vertex  1.515375e+02 -1.245965e+02  1.510000e+00
   endloop
 endfacet
 facet normal  0.000000e+00  0.000000e+00  1.000000e+00
   outer loop
     vertex  1.429188e+02 -9.297394e+01  1.510000e+00
     vertex  1.253735e+02 -1.035106e+02  1.510000e+00
     vertex  1.256427e+02 -1.037172e+02  1.510000e+00
   endloop
 endfacet
 facet normal  0.000000e+00  0.000000e+00  1.000000e+00
   outer loop
     vertex  1.429188e+02 -9.297394e+01  1.510000e+00
     vertex  1.256427e+02 -1.037172e+02  1.510000e+00
     vertex  1.429695e+02 -9.309646e+01  1.510000e+00
   endloop
 endfacet
 facet normal  0.000000e+00  0.000000e+00  1.000000e+00
   outer loop
     vertex  1.432780e+02 -9.333315e+01  1.510000e+00
     vertex  1.479988e+02 -1.028710e+02  1.510000e+00
     vertex  1.480495e+02 -1.027485e+02  1.510000e+00
   endloop
 endfacet
 facet normal  0.000000e+00  0.000000e+00  1.000000e+00
   outer loop
     vertex  1.432780e+02 -9.333315e+01  1.510000e+00
     vertex  1.431555e+02 -9.328240e+01  1.510000e+00
     vertex  1.479988e+02 -1.028710e+02  1.510000e+00
   endloop
 endfacet
 facet normal  0.000000e+00  0.000000e+00  1.000000e+00
   outer loop
     vertex  1.535695e+02 -1.035105e+02  1.510000e+00
     vertex  1.534380e+02 -1.034931e+02  1.510000e+00
     vertex  1.515375e+02 -1.245965e+02  1.510000e+00
   endloop
 endfacet
 facet normal  0.000000e+00  0.000000e+00  1.000000e+00
   outer loop
     vertex  1.535695e+02 -1.035105e+02  1.510000e+00
     vertex  1.515375e+02 -1.245965e+02  1.510000e+00
     vertex  1.516022e+02 -1.246050e+02  1.510000e+00
   endloop
 endfacet
 facet normal  0.000000e+00  0.000000e+00  1.000000e+00
   outer loop
     vertex  1.530615e+02 -1.030025e+02  1.510000e+00
     vertex  1.489801e+02 -1.031339e+02  1.510000e+00
     vertex  1.530788e+02 -1.031339e+02  1.510000e+00
   endloop
 endfacet
 facet normal  0.000000e+00  0.000000e+00  1.000000e+00
   outer loop
     vertex  1.530615e+02 -1.030025e+02  1.510000e+00
     vertex  1.489801e+02 -1.028710e+02  1.510000e+00
     vertex  1.489975e+02 -1.030025e+02  1.510000e+00
   endloop
 endfacet
 facet normal  0.000000e+00  0.000000e+00  1.000000e+00
   outer loop
     vertex  1.530615e+02 -1.030025e+02  1.510000e+00
     vertex  1.489975e+02 -1.030025e+02  1.510000e+00
     vertex  1.489801e+02 -1.031339e+02  1.510000e+00
   endloop
 endfacet
 facet normal  0.000000e+00  0.000000e+00  1.000000e+00
   outer loop
     vertex  1.429015e+02 -9.284246e+01  1.510000e+00
     vertex  1.253735e+02 -1.035106e+02  1.510000e+00
     vertex  1.429188e+02 -9.297394e+01  1.510000e+00
   endloop
 endfacet
 facet normal  0.000000e+00  0.000000e+00  1.000000e+00
   outer loop
     vertex  1.429015e+02 -9.284246e+01  1.510000e+00
     vertex  1.199015e+02 -8.441896e+01  1.510000e+00
     vertex  1.253735e+02 -1.035106e+02  1.510000e+00
   endloop
 endfacet
 facet normal  0.000000e+00  0.000000e+00  1.000000e+00
   outer loop
     vertex  1.434095e+02 -9.335046e+01  1.510000e+00
     vertex  1.480495e+02 -1.027485e+02  1.510000e+00
     vertex  1.481302e+02 -1.026432e+02  1.510000e+00
   endloop
 endfacet
 facet normal  0.000000e+00  0.000000e+00  1.000000e+00
   outer loop
     vertex  1.434095e+02 -9.335046e+01  1.510000e+00
     vertex  1.432780e+02 -9.333315e+01  1.510000e+00
     vertex  1.480495e+02 -1.027485e+02  1.510000e+00
   endloop
 endfacet
 facet normal  0.000000e+00  0.000000e+00  1.000000e+00
   outer loop
     vertex  1.537009e+02 -1.034931e+02  1.510000e+00
     vertex  1.535695e+02 -1.035105e+02  1.510000e+00
     vertex  1.516022e+02 -1.246050e+02  1.510000e+00
   endloop
 endfacet
 facet normal  0.000000e+00  0.000000e+00  1.000000e+00
   outer loop
     vertex  1.537009e+02 -1.034931e+02  1.510000e+00
     vertex  1.516022e+02 -1.246050e+02  1.510000e+00
     vertex  1.516625e+02 -1.246300e+02  1.510000e+00
   endloop
 endfacet
 facet normal  0.000000e+00  0.000000e+00  1.000000e+00
   outer loop
     vertex  1.530788e+02 -1.028710e+02  1.510000e+00
     vertex  1.489801e+02 -1.028710e+02  1.510000e+00
     vertex  1.530615e+02 -1.030025e+02  1.510000e+00
   endloop
 endfacet
 facet normal  0.000000e+00  0.000000e+00  1.000000e+00
   outer loop
     vertex  1.435409e+02 -9.333315e+01  1.510000e+00
     vertex  1.481302e+02 -1.026432e+02  1.510000e+00
     vertex  1.482355e+02 -1.025625e+02  1.510000e+00
   endloop
 endfacet
 facet normal  0.000000e+00  0.000000e+00  1.000000e+00
   outer loop
     vertex  1.435409e+02 -9.333315e+01  1.510000e+00
     vertex  1.434095e+02 -9.335046e+01  1.510000e+00
     vertex  1.481302e+02 -1.026432e+02  1.510000e+00
   endloop
 endfacet
 facet normal  0.000000e+00  0.000000e+00  1.000000e+00
   outer loop
     vertex  1.531295e+02 -1.027485e+02  1.510000e+00
     vertex  1.489801e+02 -1.028710e+02  1.510000e+00
     vertex  1.530788e+02 -1.028710e+02  1.510000e+00
   endloop
 endfacet
 facet normal  0.000000e+00  0.000000e+00  1.000000e+00
   outer loop
     vertex  1.531295e+02 -1.027485e+02  1.510000e+00
     vertex  1.488487e+02 -1.026432e+02  1.510000e+00
     vertex  1.489294e+02 -1.027485e+02  1.510000e+00
   endloop
 endfacet
 facet normal  0.000000e+00  0.000000e+00  1.000000e+00
   outer loop
     vertex  1.531295e+02 -1.027485e+02  1.510000e+00
     vertex  1.489294e+02 -1.027485e+02  1.510000e+00
     vertex  1.489801e+02 -1.028710e+02  1.510000e+00
   endloop
 endfacet
 facet normal  0.000000e+00  0.000000e+00  1.000000e+00
   outer loop
     vertex  1.436635e+02 -9.328240e+01  1.510000e+00
     vertex  1.482355e+02 -1.025625e+02  1.510000e+00
     vertex  1.483580e+02 -1.025118e+02  1.510000e+00
   endloop
 endfacet
 facet normal  0.000000e+00  0.000000e+00  1.000000e+00
   outer loop
     vertex  1.436635e+02 -9.328240e+01  1.510000e+00
     vertex  1.435409e+02 -9.333315e+01  1.510000e+00
     vertex  1.482355e+02 -1.025625e+02  1.510000e+00
   endloop
 endfacet
 facet normal  0.000000e+00  0.000000e+00  1.000000e+00
   outer loop
     vertex  1.538235e+02 -1.034424e+02  1.510000e+00
     vertex  1.537009e+02 -1.034931e+02  1.510000e+00
     vertex  1.516625e+02 -1.246300e+02  1.510000e+00
   endloop
 endfacet
 facet normal  0.000000e+00  0.000000e+00  1.000000e+00
   outer loop
     vertex  1.538235e+02 -1.034424e+02  1.510000e+00
     vertex  1.517142e+02 -1.246697e+02  1.510000e+00
     vertex  1.695715e+02 -1.263705e+02  1.510000e+00
   endloop
 endfacet
 facet normal  0.000000e+00  0.000000e+00  1.000000e+00
   outer loop
     vertex  1.538235e+02 -1.034424e+02  1.510000e+00
     vertex  1.516625e+02 -1.246300e+02  1.510000e+00
     vertex  1.517142e+02 -1.246697e+02  1.510000e+00
   endloop
 endfacet
 facet normal  0.000000e+00  0.000000e+00  1.000000e+00
   outer loop
     vertex  1.532102e+02 -1.026432e+02  1.510000e+00
     vertex  1.488487e+02 -1.026432e+02  1.510000e+00
     vertex  1.531295e+02 -1.027485e+02  1.510000e+00
   endloop
 endfacet
 facet normal  0.000000e+00  0.000000e+00  1.000000e+00
   outer loop
     vertex  1.437687e+02 -9.320167e+01  1.510000e+00
     vertex  1.483580e+02 -1.025118e+02  1.510000e+00
     vertex  1.484895e+02 -1.024945e+02  1.510000e+00
   endloop
 endfacet
 facet normal  0.000000e+00  0.000000e+00  1.000000e+00
   outer loop
     vertex  1.437687e+02 -9.320167e+01  1.510000e+00
     vertex  1.436635e+02 -9.328240e+01  1.510000e+00
     vertex  1.483580e+02 -1.025118e+02  1.510000e+00
   endloop
 endfacet
 facet normal  0.000000e+00  0.000000e+00  1.000000e+00
   outer loop
     vertex  1.539287e+02 -1.033617e+02  1.510000e+00
     vertex  1.538235e+02 -1.034424e+02  1.510000e+00
     vertex  1.695715e+02 -1.263705e+02  1.510000e+00
   endloop
 endfacet
 facet normal  0.000000e+00  0.000000e+00  1.000000e+00
   outer loop
     vertex  1.540094e+02 -1.032565e+02  1.510000e+00
     vertex  1.539287e+02 -1.033617e+02  1.510000e+00
     vertex  1.695715e+02 -1.263705e+02  1.510000e+00
   endloop
 endfacet
 facet normal  0.000000e+00  0.000000e+00  1.000000e+00
   outer loop
     vertex  1.438494e+02 -9.309646e+01  1.510000e+00
     vertex  1.484895e+02 -1.024945e+02  1.510000e+00
     vertex  1.486209e+02 -1.025118e+02  1.510000e+00
   endloop
 endfacet
 facet normal  0.000000e+00  0.000000e+00  1.000000e+00
   outer loop
     vertex  1.438494e+02 -9.309646e+01  1.510000e+00
     vertex  1.437687e+02 -9.320167e+01  1.510000e+00
     vertex  1.484895e+02 -1.024945e+02  1.510000e+00
   endloop
 endfacet
 facet normal  0.000000e+00  0.000000e+00  1.000000e+00
   outer loop
     vertex  1.533155e+02 -1.025625e+02  1.510000e+00
     vertex  1.486209e+02 -1.025118e+02  1.510000e+00
     vertex  1.487435e+02 -1.025625e+02  1.510000e+00
   endloop
 endfacet
 facet normal  0.000000e+00  0.000000e+00  1.000000e+00
   outer loop
     vertex  1.533155e+02 -1.025625e+02  1.510000e+00
     vertex  1.487435e+02 -1.025625e+02  1.510000e+00
     vertex  1.488487e+02 -1.026432e+02  1.510000e+00
   endloop
 endfacet
 facet normal  0.000000e+00  0.000000e+00  1.000000e+00
   outer loop
     vertex  1.533155e+02 -1.025625e+02  1.510000e+00
     vertex  1.488487e+02 -1.026432e+02  1.510000e+00
     vertex  1.532102e+02 -1.026432e+02  1.510000e+00
   endloop
 endfacet
 facet normal  0.000000e+00  0.000000e+00  1.000000e+00
   outer loop
     vertex  1.540601e+02 -1.031339e+02  1.510000e+00
     vertex  1.540094e+02 -1.032565e+02  1.510000e+00
     vertex  1.695715e+02 -1.263705e+02  1.510000e+00
   endloop
 endfacet
 facet normal  0.000000e+00  0.000000e+00  1.000000e+00
   outer loop
     vertex  1.439001e+02 -9.297394e+01  1.510000e+00
     vertex  1.438494e+02 -9.309646e+01  1.510000e+00
     vertex  1.486209e+02 -1.025118e+02  1.510000e+00
   endloop
 endfacet
 facet normal  0.000000e+00  0.000000e+00  1.000000e+00
   outer loop
     vertex  1.534380e+02 -1.025118e+02  1.510000e+00
     vertex  1.439001e+02 -9.297394e+01  1.510000e+00
     vertex  1.486209e+02 -1.025118e+02  1.510000e+00
   endloop
 endfacet
 facet normal  0.000000e+00  0.000000e+00  1.000000e+00
   outer loop
     vertex  1.534380e+02 -1.025118e+02  1.510000e+00
     vertex  1.486209e+02 -1.025118e+02  1.510000e+00
     vertex  1.533155e+02 -1.025625e+02  1.510000e+00
   endloop
 endfacet
 facet normal  0.000000e+00  0.000000e+00  1.000000e+00
   outer loop
     vertex  1.429695e+02 -9.055646e+01  1.510000e+00
     vertex  1.429188e+02 -9.271098e+01  1.510000e+00
     vertex  1.429695e+02 -9.258846e+01  1.510000e+00
   endloop
 endfacet
 facet normal  0.000000e+00  0.000000e+00  1.000000e+00
   outer loop
     vertex  1.429695e+02 -9.055646e+01  1.510000e+00
     vertex  1.429695e+02 -9.258846e+01  1.510000e+00
     vertex  1.430502e+02 -9.248325e+01  1.510000e+00
   endloop
 endfacet
 facet normal  0.000000e+00  0.000000e+00  1.000000e+00
   outer loop
     vertex  1.429695e+02 -9.055646e+01  1.510000e+00
     vertex  1.430502e+02 -9.248325e+01  1.510000e+00
     vertex  1.430502e+02 -9.066167e+01  1.510000e+00
   endloop
 endfacet
 facet normal  0.000000e+00  0.000000e+00  1.000000e+00
   outer loop
     vertex  1.431555e+02 -9.074240e+01  1.510000e+00
     vertex  1.430502e+02 -9.248325e+01  1.510000e+00
     vertex  1.431555e+02 -9.240252e+01  1.510000e+00
   endloop
 endfacet
 facet normal  0.000000e+00  0.000000e+00  1.000000e+00
   outer loop
     vertex  1.431555e+02 -9.074240e+01  1.510000e+00
     vertex  1.431555e+02 -9.240252e+01  1.510000e+00
     vertex  1.432780e+02 -9.235177e+01  1.510000e+00
   endloop
 endfacet
 facet normal  0.000000e+00  0.000000e+00  1.000000e+00
   outer loop
     vertex  1.431555e+02 -9.074240e+01  1.510000e+00
     vertex  1.430502e+02 -9.066167e+01  1.510000e+00
     vertex  1.430502e+02 -9.248325e+01  1.510000e+00
   endloop
 endfacet
 facet normal  0.000000e+00  0.000000e+00  1.000000e+00
   outer loop
     vertex  1.429188e+02 -9.043394e+01  1.510000e+00
     vertex  1.429188e+02 -9.271098e+01  1.510000e+00
     vertex  1.429695e+02 -9.055646e+01  1.510000e+00
   endloop
 endfacet
 facet normal  0.000000e+00  0.000000e+00  1.000000e+00
   outer loop
     vertex  1.432780e+02 -9.079315e+01  1.510000e+00
     vertex  1.431555e+02 -9.074240e+01  1.510000e+00
     vertex  1.432780e+02 -9.235177e+01  1.510000e+00
   endloop
 endfacet
 facet normal  0.000000e+00  0.000000e+00  1.000000e+00
   outer loop
     vertex  1.432780e+02 -9.079315e+01  1.510000e+00
     vertex  1.432780e+02 -9.235177e+01  1.510000e+00
     vertex  1.434095e+02 -9.233446e+01  1.510000e+00
   endloop
 endfacet
 facet normal  0.000000e+00  0.000000e+00  1.000000e+00
   outer loop
     vertex  1.429015e+02 -9.030246e+01  1.510000e+00
     vertex  1.429188e+02 -9.271098e+01  1.510000e+00
     vertex  1.429188e+02 -9.043394e+01  1.510000e+00
   endloop
 endfacet
 facet normal  0.000000e+00  0.000000e+00  1.000000e+00
   outer loop
     vertex  1.429015e+02 -9.030246e+01  1.510000e+00
     vertex  1.199015e+02 -8.441896e+01  1.510000e+00
     vertex  1.429015e+02 -9.284246e+01  1.510000e+00
   endloop
 endfacet
 facet normal  0.000000e+00  0.000000e+00  1.000000e+00
   outer loop
     vertex  1.429015e+02 -9.030246e+01  1.510000e+00
     vertex  1.429015e+02 -9.284246e+01  1.510000e+00
     vertex  1.429188e+02 -9.271098e+01  1.510000e+00
   endloop
 endfacet
 facet normal  0.000000e+00  0.000000e+00  1.000000e+00
   outer loop
     vertex  1.434095e+02 -9.081046e+01  1.510000e+00
     vertex  1.432780e+02 -9.079315e+01  1.510000e+00
     vertex  1.434095e+02 -9.233446e+01  1.510000e+00
   endloop
 endfacet
 facet normal  0.000000e+00  0.000000e+00  1.000000e+00
   outer loop
     vertex  1.434095e+02 -9.081046e+01  1.510000e+00
     vertex  1.434095e+02 -9.233446e+01  1.510000e+00
     vertex  1.435409e+02 -9.235177e+01  1.510000e+00
   endloop
 endfacet
 facet normal  0.000000e+00  0.000000e+00  1.000000e+00
   outer loop
     vertex  1.435409e+02 -9.079315e+01  1.510000e+00
     vertex  1.434095e+02 -9.081046e+01  1.510000e+00
     vertex  1.435409e+02 -9.235177e+01  1.510000e+00
   endloop
 endfacet
 facet normal  0.000000e+00  0.000000e+00  1.000000e+00
   outer loop
     vertex  1.436635e+02 -9.074240e+01  1.510000e+00
     vertex  1.435409e+02 -9.079315e+01  1.510000e+00
     vertex  1.435409e+02 -9.235177e+01  1.510000e+00
   endloop
 endfacet
 facet normal  0.000000e+00  0.000000e+00  1.000000e+00
   outer loop
     vertex  1.436635e+02 -9.074240e+01  1.510000e+00
     vertex  1.435409e+02 -9.235177e+01  1.510000e+00
     vertex  1.436635e+02 -9.240252e+01  1.510000e+00
   endloop
 endfacet
 facet normal  0.000000e+00  0.000000e+00  1.000000e+00
   outer loop
     vertex  1.436635e+02 -9.074240e+01  1.510000e+00
     vertex  1.436635e+02 -9.240252e+01  1.510000e+00
     vertex  1.437687e+02 -9.248325e+01  1.510000e+00
   endloop
 endfacet
 facet normal  0.000000e+00  0.000000e+00  1.000000e+00
   outer loop
     vertex  1.437687e+02 -9.066167e+01  1.510000e+00
     vertex  1.437687e+02 -9.248325e+01  1.510000e+00
     vertex  1.438494e+02 -9.258846e+01  1.510000e+00
   endloop
 endfacet
 facet normal  0.000000e+00  0.000000e+00  1.000000e+00
   outer loop
     vertex  1.437687e+02 -9.066167e+01  1.510000e+00
     vertex  1.436635e+02 -9.074240e+01  1.510000e+00
     vertex  1.437687e+02 -9.248325e+01  1.510000e+00
   endloop
 endfacet
 facet normal  0.000000e+00  0.000000e+00  1.000000e+00
   outer loop
     vertex  1.438494e+02 -9.055646e+01  1.510000e+00
     vertex  1.437687e+02 -9.066167e+01  1.510000e+00
     vertex  1.438494e+02 -9.258846e+01  1.510000e+00
   endloop
 endfacet
 facet normal  0.000000e+00  0.000000e+00  1.000000e+00
   outer loop
     vertex  1.439001e+02 -9.043394e+01  1.510000e+00
     vertex  1.438494e+02 -9.055646e+01  1.510000e+00
     vertex  1.438494e+02 -9.258846e+01  1.510000e+00
   endloop
 endfacet
 facet normal  0.000000e+00  0.000000e+00  1.000000e+00
   outer loop
     vertex  1.439001e+02 -9.043394e+01  1.510000e+00
     vertex  1.438494e+02 -9.258846e+01  1.510000e+00
     vertex  1.439001e+02 -9.271098e+01  1.510000e+00
   endloop
 endfacet
 facet normal  0.000000e+00  0.000000e+00  1.000000e+00
   outer loop
     vertex  1.430502e+02 -8.812167e+01  1.510000e+00
     vertex  1.430502e+02 -8.994325e+01  1.510000e+00
     vertex  1.431555e+02 -8.986252e+01  1.510000e+00
   endloop
 endfacet
 facet normal  0.000000e+00  0.000000e+00  1.000000e+00
   outer loop
     vertex  1.429695e+02 -8.801646e+01  1.510000e+00
     vertex  1.430502e+02 -8.994325e+01  1.510000e+00
     vertex  1.430502e+02 -8.812167e+01  1.510000e+00
   endloop
 endfacet
 facet normal  0.000000e+00  0.000000e+00  1.000000e+00
   outer loop
     vertex  1.429695e+02 -8.801646e+01  1.510000e+00
     vertex  1.429695e+02 -9.004846e+01  1.510000e+00
     vertex  1.430502e+02 -8.994325e+01  1.510000e+00
   endloop
 endfacet
 facet normal  0.000000e+00  0.000000e+00  1.000000e+00
   outer loop
     vertex  1.431555e+02 -8.820240e+01  1.510000e+00
     vertex  1.430502e+02 -8.812167e+01  1.510000e+00
     vertex  1.431555e+02 -8.986252e+01  1.510000e+00
   endloop
 endfacet
 facet normal  0.000000e+00  0.000000e+00  1.000000e+00
   outer loop
     vertex  1.429188e+02 -8.789394e+01  1.510000e+00
     vertex  1.429695e+02 -9.004846e+01  1.510000e+00
     vertex  1.429695e+02 -8.801646e+01  1.510000e+00
   endloop
 endfacet
 facet normal  0.000000e+00  0.000000e+00  1.000000e+00
   outer loop
     vertex  1.429188e+02 -8.789394e+01  1.510000e+00
     vertex  1.429188e+02 -9.017098e+01  1.510000e+00
     vertex  1.429695e+02 -9.004846e+01  1.510000e+00
   endloop
 endfacet
 facet normal  0.000000e+00  0.000000e+00  1.000000e+00
   outer loop
     vertex  1.432780e+02 -8.825315e+01  1.510000e+00
     vertex  1.431555e+02 -8.820240e+01  1.510000e+00
     vertex  1.431555e+02 -8.986252e+01  1.510000e+00
   endloop
 endfacet
 facet normal  0.000000e+00  0.000000e+00  1.000000e+00
   outer loop
     vertex  1.432780e+02 -8.825315e+01  1.510000e+00
     vertex  1.431555e+02 -8.986252e+01  1.510000e+00
     vertex  1.432780e+02 -8.981177e+01  1.510000e+00
   endloop
 endfacet
 facet normal  0.000000e+00  0.000000e+00  1.000000e+00
   outer loop
     vertex  1.432780e+02 -8.825315e+01  1.510000e+00
     vertex  1.432780e+02 -8.981177e+01  1.510000e+00
     vertex  1.434095e+02 -8.979446e+01  1.510000e+00
   endloop
 endfacet
 facet normal  0.000000e+00  0.000000e+00  1.000000e+00
   outer loop
     vertex  1.434095e+02 -8.827046e+01  1.510000e+00
     vertex  1.432780e+02 -8.825315e+01  1.510000e+00
     vertex  1.434095e+02 -8.979446e+01  1.510000e+00
   endloop
 endfacet
 facet normal  0.000000e+00  0.000000e+00  1.000000e+00
   outer loop
     vertex  1.434095e+02 -8.827046e+01  1.510000e+00
     vertex  1.434095e+02 -8.979446e+01  1.510000e+00
     vertex  1.435409e+02 -8.981177e+01  1.510000e+00
   endloop
 endfacet
 facet normal  0.000000e+00  0.000000e+00  1.000000e+00
   outer loop
     vertex  1.429015e+02 -8.776246e+01  1.510000e+00
     vertex  1.199440e+02 -8.431646e+01  1.510000e+00
     vertex  1.199015e+02 -8.441896e+01  1.510000e+00
   endloop
 endfacet
 facet normal  0.000000e+00  0.000000e+00  1.000000e+00
   outer loop
     vertex  1.429015e+02 -8.776246e+01  1.510000e+00
     vertex  1.199015e+02 -8.441896e+01  1.510000e+00
     vertex  1.429015e+02 -9.030246e+01  1.510000e+00
   endloop
 endfacet
 facet normal  0.000000e+00  0.000000e+00  1.000000e+00
   outer loop
     vertex  1.429015e+02 -8.776246e+01  1.510000e+00
     vertex  1.429188e+02 -9.017098e+01  1.510000e+00
     vertex  1.429188e+02 -8.789394e+01  1.510000e+00
   endloop
 endfacet
 facet normal  0.000000e+00  0.000000e+00  1.000000e+00
   outer loop
     vertex  1.429015e+02 -8.776246e+01  1.510000e+00
     vertex  1.429015e+02 -9.030246e+01  1.510000e+00
     vertex  1.429188e+02 -9.017098e+01  1.510000e+00
   endloop
 endfacet
 facet normal  0.000000e+00  0.000000e+00  1.000000e+00
   outer loop
     vertex  1.435409e+02 -8.825315e+01  1.510000e+00
     vertex  1.434095e+02 -8.827046e+01  1.510000e+00
     vertex  1.435409e+02 -8.981177e+01  1.510000e+00
   endloop
 endfacet
 facet normal  0.000000e+00  0.000000e+00  1.000000e+00
   outer loop
     vertex  1.436635e+02 -8.820240e+01  1.510000e+00
     vertex  1.435409e+02 -8.825315e+01  1.510000e+00
     vertex  1.435409e+02 -8.981177e+01  1.510000e+00
   endloop
 endfacet
 facet normal  0.000000e+00  0.000000e+00  1.000000e+00
   outer loop
     vertex  1.436635e+02 -8.820240e+01  1.510000e+00
     vertex  1.435409e+02 -8.981177e+01  1.510000e+00
     vertex  1.436635e+02 -8.986252e+01  1.510000e+00
   endloop
 endfacet
 facet normal  0.000000e+00  0.000000e+00  1.000000e+00
   outer loop
     vertex  1.437687e+02 -8.812167e+01  1.510000e+00
     vertex  1.436635e+02 -8.820240e+01  1.510000e+00
     vertex  1.436635e+02 -8.986252e+01  1.510000e+00
   endloop
 endfacet
 facet normal  0.000000e+00  0.000000e+00  1.000000e+00
   outer loop
     vertex  1.437687e+02 -8.812167e+01  1.510000e+00
     vertex  1.436635e+02 -8.986252e+01  1.510000e+00
     vertex  1.437687e+02 -8.994325e+01  1.510000e+00
   endloop
 endfacet
 facet normal  0.000000e+00  0.000000e+00  1.000000e+00
   outer loop
     vertex  1.438494e+02 -8.801646e+01  1.510000e+00
     vertex  1.437687e+02 -8.812167e+01  1.510000e+00
     vertex  1.437687e+02 -8.994325e+01  1.510000e+00
   endloop
 endfacet
 facet normal  0.000000e+00  0.000000e+00  1.000000e+00
   outer loop
     vertex  1.438494e+02 -8.801646e+01  1.510000e+00
     vertex  1.437687e+02 -8.994325e+01  1.510000e+00
     vertex  1.438494e+02 -9.004846e+01  1.510000e+00
   endloop
 endfacet
 facet normal  0.000000e+00  0.000000e+00  1.000000e+00
   outer loop
     vertex  1.439001e+02 -8.789394e+01  1.510000e+00
     vertex  1.438494e+02 -8.801646e+01  1.510000e+00
     vertex  1.438494e+02 -9.004846e+01  1.510000e+00
   endloop
 endfacet
 facet normal  0.000000e+00  0.000000e+00  1.000000e+00
   outer loop
     vertex  1.439001e+02 -8.789394e+01  1.510000e+00
     vertex  1.438494e+02 -9.004846e+01  1.510000e+00
     vertex  1.439001e+02 -9.017098e+01  1.510000e+00
   endloop
 endfacet
 facet normal  0.000000e+00  0.000000e+00  1.000000e+00
   outer loop
     vertex  1.429695e+02 -8.547646e+01  1.510000e+00
     vertex  1.429188e+02 -8.763098e+01  1.510000e+00
     vertex  1.429695e+02 -8.750846e+01  1.510000e+00
   endloop
 endfacet
 facet normal  0.000000e+00  0.000000e+00  1.000000e+00
   outer loop
     vertex  1.429695e+02 -8.547646e+01  1.510000e+00
     vertex  1.429695e+02 -8.750846e+01  1.510000e+00
     vertex  1.430502e+02 -8.740325e+01  1.510000e+00
   endloop
 endfacet
 facet normal  0.000000e+00  0.000000e+00  1.000000e+00
   outer loop
     vertex  1.429695e+02 -8.547646e+01  1.510000e+00
     vertex  1.430502e+02 -8.740325e+01  1.510000e+00
     vertex  1.430502e+02 -8.558167e+01  1.510000e+00
   endloop
 endfacet
 facet normal  0.000000e+00  0.000000e+00  1.000000e+00
   outer loop
     vertex  1.431555e+02 -8.566240e+01  1.510000e+00
     vertex  1.430502e+02 -8.740325e+01  1.510000e+00
     vertex  1.431555e+02 -8.732252e+01  1.510000e+00
   endloop
 endfacet
 facet normal  0.000000e+00  0.000000e+00  1.000000e+00
   outer loop
     vertex  1.431555e+02 -8.566240e+01  1.510000e+00
     vertex  1.430502e+02 -8.558167e+01  1.510000e+00
     vertex  1.430502e+02 -8.740325e+01  1.510000e+00
   endloop
 endfacet
 facet normal  0.000000e+00  0.000000e+00  1.000000e+00
   outer loop
     vertex  1.429188e+02 -8.535394e+01  1.510000e+00
     vertex  1.429188e+02 -8.763098e+01  1.510000e+00
     vertex  1.429695e+02 -8.547646e+01  1.510000e+00
   endloop
 endfacet
 facet normal  0.000000e+00  0.000000e+00  1.000000e+00
   outer loop
     vertex  1.432780e+02 -8.571315e+01  1.510000e+00
     vertex  1.431555e+02 -8.566240e+01  1.510000e+00
     vertex  1.431555e+02 -8.732252e+01  1.510000e+00
   endloop
 endfacet
 facet normal  0.000000e+00  0.000000e+00  1.000000e+00
   outer loop
     vertex  1.432780e+02 -8.571315e+01  1.510000e+00
     vertex  1.431555e+02 -8.732252e+01  1.510000e+00
     vertex  1.432780e+02 -8.727177e+01  1.510000e+00
   endloop
 endfacet
 facet normal  0.000000e+00  0.000000e+00  1.000000e+00
   outer loop
     vertex  1.429015e+02 -8.522246e+01  1.510000e+00
     vertex  1.199585e+02 -8.420646e+01  1.510000e+00
     vertex  1.199440e+02 -8.431646e+01  1.510000e+00
   endloop
 endfacet
 facet normal  0.000000e+00  0.000000e+00  1.000000e+00
   outer loop
     vertex  1.429015e+02 -8.522246e+01  1.510000e+00
     vertex  1.199440e+02 -8.431646e+01  1.510000e+00
     vertex  1.429015e+02 -8.776246e+01  1.510000e+00
   endloop
 endfacet
 facet normal  0.000000e+00  0.000000e+00  1.000000e+00
   outer loop
     vertex  1.429015e+02 -8.522246e+01  1.510000e+00
     vertex  1.429015e+02 -8.776246e+01  1.510000e+00
     vertex  1.429188e+02 -8.763098e+01  1.510000e+00
   endloop
 endfacet
 facet normal  0.000000e+00  0.000000e+00  1.000000e+00
   outer loop
     vertex  1.429015e+02 -8.522246e+01  1.510000e+00
     vertex  1.429188e+02 -8.763098e+01  1.510000e+00
     vertex  1.429188e+02 -8.535394e+01  1.510000e+00
   endloop
 endfacet
 facet normal  0.000000e+00  0.000000e+00  1.000000e+00
   outer loop
     vertex  1.434095e+02 -8.573046e+01  1.510000e+00
     vertex  1.432780e+02 -8.571315e+01  1.510000e+00
     vertex  1.432780e+02 -8.727177e+01  1.510000e+00
   endloop
 endfacet
 facet normal  0.000000e+00  0.000000e+00  1.000000e+00
   outer loop
     vertex  1.434095e+02 -8.573046e+01  1.510000e+00
     vertex  1.432780e+02 -8.727177e+01  1.510000e+00
     vertex  1.434095e+02 -8.725446e+01  1.510000e+00
   endloop
 endfacet
 facet normal  0.000000e+00  0.000000e+00  1.000000e+00
   outer loop
     vertex  1.434095e+02 -8.573046e+01  1.510000e+00
     vertex  1.434095e+02 -8.725446e+01  1.510000e+00
     vertex  1.435409e+02 -8.727177e+01  1.510000e+00
   endloop
 endfacet
 facet normal  0.000000e+00  0.000000e+00  1.000000e+00
   outer loop
     vertex  1.435409e+02 -8.571315e+01  1.510000e+00
     vertex  1.435409e+02 -8.727177e+01  1.510000e+00
     vertex  1.436635e+02 -8.732252e+01  1.510000e+00
   endloop
 endfacet
 facet normal  0.000000e+00  0.000000e+00  1.000000e+00
   outer loop
     vertex  1.435409e+02 -8.571315e+01  1.510000e+00
     vertex  1.434095e+02 -8.573046e+01  1.510000e+00
     vertex  1.435409e+02 -8.727177e+01  1.510000e+00
   endloop
 endfacet
 facet normal  0.000000e+00  0.000000e+00  1.000000e+00
   outer loop
     vertex  1.436635e+02 -8.566240e+01  1.510000e+00
     vertex  1.435409e+02 -8.571315e+01  1.510000e+00
     vertex  1.436635e+02 -8.732252e+01  1.510000e+00
   endloop
 endfacet
 facet normal  0.000000e+00  0.000000e+00  1.000000e+00
   outer loop
     vertex  1.436635e+02 -8.566240e+01  1.510000e+00
     vertex  1.436635e+02 -8.732252e+01  1.510000e+00
     vertex  1.437687e+02 -8.740325e+01  1.510000e+00
   endloop
 endfacet
 facet normal  0.000000e+00  0.000000e+00  1.000000e+00
   outer loop
     vertex  1.437687e+02 -8.558167e+01  1.510000e+00
     vertex  1.436635e+02 -8.566240e+01  1.510000e+00
     vertex  1.437687e+02 -8.740325e+01  1.510000e+00
   endloop
 endfacet
 facet normal  0.000000e+00  0.000000e+00  1.000000e+00
   outer loop
     vertex  1.438494e+02 -8.547646e+01  1.510000e+00
     vertex  1.437687e+02 -8.558167e+01  1.510000e+00
     vertex  1.437687e+02 -8.740325e+01  1.510000e+00
   endloop
 endfacet
 facet normal  0.000000e+00  0.000000e+00  1.000000e+00
   outer loop
     vertex  1.438494e+02 -8.547646e+01  1.510000e+00
     vertex  1.437687e+02 -8.740325e+01  1.510000e+00
     vertex  1.438494e+02 -8.750846e+01  1.510000e+00
   endloop
 endfacet
 facet normal  0.000000e+00  0.000000e+00  1.000000e+00
   outer loop
     vertex  1.439001e+02 -8.535394e+01  1.510000e+00
     vertex  1.438494e+02 -8.547646e+01  1.510000e+00
     vertex  1.438494e+02 -8.750846e+01  1.510000e+00
   endloop
 endfacet
 facet normal  0.000000e+00  0.000000e+00  1.000000e+00
   outer loop
     vertex  1.439001e+02 -8.535394e+01  1.510000e+00
     vertex  1.438494e+02 -8.750846e+01  1.510000e+00
     vertex  1.439001e+02 -8.763098e+01  1.510000e+00
   endloop
 endfacet
 facet normal  0.000000e+00  0.000000e+00  1.000000e+00
   outer loop
     vertex  1.429695e+02 -8.293646e+01  1.510000e+00
     vertex  1.430502e+02 -8.486325e+01  1.510000e+00
     vertex  1.430502e+02 -8.304167e+01  1.510000e+00
   endloop
 endfacet
 facet normal  0.000000e+00  0.000000e+00  1.000000e+00
   outer loop
     vertex  1.429695e+02 -8.293646e+01  1.510000e+00
     vertex  1.429188e+02 -8.509098e+01  1.510000e+00
     vertex  1.429695e+02 -8.496846e+01  1.510000e+00
   endloop
 endfacet
 facet normal  0.000000e+00  0.000000e+00  1.000000e+00
   outer loop
     vertex  1.429695e+02 -8.293646e+01  1.510000e+00
     vertex  1.429695e+02 -8.496846e+01  1.510000e+00
     vertex  1.430502e+02 -8.486325e+01  1.510000e+00
   endloop
 endfacet
 facet normal  0.000000e+00  0.000000e+00  1.000000e+00
   outer loop
     vertex  1.431555e+02 -8.312240e+01  1.510000e+00
     vertex  1.430502e+02 -8.304167e+01  1.510000e+00
     vertex  1.430502e+02 -8.486325e+01  1.510000e+00
   endloop
 endfacet
 facet normal  0.000000e+00  0.000000e+00  1.000000e+00
   outer loop
     vertex  1.431555e+02 -8.312240e+01  1.510000e+00
     vertex  1.430502e+02 -8.486325e+01  1.510000e+00
     vertex  1.431555e+02 -8.478252e+01  1.510000e+00
   endloop
 endfacet
 facet normal  0.000000e+00  0.000000e+00  1.000000e+00
   outer loop
     vertex  1.429188e+02 -8.281394e+01  1.510000e+00
     vertex  1.429188e+02 -8.509098e+01  1.510000e+00
     vertex  1.429695e+02 -8.293646e+01  1.510000e+00
   endloop
 endfacet
 facet normal  0.000000e+00  0.000000e+00  1.000000e+00
   outer loop
     vertex  1.432780e+02 -8.317315e+01  1.510000e+00
     vertex  1.431555e+02 -8.312240e+01  1.510000e+00
     vertex  1.431555e+02 -8.478252e+01  1.510000e+00
   endloop
 endfacet
 facet normal  0.000000e+00  0.000000e+00  1.000000e+00
   outer loop
     vertex  1.432780e+02 -8.317315e+01  1.510000e+00
     vertex  1.431555e+02 -8.478252e+01  1.510000e+00
     vertex  1.432780e+02 -8.473177e+01  1.510000e+00
   endloop
 endfacet
 facet normal  0.000000e+00  0.000000e+00  1.000000e+00
   outer loop
     vertex  1.434095e+02 -8.319046e+01  1.510000e+00
     vertex  1.432780e+02 -8.317315e+01  1.510000e+00
     vertex  1.432780e+02 -8.473177e+01  1.510000e+00
   endloop
 endfacet
 facet normal  0.000000e+00  0.000000e+00  1.000000e+00
   outer loop
     vertex  1.434095e+02 -8.319046e+01  1.510000e+00
     vertex  1.432780e+02 -8.473177e+01  1.510000e+00
     vertex  1.434095e+02 -8.471446e+01  1.510000e+00
   endloop
 endfacet
 facet normal  0.000000e+00  0.000000e+00  1.000000e+00
   outer loop
     vertex  1.434095e+02 -8.319046e+01  1.510000e+00
     vertex  1.434095e+02 -8.471446e+01  1.510000e+00
     vertex  1.435409e+02 -8.473177e+01  1.510000e+00
   endloop
 endfacet
 facet normal  0.000000e+00  0.000000e+00  1.000000e+00
   outer loop
     vertex  1.429015e+02 -8.268246e+01  1.510000e+00
     vertex  1.429188e+02 -8.509098e+01  1.510000e+00
     vertex  1.429188e+02 -8.281394e+01  1.510000e+00
   endloop
 endfacet
 facet normal  0.000000e+00  0.000000e+00  1.000000e+00
   outer loop
     vertex  1.429015e+02 -8.268246e+01  1.510000e+00
     vertex  1.429015e+02 -8.522246e+01  1.510000e+00
     vertex  1.429188e+02 -8.509098e+01  1.510000e+00
   endloop
 endfacet
 facet normal  0.000000e+00  0.000000e+00  1.000000e+00
   outer loop
     vertex  1.435409e+02 -8.317315e+01  1.510000e+00
     vertex  1.434095e+02 -8.319046e+01  1.510000e+00
     vertex  1.435409e+02 -8.473177e+01  1.510000e+00
   endloop
 endfacet
 facet normal  0.000000e+00  0.000000e+00  1.000000e+00
   outer loop
     vertex  1.436635e+02 -8.312240e+01  1.510000e+00
     vertex  1.435409e+02 -8.317315e+01  1.510000e+00
     vertex  1.435409e+02 -8.473177e+01  1.510000e+00
   endloop
 endfacet
 facet normal  0.000000e+00  0.000000e+00  1.000000e+00
   outer loop
     vertex  1.436635e+02 -8.312240e+01  1.510000e+00
     vertex  1.435409e+02 -8.473177e+01  1.510000e+00
     vertex  1.436635e+02 -8.478252e+01  1.510000e+00
   endloop
 endfacet
 facet normal  0.000000e+00  0.000000e+00  1.000000e+00
   outer loop
     vertex  1.436635e+02 -8.312240e+01  1.510000e+00
     vertex  1.436635e+02 -8.478252e+01  1.510000e+00
     vertex  1.437687e+02 -8.486325e+01  1.510000e+00
   endloop
 endfacet
 facet normal  0.000000e+00  0.000000e+00  1.000000e+00
   outer loop
     vertex  1.437687e+02 -8.304167e+01  1.510000e+00
     vertex  1.436635e+02 -8.312240e+01  1.510000e+00
     vertex  1.437687e+02 -8.486325e+01  1.510000e+00
   endloop
 endfacet
 facet normal  0.000000e+00  0.000000e+00  1.000000e+00
   outer loop
     vertex  1.437687e+02 -8.304167e+01  1.510000e+00
     vertex  1.437687e+02 -8.486325e+01  1.510000e+00
     vertex  1.438494e+02 -8.496846e+01  1.510000e+00
   endloop
 endfacet
 facet normal  0.000000e+00  0.000000e+00  1.000000e+00
   outer loop
     vertex  1.438494e+02 -8.293646e+01  1.510000e+00
     vertex  1.437687e+02 -8.304167e+01  1.510000e+00
     vertex  1.438494e+02 -8.496846e+01  1.510000e+00
   endloop
 endfacet
 facet normal  0.000000e+00  0.000000e+00  1.000000e+00
   outer loop
     vertex  1.439001e+02 -8.281394e+01  1.510000e+00
     vertex  1.438494e+02 -8.293646e+01  1.510000e+00
     vertex  1.438494e+02 -8.496846e+01  1.510000e+00
   endloop
 endfacet
 facet normal  0.000000e+00  0.000000e+00  1.000000e+00
   outer loop
     vertex  1.439001e+02 -8.281394e+01  1.510000e+00
     vertex  1.438494e+02 -8.496846e+01  1.510000e+00
     vertex  1.439001e+02 -8.509098e+01  1.510000e+00
   endloop
 endfacet
 facet normal  0.000000e+00  0.000000e+00  1.000000e+00
   outer loop
     vertex  1.430502e+02 -8.050167e+01  1.510000e+00
     vertex  1.429695e+02 -8.242846e+01  1.510000e+00
     vertex  1.430502e+02 -8.232325e+01  1.510000e+00
   endloop
 endfacet
 facet normal  0.000000e+00  0.000000e+00  1.000000e+00
   outer loop
     vertex  1.429695e+02 -8.039646e+01  1.510000e+00
     vertex  1.429188e+02 -8.255098e+01  1.510000e+00
     vertex  1.429695e+02 -8.242846e+01  1.510000e+00
   endloop
 endfacet
 facet normal  0.000000e+00  0.000000e+00  1.000000e+00
   outer loop
     vertex  1.429695e+02 -8.039646e+01  1.510000e+00
     vertex  1.429695e+02 -8.242846e+01  1.510000e+00
     vertex  1.430502e+02 -8.050167e+01  1.510000e+00
   endloop
 endfacet
 facet normal  0.000000e+00  0.000000e+00  1.000000e+00
   outer loop
     vertex  1.431555e+02 -8.058240e+01  1.510000e+00
     vertex  1.430502e+02 -8.050167e+01  1.510000e+00
     vertex  1.430502e+02 -8.232325e+01  1.510000e+00
   endloop
 endfacet
 facet normal  0.000000e+00  0.000000e+00  1.000000e+00
   outer loop
     vertex  1.431555e+02 -8.058240e+01  1.510000e+00
     vertex  1.430502e+02 -8.232325e+01  1.510000e+00
     vertex  1.431555e+02 -8.224252e+01  1.510000e+00
   endloop
 endfacet
 facet normal  0.000000e+00  0.000000e+00  1.000000e+00
   outer loop
     vertex  1.431555e+02 -8.058240e+01  1.510000e+00
     vertex  1.431555e+02 -8.224252e+01  1.510000e+00
     vertex  1.432780e+02 -8.219177e+01  1.510000e+00
   endloop
 endfacet
 facet normal  0.000000e+00  0.000000e+00  1.000000e+00
   outer loop
     vertex  1.429188e+02 -8.027394e+01  1.510000e+00
     vertex  1.429188e+02 -8.255098e+01  1.510000e+00
     vertex  1.429695e+02 -8.039646e+01  1.510000e+00
   endloop
 endfacet
 facet normal  0.000000e+00  0.000000e+00  1.000000e+00
   outer loop
     vertex  1.432780e+02 -8.063315e+01  1.510000e+00
     vertex  1.431555e+02 -8.058240e+01  1.510000e+00
     vertex  1.432780e+02 -8.219177e+01  1.510000e+00
   endloop
 endfacet
 facet normal  0.000000e+00  0.000000e+00  1.000000e+00
   outer loop
     vertex  1.434095e+02 -8.065046e+01  1.510000e+00
     vertex  1.432780e+02 -8.219177e+01  1.510000e+00
     vertex  1.434095e+02 -8.217446e+01  1.510000e+00
   endloop
 endfacet
 facet normal  0.000000e+00  0.000000e+00  1.000000e+00
   outer loop
     vertex  1.434095e+02 -8.065046e+01  1.510000e+00
     vertex  1.432780e+02 -8.063315e+01  1.510000e+00
     vertex  1.432780e+02 -8.219177e+01  1.510000e+00
   endloop
 endfacet
 facet normal  0.000000e+00  0.000000e+00  1.000000e+00
   outer loop
     vertex  1.435409e+02 -8.063315e+01  1.510000e+00
     vertex  1.434095e+02 -8.217446e+01  1.510000e+00
     vertex  1.435409e+02 -8.219177e+01  1.510000e+00
   endloop
 endfacet
 facet normal  0.000000e+00  0.000000e+00  1.000000e+00
   outer loop
     vertex  1.435409e+02 -8.063315e+01  1.510000e+00
     vertex  1.434095e+02 -8.065046e+01  1.510000e+00
     vertex  1.434095e+02 -8.217446e+01  1.510000e+00
   endloop
 endfacet
 facet normal  0.000000e+00  0.000000e+00  1.000000e+00
   outer loop
     vertex  1.436635e+02 -8.058240e+01  1.510000e+00
     vertex  1.435409e+02 -8.219177e+01  1.510000e+00
     vertex  1.436635e+02 -8.224252e+01  1.510000e+00
   endloop
 endfacet
 facet normal  0.000000e+00  0.000000e+00  1.000000e+00
   outer loop
     vertex  1.436635e+02 -8.058240e+01  1.510000e+00
     vertex  1.436635e+02 -8.224252e+01  1.510000e+00
     vertex  1.437687e+02 -8.232325e+01  1.510000e+00
   endloop
 endfacet
 facet normal  0.000000e+00  0.000000e+00  1.000000e+00
   outer loop
     vertex  1.436635e+02 -8.058240e+01  1.510000e+00
     vertex  1.435409e+02 -8.063315e+01  1.510000e+00
     vertex  1.435409e+02 -8.219177e+01  1.510000e+00
   endloop
 endfacet
 facet normal  0.000000e+00  0.000000e+00  1.000000e+00
   outer loop
     vertex  1.437687e+02 -8.050167e+01  1.510000e+00
     vertex  1.437687e+02 -8.232325e+01  1.510000e+00
     vertex  1.438494e+02 -8.242846e+01  1.510000e+00
   endloop
 endfacet
 facet normal  0.000000e+00  0.000000e+00  1.000000e+00
   outer loop
     vertex  1.437687e+02 -8.050167e+01  1.510000e+00
     vertex  1.436635e+02 -8.058240e+01  1.510000e+00
     vertex  1.437687e+02 -8.232325e+01  1.510000e+00
   endloop
 endfacet
 facet normal  0.000000e+00  0.000000e+00  1.000000e+00
   outer loop
     vertex  1.438494e+02 -8.039646e+01  1.510000e+00
     vertex  1.437687e+02 -8.050167e+01  1.510000e+00
     vertex  1.438494e+02 -8.242846e+01  1.510000e+00
   endloop
 endfacet
 facet normal  0.000000e+00  0.000000e+00  1.000000e+00
   outer loop
     vertex  1.385835e+02 -7.506246e+01  1.510000e+00
     vertex  1.161985e+02 -8.131373e+01  1.510000e+00
     vertex  1.163952e+02 -8.146471e+01  1.510000e+00
   endloop
 endfacet
 facet normal  0.000000e+00  0.000000e+00  1.000000e+00
   outer loop
     vertex  1.385835e+02 -7.506246e+01  1.510000e+00
     vertex  1.429188e+02 -8.027394e+01  1.510000e+00
     vertex  1.429015e+02 -8.014246e+01  1.510000e+00
   endloop
 endfacet
 facet normal  0.000000e+00  0.000000e+00  1.000000e+00
   outer loop
     vertex  1.385835e+02 -7.506246e+01  1.510000e+00
     vertex  1.429015e+02 -8.014246e+01  1.510000e+00
     vertex  1.429188e+02 -8.001098e+01  1.510000e+00
   endloop
 endfacet
 facet normal  0.000000e+00  0.000000e+00  1.000000e+00
   outer loop
     vertex  1.385835e+02 -7.506246e+01  1.510000e+00
     vertex  1.086115e+02 -7.506246e+01  1.510000e+00
     vertex  1.161985e+02 -8.131373e+01  1.510000e+00
   endloop
 endfacet
 facet normal  0.000000e+00  0.000000e+00  1.000000e+00
   outer loop
     vertex  1.385835e+02 -7.506246e+01  1.510000e+00
     vertex  1.197460e+02 -8.383840e+01  1.510000e+00
     vertex  1.198340e+02 -8.390594e+01  1.510000e+00
   endloop
 endfacet
 facet normal  0.000000e+00  0.000000e+00  1.000000e+00
   outer loop
     vertex  1.385835e+02 -7.506246e+01  1.510000e+00
     vertex  1.198340e+02 -8.390594e+01  1.510000e+00
     vertex  1.199015e+02 -8.399396e+01  1.510000e+00
   endloop
 endfacet
 facet normal  0.000000e+00  0.000000e+00  1.000000e+00
   outer loop
     vertex  1.385835e+02 -7.506246e+01  1.510000e+00
     vertex  1.199015e+02 -8.399396e+01  1.510000e+00
     vertex  1.199440e+02 -8.409646e+01  1.510000e+00
   endloop
 endfacet
 facet normal  0.000000e+00  0.000000e+00  1.000000e+00
   outer loop
     vertex  1.385835e+02 -7.506246e+01  1.510000e+00
     vertex  1.199440e+02 -8.409646e+01  1.510000e+00
     vertex  1.199585e+02 -8.420646e+01  1.510000e+00
   endloop
 endfacet
 facet normal  0.000000e+00  0.000000e+00  1.000000e+00
   outer loop
     vertex  1.385835e+02 -7.506246e+01  1.510000e+00
     vertex  1.163952e+02 -8.146471e+01  1.510000e+00
     vertex  1.197460e+02 -8.383840e+01  1.510000e+00
   endloop
 endfacet
 facet normal  0.000000e+00  0.000000e+00  1.000000e+00
   outer loop
     vertex  1.385835e+02 -7.506246e+01  1.510000e+00
     vertex  1.429188e+02 -8.255098e+01  1.510000e+00
     vertex  1.429188e+02 -8.027394e+01  1.510000e+00
   endloop
 endfacet
 facet normal  0.000000e+00  0.000000e+00  1.000000e+00
   outer loop
     vertex  1.385835e+02 -7.506246e+01  1.510000e+00
     vertex  1.429015e+02 -8.522246e+01  1.510000e+00
     vertex  1.429015e+02 -8.268246e+01  1.510000e+00
   endloop
 endfacet
 facet normal  0.000000e+00  0.000000e+00  1.000000e+00
   outer loop
     vertex  1.385835e+02 -7.506246e+01  1.510000e+00
     vertex  1.199585e+02 -8.420646e+01  1.510000e+00
     vertex  1.429015e+02 -8.522246e+01  1.510000e+00
   endloop
 endfacet
 facet normal  0.000000e+00  0.000000e+00  1.000000e+00
   outer loop
     vertex  1.385835e+02 -7.506246e+01  1.510000e+00
     vertex  1.429015e+02 -8.268246e+01  1.510000e+00
     vertex  1.429188e+02 -8.255098e+01  1.510000e+00
   endloop
 endfacet
 facet normal  0.000000e+00  0.000000e+00  1.000000e+00
   outer loop
     vertex  1.439001e+02 -8.027394e+01  1.510000e+00
     vertex  1.438494e+02 -8.242846e+01  1.510000e+00
     vertex  1.439001e+02 -8.255098e+01  1.510000e+00
   endloop
 endfacet
 facet normal  0.000000e+00  0.000000e+00  1.000000e+00
   outer loop
     vertex  1.439001e+02 -8.027394e+01  1.510000e+00
     vertex  1.438494e+02 -8.039646e+01  1.510000e+00
     vertex  1.438494e+02 -8.242846e+01  1.510000e+00
   endloop
 endfacet
 facet normal  0.000000e+00  0.000000e+00  1.000000e+00
   outer loop
     vertex  1.582902e+02 -9.320167e+01  1.510000e+00
     vertex  1.535695e+02 -1.024945e+02  1.510000e+00
     vertex  1.537009e+02 -1.025118e+02  1.510000e+00
   endloop
 endfacet
 facet normal  0.000000e+00  0.000000e+00  1.000000e+00
   outer loop
     vertex  1.582095e+02 -9.309646e+01  1.510000e+00
     vertex  1.535695e+02 -1.024945e+02  1.510000e+00
     vertex  1.582902e+02 -9.320167e+01  1.510000e+00
   endloop
 endfacet
 facet normal  0.000000e+00  0.000000e+00  1.000000e+00
   outer loop
     vertex  1.582095e+02 -9.309646e+01  1.510000e+00
     vertex  1.534380e+02 -1.025118e+02  1.510000e+00
     vertex  1.535695e+02 -1.024945e+02  1.510000e+00
   endloop
 endfacet
 facet normal  0.000000e+00  0.000000e+00  1.000000e+00
   outer loop
     vertex  1.583955e+02 -9.328240e+01  1.510000e+00
     vertex  1.537009e+02 -1.025118e+02  1.510000e+00
     vertex  1.538235e+02 -1.025625e+02  1.510000e+00
   endloop
 endfacet
 facet normal  0.000000e+00  0.000000e+00  1.000000e+00
   outer loop
     vertex  1.583955e+02 -9.328240e+01  1.510000e+00
     vertex  1.582902e+02 -9.320167e+01  1.510000e+00
     vertex  1.537009e+02 -1.025118e+02  1.510000e+00
   endloop
 endfacet
 facet normal  0.000000e+00  0.000000e+00  1.000000e+00
   outer loop
     vertex  1.429695e+02 -7.785646e+01  1.510000e+00
     vertex  1.429695e+02 -7.988846e+01  1.510000e+00
     vertex  1.430502e+02 -7.978325e+01  1.510000e+00
   endloop
 endfacet
 facet normal  0.000000e+00  0.000000e+00  1.000000e+00
   outer loop
     vertex  1.429695e+02 -7.785646e+01  1.510000e+00
     vertex  1.430502e+02 -7.978325e+01  1.510000e+00
     vertex  1.430502e+02 -7.796167e+01  1.510000e+00
   endloop
 endfacet
 facet normal  0.000000e+00  0.000000e+00  1.000000e+00
   outer loop
     vertex  1.431555e+02 -7.804240e+01  1.510000e+00
     vertex  1.430502e+02 -7.978325e+01  1.510000e+00
     vertex  1.431555e+02 -7.970252e+01  1.510000e+00
   endloop
 endfacet
 facet normal  0.000000e+00  0.000000e+00  1.000000e+00
   outer loop
     vertex  1.431555e+02 -7.804240e+01  1.510000e+00
     vertex  1.430502e+02 -7.796167e+01  1.510000e+00
     vertex  1.430502e+02 -7.978325e+01  1.510000e+00
   endloop
 endfacet
 facet normal  0.000000e+00  0.000000e+00  1.000000e+00
   outer loop
     vertex  1.581588e+02 -9.297394e+01  1.510000e+00
     vertex  1.534380e+02 -1.025118e+02  1.510000e+00
     vertex  1.582095e+02 -9.309646e+01  1.510000e+00
   endloop
 endfacet
 facet normal  0.000000e+00  0.000000e+00  1.000000e+00
   outer loop
     vertex  1.581588e+02 -9.297394e+01  1.510000e+00
     vertex  1.439001e+02 -9.297394e+01  1.510000e+00
     vertex  1.534380e+02 -1.025118e+02  1.510000e+00
   endloop
 endfacet
 facet normal  0.000000e+00  0.000000e+00  1.000000e+00
   outer loop
     vertex  1.585180e+02 -9.333315e+01  1.510000e+00
     vertex  1.538235e+02 -1.025625e+02  1.510000e+00
     vertex  1.539287e+02 -1.026432e+02  1.510000e+00
   endloop
 endfacet
 facet normal  0.000000e+00  0.000000e+00  1.000000e+00
   outer loop
     vertex  1.585180e+02 -9.333315e+01  1.510000e+00
     vertex  1.583955e+02 -9.328240e+01  1.510000e+00
     vertex  1.538235e+02 -1.025625e+02  1.510000e+00
   endloop
 endfacet
 facet normal  0.000000e+00  0.000000e+00  1.000000e+00
   outer loop
     vertex  1.429188e+02 -7.773394e+01  1.510000e+00
     vertex  1.429188e+02 -8.001098e+01  1.510000e+00
     vertex  1.429695e+02 -7.988846e+01  1.510000e+00
   endloop
 endfacet
 facet normal  0.000000e+00  0.000000e+00  1.000000e+00
   outer loop
     vertex  1.429188e+02 -7.773394e+01  1.510000e+00
     vertex  1.385835e+02 -7.506246e+01  1.510000e+00
     vertex  1.429188e+02 -8.001098e+01  1.510000e+00
   endloop
 endfacet
 facet normal  0.000000e+00  0.000000e+00  1.000000e+00
   outer loop
     vertex  1.429188e+02 -7.773394e+01  1.510000e+00
     vertex  1.429695e+02 -7.988846e+01  1.510000e+00
     vertex  1.429695e+02 -7.785646e+01  1.510000e+00
   endloop
 endfacet
 facet normal  0.000000e+00  0.000000e+00  1.000000e+00
   outer loop
     vertex  1.432780e+02 -7.809315e+01  1.510000e+00
     vertex  1.431555e+02 -7.970252e+01  1.510000e+00
     vertex  1.432780e+02 -7.965177e+01  1.510000e+00
   endloop
 endfacet
 facet normal  0.000000e+00  0.000000e+00  1.000000e+00
   outer loop
     vertex  1.432780e+02 -7.809315e+01  1.510000e+00
     vertex  1.431555e+02 -7.804240e+01  1.510000e+00
     vertex  1.431555e+02 -7.970252e+01  1.510000e+00
   endloop
 endfacet
 facet normal  0.000000e+00  0.000000e+00  1.000000e+00
   outer loop
     vertex  1.581415e+02 -9.284246e+01  1.510000e+00
     vertex  1.439001e+02 -9.297394e+01  1.510000e+00
     vertex  1.581588e+02 -9.297394e+01  1.510000e+00
   endloop
 endfacet
 facet normal  0.000000e+00  0.000000e+00  1.000000e+00
   outer loop
     vertex  1.581415e+02 -9.284246e+01  1.510000e+00
     vertex  1.439001e+02 -9.271098e+01  1.510000e+00
     vertex  1.439175e+02 -9.284246e+01  1.510000e+00
   endloop
 endfacet
 facet normal  0.000000e+00  0.000000e+00  1.000000e+00
   outer loop
     vertex  1.581415e+02 -9.284246e+01  1.510000e+00
     vertex  1.439175e+02 -9.284246e+01  1.510000e+00
     vertex  1.439001e+02 -9.297394e+01  1.510000e+00
   endloop
 endfacet
 facet normal  0.000000e+00  0.000000e+00  1.000000e+00
   outer loop
     vertex  1.586495e+02 -9.335046e+01  1.510000e+00
     vertex  1.539287e+02 -1.026432e+02  1.510000e+00
     vertex  1.540094e+02 -1.027485e+02  1.510000e+00
   endloop
 endfacet
 facet normal  0.000000e+00  0.000000e+00  1.000000e+00
   outer loop
     vertex  1.586495e+02 -9.335046e+01  1.510000e+00
     vertex  1.585180e+02 -9.333315e+01  1.510000e+00
     vertex  1.539287e+02 -1.026432e+02  1.510000e+00
   endloop
 endfacet
 facet normal  0.000000e+00  0.000000e+00  1.000000e+00
   outer loop
     vertex  1.429015e+02 -7.760246e+01  1.510000e+00
     vertex  1.385835e+02 -7.506246e+01  1.510000e+00
     vertex  1.429188e+02 -7.773394e+01  1.510000e+00
   endloop
 endfacet
 facet normal  0.000000e+00  0.000000e+00  1.000000e+00
   outer loop
     vertex  1.434095e+02 -7.811046e+01  1.510000e+00
     vertex  1.432780e+02 -7.965177e+01  1.510000e+00
     vertex  1.434095e+02 -7.963446e+01  1.510000e+00
   endloop
 endfacet
 facet normal  0.000000e+00  0.000000e+00  1.000000e+00
   outer loop
     vertex  1.434095e+02 -7.811046e+01  1.510000e+00
     vertex  1.432780e+02 -7.809315e+01  1.510000e+00
     vertex  1.432780e+02 -7.965177e+01  1.510000e+00
   endloop
 endfacet
 facet normal  0.000000e+00  0.000000e+00  1.000000e+00
   outer loop
     vertex  1.581588e+02 -9.271098e+01  1.510000e+00
     vertex  1.439001e+02 -9.271098e+01  1.510000e+00
     vertex  1.581415e+02 -9.284246e+01  1.510000e+00
   endloop
 endfacet
 facet normal  0.000000e+00  0.000000e+00  1.000000e+00
   outer loop
     vertex  1.587809e+02 -9.333315e+01  1.510000e+00
     vertex  1.540094e+02 -1.027485e+02  1.510000e+00
     vertex  1.540601e+02 -1.028710e+02  1.510000e+00
   endloop
 endfacet
 facet normal  0.000000e+00  0.000000e+00  1.000000e+00
   outer loop
     vertex  1.587809e+02 -9.333315e+01  1.510000e+00
     vertex  1.586495e+02 -9.335046e+01  1.510000e+00
     vertex  1.540094e+02 -1.027485e+02  1.510000e+00
   endloop
 endfacet
 facet normal  0.000000e+00  0.000000e+00  1.000000e+00
   outer loop
     vertex  1.429188e+02 -7.747098e+01  1.510000e+00
     vertex  1.385835e+02 -7.506246e+01  1.510000e+00
     vertex  1.429015e+02 -7.760246e+01  1.510000e+00
   endloop
 endfacet
 facet normal  0.000000e+00  0.000000e+00  1.000000e+00
   outer loop
     vertex  1.435409e+02 -7.809315e+01  1.510000e+00
     vertex  1.434095e+02 -7.963446e+01  1.510000e+00
     vertex  1.435409e+02 -7.965177e+01  1.510000e+00
   endloop
 endfacet
 facet normal  0.000000e+00  0.000000e+00  1.000000e+00
   outer loop
     vertex  1.435409e+02 -7.809315e+01  1.510000e+00
     vertex  1.434095e+02 -7.811046e+01  1.510000e+00
     vertex  1.434095e+02 -7.963446e+01  1.510000e+00
   endloop
 endfacet
 facet normal  0.000000e+00  0.000000e+00  1.000000e+00
   outer loop
     vertex  1.589035e+02 -9.328240e+01  1.510000e+00
     vertex  1.587809e+02 -9.333315e+01  1.510000e+00
     vertex  1.540601e+02 -1.028710e+02  1.510000e+00
   endloop
 endfacet
 facet normal  0.000000e+00  0.000000e+00  1.000000e+00
   outer loop
     vertex  1.589035e+02 -9.328240e+01  1.510000e+00
     vertex  1.540601e+02 -1.028710e+02  1.510000e+00
     vertex  1.540775e+02 -1.030025e+02  1.510000e+00
   endloop
 endfacet
 facet normal  0.000000e+00  0.000000e+00  1.000000e+00
   outer loop
     vertex  1.436635e+02 -7.804240e+01  1.510000e+00
     vertex  1.435409e+02 -7.965177e+01  1.510000e+00
     vertex  1.436635e+02 -7.970252e+01  1.510000e+00
   endloop
 endfacet
 facet normal  0.000000e+00  0.000000e+00  1.000000e+00
   outer loop
     vertex  1.436635e+02 -7.804240e+01  1.510000e+00
     vertex  1.436635e+02 -7.970252e+01  1.510000e+00
     vertex  1.437687e+02 -7.978325e+01  1.510000e+00
   endloop
 endfacet
 facet normal  0.000000e+00  0.000000e+00  1.000000e+00
   outer loop
     vertex  1.436635e+02 -7.804240e+01  1.510000e+00
     vertex  1.435409e+02 -7.809315e+01  1.510000e+00
     vertex  1.435409e+02 -7.965177e+01  1.510000e+00
   endloop
 endfacet
 facet normal  0.000000e+00  0.000000e+00  1.000000e+00
   outer loop
     vertex  1.429695e+02 -7.734846e+01  1.510000e+00
     vertex  1.385835e+02 -7.506246e+01  1.510000e+00
     vertex  1.429188e+02 -7.747098e+01  1.510000e+00
   endloop
 endfacet
 facet normal  0.000000e+00  0.000000e+00  1.000000e+00
   outer loop
     vertex  1.590087e+02 -9.320167e+01  1.510000e+00
     vertex  1.540775e+02 -1.030025e+02  1.510000e+00
     vertex  1.540601e+02 -1.031339e+02  1.510000e+00
   endloop
 endfacet
 facet normal  0.000000e+00  0.000000e+00  1.000000e+00
   outer loop
     vertex  1.590087e+02 -9.320167e+01  1.510000e+00
     vertex  1.589035e+02 -9.328240e+01  1.510000e+00
     vertex  1.540775e+02 -1.030025e+02  1.510000e+00
   endloop
 endfacet
 facet normal  0.000000e+00  0.000000e+00  1.000000e+00
   outer loop
     vertex  1.590087e+02 -9.320167e+01  1.510000e+00
     vertex  1.540601e+02 -1.031339e+02  1.510000e+00
     vertex  1.695715e+02 -1.263705e+02  1.510000e+00
   endloop
 endfacet
 facet normal  0.000000e+00  0.000000e+00  1.000000e+00
   outer loop
     vertex  1.437687e+02 -7.796167e+01  1.510000e+00
     vertex  1.437687e+02 -7.978325e+01  1.510000e+00
     vertex  1.438494e+02 -7.988846e+01  1.510000e+00
   endloop
 endfacet
 facet normal  0.000000e+00  0.000000e+00  1.000000e+00
   outer loop
     vertex  1.437687e+02 -7.796167e+01  1.510000e+00
     vertex  1.436635e+02 -7.804240e+01  1.510000e+00
     vertex  1.437687e+02 -7.978325e+01  1.510000e+00
   endloop
 endfacet
 facet normal  0.000000e+00  0.000000e+00  1.000000e+00
   outer loop
     vertex  1.430502e+02 -7.724325e+01  1.510000e+00
     vertex  1.385835e+02 -7.506246e+01  1.510000e+00
     vertex  1.429695e+02 -7.734846e+01  1.510000e+00
   endloop
 endfacet
 facet normal  0.000000e+00  0.000000e+00  1.000000e+00
   outer loop
     vertex  1.590894e+02 -9.309646e+01  1.510000e+00
     vertex  1.590087e+02 -9.320167e+01  1.510000e+00
     vertex  1.695715e+02 -1.263705e+02  1.510000e+00
   endloop
 endfacet
 facet normal  0.000000e+00  0.000000e+00  1.000000e+00
   outer loop
     vertex  1.438494e+02 -7.785646e+01  1.510000e+00
     vertex  1.438494e+02 -7.988846e+01  1.510000e+00
     vertex  1.439001e+02 -8.001098e+01  1.510000e+00
   endloop
 endfacet
 facet normal  0.000000e+00  0.000000e+00  1.000000e+00
   outer loop
     vertex  1.438494e+02 -7.785646e+01  1.510000e+00
     vertex  1.437687e+02 -7.796167e+01  1.510000e+00
     vertex  1.438494e+02 -7.988846e+01  1.510000e+00
   endloop
 endfacet
 facet normal  0.000000e+00  0.000000e+00  1.000000e+00
   outer loop
     vertex  1.431555e+02 -7.716252e+01  1.510000e+00
     vertex  1.385835e+02 -7.506246e+01  1.510000e+00
     vertex  1.430502e+02 -7.724325e+01  1.510000e+00
   endloop
 endfacet
 facet normal  0.000000e+00  0.000000e+00  1.000000e+00
   outer loop
     vertex  1.591401e+02 -9.297394e+01  1.510000e+00
     vertex  1.590894e+02 -9.309646e+01  1.510000e+00
     vertex  1.695715e+02 -1.263705e+02  1.510000e+00
   endloop
 endfacet
 facet normal  0.000000e+00  0.000000e+00  1.000000e+00
   outer loop
     vertex  1.439001e+02 -7.773394e+01  1.510000e+00
     vertex  1.438494e+02 -7.785646e+01  1.510000e+00
     vertex  1.439001e+02 -8.001098e+01  1.510000e+00
   endloop
 endfacet
 facet normal  0.000000e+00  0.000000e+00  1.000000e+00
   outer loop
     vertex  1.432780e+02 -7.711177e+01  1.510000e+00
     vertex  1.385835e+02 -7.506246e+01  1.510000e+00
     vertex  1.431555e+02 -7.716252e+01  1.510000e+00
   endloop
 endfacet
 facet normal  0.000000e+00  0.000000e+00  1.000000e+00
   outer loop
     vertex  1.434095e+02 -7.709446e+01  1.510000e+00
     vertex  1.385835e+02 -7.506246e+01  1.510000e+00
     vertex  1.432780e+02 -7.711177e+01  1.510000e+00
   endloop
 endfacet
 facet normal  0.000000e+00  0.000000e+00  1.000000e+00
   outer loop
     vertex  1.435409e+02 -7.711177e+01  1.510000e+00
     vertex  1.385835e+02 -7.506246e+01  1.510000e+00
     vertex  1.434095e+02 -7.709446e+01  1.510000e+00
   endloop
 endfacet
 facet normal  0.000000e+00  0.000000e+00  1.000000e+00
   outer loop
     vertex  1.582095e+02 -9.055646e+01  1.510000e+00
     vertex  1.582095e+02 -9.258846e+01  1.510000e+00
     vertex  1.582902e+02 -9.248325e+01  1.510000e+00
   endloop
 endfacet
 facet normal  0.000000e+00  0.000000e+00  1.000000e+00
   outer loop
     vertex  1.582095e+02 -9.055646e+01  1.510000e+00
     vertex  1.582902e+02 -9.248325e+01  1.510000e+00
     vertex  1.582902e+02 -9.066167e+01  1.510000e+00
   endloop
 endfacet
 facet normal  0.000000e+00  0.000000e+00  1.000000e+00
   outer loop
     vertex  1.583955e+02 -9.074240e+01  1.510000e+00
     vertex  1.582902e+02 -9.248325e+01  1.510000e+00
     vertex  1.583955e+02 -9.240252e+01  1.510000e+00
   endloop
 endfacet
 facet normal  0.000000e+00  0.000000e+00  1.000000e+00
   outer loop
     vertex  1.583955e+02 -9.074240e+01  1.510000e+00
     vertex  1.583955e+02 -9.240252e+01  1.510000e+00
     vertex  1.585180e+02 -9.235177e+01  1.510000e+00
   endloop
 endfacet
 facet normal  0.000000e+00  0.000000e+00  1.000000e+00
   outer loop
     vertex  1.583955e+02 -9.074240e+01  1.510000e+00
     vertex  1.582902e+02 -9.066167e+01  1.510000e+00
     vertex  1.582902e+02 -9.248325e+01  1.510000e+00
   endloop
 endfacet
 facet normal  0.000000e+00  0.000000e+00  1.000000e+00
   outer loop
     vertex  1.581588e+02 -9.043394e+01  1.510000e+00
     vertex  1.581588e+02 -9.271098e+01  1.510000e+00
     vertex  1.582095e+02 -9.258846e+01  1.510000e+00
   endloop
 endfacet
 facet normal  0.000000e+00  0.000000e+00  1.000000e+00
   outer loop
     vertex  1.581588e+02 -9.043394e+01  1.510000e+00
     vertex  1.439001e+02 -9.043394e+01  1.510000e+00
     vertex  1.439001e+02 -9.271098e+01  1.510000e+00
   endloop
 endfacet
 facet normal  0.000000e+00  0.000000e+00  1.000000e+00
   outer loop
     vertex  1.581588e+02 -9.043394e+01  1.510000e+00
     vertex  1.439001e+02 -9.271098e+01  1.510000e+00
     vertex  1.581588e+02 -9.271098e+01  1.510000e+00
   endloop
 endfacet
 facet normal  0.000000e+00  0.000000e+00  1.000000e+00
   outer loop
     vertex  1.581588e+02 -9.043394e+01  1.510000e+00
     vertex  1.582095e+02 -9.258846e+01  1.510000e+00
     vertex  1.582095e+02 -9.055646e+01  1.510000e+00
   endloop
 endfacet
 facet normal  0.000000e+00  0.000000e+00  1.000000e+00
   outer loop
     vertex  1.585180e+02 -9.079315e+01  1.510000e+00
     vertex  1.583955e+02 -9.074240e+01  1.510000e+00
     vertex  1.585180e+02 -9.235177e+01  1.510000e+00
   endloop
 endfacet
 facet normal  0.000000e+00  0.000000e+00  1.000000e+00
   outer loop
     vertex  1.581415e+02 -9.030246e+01  1.510000e+00
     vertex  1.439001e+02 -9.043394e+01  1.510000e+00
     vertex  1.581588e+02 -9.043394e+01  1.510000e+00
   endloop
 endfacet
 facet normal  0.000000e+00  0.000000e+00  1.000000e+00
   outer loop
     vertex  1.581415e+02 -9.030246e+01  1.510000e+00
     vertex  1.439175e+02 -9.030246e+01  1.510000e+00
     vertex  1.439001e+02 -9.043394e+01  1.510000e+00
   endloop
 endfacet
 facet normal  0.000000e+00  0.000000e+00  1.000000e+00
   outer loop
     vertex  1.586495e+02 -9.081046e+01  1.510000e+00
     vertex  1.585180e+02 -9.235177e+01  1.510000e+00
     vertex  1.586495e+02 -9.233446e+01  1.510000e+00
   endloop
 endfacet
 facet normal  0.000000e+00  0.000000e+00  1.000000e+00
   outer loop
     vertex  1.586495e+02 -9.081046e+01  1.510000e+00
     vertex  1.586495e+02 -9.233446e+01  1.510000e+00
     vertex  1.587809e+02 -9.235177e+01  1.510000e+00
   endloop
 endfacet
 facet normal  0.000000e+00  0.000000e+00  1.000000e+00
   outer loop
     vertex  1.586495e+02 -9.081046e+01  1.510000e+00
     vertex  1.585180e+02 -9.079315e+01  1.510000e+00
     vertex  1.585180e+02 -9.235177e+01  1.510000e+00
   endloop
 endfacet
 facet normal  0.000000e+00  0.000000e+00  1.000000e+00
   outer loop
     vertex  1.581588e+02 -9.017098e+01  1.510000e+00
     vertex  1.439175e+02 -9.030246e+01  1.510000e+00
     vertex  1.581415e+02 -9.030246e+01  1.510000e+00
   endloop
 endfacet
 facet normal  0.000000e+00  0.000000e+00  1.000000e+00
   outer loop
     vertex  1.581588e+02 -9.017098e+01  1.510000e+00
     vertex  1.439001e+02 -9.017098e+01  1.510000e+00
     vertex  1.439175e+02 -9.030246e+01  1.510000e+00
   endloop
 endfacet
 facet normal  0.000000e+00  0.000000e+00  1.000000e+00
   outer loop
     vertex  1.581588e+02 -9.017098e+01  1.510000e+00
     vertex  1.439001e+02 -8.789394e+01  1.510000e+00
     vertex  1.439001e+02 -9.017098e+01  1.510000e+00
   endloop
 endfacet
 facet normal  0.000000e+00  0.000000e+00  1.000000e+00
   outer loop
     vertex  1.587809e+02 -9.079315e+01  1.510000e+00
     vertex  1.586495e+02 -9.081046e+01  1.510000e+00
     vertex  1.587809e+02 -9.235177e+01  1.510000e+00
   endloop
 endfacet
 facet normal  0.000000e+00  0.000000e+00  1.000000e+00
   outer loop
     vertex  1.589035e+02 -9.074240e+01  1.510000e+00
     vertex  1.587809e+02 -9.235177e+01  1.510000e+00
     vertex  1.589035e+02 -9.240252e+01  1.510000e+00
   endloop
 endfacet
 facet normal  0.000000e+00  0.000000e+00  1.000000e+00
   outer loop
     vertex  1.589035e+02 -9.074240e+01  1.510000e+00
     vertex  1.587809e+02 -9.079315e+01  1.510000e+00
     vertex  1.587809e+02 -9.235177e+01  1.510000e+00
   endloop
 endfacet
 facet normal  0.000000e+00  0.000000e+00  1.000000e+00
   outer loop
     vertex  1.590087e+02 -9.066167e+01  1.510000e+00
     vertex  1.589035e+02 -9.240252e+01  1.510000e+00
     vertex  1.590087e+02 -9.248325e+01  1.510000e+00
   endloop
 endfacet
 facet normal  0.000000e+00  0.000000e+00  1.000000e+00
   outer loop
     vertex  1.590087e+02 -9.066167e+01  1.510000e+00
     vertex  1.589035e+02 -9.074240e+01  1.510000e+00
     vertex  1.589035e+02 -9.240252e+01  1.510000e+00
   endloop
 endfacet
 facet normal  0.000000e+00  0.000000e+00  1.000000e+00
   outer loop
     vertex  1.590894e+02 -9.055646e+01  1.510000e+00
     vertex  1.590087e+02 -9.248325e+01  1.510000e+00
     vertex  1.590894e+02 -9.258846e+01  1.510000e+00
   endloop
 endfacet
 facet normal  0.000000e+00  0.000000e+00  1.000000e+00
   outer loop
     vertex  1.590894e+02 -9.055646e+01  1.510000e+00
     vertex  1.590087e+02 -9.066167e+01  1.510000e+00
     vertex  1.590087e+02 -9.248325e+01  1.510000e+00
   endloop
 endfacet
 facet normal  0.000000e+00  0.000000e+00  1.000000e+00
   outer loop
     vertex  1.591401e+02 -9.043394e+01  1.510000e+00
     vertex  1.590894e+02 -9.258846e+01  1.510000e+00
     vertex  1.591401e+02 -9.271098e+01  1.510000e+00
   endloop
 endfacet
 facet normal  0.000000e+00  0.000000e+00  1.000000e+00
   outer loop
     vertex  1.591401e+02 -9.043394e+01  1.510000e+00
     vertex  1.590894e+02 -9.055646e+01  1.510000e+00
     vertex  1.590894e+02 -9.258846e+01  1.510000e+00
   endloop
 endfacet
 facet normal  0.000000e+00  0.000000e+00  1.000000e+00
   outer loop
     vertex  1.591575e+02 -9.030246e+01  1.510000e+00
     vertex  1.591401e+02 -9.271098e+01  1.510000e+00
     vertex  1.591575e+02 -9.284246e+01  1.510000e+00
   endloop
 endfacet
 facet normal  0.000000e+00  0.000000e+00  1.000000e+00
   outer loop
     vertex  1.591575e+02 -9.030246e+01  1.510000e+00
     vertex  1.591401e+02 -9.043394e+01  1.510000e+00
     vertex  1.591401e+02 -9.271098e+01  1.510000e+00
   endloop
 endfacet
 facet normal  0.000000e+00  0.000000e+00  1.000000e+00
   outer loop
     vertex  1.582902e+02 -8.812167e+01  1.510000e+00
     vertex  1.582902e+02 -8.994325e+01  1.510000e+00
     vertex  1.583955e+02 -8.986252e+01  1.510000e+00
   endloop
 endfacet
 facet normal  0.000000e+00  0.000000e+00  1.000000e+00
   outer loop
     vertex  1.582095e+02 -8.801646e+01  1.510000e+00
     vertex  1.581588e+02 -9.017098e+01  1.510000e+00
     vertex  1.582095e+02 -9.004846e+01  1.510000e+00
   endloop
 endfacet
 facet normal  0.000000e+00  0.000000e+00  1.000000e+00
   outer loop
     vertex  1.582095e+02 -8.801646e+01  1.510000e+00
     vertex  1.582095e+02 -9.004846e+01  1.510000e+00
     vertex  1.582902e+02 -8.994325e+01  1.510000e+00
   endloop
 endfacet
 facet normal  0.000000e+00  0.000000e+00  1.000000e+00
   outer loop
     vertex  1.582095e+02 -8.801646e+01  1.510000e+00
     vertex  1.582902e+02 -8.994325e+01  1.510000e+00
     vertex  1.582902e+02 -8.812167e+01  1.510000e+00
   endloop
 endfacet
 facet normal  0.000000e+00  0.000000e+00  1.000000e+00
   outer loop
     vertex  1.583955e+02 -8.820240e+01  1.510000e+00
     vertex  1.582902e+02 -8.812167e+01  1.510000e+00
     vertex  1.583955e+02 -8.986252e+01  1.510000e+00
   endloop
 endfacet
 facet normal  0.000000e+00  0.000000e+00  1.000000e+00
   outer loop
     vertex  1.581588e+02 -8.789394e+01  1.510000e+00
     vertex  1.439001e+02 -8.789394e+01  1.510000e+00
     vertex  1.581588e+02 -9.017098e+01  1.510000e+00
   endloop
 endfacet
 facet normal  0.000000e+00  0.000000e+00  1.000000e+00
   outer loop
     vertex  1.581588e+02 -8.789394e+01  1.510000e+00
     vertex  1.581588e+02 -9.017098e+01  1.510000e+00
     vertex  1.582095e+02 -8.801646e+01  1.510000e+00
   endloop
 endfacet
 facet normal  0.000000e+00  0.000000e+00  1.000000e+00
   outer loop
     vertex  1.585180e+02 -8.825315e+01  1.510000e+00
     vertex  1.583955e+02 -8.986252e+01  1.510000e+00
     vertex  1.585180e+02 -8.981177e+01  1.510000e+00
   endloop
 endfacet
 facet normal  0.000000e+00  0.000000e+00  1.000000e+00
   outer loop
     vertex  1.585180e+02 -8.825315e+01  1.510000e+00
     vertex  1.585180e+02 -8.981177e+01  1.510000e+00
     vertex  1.586495e+02 -8.979446e+01  1.510000e+00
   endloop
 endfacet
 facet normal  0.000000e+00  0.000000e+00  1.000000e+00
   outer loop
     vertex  1.585180e+02 -8.825315e+01  1.510000e+00
     vertex  1.583955e+02 -8.820240e+01  1.510000e+00
     vertex  1.583955e+02 -8.986252e+01  1.510000e+00
   endloop
 endfacet
 facet normal  0.000000e+00  0.000000e+00  1.000000e+00
   outer loop
     vertex  1.581415e+02 -8.776246e+01  1.510000e+00
     vertex  1.439175e+02 -8.776246e+01  1.510000e+00
     vertex  1.439001e+02 -8.789394e+01  1.510000e+00
   endloop
 endfacet
 facet normal  0.000000e+00  0.000000e+00  1.000000e+00
   outer loop
     vertex  1.581415e+02 -8.776246e+01  1.510000e+00
     vertex  1.439001e+02 -8.789394e+01  1.510000e+00
     vertex  1.581588e+02 -8.789394e+01  1.510000e+00
   endloop
 endfacet
 facet normal  0.000000e+00  0.000000e+00  1.000000e+00
   outer loop
     vertex  1.586495e+02 -8.827046e+01  1.510000e+00
     vertex  1.585180e+02 -8.825315e+01  1.510000e+00
     vertex  1.586495e+02 -8.979446e+01  1.510000e+00
   endloop
 endfacet
 facet normal  0.000000e+00  0.000000e+00  1.000000e+00
   outer loop
     vertex  1.581588e+02 -8.763098e+01  1.510000e+00
     vertex  1.439175e+02 -8.776246e+01  1.510000e+00
     vertex  1.581415e+02 -8.776246e+01  1.510000e+00
   endloop
 endfacet
 facet normal  0.000000e+00  0.000000e+00  1.000000e+00
   outer loop
     vertex  1.581588e+02 -8.763098e+01  1.510000e+00
     vertex  1.439001e+02 -8.535394e+01  1.510000e+00
     vertex  1.439001e+02 -8.763098e+01  1.510000e+00
   endloop
 endfacet
 facet normal  0.000000e+00  0.000000e+00  1.000000e+00
   outer loop
     vertex  1.581588e+02 -8.763098e+01  1.510000e+00
     vertex  1.439001e+02 -8.763098e+01  1.510000e+00
     vertex  1.439175e+02 -8.776246e+01  1.510000e+00
   endloop
 endfacet
 facet normal  0.000000e+00  0.000000e+00  1.000000e+00
   outer loop
     vertex  1.587809e+02 -8.825315e+01  1.510000e+00
     vertex  1.586495e+02 -8.979446e+01  1.510000e+00
     vertex  1.587809e+02 -8.981177e+01  1.510000e+00
   endloop
 endfacet
 facet normal  0.000000e+00  0.000000e+00  1.000000e+00
   outer loop
     vertex  1.587809e+02 -8.825315e+01  1.510000e+00
     vertex  1.586495e+02 -8.827046e+01  1.510000e+00
     vertex  1.586495e+02 -8.979446e+01  1.510000e+00
   endloop
 endfacet
 facet normal  0.000000e+00  0.000000e+00  1.000000e+00
   outer loop
     vertex  1.589035e+02 -8.820240e+01  1.510000e+00
     vertex  1.587809e+02 -8.825315e+01  1.510000e+00
     vertex  1.587809e+02 -8.981177e+01  1.510000e+00
   endloop
 endfacet
 facet normal  0.000000e+00  0.000000e+00  1.000000e+00
   outer loop
     vertex  1.589035e+02 -8.820240e+01  1.510000e+00
     vertex  1.587809e+02 -8.981177e+01  1.510000e+00
     vertex  1.589035e+02 -8.986252e+01  1.510000e+00
   endloop
 endfacet
 facet normal  0.000000e+00  0.000000e+00  1.000000e+00
   outer loop
     vertex  1.590087e+02 -8.812167e+01  1.510000e+00
     vertex  1.589035e+02 -8.986252e+01  1.510000e+00
     vertex  1.590087e+02 -8.994325e+01  1.510000e+00
   endloop
 endfacet
 facet normal  0.000000e+00  0.000000e+00  1.000000e+00
   outer loop
     vertex  1.590087e+02 -8.812167e+01  1.510000e+00
     vertex  1.589035e+02 -8.820240e+01  1.510000e+00
     vertex  1.589035e+02 -8.986252e+01  1.510000e+00
   endloop
 endfacet
 facet normal  0.000000e+00  0.000000e+00  1.000000e+00
   outer loop
     vertex  1.590894e+02 -8.801646e+01  1.510000e+00
     vertex  1.590087e+02 -8.812167e+01  1.510000e+00
     vertex  1.590087e+02 -8.994325e+01  1.510000e+00
   endloop
 endfacet
 facet normal  0.000000e+00  0.000000e+00  1.000000e+00
   outer loop
     vertex  1.590894e+02 -8.801646e+01  1.510000e+00
     vertex  1.590087e+02 -8.994325e+01  1.510000e+00
     vertex  1.590894e+02 -9.004846e+01  1.510000e+00
   endloop
 endfacet
 facet normal  0.000000e+00  0.000000e+00  1.000000e+00
   outer loop
     vertex  1.590894e+02 -8.801646e+01  1.510000e+00
     vertex  1.590894e+02 -9.004846e+01  1.510000e+00
     vertex  1.591401e+02 -9.017098e+01  1.510000e+00
   endloop
 endfacet
 facet normal  0.000000e+00  0.000000e+00  1.000000e+00
   outer loop
     vertex  1.591401e+02 -8.789394e+01  1.510000e+00
     vertex  1.590894e+02 -8.801646e+01  1.510000e+00
     vertex  1.591401e+02 -9.017098e+01  1.510000e+00
   endloop
 endfacet
 facet normal  0.000000e+00  0.000000e+00  1.000000e+00
   outer loop
     vertex  1.591575e+02 -8.776246e+01  1.510000e+00
     vertex  1.591401e+02 -9.017098e+01  1.510000e+00
     vertex  1.591575e+02 -9.030246e+01  1.510000e+00
   endloop
 endfacet
 facet normal  0.000000e+00  0.000000e+00  1.000000e+00
   outer loop
     vertex  1.591575e+02 -8.776246e+01  1.510000e+00
     vertex  1.591401e+02 -8.789394e+01  1.510000e+00
     vertex  1.591401e+02 -9.017098e+01  1.510000e+00
   endloop
 endfacet
 facet normal  0.000000e+00  0.000000e+00  1.000000e+00
   outer loop
     vertex  1.582902e+02 -8.558167e+01  1.510000e+00
     vertex  1.582095e+02 -8.750846e+01  1.510000e+00
     vertex  1.582902e+02 -8.740325e+01  1.510000e+00
   endloop
 endfacet
 facet normal  0.000000e+00  0.000000e+00  1.000000e+00
   outer loop
     vertex  1.582095e+02 -8.547646e+01  1.510000e+00
     vertex  1.582095e+02 -8.750846e+01  1.510000e+00
     vertex  1.582902e+02 -8.558167e+01  1.510000e+00
   endloop
 endfacet
 facet normal  0.000000e+00  0.000000e+00  1.000000e+00
   outer loop
     vertex  1.583955e+02 -8.566240e+01  1.510000e+00
     vertex  1.582902e+02 -8.558167e+01  1.510000e+00
     vertex  1.582902e+02 -8.740325e+01  1.510000e+00
   endloop
 endfacet
 facet normal  0.000000e+00  0.000000e+00  1.000000e+00
   outer loop
     vertex  1.583955e+02 -8.566240e+01  1.510000e+00
     vertex  1.582902e+02 -8.740325e+01  1.510000e+00
     vertex  1.583955e+02 -8.732252e+01  1.510000e+00
   endloop
 endfacet
 facet normal  0.000000e+00  0.000000e+00  1.000000e+00
   outer loop
     vertex  1.581588e+02 -8.535394e+01  1.510000e+00
     vertex  1.439001e+02 -8.535394e+01  1.510000e+00
     vertex  1.581588e+02 -8.763098e+01  1.510000e+00
   endloop
 endfacet
 facet normal  0.000000e+00  0.000000e+00  1.000000e+00
   outer loop
     vertex  1.581588e+02 -8.535394e+01  1.510000e+00
     vertex  1.581588e+02 -8.763098e+01  1.510000e+00
     vertex  1.582095e+02 -8.750846e+01  1.510000e+00
   endloop
 endfacet
 facet normal  0.000000e+00  0.000000e+00  1.000000e+00
   outer loop
     vertex  1.581588e+02 -8.535394e+01  1.510000e+00
     vertex  1.439175e+02 -8.522246e+01  1.510000e+00
     vertex  1.439001e+02 -8.535394e+01  1.510000e+00
   endloop
 endfacet
 facet normal  0.000000e+00  0.000000e+00  1.000000e+00
   outer loop
     vertex  1.581588e+02 -8.535394e+01  1.510000e+00
     vertex  1.582095e+02 -8.750846e+01  1.510000e+00
     vertex  1.582095e+02 -8.547646e+01  1.510000e+00
   endloop
 endfacet
 facet normal  0.000000e+00  0.000000e+00  1.000000e+00
   outer loop
     vertex  1.585180e+02 -8.571315e+01  1.510000e+00
     vertex  1.583955e+02 -8.566240e+01  1.510000e+00
     vertex  1.583955e+02 -8.732252e+01  1.510000e+00
   endloop
 endfacet
 facet normal  0.000000e+00  0.000000e+00  1.000000e+00
   outer loop
     vertex  1.585180e+02 -8.571315e+01  1.510000e+00
     vertex  1.583955e+02 -8.732252e+01  1.510000e+00
     vertex  1.585180e+02 -8.727177e+01  1.510000e+00
   endloop
 endfacet
 facet normal  0.000000e+00  0.000000e+00  1.000000e+00
   outer loop
     vertex  1.581415e+02 -8.522246e+01  1.510000e+00
     vertex  1.439175e+02 -8.522246e+01  1.510000e+00
     vertex  1.581588e+02 -8.535394e+01  1.510000e+00
   endloop
 endfacet
 facet normal  0.000000e+00  0.000000e+00  1.000000e+00
   outer loop
     vertex  1.586495e+02 -8.573046e+01  1.510000e+00
     vertex  1.585180e+02 -8.571315e+01  1.510000e+00
     vertex  1.585180e+02 -8.727177e+01  1.510000e+00
   endloop
 endfacet
 facet normal  0.000000e+00  0.000000e+00  1.000000e+00
   outer loop
     vertex  1.586495e+02 -8.573046e+01  1.510000e+00
     vertex  1.585180e+02 -8.727177e+01  1.510000e+00
     vertex  1.586495e+02 -8.725446e+01  1.510000e+00
   endloop
 endfacet
 facet normal  0.000000e+00  0.000000e+00  1.000000e+00
   outer loop
     vertex  1.581588e+02 -8.509098e+01  1.510000e+00
     vertex  1.439175e+02 -8.522246e+01  1.510000e+00
     vertex  1.581415e+02 -8.522246e+01  1.510000e+00
   endloop
 endfacet
 facet normal  0.000000e+00  0.000000e+00  1.000000e+00
   outer loop
     vertex  1.581588e+02 -8.509098e+01  1.510000e+00
     vertex  1.439001e+02 -8.509098e+01  1.510000e+00
     vertex  1.439175e+02 -8.522246e+01  1.510000e+00
   endloop
 endfacet
 facet normal  0.000000e+00  0.000000e+00  1.000000e+00
   outer loop
     vertex  1.587809e+02 -8.571315e+01  1.510000e+00
     vertex  1.586495e+02 -8.573046e+01  1.510000e+00
     vertex  1.586495e+02 -8.725446e+01  1.510000e+00
   endloop
 endfacet
 facet normal  0.000000e+00  0.000000e+00  1.000000e+00
   outer loop
     vertex  1.587809e+02 -8.571315e+01  1.510000e+00
     vertex  1.586495e+02 -8.725446e+01  1.510000e+00
     vertex  1.587809e+02 -8.727177e+01  1.510000e+00
   endloop
 endfacet
 facet normal  0.000000e+00  0.000000e+00  1.000000e+00
   outer loop
     vertex  1.589035e+02 -8.566240e+01  1.510000e+00
     vertex  1.587809e+02 -8.571315e+01  1.510000e+00
     vertex  1.587809e+02 -8.727177e+01  1.510000e+00
   endloop
 endfacet
 facet normal  0.000000e+00  0.000000e+00  1.000000e+00
   outer loop
     vertex  1.589035e+02 -8.566240e+01  1.510000e+00
     vertex  1.587809e+02 -8.727177e+01  1.510000e+00
     vertex  1.589035e+02 -8.732252e+01  1.510000e+00
   endloop
 endfacet
 facet normal  0.000000e+00  0.000000e+00  1.000000e+00
   outer loop
     vertex  1.590087e+02 -8.558167e+01  1.510000e+00
     vertex  1.589035e+02 -8.566240e+01  1.510000e+00
     vertex  1.589035e+02 -8.732252e+01  1.510000e+00
   endloop
 endfacet
 facet normal  0.000000e+00  0.000000e+00  1.000000e+00
   outer loop
     vertex  1.590087e+02 -8.558167e+01  1.510000e+00
     vertex  1.589035e+02 -8.732252e+01  1.510000e+00
     vertex  1.590087e+02 -8.740325e+01  1.510000e+00
   endloop
 endfacet
 facet normal  0.000000e+00  0.000000e+00  1.000000e+00
   outer loop
     vertex  1.590087e+02 -8.558167e+01  1.510000e+00
     vertex  1.590087e+02 -8.740325e+01  1.510000e+00
     vertex  1.590894e+02 -8.750846e+01  1.510000e+00
   endloop
 endfacet
 facet normal  0.000000e+00  0.000000e+00  1.000000e+00
   outer loop
     vertex  1.590894e+02 -8.547646e+01  1.510000e+00
     vertex  1.590087e+02 -8.558167e+01  1.510000e+00
     vertex  1.590894e+02 -8.750846e+01  1.510000e+00
   endloop
 endfacet
 facet normal  0.000000e+00  0.000000e+00  1.000000e+00
   outer loop
     vertex  1.590894e+02 -8.547646e+01  1.510000e+00
     vertex  1.590894e+02 -8.750846e+01  1.510000e+00
     vertex  1.591401e+02 -8.763098e+01  1.510000e+00
   endloop
 endfacet
 facet normal  0.000000e+00  0.000000e+00  1.000000e+00
   outer loop
     vertex  1.591401e+02 -8.535394e+01  1.510000e+00
     vertex  1.590894e+02 -8.547646e+01  1.510000e+00
     vertex  1.591401e+02 -8.763098e+01  1.510000e+00
   endloop
 endfacet
 facet normal  0.000000e+00  0.000000e+00  1.000000e+00
   outer loop
     vertex  1.591575e+02 -8.522246e+01  1.510000e+00
     vertex  1.591401e+02 -8.535394e+01  1.510000e+00
     vertex  1.591401e+02 -8.763098e+01  1.510000e+00
   endloop
 endfacet
 facet normal  0.000000e+00  0.000000e+00  1.000000e+00
   outer loop
     vertex  1.591575e+02 -8.522246e+01  1.510000e+00
     vertex  1.591401e+02 -8.763098e+01  1.510000e+00
     vertex  1.591575e+02 -8.776246e+01  1.510000e+00
   endloop
 endfacet
 facet normal  0.000000e+00  0.000000e+00  1.000000e+00
   outer loop
     vertex  1.582095e+02 -8.293646e+01  1.510000e+00
     vertex  1.582902e+02 -8.486325e+01  1.510000e+00
     vertex  1.582902e+02 -8.304167e+01  1.510000e+00
   endloop
 endfacet
 facet normal  0.000000e+00  0.000000e+00  1.000000e+00
   outer loop
     vertex  1.582095e+02 -8.293646e+01  1.510000e+00
     vertex  1.581588e+02 -8.509098e+01  1.510000e+00
     vertex  1.582095e+02 -8.496846e+01  1.510000e+00
   endloop
 endfacet
 facet normal  0.000000e+00  0.000000e+00  1.000000e+00
   outer loop
     vertex  1.582095e+02 -8.293646e+01  1.510000e+00
     vertex  1.582095e+02 -8.496846e+01  1.510000e+00
     vertex  1.582902e+02 -8.486325e+01  1.510000e+00
   endloop
 endfacet
 facet normal  0.000000e+00  0.000000e+00  1.000000e+00
   outer loop
     vertex  1.583955e+02 -8.312240e+01  1.510000e+00
     vertex  1.582902e+02 -8.304167e+01  1.510000e+00
     vertex  1.582902e+02 -8.486325e+01  1.510000e+00
   endloop
 endfacet
 facet normal  0.000000e+00  0.000000e+00  1.000000e+00
   outer loop
     vertex  1.583955e+02 -8.312240e+01  1.510000e+00
     vertex  1.582902e+02 -8.486325e+01  1.510000e+00
     vertex  1.583955e+02 -8.478252e+01  1.510000e+00
   endloop
 endfacet
 facet normal  0.000000e+00  0.000000e+00  1.000000e+00
   outer loop
     vertex  1.581588e+02 -8.281394e+01  1.510000e+00
     vertex  1.439001e+02 -8.509098e+01  1.510000e+00
     vertex  1.581588e+02 -8.509098e+01  1.510000e+00
   endloop
 endfacet
 facet normal  0.000000e+00  0.000000e+00  1.000000e+00
   outer loop
     vertex  1.581588e+02 -8.281394e+01  1.510000e+00
     vertex  1.439001e+02 -8.281394e+01  1.510000e+00
     vertex  1.439001e+02 -8.509098e+01  1.510000e+00
   endloop
 endfacet
 facet normal  0.000000e+00  0.000000e+00  1.000000e+00
   outer loop
     vertex  1.581588e+02 -8.281394e+01  1.510000e+00
     vertex  1.581588e+02 -8.509098e+01  1.510000e+00
     vertex  1.582095e+02 -8.293646e+01  1.510000e+00
   endloop
 endfacet
 facet normal  0.000000e+00  0.000000e+00  1.000000e+00
   outer loop
     vertex  1.585180e+02 -8.317315e+01  1.510000e+00
     vertex  1.583955e+02 -8.312240e+01  1.510000e+00
     vertex  1.583955e+02 -8.478252e+01  1.510000e+00
   endloop
 endfacet
 facet normal  0.000000e+00  0.000000e+00  1.000000e+00
   outer loop
     vertex  1.585180e+02 -8.317315e+01  1.510000e+00
     vertex  1.583955e+02 -8.478252e+01  1.510000e+00
     vertex  1.585180e+02 -8.473177e+01  1.510000e+00
   endloop
 endfacet
 facet normal  0.000000e+00  0.000000e+00  1.000000e+00
   outer loop
     vertex  1.585180e+02 -8.317315e+01  1.510000e+00
     vertex  1.585180e+02 -8.473177e+01  1.510000e+00
     vertex  1.586495e+02 -8.471446e+01  1.510000e+00
   endloop
 endfacet
 facet normal  0.000000e+00  0.000000e+00  1.000000e+00
   outer loop
     vertex  1.581415e+02 -8.268246e+01  1.510000e+00
     vertex  1.439001e+02 -8.255098e+01  1.510000e+00
     vertex  1.439175e+02 -8.268246e+01  1.510000e+00
   endloop
 endfacet
 facet normal  0.000000e+00  0.000000e+00  1.000000e+00
   outer loop
     vertex  1.581415e+02 -8.268246e+01  1.510000e+00
     vertex  1.439175e+02 -8.268246e+01  1.510000e+00
     vertex  1.439001e+02 -8.281394e+01  1.510000e+00
   endloop
 endfacet
 facet normal  0.000000e+00  0.000000e+00  1.000000e+00
   outer loop
     vertex  1.581415e+02 -8.268246e+01  1.510000e+00
     vertex  1.439001e+02 -8.281394e+01  1.510000e+00
     vertex  1.581588e+02 -8.281394e+01  1.510000e+00
   endloop
 endfacet
 facet normal  0.000000e+00  0.000000e+00  1.000000e+00
   outer loop
     vertex  1.586495e+02 -8.319046e+01  1.510000e+00
     vertex  1.585180e+02 -8.317315e+01  1.510000e+00
     vertex  1.586495e+02 -8.471446e+01  1.510000e+00
   endloop
 endfacet
 facet normal  0.000000e+00  0.000000e+00  1.000000e+00
   outer loop
     vertex  1.586495e+02 -8.319046e+01  1.510000e+00
     vertex  1.586495e+02 -8.471446e+01  1.510000e+00
     vertex  1.587809e+02 -8.473177e+01  1.510000e+00
   endloop
 endfacet
 facet normal  0.000000e+00  0.000000e+00  1.000000e+00
   outer loop
     vertex  1.581588e+02 -8.255098e+01  1.510000e+00
     vertex  1.439001e+02 -8.255098e+01  1.510000e+00
     vertex  1.581415e+02 -8.268246e+01  1.510000e+00
   endloop
 endfacet
 facet normal  0.000000e+00  0.000000e+00  1.000000e+00
   outer loop
     vertex  1.587809e+02 -8.317315e+01  1.510000e+00
     vertex  1.586495e+02 -8.319046e+01  1.510000e+00
     vertex  1.587809e+02 -8.473177e+01  1.510000e+00
   endloop
 endfacet
 facet normal  0.000000e+00  0.000000e+00  1.000000e+00
   outer loop
     vertex  1.589035e+02 -8.312240e+01  1.510000e+00
     vertex  1.587809e+02 -8.317315e+01  1.510000e+00
     vertex  1.587809e+02 -8.473177e+01  1.510000e+00
   endloop
 endfacet
 facet normal  0.000000e+00  0.000000e+00  1.000000e+00
   outer loop
     vertex  1.589035e+02 -8.312240e+01  1.510000e+00
     vertex  1.587809e+02 -8.473177e+01  1.510000e+00
     vertex  1.589035e+02 -8.478252e+01  1.510000e+00
   endloop
 endfacet
 facet normal  0.000000e+00  0.000000e+00  1.000000e+00
   outer loop
     vertex  1.590087e+02 -8.304167e+01  1.510000e+00
     vertex  1.589035e+02 -8.312240e+01  1.510000e+00
     vertex  1.589035e+02 -8.478252e+01  1.510000e+00
   endloop
 endfacet
 facet normal  0.000000e+00  0.000000e+00  1.000000e+00
   outer loop
     vertex  1.590087e+02 -8.304167e+01  1.510000e+00
     vertex  1.589035e+02 -8.478252e+01  1.510000e+00
     vertex  1.590087e+02 -8.486325e+01  1.510000e+00
   endloop
 endfacet
 facet normal  0.000000e+00  0.000000e+00  1.000000e+00
   outer loop
     vertex  1.590087e+02 -8.304167e+01  1.510000e+00
     vertex  1.590087e+02 -8.486325e+01  1.510000e+00
     vertex  1.590894e+02 -8.496846e+01  1.510000e+00
   endloop
 endfacet
 facet normal  0.000000e+00  0.000000e+00  1.000000e+00
   outer loop
     vertex  1.590894e+02 -8.293646e+01  1.510000e+00
     vertex  1.590087e+02 -8.304167e+01  1.510000e+00
     vertex  1.590894e+02 -8.496846e+01  1.510000e+00
   endloop
 endfacet
 facet normal  0.000000e+00  0.000000e+00  1.000000e+00
   outer loop
     vertex  1.591401e+02 -8.281394e+01  1.510000e+00
     vertex  1.590894e+02 -8.496846e+01  1.510000e+00
     vertex  1.591401e+02 -8.509098e+01  1.510000e+00
   endloop
 endfacet
 facet normal  0.000000e+00  0.000000e+00  1.000000e+00
   outer loop
     vertex  1.591401e+02 -8.281394e+01  1.510000e+00
     vertex  1.590894e+02 -8.293646e+01  1.510000e+00
     vertex  1.590894e+02 -8.496846e+01  1.510000e+00
   endloop
 endfacet
 facet normal  0.000000e+00  0.000000e+00  1.000000e+00
   outer loop
     vertex  1.591575e+02 -8.268246e+01  1.510000e+00
     vertex  1.591401e+02 -8.509098e+01  1.510000e+00
     vertex  1.591575e+02 -8.522246e+01  1.510000e+00
   endloop
 endfacet
 facet normal  0.000000e+00  0.000000e+00  1.000000e+00
   outer loop
     vertex  1.591575e+02 -8.268246e+01  1.510000e+00
     vertex  1.591401e+02 -8.281394e+01  1.510000e+00
     vertex  1.591401e+02 -8.509098e+01  1.510000e+00
   endloop
 endfacet
 facet normal  0.000000e+00  0.000000e+00  1.000000e+00
   outer loop
     vertex  1.582902e+02 -8.050167e+01  1.510000e+00
     vertex  1.582902e+02 -8.232325e+01  1.510000e+00
     vertex  1.583955e+02 -8.224252e+01  1.510000e+00
   endloop
 endfacet
 facet normal  0.000000e+00  0.000000e+00  1.000000e+00
   outer loop
     vertex  1.582095e+02 -8.039646e+01  1.510000e+00
     vertex  1.582095e+02 -8.242846e+01  1.510000e+00
     vertex  1.582902e+02 -8.232325e+01  1.510000e+00
   endloop
 endfacet
 facet normal  0.000000e+00  0.000000e+00  1.000000e+00
   outer loop
     vertex  1.582095e+02 -8.039646e+01  1.510000e+00
     vertex  1.582902e+02 -8.232325e+01  1.510000e+00
     vertex  1.582902e+02 -8.050167e+01  1.510000e+00
   endloop
 endfacet
 facet normal  0.000000e+00  0.000000e+00  1.000000e+00
   outer loop
     vertex  1.583955e+02 -8.058240e+01  1.510000e+00
     vertex  1.582902e+02 -8.050167e+01  1.510000e+00
     vertex  1.583955e+02 -8.224252e+01  1.510000e+00
   endloop
 endfacet
 facet normal  0.000000e+00  0.000000e+00  1.000000e+00
   outer loop
     vertex  1.581588e+02 -8.027394e+01  1.510000e+00
     vertex  1.439001e+02 -8.027394e+01  1.510000e+00
     vertex  1.439001e+02 -8.255098e+01  1.510000e+00
   endloop
 endfacet
 facet normal  0.000000e+00  0.000000e+00  1.000000e+00
   outer loop
     vertex  1.581588e+02 -8.027394e+01  1.510000e+00
     vertex  1.581588e+02 -8.255098e+01  1.510000e+00
     vertex  1.582095e+02 -8.242846e+01  1.510000e+00
   endloop
 endfacet
 facet normal  0.000000e+00  0.000000e+00  1.000000e+00
   outer loop
     vertex  1.581588e+02 -8.027394e+01  1.510000e+00
     vertex  1.582095e+02 -8.242846e+01  1.510000e+00
     vertex  1.582095e+02 -8.039646e+01  1.510000e+00
   endloop
 endfacet
 facet normal  0.000000e+00  0.000000e+00  1.000000e+00
   outer loop
     vertex  1.581588e+02 -8.027394e+01  1.510000e+00
     vertex  1.439001e+02 -8.255098e+01  1.510000e+00
     vertex  1.581588e+02 -8.255098e+01  1.510000e+00
   endloop
 endfacet
 facet normal  0.000000e+00  0.000000e+00  1.000000e+00
   outer loop
     vertex  1.585180e+02 -8.063315e+01  1.510000e+00
     vertex  1.583955e+02 -8.058240e+01  1.510000e+00
     vertex  1.583955e+02 -8.224252e+01  1.510000e+00
   endloop
 endfacet
 facet normal  0.000000e+00  0.000000e+00  1.000000e+00
   outer loop
     vertex  1.585180e+02 -8.063315e+01  1.510000e+00
     vertex  1.583955e+02 -8.224252e+01  1.510000e+00
     vertex  1.585180e+02 -8.219177e+01  1.510000e+00
   endloop
 endfacet
 facet normal  0.000000e+00  0.000000e+00  1.000000e+00
   outer loop
     vertex  1.585180e+02 -8.063315e+01  1.510000e+00
     vertex  1.585180e+02 -8.219177e+01  1.510000e+00
     vertex  1.586495e+02 -8.217446e+01  1.510000e+00
   endloop
 endfacet
 facet normal  0.000000e+00  0.000000e+00  1.000000e+00
   outer loop
     vertex  1.581415e+02 -8.014246e+01  1.510000e+00
     vertex  1.439001e+02 -8.027394e+01  1.510000e+00
     vertex  1.581588e+02 -8.027394e+01  1.510000e+00
   endloop
 endfacet
 facet normal  0.000000e+00  0.000000e+00  1.000000e+00
   outer loop
     vertex  1.581415e+02 -8.014246e+01  1.510000e+00
     vertex  1.439001e+02 -8.001098e+01  1.510000e+00
     vertex  1.439175e+02 -8.014246e+01  1.510000e+00
   endloop
 endfacet
 facet normal  0.000000e+00  0.000000e+00  1.000000e+00
   outer loop
     vertex  1.581415e+02 -8.014246e+01  1.510000e+00
     vertex  1.439175e+02 -8.014246e+01  1.510000e+00
     vertex  1.439001e+02 -8.027394e+01  1.510000e+00
   endloop
 endfacet
 facet normal  0.000000e+00  0.000000e+00  1.000000e+00
   outer loop
     vertex  1.586495e+02 -8.065046e+01  1.510000e+00
     vertex  1.585180e+02 -8.063315e+01  1.510000e+00
     vertex  1.586495e+02 -8.217446e+01  1.510000e+00
   endloop
 endfacet
 facet normal  0.000000e+00  0.000000e+00  1.000000e+00
   outer loop
     vertex  1.581588e+02 -8.001098e+01  1.510000e+00
     vertex  1.439001e+02 -8.001098e+01  1.510000e+00
     vertex  1.581415e+02 -8.014246e+01  1.510000e+00
   endloop
 endfacet
 facet normal  0.000000e+00  0.000000e+00  1.000000e+00
   outer loop
     vertex  1.587809e+02 -8.063315e+01  1.510000e+00
     vertex  1.586495e+02 -8.217446e+01  1.510000e+00
     vertex  1.587809e+02 -8.219177e+01  1.510000e+00
   endloop
 endfacet
 facet normal  0.000000e+00  0.000000e+00  1.000000e+00
   outer loop
     vertex  1.587809e+02 -8.063315e+01  1.510000e+00
     vertex  1.586495e+02 -8.065046e+01  1.510000e+00
     vertex  1.586495e+02 -8.217446e+01  1.510000e+00
   endloop
 endfacet
 facet normal  0.000000e+00  0.000000e+00  1.000000e+00
   outer loop
     vertex  1.589035e+02 -8.058240e+01  1.510000e+00
     vertex  1.587809e+02 -8.219177e+01  1.510000e+00
     vertex  1.589035e+02 -8.224252e+01  1.510000e+00
   endloop
 endfacet
 facet normal  0.000000e+00  0.000000e+00  1.000000e+00
   outer loop
     vertex  1.589035e+02 -8.058240e+01  1.510000e+00
     vertex  1.587809e+02 -8.063315e+01  1.510000e+00
     vertex  1.587809e+02 -8.219177e+01  1.510000e+00
   endloop
 endfacet
 facet normal  0.000000e+00  0.000000e+00  1.000000e+00
   outer loop
     vertex  1.590087e+02 -8.050167e+01  1.510000e+00
     vertex  1.589035e+02 -8.058240e+01  1.510000e+00
     vertex  1.589035e+02 -8.224252e+01  1.510000e+00
   endloop
 endfacet
 facet normal  0.000000e+00  0.000000e+00  1.000000e+00
   outer loop
     vertex  1.590087e+02 -8.050167e+01  1.510000e+00
     vertex  1.589035e+02 -8.224252e+01  1.510000e+00
     vertex  1.590087e+02 -8.232325e+01  1.510000e+00
   endloop
 endfacet
 facet normal  0.000000e+00  0.000000e+00  1.000000e+00
   outer loop
     vertex  1.590894e+02 -8.039646e+01  1.510000e+00
     vertex  1.590087e+02 -8.232325e+01  1.510000e+00
     vertex  1.590894e+02 -8.242846e+01  1.510000e+00
   endloop
 endfacet
 facet normal  0.000000e+00  0.000000e+00  1.000000e+00
   outer loop
     vertex  1.590894e+02 -8.039646e+01  1.510000e+00
     vertex  1.590894e+02 -8.242846e+01  1.510000e+00
     vertex  1.591401e+02 -8.255098e+01  1.510000e+00
   endloop
 endfacet
 facet normal  0.000000e+00  0.000000e+00  1.000000e+00
   outer loop
     vertex  1.590894e+02 -8.039646e+01  1.510000e+00
     vertex  1.590087e+02 -8.050167e+01  1.510000e+00
     vertex  1.590087e+02 -8.232325e+01  1.510000e+00
   endloop
 endfacet
 facet normal  0.000000e+00  0.000000e+00  1.000000e+00
   outer loop
     vertex  1.591401e+02 -8.027394e+01  1.510000e+00
     vertex  1.590894e+02 -8.039646e+01  1.510000e+00
     vertex  1.591401e+02 -8.255098e+01  1.510000e+00
   endloop
 endfacet
 facet normal  0.000000e+00  0.000000e+00  1.000000e+00
   outer loop
     vertex  1.582902e+02 -7.796167e+01  1.510000e+00
     vertex  1.582902e+02 -7.978325e+01  1.510000e+00
     vertex  1.583955e+02 -7.970252e+01  1.510000e+00
   endloop
 endfacet
 facet normal  0.000000e+00  0.000000e+00  1.000000e+00
   outer loop
     vertex  1.582095e+02 -7.785646e+01  1.510000e+00
     vertex  1.582902e+02 -7.978325e+01  1.510000e+00
     vertex  1.582902e+02 -7.796167e+01  1.510000e+00
   endloop
 endfacet
 facet normal  0.000000e+00  0.000000e+00  1.000000e+00
   outer loop
     vertex  1.582095e+02 -7.785646e+01  1.510000e+00
     vertex  1.582095e+02 -7.988846e+01  1.510000e+00
     vertex  1.582902e+02 -7.978325e+01  1.510000e+00
   endloop
 endfacet
 facet normal  0.000000e+00  0.000000e+00  1.000000e+00
   outer loop
     vertex  1.583955e+02 -7.804240e+01  1.510000e+00
     vertex  1.582902e+02 -7.796167e+01  1.510000e+00
     vertex  1.583955e+02 -7.970252e+01  1.510000e+00
   endloop
 endfacet
 facet normal  0.000000e+00  0.000000e+00  1.000000e+00
   outer loop
     vertex  1.581588e+02 -7.773394e+01  1.510000e+00
     vertex  1.439001e+02 -7.773394e+01  1.510000e+00
     vertex  1.439001e+02 -8.001098e+01  1.510000e+00
   endloop
 endfacet
 facet normal  0.000000e+00  0.000000e+00  1.000000e+00
   outer loop
     vertex  1.581588e+02 -7.773394e+01  1.510000e+00
     vertex  1.439001e+02 -8.001098e+01  1.510000e+00
     vertex  1.581588e+02 -8.001098e+01  1.510000e+00
   endloop
 endfacet
 facet normal  0.000000e+00  0.000000e+00  1.000000e+00
   outer loop
     vertex  1.581588e+02 -7.773394e+01  1.510000e+00
     vertex  1.581588e+02 -8.001098e+01  1.510000e+00
     vertex  1.582095e+02 -7.988846e+01  1.510000e+00
   endloop
 endfacet
 facet normal  0.000000e+00  0.000000e+00  1.000000e+00
   outer loop
     vertex  1.581588e+02 -7.773394e+01  1.510000e+00
     vertex  1.582095e+02 -7.988846e+01  1.510000e+00
     vertex  1.582095e+02 -7.785646e+01  1.510000e+00
   endloop
 endfacet
 facet normal  0.000000e+00  0.000000e+00  1.000000e+00
   outer loop
     vertex  1.585180e+02 -7.809315e+01  1.510000e+00
     vertex  1.583955e+02 -7.970252e+01  1.510000e+00
     vertex  1.585180e+02 -7.965177e+01  1.510000e+00
   endloop
 endfacet
 facet normal  0.000000e+00  0.000000e+00  1.000000e+00
   outer loop
     vertex  1.585180e+02 -7.809315e+01  1.510000e+00
     vertex  1.583955e+02 -7.804240e+01  1.510000e+00
     vertex  1.583955e+02 -7.970252e+01  1.510000e+00
   endloop
 endfacet
 facet normal  0.000000e+00  0.000000e+00  1.000000e+00
   outer loop
     vertex  1.581415e+02 -7.760246e+01  1.510000e+00
     vertex  1.439175e+02 -7.760246e+01  1.510000e+00
     vertex  1.439001e+02 -7.773394e+01  1.510000e+00
   endloop
 endfacet
 facet normal  0.000000e+00  0.000000e+00  1.000000e+00
   outer loop
     vertex  1.581415e+02 -7.760246e+01  1.510000e+00
     vertex  1.439001e+02 -7.773394e+01  1.510000e+00
     vertex  1.581588e+02 -7.773394e+01  1.510000e+00
   endloop
 endfacet
 facet normal  0.000000e+00  0.000000e+00  1.000000e+00
   outer loop
     vertex  1.586495e+02 -7.811046e+01  1.510000e+00
     vertex  1.585180e+02 -7.965177e+01  1.510000e+00
     vertex  1.586495e+02 -7.963446e+01  1.510000e+00
   endloop
 endfacet
 facet normal  0.000000e+00  0.000000e+00  1.000000e+00
   outer loop
     vertex  1.586495e+02 -7.811046e+01  1.510000e+00
     vertex  1.585180e+02 -7.809315e+01  1.510000e+00
     vertex  1.585180e+02 -7.965177e+01  1.510000e+00
   endloop
 endfacet
 facet normal  0.000000e+00  0.000000e+00  1.000000e+00
   outer loop
     vertex  1.581588e+02 -7.747098e+01  1.510000e+00
     vertex  1.439175e+02 -7.760246e+01  1.510000e+00
     vertex  1.581415e+02 -7.760246e+01  1.510000e+00
   endloop
 endfacet
 facet normal  0.000000e+00  0.000000e+00  1.000000e+00
   outer loop
     vertex  1.581588e+02 -7.747098e+01  1.510000e+00
     vertex  1.439001e+02 -7.747098e+01  1.510000e+00
     vertex  1.439175e+02 -7.760246e+01  1.510000e+00
   endloop
 endfacet
 facet normal  0.000000e+00  0.000000e+00  1.000000e+00
   outer loop
     vertex  1.587809e+02 -7.809315e+01  1.510000e+00
     vertex  1.586495e+02 -7.963446e+01  1.510000e+00
     vertex  1.587809e+02 -7.965177e+01  1.510000e+00
   endloop
 endfacet
 facet normal  0.000000e+00  0.000000e+00  1.000000e+00
   outer loop
     vertex  1.587809e+02 -7.809315e+01  1.510000e+00
     vertex  1.586495e+02 -7.811046e+01  1.510000e+00
     vertex  1.586495e+02 -7.963446e+01  1.510000e+00
   endloop
 endfacet
 facet normal  0.000000e+00  0.000000e+00  1.000000e+00
   outer loop
     vertex  1.582095e+02 -7.734846e+01  1.510000e+00
     vertex  1.438494e+02 -7.734846e+01  1.510000e+00
     vertex  1.439001e+02 -7.747098e+01  1.510000e+00
   endloop
 endfacet
 facet normal  0.000000e+00  0.000000e+00  1.000000e+00
   outer loop
     vertex  1.582095e+02 -7.734846e+01  1.510000e+00
     vertex  1.439001e+02 -7.747098e+01  1.510000e+00
     vertex  1.581588e+02 -7.747098e+01  1.510000e+00
   endloop
 endfacet
 facet normal  0.000000e+00  0.000000e+00  1.000000e+00
   outer loop
     vertex  1.589035e+02 -7.804240e+01  1.510000e+00
     vertex  1.587809e+02 -7.965177e+01  1.510000e+00
     vertex  1.589035e+02 -7.970252e+01  1.510000e+00
   endloop
 endfacet
 facet normal  0.000000e+00  0.000000e+00  1.000000e+00
   outer loop
     vertex  1.589035e+02 -7.804240e+01  1.510000e+00
     vertex  1.587809e+02 -7.809315e+01  1.510000e+00
     vertex  1.587809e+02 -7.965177e+01  1.510000e+00
   endloop
 endfacet
 facet normal  0.000000e+00  0.000000e+00  1.000000e+00
   outer loop
     vertex  1.582902e+02 -7.724325e+01  1.510000e+00
     vertex  1.438494e+02 -7.734846e+01  1.510000e+00
     vertex  1.582095e+02 -7.734846e+01  1.510000e+00
   endloop
 endfacet
 facet normal  0.000000e+00  0.000000e+00  1.000000e+00
   outer loop
     vertex  1.582902e+02 -7.724325e+01  1.510000e+00
     vertex  1.437687e+02 -7.724325e+01  1.510000e+00
     vertex  1.438494e+02 -7.734846e+01  1.510000e+00
   endloop
 endfacet
 facet normal  0.000000e+00  0.000000e+00  1.000000e+00
   outer loop
     vertex  1.590087e+02 -7.796167e+01  1.510000e+00
     vertex  1.589035e+02 -7.970252e+01  1.510000e+00
     vertex  1.590087e+02 -7.978325e+01  1.510000e+00
   endloop
 endfacet
 facet normal  0.000000e+00  0.000000e+00  1.000000e+00
   outer loop
     vertex  1.590087e+02 -7.796167e+01  1.510000e+00
     vertex  1.590087e+02 -7.978325e+01  1.510000e+00
     vertex  1.590894e+02 -7.988846e+01  1.510000e+00
   endloop
 endfacet
 facet normal  0.000000e+00  0.000000e+00  1.000000e+00
   outer loop
     vertex  1.590087e+02 -7.796167e+01  1.510000e+00
     vertex  1.589035e+02 -7.804240e+01  1.510000e+00
     vertex  1.589035e+02 -7.970252e+01  1.510000e+00
   endloop
 endfacet
 facet normal  0.000000e+00  0.000000e+00  1.000000e+00
   outer loop
     vertex  1.583955e+02 -7.716252e+01  1.510000e+00
     vertex  1.437687e+02 -7.724325e+01  1.510000e+00
     vertex  1.582902e+02 -7.724325e+01  1.510000e+00
   endloop
 endfacet
 facet normal  0.000000e+00  0.000000e+00  1.000000e+00
   outer loop
     vertex  1.583955e+02 -7.716252e+01  1.510000e+00
     vertex  1.435409e+02 -7.711177e+01  1.510000e+00
     vertex  1.436635e+02 -7.716252e+01  1.510000e+00
   endloop
 endfacet
 facet normal  0.000000e+00  0.000000e+00  1.000000e+00
   outer loop
     vertex  1.583955e+02 -7.716252e+01  1.510000e+00
     vertex  1.436635e+02 -7.716252e+01  1.510000e+00
     vertex  1.437687e+02 -7.724325e+01  1.510000e+00
   endloop
 endfacet
 facet normal  0.000000e+00  0.000000e+00  1.000000e+00
   outer loop
     vertex  1.590894e+02 -7.785646e+01  1.510000e+00
     vertex  1.590087e+02 -7.796167e+01  1.510000e+00
     vertex  1.590894e+02 -7.988846e+01  1.510000e+00
   endloop
 endfacet
 facet normal  0.000000e+00  0.000000e+00  1.000000e+00
   outer loop
     vertex  1.590894e+02 -7.785646e+01  1.510000e+00
     vertex  1.590894e+02 -7.988846e+01  1.510000e+00
     vertex  1.591401e+02 -8.001098e+01  1.510000e+00
   endloop
 endfacet
 facet normal  0.000000e+00  0.000000e+00  1.000000e+00
   outer loop
     vertex  1.585180e+02 -7.711177e+01  1.510000e+00
     vertex  1.435409e+02 -7.711177e+01  1.510000e+00
     vertex  1.583955e+02 -7.716252e+01  1.510000e+00
   endloop
 endfacet
 facet normal  0.000000e+00  0.000000e+00  1.000000e+00
   outer loop
     vertex  1.585180e+02 -7.711177e+01  1.510000e+00
     vertex  1.385835e+02 -7.506246e+01  1.510000e+00
     vertex  1.435409e+02 -7.711177e+01  1.510000e+00
   endloop
 endfacet
 facet normal  0.000000e+00  0.000000e+00  1.000000e+00
   outer loop
     vertex  1.591401e+02 -7.773394e+01  1.510000e+00
     vertex  1.590894e+02 -7.785646e+01  1.510000e+00
     vertex  1.591401e+02 -8.001098e+01  1.510000e+00
   endloop
 endfacet
 facet normal  0.000000e+00  0.000000e+00  1.000000e+00
   outer loop
     vertex  1.586495e+02 -7.709446e+01  1.510000e+00
     vertex  1.385835e+02 -7.506246e+01  1.510000e+00
     vertex  1.585180e+02 -7.711177e+01  1.510000e+00
   endloop
 endfacet
 facet normal  0.000000e+00  0.000000e+00  1.000000e+00
   outer loop
     vertex  2.114815e+02 -1.151945e+02  1.510000e+00
     vertex  1.591401e+02 -9.297394e+01  1.510000e+00
     vertex  1.695715e+02 -1.263705e+02  1.510000e+00
   endloop
 endfacet
 facet normal  0.000000e+00  0.000000e+00  1.000000e+00
   outer loop
     vertex  2.114815e+02 -1.151945e+02  1.510000e+00
     vertex  1.695715e+02 -1.263705e+02  1.510000e+00
     vertex  1.789695e+02 -1.311965e+02  1.510000e+00
   endloop
 endfacet
 facet normal  0.000000e+00  0.000000e+00  1.000000e+00
   outer loop
     vertex  2.114815e+02 -1.151945e+02  1.510000e+00
     vertex  1.789695e+02 -1.311965e+02  1.510000e+00
     vertex  1.962415e+02 -1.311965e+02  1.510000e+00
   endloop
 endfacet
 facet normal  0.000000e+00  0.000000e+00  1.000000e+00
   outer loop
     vertex  1.716035e+02 -7.506246e+01  1.510000e+00
     vertex  1.591401e+02 -8.027394e+01  1.510000e+00
     vertex  1.591401e+02 -8.255098e+01  1.510000e+00
   endloop
 endfacet
 facet normal  0.000000e+00  0.000000e+00  1.000000e+00
   outer loop
     vertex  1.716035e+02 -7.506246e+01  1.510000e+00
     vertex  1.591575e+02 -9.284246e+01  1.510000e+00
     vertex  1.591401e+02 -9.297394e+01  1.510000e+00
   endloop
 endfacet
 facet normal  0.000000e+00  0.000000e+00  1.000000e+00
   outer loop
     vertex  1.716035e+02 -7.506246e+01  1.510000e+00
     vertex  1.591401e+02 -8.255098e+01  1.510000e+00
     vertex  1.591575e+02 -8.268246e+01  1.510000e+00
   endloop
 endfacet
 facet normal  0.000000e+00  0.000000e+00  1.000000e+00
   outer loop
     vertex  1.716035e+02 -7.506246e+01  1.510000e+00
     vertex  1.591575e+02 -8.776246e+01  1.510000e+00
     vertex  1.591575e+02 -9.030246e+01  1.510000e+00
   endloop
 endfacet
 facet normal  0.000000e+00  0.000000e+00  1.000000e+00
   outer loop
     vertex  1.716035e+02 -7.506246e+01  1.510000e+00
     vertex  1.591401e+02 -8.001098e+01  1.510000e+00
     vertex  1.591575e+02 -8.014246e+01  1.510000e+00
   endloop
 endfacet
 facet normal  0.000000e+00  0.000000e+00  1.000000e+00
   outer loop
     vertex  1.716035e+02 -7.506246e+01  1.510000e+00
     vertex  1.591575e+02 -8.014246e+01  1.510000e+00
     vertex  1.591401e+02 -8.027394e+01  1.510000e+00
   endloop
 endfacet
 facet normal  0.000000e+00  0.000000e+00  1.000000e+00
   outer loop
     vertex  1.716035e+02 -7.506246e+01  1.510000e+00
     vertex  1.591575e+02 -8.268246e+01  1.510000e+00
     vertex  1.591575e+02 -8.522246e+01  1.510000e+00
   endloop
 endfacet
 facet normal  0.000000e+00  0.000000e+00  1.000000e+00
   outer loop
     vertex  1.716035e+02 -7.506246e+01  1.510000e+00
     vertex  1.586495e+02 -7.709446e+01  1.510000e+00
     vertex  1.587809e+02 -7.711177e+01  1.510000e+00
   endloop
 endfacet
 facet normal  0.000000e+00  0.000000e+00  1.000000e+00
   outer loop
     vertex  1.716035e+02 -7.506246e+01  1.510000e+00
     vertex  1.587809e+02 -7.711177e+01  1.510000e+00
     vertex  1.589035e+02 -7.716252e+01  1.510000e+00
   endloop
 endfacet
 facet normal  0.000000e+00  0.000000e+00  1.000000e+00
   outer loop
     vertex  1.716035e+02 -7.506246e+01  1.510000e+00
     vertex  1.589035e+02 -7.716252e+01  1.510000e+00
     vertex  1.590087e+02 -7.724325e+01  1.510000e+00
   endloop
 endfacet
 facet normal  0.000000e+00  0.000000e+00  1.000000e+00
   outer loop
     vertex  1.716035e+02 -7.506246e+01  1.510000e+00
     vertex  1.590087e+02 -7.724325e+01  1.510000e+00
     vertex  1.590894e+02 -7.734846e+01  1.510000e+00
   endloop
 endfacet
 facet normal  0.000000e+00  0.000000e+00  1.000000e+00
   outer loop
     vertex  1.716035e+02 -7.506246e+01  1.510000e+00
     vertex  1.590894e+02 -7.734846e+01  1.510000e+00
     vertex  1.591401e+02 -7.747098e+01  1.510000e+00
   endloop
 endfacet
 facet normal  0.000000e+00  0.000000e+00  1.000000e+00
   outer loop
     vertex  1.716035e+02 -7.506246e+01  1.510000e+00
     vertex  1.591401e+02 -7.747098e+01  1.510000e+00
     vertex  1.591575e+02 -7.760246e+01  1.510000e+00
   endloop
 endfacet
 facet normal  0.000000e+00  0.000000e+00  1.000000e+00
   outer loop
     vertex  1.716035e+02 -7.506246e+01  1.510000e+00
     vertex  1.591575e+02 -7.760246e+01  1.510000e+00
     vertex  1.591401e+02 -7.773394e+01  1.510000e+00
   endloop
 endfacet
 facet normal  0.000000e+00  0.000000e+00  1.000000e+00
   outer loop
     vertex  1.716035e+02 -7.506246e+01  1.510000e+00
     vertex  1.591575e+02 -8.522246e+01  1.510000e+00
     vertex  1.591575e+02 -8.776246e+01  1.510000e+00
   endloop
 endfacet
 facet normal  0.000000e+00  0.000000e+00  1.000000e+00
   outer loop
     vertex  1.716035e+02 -7.506246e+01  1.510000e+00
     vertex  1.591401e+02 -7.773394e+01  1.510000e+00
     vertex  1.591401e+02 -8.001098e+01  1.510000e+00
   endloop
 endfacet
 facet normal  0.000000e+00  0.000000e+00  1.000000e+00
   outer loop
     vertex  1.716035e+02 -7.506246e+01  1.510000e+00
     vertex  1.591575e+02 -9.030246e+01  1.510000e+00
     vertex  1.591575e+02 -9.284246e+01  1.510000e+00
   endloop
 endfacet
 facet normal  0.000000e+00  0.000000e+00  1.000000e+00
   outer loop
     vertex  2.114815e+02 -8.573046e+01  1.510000e+00
     vertex  1.825255e+02 -6.972846e+01  1.510000e+00
     vertex  1.716035e+02 -7.506246e+01  1.510000e+00
   endloop
 endfacet
 facet normal  0.000000e+00  0.000000e+00  1.000000e+00
   outer loop
     vertex  2.114815e+02 -8.573046e+01  1.510000e+00
     vertex  1.716035e+02 -7.506246e+01  1.510000e+00
     vertex  1.591401e+02 -9.297394e+01  1.510000e+00
   endloop
 endfacet
 facet normal  0.000000e+00  0.000000e+00  1.000000e+00
   outer loop
     vertex  2.114815e+02 -8.573046e+01  1.510000e+00
     vertex  1.591401e+02 -9.297394e+01  1.510000e+00
     vertex  2.114815e+02 -1.151945e+02  1.510000e+00
   endloop
 endfacet
 facet normal  0.000000e+00  0.000000e+00  1.000000e+00
   outer loop
     vertex  1.985275e+02 -6.972846e+01  1.510000e+00
     vertex  1.825255e+02 -6.972846e+01  1.510000e+00
     vertex  2.114815e+02 -8.573046e+01  1.510000e+00
   endloop
 endfacet
 facet normal  0.000000e+00  0.000000e+00  1.000000e+00
   outer loop
     vertex  1.716035e+02 -7.506246e+01  1.510000e+00
     vertex  1.385835e+02 -7.506246e+01  1.510000e+00
     vertex  1.586495e+02 -7.709446e+01  1.510000e+00
   endloop
 endfacet
 facet normal  0.000000e+00  0.000000e+00  1.000000e+00
   outer loop
     vertex  1.091195e+02 -1.263705e+02  1.510000e+00
     vertex  1.695715e+02 -1.263705e+02  1.510000e+00
     vertex  1.515375e+02 -1.250965e+02  1.510000e+00
   endloop
 endfacet
 facet normal -0.000000e+00  0.000000e+00  1.000000e+00
   outer loop
     vertex  1.515375e+02 -1.250965e+02  1.510000e+00
     vertex  1.695715e+02 -1.263705e+02  1.510000e+00
     vertex  1.516022e+02 -1.250879e+02  1.510000e+00
   endloop
 endfacet
 facet normal  0.000000e+00  0.000000e+00  1.000000e+00
   outer loop
     vertex  1.091195e+02 -1.263705e+02  1.510000e+00
     vertex  1.515375e+02 -1.250965e+02  1.510000e+00
     vertex  1.505375e+02 -1.250965e+02  1.510000e+00
   endloop
 endfacet
 facet normal  0.000000e+00  1.000000e+00  0.000000e+00
   outer loop
     vertex  1.985275e+02 -6.972846e+01  1.510000e+00
     vertex  1.825255e+02 -6.972846e+01  0.000000e+00
     vertex  1.825255e+02 -6.972846e+01  1.510000e+00
   endloop
 endfacet
 facet normal  0.000000e+00  1.000000e+00 -0.000000e+00
   outer loop
     vertex  1.985275e+02 -6.972846e+01  0.000000e+00
     vertex  1.825255e+02 -6.972846e+01  0.000000e+00
     vertex  1.985275e+02 -6.972846e+01  1.510000e+00
   endloop
 endfacet
 facet normal  0.000000e+00 -1.000000e+00  0.000000e+00
   outer loop
     vertex  1.789695e+02 -1.311965e+02  0.000000e+00
     vertex  1.962415e+02 -1.311965e+02  0.000000e+00
     vertex  1.962415e+02 -1.311965e+02  1.510000e+00
   endloop
 endfacet
 facet normal  0.000000e+00 -1.000000e+00  0.000000e+00
   outer loop
     vertex  1.789695e+02 -1.311965e+02  0.000000e+00
     vertex  1.962415e+02 -1.311965e+02  1.510000e+00
     vertex  1.789695e+02 -1.311965e+02  1.510000e+00
   endloop
 endfacet
 facet normal -4.388353e-01  8.985675e-01 -8.882412e-18
   outer loop
     vertex  1.825255e+02 -6.972846e+01  0.000000e+00
     vertex  1.716035e+02 -7.506246e+01  0.000000e+00
     vertex  1.716035e+02 -7.506246e+01  1.510000e+00
   endloop
 endfacet
 facet normal -4.388353e-01  8.985675e-01  0.000000e+00
   outer loop
     vertex  1.825255e+02 -6.972846e+01  0.000000e+00
     vertex  1.716035e+02 -7.506246e+01  1.510000e+00
     vertex  1.825255e+02 -6.972846e+01  1.510000e+00
   endloop
 endfacet
 facet normal -4.568047e-01 -8.895670e-01 -1.544028e-16
   outer loop
     vertex  1.695715e+02 -1.263705e+02  1.510000e+00
     vertex  1.789695e+02 -1.311965e+02  0.000000e+00
     vertex  1.789695e+02 -1.311965e+02  1.510000e+00
   endloop
 endfacet
 facet normal -4.568047e-01 -8.895670e-01  0.000000e+00
   outer loop
     vertex  1.695715e+02 -1.263705e+02  0.000000e+00
     vertex  1.789695e+02 -1.311965e+02  0.000000e+00
     vertex  1.695715e+02 -1.263705e+02  1.510000e+00
   endloop
 endfacet
 facet normal  0.000000e+00  1.000000e+00  0.000000e+00
   outer loop
     vertex  1.716035e+02 -7.506246e+01  1.510000e+00
     vertex  1.385835e+02 -7.506246e+01  0.000000e+00
     vertex  1.385835e+02 -7.506246e+01  1.510000e+00
   endloop
 endfacet
 facet normal  0.000000e+00  1.000000e+00 -0.000000e+00
   outer loop
     vertex  1.716035e+02 -7.506246e+01  0.000000e+00
     vertex  1.385835e+02 -7.506246e+01  0.000000e+00
     vertex  1.716035e+02 -7.506246e+01  1.510000e+00
   endloop
 endfacet
 facet normal  0.000000e+00 -1.000000e+00  0.000000e+00
   outer loop
     vertex  1.091195e+02 -1.263705e+02  1.510000e+00
     vertex  1.695715e+02 -1.263705e+02  0.000000e+00
     vertex  1.695715e+02 -1.263705e+02  1.510000e+00
   endloop
 endfacet
 facet normal  0.000000e+00 -1.000000e+00  0.000000e+00
   outer loop
     vertex  1.091195e+02 -1.263705e+02  0.000000e+00
     vertex  1.695715e+02 -1.263705e+02  0.000000e+00
     vertex  1.091195e+02 -1.263705e+02  1.510000e+00
   endloop
 endfacet
 facet normal  0.000000e+00  1.000000e+00  0.000000e+00
   outer loop
     vertex  1.385835e+02 -7.506246e+01  1.510000e+00
     vertex  1.086115e+02 -7.506246e+01  0.000000e+00
     vertex  1.086115e+02 -7.506246e+01  1.510000e+00
   endloop
 endfacet
 facet normal  0.000000e+00  1.000000e+00 -0.000000e+00
   outer loop
     vertex  1.385835e+02 -7.506246e+01  0.000000e+00
     vertex  1.086115e+02 -7.506246e+01  0.000000e+00
     vertex  1.385835e+02 -7.506246e+01  1.510000e+00
   endloop
 endfacet
 facet normal -6.996248e-01 -7.145104e-01  4.686676e-16
   outer loop
     vertex  9.692746e+01 -1.144325e+02  0.000000e+00
     vertex  1.091195e+02 -1.263705e+02  0.000000e+00
     vertex  1.091195e+02 -1.263705e+02  1.510000e+00
   endloop
 endfacet
 facet normal -6.996248e-01 -7.145104e-01  0.000000e+00
   outer loop
     vertex  9.692746e+01 -1.144325e+02  0.000000e+00
     vertex  1.091195e+02 -1.263705e+02  1.510000e+00
     vertex  9.692746e+01 -1.144325e+02  1.510000e+00
   endloop
 endfacet
 facet normal -5.462678e-01  8.376106e-01 -9.520997e-17
   outer loop
     vertex  1.086115e+02 -7.506246e+01  0.000000e+00
     vertex  9.692746e+01 -8.268246e+01  0.000000e+00
     vertex  9.692746e+01 -8.268246e+01  1.510000e+00
   endloop
 endfacet
 facet normal -5.462678e-01  8.376106e-01  0.000000e+00
   outer loop
     vertex  1.086115e+02 -7.506246e+01  0.000000e+00
     vertex  9.692746e+01 -8.268246e+01  1.510000e+00
     vertex  1.086115e+02 -7.506246e+01  1.510000e+00
   endloop
 endfacet
 facet normal -1.000000e+00 -0.000000e+00  0.000000e+00
   outer loop
     vertex  9.692746e+01 -8.268246e+01  1.510000e+00
     vertex  9.692746e+01 -1.144325e+02  0.000000e+00
     vertex  9.692746e+01 -1.144325e+02  1.510000e+00
   endloop
 endfacet
 facet normal -1.000000e+00  0.000000e+00  0.000000e+00
   outer loop
     vertex  9.692746e+01 -8.268246e+01  0.000000e+00
     vertex  9.692746e+01 -1.144325e+02  0.000000e+00
     vertex  9.692746e+01 -8.268246e+01  1.510000e+00
   endloop
 endfacet
 facet normal -1.305262e-01  9.914449e-01 -4.888604e-19
   outer loop
     vertex  1.297742e+02 -1.200079e+02  0.000000e+00
     vertex  1.297095e+02 -1.200165e+02  0.000000e+00
     vertex  1.297095e+02 -1.200165e+02  1.510000e+00
   endloop
 endfacet
 facet normal -1.305262e-01  9.914449e-01  0.000000e+00
   outer loop
     vertex  1.297742e+02 -1.200079e+02  0.000000e+00
     vertex  1.297095e+02 -1.200165e+02  1.510000e+00
     vertex  1.297742e+02 -1.200079e+02  1.510000e+00
   endloop
 endfacet
 facet normal -3.826834e-01  9.238795e-01  0.000000e+00
   outer loop
     vertex  1.298345e+02 -1.199830e+02  0.000000e+00
     vertex  1.297742e+02 -1.200079e+02  1.510000e+00
     vertex  1.298345e+02 -1.199830e+02  1.510000e+00
   endloop
 endfacet
 facet normal -3.826834e-01  9.238795e-01  5.393799e-19
   outer loop
     vertex  1.298345e+02 -1.199830e+02  0.000000e+00
     vertex  1.297742e+02 -1.200079e+02  0.000000e+00
     vertex  1.297742e+02 -1.200079e+02  1.510000e+00
   endloop
 endfacet
 facet normal -6.087614e-01  7.933533e-01  0.000000e+00
   outer loop
     vertex  1.298862e+02 -1.199432e+02  0.000000e+00
     vertex  1.298345e+02 -1.199830e+02  1.510000e+00
     vertex  1.298862e+02 -1.199432e+02  1.510000e+00
   endloop
 endfacet
 facet normal -6.087614e-01  7.933533e-01  1.009862e-18
   outer loop
     vertex  1.298862e+02 -1.199432e+02  0.000000e+00
     vertex  1.298345e+02 -1.199830e+02  0.000000e+00
     vertex  1.298345e+02 -1.199830e+02  1.510000e+00
   endloop
 endfacet
 facet normal -7.933533e-01  6.087614e-01  0.000000e+00
   outer loop
     vertex  1.299260e+02 -1.198915e+02  0.000000e+00
     vertex  1.298862e+02 -1.199432e+02  1.510000e+00
     vertex  1.299260e+02 -1.198915e+02  1.510000e+00
   endloop
 endfacet
 facet normal -7.933533e-01  6.087614e-01  1.009862e-18
   outer loop
     vertex  1.299260e+02 -1.198915e+02  0.000000e+00
     vertex  1.298862e+02 -1.199432e+02  0.000000e+00
     vertex  1.298862e+02 -1.199432e+02  1.510000e+00
   endloop
 endfacet
 facet normal -9.238795e-01  3.826834e-01  0.000000e+00
   outer loop
     vertex  1.299509e+02 -1.198312e+02  0.000000e+00
     vertex  1.299260e+02 -1.198915e+02  1.510000e+00
     vertex  1.299509e+02 -1.198312e+02  1.510000e+00
   endloop
 endfacet
 facet normal -9.238795e-01  3.826834e-01  5.393799e-19
   outer loop
     vertex  1.299509e+02 -1.198312e+02  0.000000e+00
     vertex  1.299260e+02 -1.198915e+02  0.000000e+00
     vertex  1.299260e+02 -1.198915e+02  1.510000e+00
   endloop
 endfacet
 facet normal -9.914449e-01  1.305262e-01  0.000000e+00
   outer loop
     vertex  1.299595e+02 -1.197665e+02  0.000000e+00
     vertex  1.299509e+02 -1.198312e+02  1.510000e+00
     vertex  1.299595e+02 -1.197665e+02  1.510000e+00
   endloop
 endfacet
 facet normal -9.914449e-01  1.305262e-01 -4.888604e-19
   outer loop
     vertex  1.299595e+02 -1.197665e+02  0.000000e+00
     vertex  1.299509e+02 -1.198312e+02  0.000000e+00
     vertex  1.299509e+02 -1.198312e+02  1.510000e+00
   endloop
 endfacet
 facet normal -9.914449e-01 -1.305262e-01  0.000000e+00
   outer loop
     vertex  1.299509e+02 -1.197018e+02  0.000000e+00
     vertex  1.299595e+02 -1.197665e+02  1.510000e+00
     vertex  1.299509e+02 -1.197018e+02  1.510000e+00
   endloop
 endfacet
 facet normal -9.914449e-01 -1.305262e-01  4.888604e-19
   outer loop
     vertex  1.299509e+02 -1.197018e+02  0.000000e+00
     vertex  1.299595e+02 -1.197665e+02  0.000000e+00
     vertex  1.299595e+02 -1.197665e+02  1.510000e+00
   endloop
 endfacet
 facet normal -9.238795e-01 -3.826834e-01  0.000000e+00
   outer loop
     vertex  1.299260e+02 -1.196415e+02  0.000000e+00
     vertex  1.299509e+02 -1.197018e+02  1.510000e+00
     vertex  1.299260e+02 -1.196415e+02  1.510000e+00
   endloop
 endfacet
 facet normal -9.238795e-01 -3.826834e-01 -5.393799e-19
   outer loop
     vertex  1.299260e+02 -1.196415e+02  0.000000e+00
     vertex  1.299509e+02 -1.197018e+02  0.000000e+00
     vertex  1.299509e+02 -1.197018e+02  1.510000e+00
   endloop
 endfacet
 facet normal -7.933533e-01 -6.087614e-01  0.000000e+00
   outer loop
     vertex  1.298862e+02 -1.195897e+02  0.000000e+00
     vertex  1.299260e+02 -1.196415e+02  1.510000e+00
     vertex  1.298862e+02 -1.195897e+02  1.510000e+00
   endloop
 endfacet
 facet normal -7.933533e-01 -6.087614e-01 -1.009862e-18
   outer loop
     vertex  1.298862e+02 -1.195897e+02  0.000000e+00
     vertex  1.299260e+02 -1.196415e+02  0.000000e+00
     vertex  1.299260e+02 -1.196415e+02  1.510000e+00
   endloop
 endfacet
 facet normal -6.087614e-01 -7.933533e-01  0.000000e+00
   outer loop
     vertex  1.298345e+02 -1.195500e+02  0.000000e+00
     vertex  1.298862e+02 -1.195897e+02  1.510000e+00
     vertex  1.298345e+02 -1.195500e+02  1.510000e+00
   endloop
 endfacet
 facet normal -6.087614e-01 -7.933533e-01 -1.009862e-18
   outer loop
     vertex  1.298345e+02 -1.195500e+02  0.000000e+00
     vertex  1.298862e+02 -1.195897e+02  0.000000e+00
     vertex  1.298862e+02 -1.195897e+02  1.510000e+00
   endloop
 endfacet
 facet normal -1.305262e-01 -9.914449e-01  0.000000e+00
   outer loop
     vertex  1.297742e+02 -1.195250e+02  0.000000e+00
     vertex  1.297742e+02 -1.195250e+02  1.510000e+00
     vertex  1.297095e+02 -1.195165e+02  1.510000e+00
   endloop
 endfacet
 facet normal -3.826834e-01 -9.238795e-01  0.000000e+00
   outer loop
     vertex  1.297742e+02 -1.195250e+02  0.000000e+00
     vertex  1.298345e+02 -1.195500e+02  1.510000e+00
     vertex  1.297742e+02 -1.195250e+02  1.510000e+00
   endloop
 endfacet
 facet normal -3.826834e-01 -9.238795e-01 -5.393799e-19
   outer loop
     vertex  1.297742e+02 -1.195250e+02  0.000000e+00
     vertex  1.298345e+02 -1.195500e+02  0.000000e+00
     vertex  1.298345e+02 -1.195500e+02  1.510000e+00
   endloop
 endfacet
 facet normal -1.305262e-01 -9.914449e-01  0.000000e+00
   outer loop
     vertex  1.297095e+02 -1.195165e+02  0.000000e+00
     vertex  1.297742e+02 -1.195250e+02  0.000000e+00
     vertex  1.297095e+02 -1.195165e+02  1.510000e+00
   endloop
 endfacet
 facet normal  1.305262e-01 -9.914449e-01 -4.888604e-19
   outer loop
     vertex  1.296448e+02 -1.195250e+02  0.000000e+00
     vertex  1.297095e+02 -1.195165e+02  0.000000e+00
     vertex  1.297095e+02 -1.195165e+02  1.510000e+00
   endloop
 endfacet
 facet normal  1.305262e-01 -9.914449e-01  0.000000e+00
   outer loop
     vertex  1.296448e+02 -1.195250e+02  0.000000e+00
     vertex  1.297095e+02 -1.195165e+02  1.510000e+00
     vertex  1.296448e+02 -1.195250e+02  1.510000e+00
   endloop
 endfacet
 facet normal  3.826834e-01 -9.238795e-01  5.393799e-19
   outer loop
     vertex  1.295845e+02 -1.195500e+02  0.000000e+00
     vertex  1.296448e+02 -1.195250e+02  0.000000e+00
     vertex  1.296448e+02 -1.195250e+02  1.510000e+00
   endloop
 endfacet
 facet normal  3.826834e-01 -9.238795e-01  0.000000e+00
   outer loop
     vertex  1.295845e+02 -1.195500e+02  0.000000e+00
     vertex  1.296448e+02 -1.195250e+02  1.510000e+00
     vertex  1.295845e+02 -1.195500e+02  1.510000e+00
   endloop
 endfacet
 facet normal  6.087614e-01 -7.933533e-01  1.009862e-18
   outer loop
     vertex  1.295327e+02 -1.195897e+02  0.000000e+00
     vertex  1.295845e+02 -1.195500e+02  0.000000e+00
     vertex  1.295845e+02 -1.195500e+02  1.510000e+00
   endloop
 endfacet
 facet normal  7.933533e-01 -6.087614e-01  0.000000e+00
   outer loop
     vertex  1.295327e+02 -1.195897e+02  0.000000e+00
     vertex  1.295327e+02 -1.195897e+02  1.510000e+00
     vertex  1.294930e+02 -1.196415e+02  1.510000e+00
   endloop
 endfacet
 facet normal  6.087614e-01 -7.933533e-01  0.000000e+00
   outer loop
     vertex  1.295327e+02 -1.195897e+02  0.000000e+00
     vertex  1.295845e+02 -1.195500e+02  1.510000e+00
     vertex  1.295327e+02 -1.195897e+02  1.510000e+00
   endloop
 endfacet
 facet normal  7.933533e-01 -6.087614e-01  0.000000e+00
   outer loop
     vertex  1.294930e+02 -1.196415e+02  0.000000e+00
     vertex  1.295327e+02 -1.195897e+02  0.000000e+00
     vertex  1.294930e+02 -1.196415e+02  1.510000e+00
   endloop
 endfacet
 facet normal  9.238795e-01 -3.826834e-01  5.393799e-19
   outer loop
     vertex  1.294680e+02 -1.197018e+02  0.000000e+00
     vertex  1.294930e+02 -1.196415e+02  0.000000e+00
     vertex  1.294930e+02 -1.196415e+02  1.510000e+00
   endloop
 endfacet
 facet normal  9.238795e-01 -3.826834e-01  0.000000e+00
   outer loop
     vertex  1.294680e+02 -1.197018e+02  0.000000e+00
     vertex  1.294930e+02 -1.196415e+02  1.510000e+00
     vertex  1.294680e+02 -1.197018e+02  1.510000e+00
   endloop
 endfacet
 facet normal  9.914449e-01 -1.305262e-01 -4.888604e-19
   outer loop
     vertex  1.294595e+02 -1.197665e+02  0.000000e+00
     vertex  1.294680e+02 -1.197018e+02  0.000000e+00
     vertex  1.294680e+02 -1.197018e+02  1.510000e+00
   endloop
 endfacet
 facet normal  9.914449e-01 -1.305262e-01  0.000000e+00
   outer loop
     vertex  1.294595e+02 -1.197665e+02  0.000000e+00
     vertex  1.294680e+02 -1.197018e+02  1.510000e+00
     vertex  1.294595e+02 -1.197665e+02  1.510000e+00
   endloop
 endfacet
 facet normal  9.914449e-01  1.305262e-01 -0.000000e+00
   outer loop
     vertex  1.294680e+02 -1.198312e+02  0.000000e+00
     vertex  1.294595e+02 -1.197665e+02  1.510000e+00
     vertex  1.294680e+02 -1.198312e+02  1.510000e+00
   endloop
 endfacet
 facet normal  9.914449e-01  1.305262e-01  4.888604e-19
   outer loop
     vertex  1.294680e+02 -1.198312e+02  0.000000e+00
     vertex  1.294595e+02 -1.197665e+02  0.000000e+00
     vertex  1.294595e+02 -1.197665e+02  1.510000e+00
   endloop
 endfacet
 facet normal  9.238795e-01  3.826834e-01 -0.000000e+00
   outer loop
     vertex  1.294930e+02 -1.198915e+02  0.000000e+00
     vertex  1.294680e+02 -1.198312e+02  1.510000e+00
     vertex  1.294930e+02 -1.198915e+02  1.510000e+00
   endloop
 endfacet
 facet normal  9.238795e-01  3.826834e-01 -5.393799e-19
   outer loop
     vertex  1.294930e+02 -1.198915e+02  0.000000e+00
     vertex  1.294680e+02 -1.198312e+02  0.000000e+00
     vertex  1.294680e+02 -1.198312e+02  1.510000e+00
   endloop
 endfacet
 facet normal  7.933533e-01  6.087614e-01 -1.009862e-18
   outer loop
     vertex  1.295327e+02 -1.199432e+02  0.000000e+00
     vertex  1.294930e+02 -1.198915e+02  0.000000e+00
     vertex  1.294930e+02 -1.198915e+02  1.510000e+00
   endloop
 endfacet
 facet normal  6.087614e-01  7.933533e-01 -0.000000e+00
   outer loop
     vertex  1.295327e+02 -1.199432e+02  0.000000e+00
     vertex  1.295327e+02 -1.199432e+02  1.510000e+00
     vertex  1.295845e+02 -1.199830e+02  1.510000e+00
   endloop
 endfacet
 facet normal  7.933533e-01  6.087614e-01 -0.000000e+00
   outer loop
     vertex  1.295327e+02 -1.199432e+02  0.000000e+00
     vertex  1.294930e+02 -1.198915e+02  1.510000e+00
     vertex  1.295327e+02 -1.199432e+02  1.510000e+00
   endloop
 endfacet
 facet normal  6.087614e-01  7.933533e-01 -0.000000e+00
   outer loop
     vertex  1.295845e+02 -1.199830e+02  0.000000e+00
     vertex  1.295327e+02 -1.199432e+02  0.000000e+00
     vertex  1.295845e+02 -1.199830e+02  1.510000e+00
   endloop
 endfacet
 facet normal  1.305262e-01  9.914449e-01 -0.000000e+00
   outer loop
     vertex  1.296448e+02 -1.200079e+02  0.000000e+00
     vertex  1.296448e+02 -1.200079e+02  1.510000e+00
     vertex  1.297095e+02 -1.200165e+02  1.510000e+00
   endloop
 endfacet
 facet normal  3.826834e-01  9.238795e-01 -0.000000e+00
   outer loop
     vertex  1.296448e+02 -1.200079e+02  0.000000e+00
     vertex  1.295845e+02 -1.199830e+02  1.510000e+00
     vertex  1.296448e+02 -1.200079e+02  1.510000e+00
   endloop
 endfacet
 facet normal  3.826834e-01  9.238795e-01 -5.393799e-19
   outer loop
     vertex  1.296448e+02 -1.200079e+02  0.000000e+00
     vertex  1.295845e+02 -1.199830e+02  0.000000e+00
     vertex  1.295845e+02 -1.199830e+02  1.510000e+00
   endloop
 endfacet
 facet normal  1.305262e-01  9.914449e-01 -0.000000e+00
   outer loop
     vertex  1.297095e+02 -1.200165e+02  0.000000e+00
     vertex  1.296448e+02 -1.200079e+02  0.000000e+00
     vertex  1.297095e+02 -1.200165e+02  1.510000e+00
   endloop
 endfacet
 facet normal -1.305262e-01  9.914449e-01 -4.888604e-19
   outer loop
     vertex  1.307742e+02 -1.200079e+02  0.000000e+00
     vertex  1.307095e+02 -1.200165e+02  0.000000e+00
     vertex  1.307095e+02 -1.200165e+02  1.510000e+00
   endloop
 endfacet
 facet normal -1.305262e-01  9.914449e-01  0.000000e+00
   outer loop
     vertex  1.307742e+02 -1.200079e+02  0.000000e+00
     vertex  1.307095e+02 -1.200165e+02  1.510000e+00
     vertex  1.307742e+02 -1.200079e+02  1.510000e+00
   endloop
 endfacet
 facet normal -3.826834e-01  9.238795e-01  0.000000e+00
   outer loop
     vertex  1.308345e+02 -1.199830e+02  0.000000e+00
     vertex  1.307742e+02 -1.200079e+02  1.510000e+00
     vertex  1.308345e+02 -1.199830e+02  1.510000e+00
   endloop
 endfacet
 facet normal -3.826834e-01  9.238795e-01  5.393799e-19
   outer loop
     vertex  1.308345e+02 -1.199830e+02  0.000000e+00
     vertex  1.307742e+02 -1.200079e+02  0.000000e+00
     vertex  1.307742e+02 -1.200079e+02  1.510000e+00
   endloop
 endfacet
 facet normal -6.087614e-01  7.933533e-01  0.000000e+00
   outer loop
     vertex  1.308862e+02 -1.199432e+02  0.000000e+00
     vertex  1.308345e+02 -1.199830e+02  1.510000e+00
     vertex  1.308862e+02 -1.199432e+02  1.510000e+00
   endloop
 endfacet
 facet normal -6.087614e-01  7.933533e-01  1.009862e-18
   outer loop
     vertex  1.308862e+02 -1.199432e+02  0.000000e+00
     vertex  1.308345e+02 -1.199830e+02  0.000000e+00
     vertex  1.308345e+02 -1.199830e+02  1.510000e+00
   endloop
 endfacet
 facet normal -7.933533e-01  6.087614e-01  0.000000e+00
   outer loop
     vertex  1.309260e+02 -1.198915e+02  0.000000e+00
     vertex  1.308862e+02 -1.199432e+02  1.510000e+00
     vertex  1.309260e+02 -1.198915e+02  1.510000e+00
   endloop
 endfacet
 facet normal -7.933533e-01  6.087614e-01  1.009862e-18
   outer loop
     vertex  1.309260e+02 -1.198915e+02  0.000000e+00
     vertex  1.308862e+02 -1.199432e+02  0.000000e+00
     vertex  1.308862e+02 -1.199432e+02  1.510000e+00
   endloop
 endfacet
 facet normal -9.238795e-01  3.826834e-01  0.000000e+00
   outer loop
     vertex  1.309509e+02 -1.198312e+02  0.000000e+00
     vertex  1.309260e+02 -1.198915e+02  1.510000e+00
     vertex  1.309509e+02 -1.198312e+02  1.510000e+00
   endloop
 endfacet
 facet normal -9.238795e-01  3.826834e-01  5.393799e-19
   outer loop
     vertex  1.309509e+02 -1.198312e+02  0.000000e+00
     vertex  1.309260e+02 -1.198915e+02  0.000000e+00
     vertex  1.309260e+02 -1.198915e+02  1.510000e+00
   endloop
 endfacet
 facet normal -9.914449e-01  1.305262e-01  0.000000e+00
   outer loop
     vertex  1.309595e+02 -1.197665e+02  0.000000e+00
     vertex  1.309509e+02 -1.198312e+02  1.510000e+00
     vertex  1.309595e+02 -1.197665e+02  1.510000e+00
   endloop
 endfacet
 facet normal -9.914449e-01  1.305262e-01 -4.888604e-19
   outer loop
     vertex  1.309595e+02 -1.197665e+02  0.000000e+00
     vertex  1.309509e+02 -1.198312e+02  0.000000e+00
     vertex  1.309509e+02 -1.198312e+02  1.510000e+00
   endloop
 endfacet
 facet normal -9.914449e-01 -1.305262e-01  0.000000e+00
   outer loop
     vertex  1.309509e+02 -1.197018e+02  0.000000e+00
     vertex  1.309595e+02 -1.197665e+02  1.510000e+00
     vertex  1.309509e+02 -1.197018e+02  1.510000e+00
   endloop
 endfacet
 facet normal -9.914449e-01 -1.305262e-01  4.888604e-19
   outer loop
     vertex  1.309509e+02 -1.197018e+02  0.000000e+00
     vertex  1.309595e+02 -1.197665e+02  0.000000e+00
     vertex  1.309595e+02 -1.197665e+02  1.510000e+00
   endloop
 endfacet
 facet normal -9.238795e-01 -3.826834e-01  0.000000e+00
   outer loop
     vertex  1.309260e+02 -1.196415e+02  0.000000e+00
     vertex  1.309509e+02 -1.197018e+02  1.510000e+00
     vertex  1.309260e+02 -1.196415e+02  1.510000e+00
   endloop
 endfacet
 facet normal -9.238795e-01 -3.826834e-01 -5.393799e-19
   outer loop
     vertex  1.309260e+02 -1.196415e+02  0.000000e+00
     vertex  1.309509e+02 -1.197018e+02  0.000000e+00
     vertex  1.309509e+02 -1.197018e+02  1.510000e+00
   endloop
 endfacet
 facet normal -7.933533e-01 -6.087614e-01  0.000000e+00
   outer loop
     vertex  1.308862e+02 -1.195897e+02  0.000000e+00
     vertex  1.309260e+02 -1.196415e+02  1.510000e+00
     vertex  1.308862e+02 -1.195897e+02  1.510000e+00
   endloop
 endfacet
 facet normal -7.933533e-01 -6.087614e-01 -1.009862e-18
   outer loop
     vertex  1.308862e+02 -1.195897e+02  0.000000e+00
     vertex  1.309260e+02 -1.196415e+02  0.000000e+00
     vertex  1.309260e+02 -1.196415e+02  1.510000e+00
   endloop
 endfacet
 facet normal -6.087614e-01 -7.933533e-01  0.000000e+00
   outer loop
     vertex  1.308345e+02 -1.195500e+02  0.000000e+00
     vertex  1.308862e+02 -1.195897e+02  1.510000e+00
     vertex  1.308345e+02 -1.195500e+02  1.510000e+00
   endloop
 endfacet
 facet normal -6.087614e-01 -7.933533e-01 -1.009862e-18
   outer loop
     vertex  1.308345e+02 -1.195500e+02  0.000000e+00
     vertex  1.308862e+02 -1.195897e+02  0.000000e+00
     vertex  1.308862e+02 -1.195897e+02  1.510000e+00
   endloop
 endfacet
 facet normal -1.305262e-01 -9.914449e-01  0.000000e+00
   outer loop
     vertex  1.307742e+02 -1.195250e+02  0.000000e+00
     vertex  1.307742e+02 -1.195250e+02  1.510000e+00
     vertex  1.307095e+02 -1.195165e+02  1.510000e+00
   endloop
 endfacet
 facet normal -3.826834e-01 -9.238795e-01  0.000000e+00
   outer loop
     vertex  1.307742e+02 -1.195250e+02  0.000000e+00
     vertex  1.308345e+02 -1.195500e+02  1.510000e+00
     vertex  1.307742e+02 -1.195250e+02  1.510000e+00
   endloop
 endfacet
 facet normal -3.826834e-01 -9.238795e-01 -5.393799e-19
   outer loop
     vertex  1.307742e+02 -1.195250e+02  0.000000e+00
     vertex  1.308345e+02 -1.195500e+02  0.000000e+00
     vertex  1.308345e+02 -1.195500e+02  1.510000e+00
   endloop
 endfacet
 facet normal -1.305262e-01 -9.914449e-01  0.000000e+00
   outer loop
     vertex  1.307095e+02 -1.195165e+02  0.000000e+00
     vertex  1.307742e+02 -1.195250e+02  0.000000e+00
     vertex  1.307095e+02 -1.195165e+02  1.510000e+00
   endloop
 endfacet
 facet normal  1.305262e-01 -9.914449e-01 -4.888604e-19
   outer loop
     vertex  1.306448e+02 -1.195250e+02  0.000000e+00
     vertex  1.307095e+02 -1.195165e+02  0.000000e+00
     vertex  1.307095e+02 -1.195165e+02  1.510000e+00
   endloop
 endfacet
 facet normal  1.305262e-01 -9.914449e-01  0.000000e+00
   outer loop
     vertex  1.306448e+02 -1.195250e+02  0.000000e+00
     vertex  1.307095e+02 -1.195165e+02  1.510000e+00
     vertex  1.306448e+02 -1.195250e+02  1.510000e+00
   endloop
 endfacet
 facet normal  3.826834e-01 -9.238795e-01  5.393799e-19
   outer loop
     vertex  1.305845e+02 -1.195500e+02  0.000000e+00
     vertex  1.306448e+02 -1.195250e+02  0.000000e+00
     vertex  1.306448e+02 -1.195250e+02  1.510000e+00
   endloop
 endfacet
 facet normal  3.826834e-01 -9.238795e-01  0.000000e+00
   outer loop
     vertex  1.305845e+02 -1.195500e+02  0.000000e+00
     vertex  1.306448e+02 -1.195250e+02  1.510000e+00
     vertex  1.305845e+02 -1.195500e+02  1.510000e+00
   endloop
 endfacet
 facet normal  6.087614e-01 -7.933533e-01  1.009862e-18
   outer loop
     vertex  1.305327e+02 -1.195897e+02  0.000000e+00
     vertex  1.305845e+02 -1.195500e+02  0.000000e+00
     vertex  1.305845e+02 -1.195500e+02  1.510000e+00
   endloop
 endfacet
 facet normal  7.933533e-01 -6.087614e-01  0.000000e+00
   outer loop
     vertex  1.305327e+02 -1.195897e+02  0.000000e+00
     vertex  1.305327e+02 -1.195897e+02  1.510000e+00
     vertex  1.304930e+02 -1.196415e+02  1.510000e+00
   endloop
 endfacet
 facet normal  6.087614e-01 -7.933533e-01  0.000000e+00
   outer loop
     vertex  1.305327e+02 -1.195897e+02  0.000000e+00
     vertex  1.305845e+02 -1.195500e+02  1.510000e+00
     vertex  1.305327e+02 -1.195897e+02  1.510000e+00
   endloop
 endfacet
 facet normal  7.933533e-01 -6.087614e-01  0.000000e+00
   outer loop
     vertex  1.304930e+02 -1.196415e+02  0.000000e+00
     vertex  1.305327e+02 -1.195897e+02  0.000000e+00
     vertex  1.304930e+02 -1.196415e+02  1.510000e+00
   endloop
 endfacet
 facet normal  9.238795e-01 -3.826834e-01  5.393799e-19
   outer loop
     vertex  1.304680e+02 -1.197018e+02  0.000000e+00
     vertex  1.304930e+02 -1.196415e+02  0.000000e+00
     vertex  1.304930e+02 -1.196415e+02  1.510000e+00
   endloop
 endfacet
 facet normal  9.238795e-01 -3.826834e-01  0.000000e+00
   outer loop
     vertex  1.304680e+02 -1.197018e+02  0.000000e+00
     vertex  1.304930e+02 -1.196415e+02  1.510000e+00
     vertex  1.304680e+02 -1.197018e+02  1.510000e+00
   endloop
 endfacet
 facet normal  9.914449e-01 -1.305262e-01 -4.888604e-19
   outer loop
     vertex  1.304595e+02 -1.197665e+02  0.000000e+00
     vertex  1.304680e+02 -1.197018e+02  0.000000e+00
     vertex  1.304680e+02 -1.197018e+02  1.510000e+00
   endloop
 endfacet
 facet normal  9.914449e-01 -1.305262e-01  0.000000e+00
   outer loop
     vertex  1.304595e+02 -1.197665e+02  0.000000e+00
     vertex  1.304680e+02 -1.197018e+02  1.510000e+00
     vertex  1.304595e+02 -1.197665e+02  1.510000e+00
   endloop
 endfacet
 facet normal  9.914449e-01  1.305262e-01 -0.000000e+00
   outer loop
     vertex  1.304680e+02 -1.198312e+02  0.000000e+00
     vertex  1.304595e+02 -1.197665e+02  1.510000e+00
     vertex  1.304680e+02 -1.198312e+02  1.510000e+00
   endloop
 endfacet
 facet normal  9.914449e-01  1.305262e-01  4.888604e-19
   outer loop
     vertex  1.304680e+02 -1.198312e+02  0.000000e+00
     vertex  1.304595e+02 -1.197665e+02  0.000000e+00
     vertex  1.304595e+02 -1.197665e+02  1.510000e+00
   endloop
 endfacet
 facet normal  9.238795e-01  3.826834e-01 -0.000000e+00
   outer loop
     vertex  1.304930e+02 -1.198915e+02  0.000000e+00
     vertex  1.304680e+02 -1.198312e+02  1.510000e+00
     vertex  1.304930e+02 -1.198915e+02  1.510000e+00
   endloop
 endfacet
 facet normal  9.238795e-01  3.826834e-01 -5.393799e-19
   outer loop
     vertex  1.304930e+02 -1.198915e+02  0.000000e+00
     vertex  1.304680e+02 -1.198312e+02  0.000000e+00
     vertex  1.304680e+02 -1.198312e+02  1.510000e+00
   endloop
 endfacet
 facet normal  7.933533e-01  6.087614e-01 -1.009862e-18
   outer loop
     vertex  1.305327e+02 -1.199432e+02  0.000000e+00
     vertex  1.304930e+02 -1.198915e+02  0.000000e+00
     vertex  1.304930e+02 -1.198915e+02  1.510000e+00
   endloop
 endfacet
 facet normal  6.087614e-01  7.933533e-01 -0.000000e+00
   outer loop
     vertex  1.305327e+02 -1.199432e+02  0.000000e+00
     vertex  1.305327e+02 -1.199432e+02  1.510000e+00
     vertex  1.305845e+02 -1.199830e+02  1.510000e+00
   endloop
 endfacet
 facet normal  7.933533e-01  6.087614e-01 -0.000000e+00
   outer loop
     vertex  1.305327e+02 -1.199432e+02  0.000000e+00
     vertex  1.304930e+02 -1.198915e+02  1.510000e+00
     vertex  1.305327e+02 -1.199432e+02  1.510000e+00
   endloop
 endfacet
 facet normal  6.087614e-01  7.933533e-01 -0.000000e+00
   outer loop
     vertex  1.305845e+02 -1.199830e+02  0.000000e+00
     vertex  1.305327e+02 -1.199432e+02  0.000000e+00
     vertex  1.305845e+02 -1.199830e+02  1.510000e+00
   endloop
 endfacet
 facet normal  1.305262e-01  9.914449e-01 -0.000000e+00
   outer loop
     vertex  1.306448e+02 -1.200079e+02  0.000000e+00
     vertex  1.306448e+02 -1.200079e+02  1.510000e+00
     vertex  1.307095e+02 -1.200165e+02  1.510000e+00
   endloop
 endfacet
 facet normal  3.826834e-01  9.238795e-01 -0.000000e+00
   outer loop
     vertex  1.306448e+02 -1.200079e+02  0.000000e+00
     vertex  1.305845e+02 -1.199830e+02  1.510000e+00
     vertex  1.306448e+02 -1.200079e+02  1.510000e+00
   endloop
 endfacet
 facet normal  3.826834e-01  9.238795e-01 -5.393799e-19
   outer loop
     vertex  1.306448e+02 -1.200079e+02  0.000000e+00
     vertex  1.305845e+02 -1.199830e+02  0.000000e+00
     vertex  1.305845e+02 -1.199830e+02  1.510000e+00
   endloop
 endfacet
 facet normal  1.305262e-01  9.914449e-01 -0.000000e+00
   outer loop
     vertex  1.307095e+02 -1.200165e+02  0.000000e+00
     vertex  1.306448e+02 -1.200079e+02  0.000000e+00
     vertex  1.307095e+02 -1.200165e+02  1.510000e+00
   endloop
 endfacet
 facet normal -9.914449e-01 -1.305262e-01 -2.259795e-18
   outer loop
     vertex  1.166411e+02 -1.088906e+02  0.000000e+00
     vertex  1.166735e+02 -1.091365e+02  0.000000e+00
     vertex  1.166735e+02 -1.091365e+02  1.510000e+00
   endloop
 endfacet
 facet normal -9.914449e-01 -1.305262e-01  0.000000e+00
   outer loop
     vertex  1.166411e+02 -1.088906e+02  0.000000e+00
     vertex  1.166735e+02 -1.091365e+02  1.510000e+00
     vertex  1.166411e+02 -1.088906e+02  1.510000e+00
   endloop
 endfacet
 facet normal -9.238795e-01 -3.826834e-01  0.000000e+00
   outer loop
     vertex  1.165462e+02 -1.086615e+02  0.000000e+00
     vertex  1.166411e+02 -1.088906e+02  1.510000e+00
     vertex  1.165462e+02 -1.086615e+02  1.510000e+00
   endloop
 endfacet
 facet normal -9.238795e-01 -3.826834e-01  2.946807e-18
   outer loop
     vertex  1.165462e+02 -1.086615e+02  0.000000e+00
     vertex  1.166411e+02 -1.088906e+02  0.000000e+00
     vertex  1.166411e+02 -1.088906e+02  1.510000e+00
   endloop
 endfacet
 facet normal -7.933533e-01 -6.087614e-01  0.000000e+00
   outer loop
     vertex  1.163952e+02 -1.084647e+02  0.000000e+00
     vertex  1.165462e+02 -1.086615e+02  1.510000e+00
     vertex  1.163952e+02 -1.084647e+02  1.510000e+00
   endloop
 endfacet
 facet normal -7.933533e-01 -6.087614e-01 -1.541713e-18
   outer loop
     vertex  1.163952e+02 -1.084647e+02  0.000000e+00
     vertex  1.165462e+02 -1.086615e+02  0.000000e+00
     vertex  1.165462e+02 -1.086615e+02  1.510000e+00
   endloop
 endfacet
 facet normal -6.087614e-01 -7.933533e-01  0.000000e+00
   outer loop
     vertex  1.161985e+02 -1.083137e+02  0.000000e+00
     vertex  1.163952e+02 -1.084647e+02  1.510000e+00
     vertex  1.161985e+02 -1.083137e+02  1.510000e+00
   endloop
 endfacet
 facet normal -6.087614e-01 -7.933533e-01 -1.541713e-18
   outer loop
     vertex  1.161985e+02 -1.083137e+02  0.000000e+00
     vertex  1.163952e+02 -1.084647e+02  0.000000e+00
     vertex  1.163952e+02 -1.084647e+02  1.510000e+00
   endloop
 endfacet
 facet normal -3.826834e-01 -9.238795e-01  0.000000e+00
   outer loop
     vertex  1.159693e+02 -1.082188e+02  0.000000e+00
     vertex  1.161985e+02 -1.083137e+02  1.510000e+00
     vertex  1.159693e+02 -1.082188e+02  1.510000e+00
   endloop
 endfacet
 facet normal -3.826834e-01 -9.238795e-01  2.946807e-18
   outer loop
     vertex  1.159693e+02 -1.082188e+02  0.000000e+00
     vertex  1.161985e+02 -1.083137e+02  0.000000e+00
     vertex  1.161985e+02 -1.083137e+02  1.510000e+00
   endloop
 endfacet
 facet normal -1.305262e-01 -9.914449e-01  0.000000e+00
   outer loop
     vertex  1.157235e+02 -1.081865e+02  0.000000e+00
     vertex  1.159693e+02 -1.082188e+02  1.510000e+00
     vertex  1.157235e+02 -1.081865e+02  1.510000e+00
   endloop
 endfacet
 facet normal -1.305262e-01 -9.914449e-01 -2.259795e-18
   outer loop
     vertex  1.157235e+02 -1.081865e+02  0.000000e+00
     vertex  1.159693e+02 -1.082188e+02  0.000000e+00
     vertex  1.159693e+02 -1.082188e+02  1.510000e+00
   endloop
 endfacet
 facet normal  1.305262e-01 -9.914449e-01  0.000000e+00
   outer loop
     vertex  1.154776e+02 -1.082188e+02  0.000000e+00
     vertex  1.157235e+02 -1.081865e+02  1.510000e+00
     vertex  1.154776e+02 -1.082188e+02  1.510000e+00
   endloop
 endfacet
 facet normal  1.305262e-01 -9.914449e-01  2.259795e-18
   outer loop
     vertex  1.154776e+02 -1.082188e+02  0.000000e+00
     vertex  1.157235e+02 -1.081865e+02  0.000000e+00
     vertex  1.157235e+02 -1.081865e+02  1.510000e+00
   endloop
 endfacet
 facet normal  3.826834e-01 -9.238795e-01  0.000000e+00
   outer loop
     vertex  1.152485e+02 -1.083137e+02  0.000000e+00
     vertex  1.154776e+02 -1.082188e+02  1.510000e+00
     vertex  1.152485e+02 -1.083137e+02  1.510000e+00
   endloop
 endfacet
 facet normal  3.826834e-01 -9.238795e-01 -2.946807e-18
   outer loop
     vertex  1.152485e+02 -1.083137e+02  0.000000e+00
     vertex  1.154776e+02 -1.082188e+02  0.000000e+00
     vertex  1.154776e+02 -1.082188e+02  1.510000e+00
   endloop
 endfacet
 facet normal  6.087614e-01 -7.933533e-01  0.000000e+00
   outer loop
     vertex  1.150517e+02 -1.084647e+02  0.000000e+00
     vertex  1.152485e+02 -1.083137e+02  1.510000e+00
     vertex  1.150517e+02 -1.084647e+02  1.510000e+00
   endloop
 endfacet
 facet normal  6.087614e-01 -7.933533e-01  1.541713e-18
   outer loop
     vertex  1.150517e+02 -1.084647e+02  0.000000e+00
     vertex  1.152485e+02 -1.083137e+02  0.000000e+00
     vertex  1.152485e+02 -1.083137e+02  1.510000e+00
   endloop
 endfacet
 facet normal  7.933533e-01 -6.087614e-01  0.000000e+00
   outer loop
     vertex  1.149007e+02 -1.086615e+02  0.000000e+00
     vertex  1.150517e+02 -1.084647e+02  1.510000e+00
     vertex  1.149007e+02 -1.086615e+02  1.510000e+00
   endloop
 endfacet
 facet normal  9.238795e-01 -3.826834e-01  0.000000e+00
   outer loop
     vertex  1.149007e+02 -1.086615e+02  0.000000e+00
     vertex  1.149007e+02 -1.086615e+02  1.510000e+00
     vertex  1.148058e+02 -1.088906e+02  1.510000e+00
   endloop
 endfacet
 facet normal  7.933533e-01 -6.087614e-01  1.541713e-18
   outer loop
     vertex  1.149007e+02 -1.086615e+02  0.000000e+00
     vertex  1.150517e+02 -1.084647e+02  0.000000e+00
     vertex  1.150517e+02 -1.084647e+02  1.510000e+00
   endloop
 endfacet
 facet normal  9.238795e-01 -3.826834e-01  0.000000e+00
   outer loop
     vertex  1.148058e+02 -1.088906e+02  0.000000e+00
     vertex  1.149007e+02 -1.086615e+02  0.000000e+00
     vertex  1.148058e+02 -1.088906e+02  1.510000e+00
   endloop
 endfacet
 facet normal  9.914449e-01 -1.305262e-01  2.259795e-18
   outer loop
     vertex  1.147735e+02 -1.091365e+02  0.000000e+00
     vertex  1.148058e+02 -1.088906e+02  0.000000e+00
     vertex  1.148058e+02 -1.088906e+02  1.510000e+00
   endloop
 endfacet
 facet normal  9.914449e-01 -1.305262e-01  0.000000e+00
   outer loop
     vertex  1.147735e+02 -1.091365e+02  0.000000e+00
     vertex  1.148058e+02 -1.088906e+02  1.510000e+00
     vertex  1.147735e+02 -1.091365e+02  1.510000e+00
   endloop
 endfacet
 facet normal  9.914449e-01  1.305262e-01 -2.259795e-18
   outer loop
     vertex  1.148058e+02 -1.093823e+02  0.000000e+00
     vertex  1.147735e+02 -1.091365e+02  0.000000e+00
     vertex  1.147735e+02 -1.091365e+02  1.510000e+00
   endloop
 endfacet
 facet normal  9.914449e-01  1.305262e-01 -0.000000e+00
   outer loop
     vertex  1.148058e+02 -1.093823e+02  0.000000e+00
     vertex  1.147735e+02 -1.091365e+02  1.510000e+00
     vertex  1.148058e+02 -1.093823e+02  1.510000e+00
   endloop
 endfacet
 facet normal  9.238795e-01  3.826834e-01  2.946807e-18
   outer loop
     vertex  1.149007e+02 -1.096115e+02  0.000000e+00
     vertex  1.148058e+02 -1.093823e+02  0.000000e+00
     vertex  1.148058e+02 -1.093823e+02  1.510000e+00
   endloop
 endfacet
 facet normal  9.238795e-01  3.826834e-01 -0.000000e+00
   outer loop
     vertex  1.149007e+02 -1.096115e+02  0.000000e+00
     vertex  1.148058e+02 -1.093823e+02  1.510000e+00
     vertex  1.149007e+02 -1.096115e+02  1.510000e+00
   endloop
 endfacet
 facet normal  7.933533e-01  6.087614e-01 -0.000000e+00
   outer loop
     vertex  1.149007e+02 -1.096115e+02  0.000000e+00
     vertex  1.149007e+02 -1.096115e+02  1.510000e+00
     vertex  1.150517e+02 -1.098082e+02  1.510000e+00
   endloop
 endfacet
 facet normal  7.933533e-01  6.087614e-01 -0.000000e+00
   outer loop
     vertex  1.150517e+02 -1.098082e+02  0.000000e+00
     vertex  1.149007e+02 -1.096115e+02  0.000000e+00
     vertex  1.150517e+02 -1.098082e+02  1.510000e+00
   endloop
 endfacet
 facet normal  6.087614e-01  7.933533e-01 -0.000000e+00
   outer loop
     vertex  1.152485e+02 -1.099592e+02  0.000000e+00
     vertex  1.150517e+02 -1.098082e+02  1.510000e+00
     vertex  1.152485e+02 -1.099592e+02  1.510000e+00
   endloop
 endfacet
 facet normal  6.087614e-01  7.933533e-01 -1.541713e-18
   outer loop
     vertex  1.152485e+02 -1.099592e+02  0.000000e+00
     vertex  1.150517e+02 -1.098082e+02  0.000000e+00
     vertex  1.150517e+02 -1.098082e+02  1.510000e+00
   endloop
 endfacet
 facet normal  3.826834e-01  9.238795e-01 -0.000000e+00
   outer loop
     vertex  1.154776e+02 -1.100541e+02  0.000000e+00
     vertex  1.152485e+02 -1.099592e+02  1.510000e+00
     vertex  1.154776e+02 -1.100541e+02  1.510000e+00
   endloop
 endfacet
 facet normal  3.826834e-01  9.238795e-01  2.946807e-18
   outer loop
     vertex  1.154776e+02 -1.100541e+02  0.000000e+00
     vertex  1.152485e+02 -1.099592e+02  0.000000e+00
     vertex  1.152485e+02 -1.099592e+02  1.510000e+00
   endloop
 endfacet
 facet normal  1.305262e-01  9.914449e-01 -0.000000e+00
   outer loop
     vertex  1.157235e+02 -1.100865e+02  0.000000e+00
     vertex  1.154776e+02 -1.100541e+02  1.510000e+00
     vertex  1.157235e+02 -1.100865e+02  1.510000e+00
   endloop
 endfacet
 facet normal  1.305262e-01  9.914449e-01 -2.259795e-18
   outer loop
     vertex  1.157235e+02 -1.100865e+02  0.000000e+00
     vertex  1.154776e+02 -1.100541e+02  0.000000e+00
     vertex  1.154776e+02 -1.100541e+02  1.510000e+00
   endloop
 endfacet
 facet normal -1.305262e-01  9.914449e-01  0.000000e+00
   outer loop
     vertex  1.159693e+02 -1.100541e+02  0.000000e+00
     vertex  1.157235e+02 -1.100865e+02  1.510000e+00
     vertex  1.159693e+02 -1.100541e+02  1.510000e+00
   endloop
 endfacet
 facet normal -1.305262e-01  9.914449e-01  2.259795e-18
   outer loop
     vertex  1.159693e+02 -1.100541e+02  0.000000e+00
     vertex  1.157235e+02 -1.100865e+02  0.000000e+00
     vertex  1.157235e+02 -1.100865e+02  1.510000e+00
   endloop
 endfacet
 facet normal -3.826834e-01  9.238795e-01  0.000000e+00
   outer loop
     vertex  1.161985e+02 -1.099592e+02  0.000000e+00
     vertex  1.159693e+02 -1.100541e+02  1.510000e+00
     vertex  1.161985e+02 -1.099592e+02  1.510000e+00
   endloop
 endfacet
 facet normal -3.826834e-01  9.238795e-01 -2.946807e-18
   outer loop
     vertex  1.161985e+02 -1.099592e+02  0.000000e+00
     vertex  1.159693e+02 -1.100541e+02  0.000000e+00
     vertex  1.159693e+02 -1.100541e+02  1.510000e+00
   endloop
 endfacet
 facet normal -6.087614e-01  7.933533e-01  0.000000e+00
   outer loop
     vertex  1.163952e+02 -1.098082e+02  0.000000e+00
     vertex  1.161985e+02 -1.099592e+02  1.510000e+00
     vertex  1.163952e+02 -1.098082e+02  1.510000e+00
   endloop
 endfacet
 facet normal -6.087614e-01  7.933533e-01  1.541713e-18
   outer loop
     vertex  1.163952e+02 -1.098082e+02  0.000000e+00
     vertex  1.161985e+02 -1.099592e+02  0.000000e+00
     vertex  1.161985e+02 -1.099592e+02  1.510000e+00
   endloop
 endfacet
 facet normal -7.933533e-01  6.087614e-01  0.000000e+00
   outer loop
     vertex  1.165462e+02 -1.096115e+02  0.000000e+00
     vertex  1.163952e+02 -1.098082e+02  1.510000e+00
     vertex  1.165462e+02 -1.096115e+02  1.510000e+00
   endloop
 endfacet
 facet normal -9.238795e-01  3.826834e-01  0.000000e+00
   outer loop
     vertex  1.165462e+02 -1.096115e+02  0.000000e+00
     vertex  1.165462e+02 -1.096115e+02  1.510000e+00
     vertex  1.166411e+02 -1.093823e+02  1.510000e+00
   endloop
 endfacet
 facet normal -7.933533e-01  6.087614e-01  1.541713e-18
   outer loop
     vertex  1.165462e+02 -1.096115e+02  0.000000e+00
     vertex  1.163952e+02 -1.098082e+02  0.000000e+00
     vertex  1.163952e+02 -1.098082e+02  1.510000e+00
   endloop
 endfacet
 facet normal -9.238795e-01  3.826834e-01  0.000000e+00
   outer loop
     vertex  1.166411e+02 -1.093823e+02  0.000000e+00
     vertex  1.165462e+02 -1.096115e+02  0.000000e+00
     vertex  1.166411e+02 -1.093823e+02  1.510000e+00
   endloop
 endfacet
 facet normal -9.914449e-01  1.305262e-01  0.000000e+00
   outer loop
     vertex  1.166735e+02 -1.091365e+02  0.000000e+00
     vertex  1.166411e+02 -1.093823e+02  1.510000e+00
     vertex  1.166735e+02 -1.091365e+02  1.510000e+00
   endloop
 endfacet
 facet normal -9.914449e-01  1.305262e-01  2.259795e-18
   outer loop
     vertex  1.166735e+02 -1.091365e+02  0.000000e+00
     vertex  1.166411e+02 -1.093823e+02  0.000000e+00
     vertex  1.166411e+02 -1.093823e+02  1.510000e+00
   endloop
 endfacet
 facet normal -1.305262e-01  9.914449e-01  4.395871e-19
   outer loop
     vertex  1.120235e+02 -1.074770e+02  0.000000e+00
     vertex  1.119135e+02 -1.074915e+02  0.000000e+00
     vertex  1.119135e+02 -1.074915e+02  1.510000e+00
   endloop
 endfacet
 facet normal -1.305262e-01  9.914449e-01  0.000000e+00
   outer loop
     vertex  1.120235e+02 -1.074770e+02  0.000000e+00
     vertex  1.119135e+02 -1.074915e+02  1.510000e+00
     vertex  1.120235e+02 -1.074770e+02  1.510000e+00
   endloop
 endfacet
 facet normal -3.826834e-01  9.238795e-01  0.000000e+00
   outer loop
     vertex  1.121260e+02 -1.074345e+02  0.000000e+00
     vertex  1.120235e+02 -1.074770e+02  1.510000e+00
     vertex  1.121260e+02 -1.074345e+02  1.510000e+00
   endloop
 endfacet
 facet normal -3.826834e-01  9.238795e-01  4.009585e-19
   outer loop
     vertex  1.121260e+02 -1.074345e+02  0.000000e+00
     vertex  1.120235e+02 -1.074770e+02  0.000000e+00
     vertex  1.120235e+02 -1.074770e+02  1.510000e+00
   endloop
 endfacet
 facet normal -6.087614e-01  7.933533e-01  0.000000e+00
   outer loop
     vertex  1.122140e+02 -1.073670e+02  0.000000e+00
     vertex  1.121260e+02 -1.074345e+02  1.510000e+00
     vertex  1.122140e+02 -1.073670e+02  1.510000e+00
   endloop
 endfacet
 facet normal -6.087614e-01  7.933533e-01  1.310956e-18
   outer loop
     vertex  1.122140e+02 -1.073670e+02  0.000000e+00
     vertex  1.121260e+02 -1.074345e+02  0.000000e+00
     vertex  1.121260e+02 -1.074345e+02  1.510000e+00
   endloop
 endfacet
 facet normal -7.933533e-01  6.087614e-01  0.000000e+00
   outer loop
     vertex  1.122815e+02 -1.072790e+02  0.000000e+00
     vertex  1.122140e+02 -1.073670e+02  1.510000e+00
     vertex  1.122815e+02 -1.072790e+02  1.510000e+00
   endloop
 endfacet
 facet normal -7.933533e-01  6.087614e-01  1.310956e-18
   outer loop
     vertex  1.122815e+02 -1.072790e+02  0.000000e+00
     vertex  1.122140e+02 -1.073670e+02  0.000000e+00
     vertex  1.122140e+02 -1.073670e+02  1.510000e+00
   endloop
 endfacet
 facet normal -9.238795e-01  3.826834e-01  0.000000e+00
   outer loop
     vertex  1.123240e+02 -1.071765e+02  0.000000e+00
     vertex  1.122815e+02 -1.072790e+02  1.510000e+00
     vertex  1.123240e+02 -1.071765e+02  1.510000e+00
   endloop
 endfacet
 facet normal -9.238795e-01  3.826834e-01  4.009585e-19
   outer loop
     vertex  1.123240e+02 -1.071765e+02  0.000000e+00
     vertex  1.122815e+02 -1.072790e+02  0.000000e+00
     vertex  1.122815e+02 -1.072790e+02  1.510000e+00
   endloop
 endfacet
 facet normal -9.914449e-01  1.305262e-01  0.000000e+00
   outer loop
     vertex  1.123385e+02 -1.070665e+02  0.000000e+00
     vertex  1.123240e+02 -1.071765e+02  1.510000e+00
     vertex  1.123385e+02 -1.070665e+02  1.510000e+00
   endloop
 endfacet
 facet normal -9.914449e-01  1.305262e-01  4.395871e-19
   outer loop
     vertex  1.123385e+02 -1.070665e+02  0.000000e+00
     vertex  1.123240e+02 -1.071765e+02  0.000000e+00
     vertex  1.123240e+02 -1.071765e+02  1.510000e+00
   endloop
 endfacet
 facet normal -9.914449e-01 -1.305262e-01  0.000000e+00
   outer loop
     vertex  1.123240e+02 -1.069565e+02  0.000000e+00
     vertex  1.123385e+02 -1.070665e+02  1.510000e+00
     vertex  1.123240e+02 -1.069565e+02  1.510000e+00
   endloop
 endfacet
 facet normal -9.914449e-01 -1.305262e-01 -4.395871e-19
   outer loop
     vertex  1.123240e+02 -1.069565e+02  0.000000e+00
     vertex  1.123385e+02 -1.070665e+02  0.000000e+00
     vertex  1.123385e+02 -1.070665e+02  1.510000e+00
   endloop
 endfacet
 facet normal -9.238795e-01 -3.826834e-01  0.000000e+00
   outer loop
     vertex  1.122815e+02 -1.068540e+02  0.000000e+00
     vertex  1.123240e+02 -1.069565e+02  1.510000e+00
     vertex  1.122815e+02 -1.068540e+02  1.510000e+00
   endloop
 endfacet
 facet normal -9.238795e-01 -3.826834e-01 -4.009585e-19
   outer loop
     vertex  1.122815e+02 -1.068540e+02  0.000000e+00
     vertex  1.123240e+02 -1.069565e+02  0.000000e+00
     vertex  1.123240e+02 -1.069565e+02  1.510000e+00
   endloop
 endfacet
 facet normal -7.933533e-01 -6.087614e-01  0.000000e+00
   outer loop
     vertex  1.122140e+02 -1.067659e+02  0.000000e+00
     vertex  1.122815e+02 -1.068540e+02  1.510000e+00
     vertex  1.122140e+02 -1.067659e+02  1.510000e+00
   endloop
 endfacet
 facet normal -7.933533e-01 -6.087614e-01 -1.310956e-18
   outer loop
     vertex  1.122140e+02 -1.067659e+02  0.000000e+00
     vertex  1.122815e+02 -1.068540e+02  0.000000e+00
     vertex  1.122815e+02 -1.068540e+02  1.510000e+00
   endloop
 endfacet
 facet normal -6.087614e-01 -7.933533e-01  0.000000e+00
   outer loop
     vertex  1.121260e+02 -1.066984e+02  0.000000e+00
     vertex  1.122140e+02 -1.067659e+02  1.510000e+00
     vertex  1.121260e+02 -1.066984e+02  1.510000e+00
   endloop
 endfacet
 facet normal -6.087614e-01 -7.933533e-01 -1.310956e-18
   outer loop
     vertex  1.121260e+02 -1.066984e+02  0.000000e+00
     vertex  1.122140e+02 -1.067659e+02  0.000000e+00
     vertex  1.122140e+02 -1.067659e+02  1.510000e+00
   endloop
 endfacet
 facet normal -1.305262e-01 -9.914449e-01  0.000000e+00
   outer loop
     vertex  1.120235e+02 -1.066559e+02  0.000000e+00
     vertex  1.120235e+02 -1.066559e+02  1.510000e+00
     vertex  1.119135e+02 -1.066415e+02  1.510000e+00
   endloop
 endfacet
 facet normal -3.826834e-01 -9.238795e-01  0.000000e+00
   outer loop
     vertex  1.120235e+02 -1.066559e+02  0.000000e+00
     vertex  1.121260e+02 -1.066984e+02  1.510000e+00
     vertex  1.120235e+02 -1.066559e+02  1.510000e+00
   endloop
 endfacet
 facet normal -3.826834e-01 -9.238795e-01 -4.009585e-19
   outer loop
     vertex  1.120235e+02 -1.066559e+02  0.000000e+00
     vertex  1.121260e+02 -1.066984e+02  0.000000e+00
     vertex  1.121260e+02 -1.066984e+02  1.510000e+00
   endloop
 endfacet
 facet normal -1.305262e-01 -9.914449e-01  0.000000e+00
   outer loop
     vertex  1.119135e+02 -1.066415e+02  0.000000e+00
     vertex  1.120235e+02 -1.066559e+02  0.000000e+00
     vertex  1.119135e+02 -1.066415e+02  1.510000e+00
   endloop
 endfacet
 facet normal  1.305262e-01 -9.914449e-01  4.395871e-19
   outer loop
     vertex  1.118035e+02 -1.066559e+02  0.000000e+00
     vertex  1.119135e+02 -1.066415e+02  0.000000e+00
     vertex  1.119135e+02 -1.066415e+02  1.510000e+00
   endloop
 endfacet
 facet normal  1.305262e-01 -9.914449e-01  0.000000e+00
   outer loop
     vertex  1.118035e+02 -1.066559e+02  0.000000e+00
     vertex  1.119135e+02 -1.066415e+02  1.510000e+00
     vertex  1.118035e+02 -1.066559e+02  1.510000e+00
   endloop
 endfacet
 facet normal  3.826834e-01 -9.238795e-01  4.009585e-19
   outer loop
     vertex  1.117010e+02 -1.066984e+02  0.000000e+00
     vertex  1.118035e+02 -1.066559e+02  0.000000e+00
     vertex  1.118035e+02 -1.066559e+02  1.510000e+00
   endloop
 endfacet
 facet normal  3.826834e-01 -9.238795e-01  0.000000e+00
   outer loop
     vertex  1.117010e+02 -1.066984e+02  0.000000e+00
     vertex  1.118035e+02 -1.066559e+02  1.510000e+00
     vertex  1.117010e+02 -1.066984e+02  1.510000e+00
   endloop
 endfacet
 facet normal  6.087614e-01 -7.933533e-01  1.310956e-18
   outer loop
     vertex  1.116129e+02 -1.067659e+02  0.000000e+00
     vertex  1.117010e+02 -1.066984e+02  0.000000e+00
     vertex  1.117010e+02 -1.066984e+02  1.510000e+00
   endloop
 endfacet
 facet normal  7.933533e-01 -6.087614e-01  0.000000e+00
   outer loop
     vertex  1.116129e+02 -1.067659e+02  0.000000e+00
     vertex  1.116129e+02 -1.067659e+02  1.510000e+00
     vertex  1.115454e+02 -1.068540e+02  1.510000e+00
   endloop
 endfacet
 facet normal  6.087614e-01 -7.933533e-01  0.000000e+00
   outer loop
     vertex  1.116129e+02 -1.067659e+02  0.000000e+00
     vertex  1.117010e+02 -1.066984e+02  1.510000e+00
     vertex  1.116129e+02 -1.067659e+02  1.510000e+00
   endloop
 endfacet
 facet normal  7.933533e-01 -6.087614e-01  0.000000e+00
   outer loop
     vertex  1.115454e+02 -1.068540e+02  0.000000e+00
     vertex  1.116129e+02 -1.067659e+02  0.000000e+00
     vertex  1.115454e+02 -1.068540e+02  1.510000e+00
   endloop
 endfacet
 facet normal  9.238795e-01 -3.826834e-01  4.009585e-19
   outer loop
     vertex  1.115029e+02 -1.069565e+02  0.000000e+00
     vertex  1.115454e+02 -1.068540e+02  0.000000e+00
     vertex  1.115454e+02 -1.068540e+02  1.510000e+00
   endloop
 endfacet
 facet normal  9.238795e-01 -3.826834e-01  0.000000e+00
   outer loop
     vertex  1.115029e+02 -1.069565e+02  0.000000e+00
     vertex  1.115454e+02 -1.068540e+02  1.510000e+00
     vertex  1.115029e+02 -1.069565e+02  1.510000e+00
   endloop
 endfacet
 facet normal  9.914449e-01 -1.305262e-01  4.395871e-19
   outer loop
     vertex  1.114885e+02 -1.070665e+02  0.000000e+00
     vertex  1.115029e+02 -1.069565e+02  0.000000e+00
     vertex  1.115029e+02 -1.069565e+02  1.510000e+00
   endloop
 endfacet
 facet normal  9.914449e-01 -1.305262e-01  0.000000e+00
   outer loop
     vertex  1.114885e+02 -1.070665e+02  0.000000e+00
     vertex  1.115029e+02 -1.069565e+02  1.510000e+00
     vertex  1.114885e+02 -1.070665e+02  1.510000e+00
   endloop
 endfacet
 facet normal  9.914449e-01  1.305262e-01 -0.000000e+00
   outer loop
     vertex  1.115029e+02 -1.071765e+02  0.000000e+00
     vertex  1.114885e+02 -1.070665e+02  1.510000e+00
     vertex  1.115029e+02 -1.071765e+02  1.510000e+00
   endloop
 endfacet
 facet normal  9.914449e-01  1.305262e-01 -4.395871e-19
   outer loop
     vertex  1.115029e+02 -1.071765e+02  0.000000e+00
     vertex  1.114885e+02 -1.070665e+02  0.000000e+00
     vertex  1.114885e+02 -1.070665e+02  1.510000e+00
   endloop
 endfacet
 facet normal  9.238795e-01  3.826834e-01 -0.000000e+00
   outer loop
     vertex  1.115454e+02 -1.072790e+02  0.000000e+00
     vertex  1.115029e+02 -1.071765e+02  1.510000e+00
     vertex  1.115454e+02 -1.072790e+02  1.510000e+00
   endloop
 endfacet
 facet normal  9.238795e-01  3.826834e-01 -4.009585e-19
   outer loop
     vertex  1.115454e+02 -1.072790e+02  0.000000e+00
     vertex  1.115029e+02 -1.071765e+02  0.000000e+00
     vertex  1.115029e+02 -1.071765e+02  1.510000e+00
   endloop
 endfacet
 facet normal  7.933533e-01  6.087614e-01 -1.310956e-18
   outer loop
     vertex  1.116129e+02 -1.073670e+02  0.000000e+00
     vertex  1.115454e+02 -1.072790e+02  0.000000e+00
     vertex  1.115454e+02 -1.072790e+02  1.510000e+00
   endloop
 endfacet
 facet normal  6.087614e-01  7.933533e-01 -0.000000e+00
   outer loop
     vertex  1.116129e+02 -1.073670e+02  0.000000e+00
     vertex  1.116129e+02 -1.073670e+02  1.510000e+00
     vertex  1.117010e+02 -1.074345e+02  1.510000e+00
   endloop
 endfacet
 facet normal  7.933533e-01  6.087614e-01 -0.000000e+00
   outer loop
     vertex  1.116129e+02 -1.073670e+02  0.000000e+00
     vertex  1.115454e+02 -1.072790e+02  1.510000e+00
     vertex  1.116129e+02 -1.073670e+02  1.510000e+00
   endloop
 endfacet
 facet normal  6.087614e-01  7.933533e-01 -0.000000e+00
   outer loop
     vertex  1.117010e+02 -1.074345e+02  0.000000e+00
     vertex  1.116129e+02 -1.073670e+02  0.000000e+00
     vertex  1.117010e+02 -1.074345e+02  1.510000e+00
   endloop
 endfacet
 facet normal  1.305262e-01  9.914449e-01 -0.000000e+00
   outer loop
     vertex  1.118035e+02 -1.074770e+02  0.000000e+00
     vertex  1.118035e+02 -1.074770e+02  1.510000e+00
     vertex  1.119135e+02 -1.074915e+02  1.510000e+00
   endloop
 endfacet
 facet normal  3.826834e-01  9.238795e-01 -0.000000e+00
   outer loop
     vertex  1.118035e+02 -1.074770e+02  0.000000e+00
     vertex  1.117010e+02 -1.074345e+02  1.510000e+00
     vertex  1.118035e+02 -1.074770e+02  1.510000e+00
   endloop
 endfacet
 facet normal  3.826834e-01  9.238795e-01 -4.009585e-19
   outer loop
     vertex  1.118035e+02 -1.074770e+02  0.000000e+00
     vertex  1.117010e+02 -1.074345e+02  0.000000e+00
     vertex  1.117010e+02 -1.074345e+02  1.510000e+00
   endloop
 endfacet
 facet normal  1.305262e-01  9.914449e-01 -0.000000e+00
   outer loop
     vertex  1.119135e+02 -1.074915e+02  0.000000e+00
     vertex  1.118035e+02 -1.074770e+02  0.000000e+00
     vertex  1.119135e+02 -1.074915e+02  1.510000e+00
   endloop
 endfacet
 facet normal -1.305262e-01  9.914449e-01 -6.413114e-19
   outer loop
     vertex  1.196435e+02 -1.074770e+02  0.000000e+00
     vertex  1.195335e+02 -1.074915e+02  0.000000e+00
     vertex  1.195335e+02 -1.074915e+02  1.510000e+00
   endloop
 endfacet
 facet normal -1.305262e-01  9.914449e-01  0.000000e+00
   outer loop
     vertex  1.196435e+02 -1.074770e+02  0.000000e+00
     vertex  1.195335e+02 -1.074915e+02  1.510000e+00
     vertex  1.196435e+02 -1.074770e+02  1.510000e+00
   endloop
 endfacet
 facet normal -3.826834e-01  9.238795e-01  0.000000e+00
   outer loop
     vertex  1.197460e+02 -1.074345e+02  0.000000e+00
     vertex  1.196435e+02 -1.074770e+02  1.510000e+00
     vertex  1.197460e+02 -1.074345e+02  1.510000e+00
   endloop
 endfacet
 facet normal -3.826834e-01  9.238795e-01  4.009585e-19
   outer loop
     vertex  1.197460e+02 -1.074345e+02  0.000000e+00
     vertex  1.196435e+02 -1.074770e+02  0.000000e+00
     vertex  1.196435e+02 -1.074770e+02  1.510000e+00
   endloop
 endfacet
 facet normal -6.087614e-01  7.933533e-01  0.000000e+00
   outer loop
     vertex  1.198340e+02 -1.073670e+02  0.000000e+00
     vertex  1.197460e+02 -1.074345e+02  1.510000e+00
     vertex  1.198340e+02 -1.073670e+02  1.510000e+00
   endloop
 endfacet
 facet normal -6.087614e-01  7.933533e-01 -1.051019e-18
   outer loop
     vertex  1.198340e+02 -1.073670e+02  0.000000e+00
     vertex  1.197460e+02 -1.074345e+02  0.000000e+00
     vertex  1.197460e+02 -1.074345e+02  1.510000e+00
   endloop
 endfacet
 facet normal -7.933533e-01  6.087614e-01  0.000000e+00
   outer loop
     vertex  1.199015e+02 -1.072790e+02  0.000000e+00
     vertex  1.198340e+02 -1.073670e+02  1.510000e+00
     vertex  1.199015e+02 -1.072790e+02  1.510000e+00
   endloop
 endfacet
 facet normal -7.933533e-01  6.087614e-01 -1.051019e-18
   outer loop
     vertex  1.199015e+02 -1.072790e+02  0.000000e+00
     vertex  1.198340e+02 -1.073670e+02  0.000000e+00
     vertex  1.198340e+02 -1.073670e+02  1.510000e+00
   endloop
 endfacet
 facet normal -9.238795e-01  3.826834e-01  0.000000e+00
   outer loop
     vertex  1.199440e+02 -1.071765e+02  0.000000e+00
     vertex  1.199015e+02 -1.072790e+02  1.510000e+00
     vertex  1.199440e+02 -1.071765e+02  1.510000e+00
   endloop
 endfacet
 facet normal -9.238795e-01  3.826834e-01  4.009585e-19
   outer loop
     vertex  1.199440e+02 -1.071765e+02  0.000000e+00
     vertex  1.199015e+02 -1.072790e+02  0.000000e+00
     vertex  1.199015e+02 -1.072790e+02  1.510000e+00
   endloop
 endfacet
 facet normal -9.914449e-01  1.305262e-01  0.000000e+00
   outer loop
     vertex  1.199585e+02 -1.070665e+02  0.000000e+00
     vertex  1.199440e+02 -1.071765e+02  1.510000e+00
     vertex  1.199585e+02 -1.070665e+02  1.510000e+00
   endloop
 endfacet
 facet normal -9.914449e-01  1.305262e-01 -6.413114e-19
   outer loop
     vertex  1.199585e+02 -1.070665e+02  0.000000e+00
     vertex  1.199440e+02 -1.071765e+02  0.000000e+00
     vertex  1.199440e+02 -1.071765e+02  1.510000e+00
   endloop
 endfacet
 facet normal -9.914449e-01 -1.305262e-01  0.000000e+00
   outer loop
     vertex  1.199440e+02 -1.069565e+02  0.000000e+00
     vertex  1.199585e+02 -1.070665e+02  1.510000e+00
     vertex  1.199440e+02 -1.069565e+02  1.510000e+00
   endloop
 endfacet
 facet normal -9.914449e-01 -1.305262e-01  6.413114e-19
   outer loop
     vertex  1.199440e+02 -1.069565e+02  0.000000e+00
     vertex  1.199585e+02 -1.070665e+02  0.000000e+00
     vertex  1.199585e+02 -1.070665e+02  1.510000e+00
   endloop
 endfacet
 facet normal -9.238795e-01 -3.826834e-01  0.000000e+00
   outer loop
     vertex  1.199015e+02 -1.068540e+02  0.000000e+00
     vertex  1.199440e+02 -1.069565e+02  1.510000e+00
     vertex  1.199015e+02 -1.068540e+02  1.510000e+00
   endloop
 endfacet
 facet normal -9.238795e-01 -3.826834e-01 -4.009585e-19
   outer loop
     vertex  1.199015e+02 -1.068540e+02  0.000000e+00
     vertex  1.199440e+02 -1.069565e+02  0.000000e+00
     vertex  1.199440e+02 -1.069565e+02  1.510000e+00
   endloop
 endfacet
 facet normal -7.933533e-01 -6.087614e-01  0.000000e+00
   outer loop
     vertex  1.198340e+02 -1.067659e+02  0.000000e+00
     vertex  1.199015e+02 -1.068540e+02  1.510000e+00
     vertex  1.198340e+02 -1.067659e+02  1.510000e+00
   endloop
 endfacet
 facet normal -7.933533e-01 -6.087614e-01  1.051019e-18
   outer loop
     vertex  1.198340e+02 -1.067659e+02  0.000000e+00
     vertex  1.199015e+02 -1.068540e+02  0.000000e+00
     vertex  1.199015e+02 -1.068540e+02  1.510000e+00
   endloop
 endfacet
 facet normal -6.087614e-01 -7.933533e-01  0.000000e+00
   outer loop
     vertex  1.197460e+02 -1.066984e+02  0.000000e+00
     vertex  1.198340e+02 -1.067659e+02  1.510000e+00
     vertex  1.197460e+02 -1.066984e+02  1.510000e+00
   endloop
 endfacet
 facet normal -6.087614e-01 -7.933533e-01  1.051019e-18
   outer loop
     vertex  1.197460e+02 -1.066984e+02  0.000000e+00
     vertex  1.198340e+02 -1.067659e+02  0.000000e+00
     vertex  1.198340e+02 -1.067659e+02  1.510000e+00
   endloop
 endfacet
 facet normal -1.305262e-01 -9.914449e-01  0.000000e+00
   outer loop
     vertex  1.196435e+02 -1.066559e+02  0.000000e+00
     vertex  1.196435e+02 -1.066559e+02  1.510000e+00
     vertex  1.195335e+02 -1.066415e+02  1.510000e+00
   endloop
 endfacet
 facet normal -3.826834e-01 -9.238795e-01  0.000000e+00
   outer loop
     vertex  1.196435e+02 -1.066559e+02  0.000000e+00
     vertex  1.197460e+02 -1.066984e+02  1.510000e+00
     vertex  1.196435e+02 -1.066559e+02  1.510000e+00
   endloop
 endfacet
 facet normal -3.826834e-01 -9.238795e-01 -4.009585e-19
   outer loop
     vertex  1.196435e+02 -1.066559e+02  0.000000e+00
     vertex  1.197460e+02 -1.066984e+02  0.000000e+00
     vertex  1.197460e+02 -1.066984e+02  1.510000e+00
   endloop
 endfacet
 facet normal -1.305262e-01 -9.914449e-01  0.000000e+00
   outer loop
     vertex  1.195335e+02 -1.066415e+02  0.000000e+00
     vertex  1.196435e+02 -1.066559e+02  0.000000e+00
     vertex  1.195335e+02 -1.066415e+02  1.510000e+00
   endloop
 endfacet
 facet normal  1.305262e-01 -9.914449e-01 -6.413114e-19
   outer loop
     vertex  1.194235e+02 -1.066559e+02  0.000000e+00
     vertex  1.195335e+02 -1.066415e+02  0.000000e+00
     vertex  1.195335e+02 -1.066415e+02  1.510000e+00
   endloop
 endfacet
 facet normal  1.305262e-01 -9.914449e-01  0.000000e+00
   outer loop
     vertex  1.194235e+02 -1.066559e+02  0.000000e+00
     vertex  1.195335e+02 -1.066415e+02  1.510000e+00
     vertex  1.194235e+02 -1.066559e+02  1.510000e+00
   endloop
 endfacet
 facet normal  3.826834e-01 -9.238795e-01  4.009585e-19
   outer loop
     vertex  1.193210e+02 -1.066984e+02  0.000000e+00
     vertex  1.194235e+02 -1.066559e+02  0.000000e+00
     vertex  1.194235e+02 -1.066559e+02  1.510000e+00
   endloop
 endfacet
 facet normal  3.826834e-01 -9.238795e-01  0.000000e+00
   outer loop
     vertex  1.193210e+02 -1.066984e+02  0.000000e+00
     vertex  1.194235e+02 -1.066559e+02  1.510000e+00
     vertex  1.193210e+02 -1.066984e+02  1.510000e+00
   endloop
 endfacet
 facet normal  6.087614e-01 -7.933533e-01 -1.051019e-18
   outer loop
     vertex  1.192329e+02 -1.067659e+02  0.000000e+00
     vertex  1.193210e+02 -1.066984e+02  0.000000e+00
     vertex  1.193210e+02 -1.066984e+02  1.510000e+00
   endloop
 endfacet
 facet normal  7.933533e-01 -6.087614e-01  0.000000e+00
   outer loop
     vertex  1.192329e+02 -1.067659e+02  0.000000e+00
     vertex  1.192329e+02 -1.067659e+02  1.510000e+00
     vertex  1.191654e+02 -1.068540e+02  1.510000e+00
   endloop
 endfacet
 facet normal  6.087614e-01 -7.933533e-01  0.000000e+00
   outer loop
     vertex  1.192329e+02 -1.067659e+02  0.000000e+00
     vertex  1.193210e+02 -1.066984e+02  1.510000e+00
     vertex  1.192329e+02 -1.067659e+02  1.510000e+00
   endloop
 endfacet
 facet normal  7.933533e-01 -6.087614e-01  0.000000e+00
   outer loop
     vertex  1.191654e+02 -1.068540e+02  0.000000e+00
     vertex  1.192329e+02 -1.067659e+02  0.000000e+00
     vertex  1.191654e+02 -1.068540e+02  1.510000e+00
   endloop
 endfacet
 facet normal  9.238795e-01 -3.826834e-01  4.009585e-19
   outer loop
     vertex  1.191229e+02 -1.069565e+02  0.000000e+00
     vertex  1.191654e+02 -1.068540e+02  0.000000e+00
     vertex  1.191654e+02 -1.068540e+02  1.510000e+00
   endloop
 endfacet
 facet normal  9.238795e-01 -3.826834e-01  0.000000e+00
   outer loop
     vertex  1.191229e+02 -1.069565e+02  0.000000e+00
     vertex  1.191654e+02 -1.068540e+02  1.510000e+00
     vertex  1.191229e+02 -1.069565e+02  1.510000e+00
   endloop
 endfacet
 facet normal  9.914449e-01 -1.305262e-01 -6.413114e-19
   outer loop
     vertex  1.191085e+02 -1.070665e+02  0.000000e+00
     vertex  1.191229e+02 -1.069565e+02  0.000000e+00
     vertex  1.191229e+02 -1.069565e+02  1.510000e+00
   endloop
 endfacet
 facet normal  9.914449e-01 -1.305262e-01  0.000000e+00
   outer loop
     vertex  1.191085e+02 -1.070665e+02  0.000000e+00
     vertex  1.191229e+02 -1.069565e+02  1.510000e+00
     vertex  1.191085e+02 -1.070665e+02  1.510000e+00
   endloop
 endfacet
 facet normal  9.914449e-01  1.305262e-01 -0.000000e+00
   outer loop
     vertex  1.191229e+02 -1.071765e+02  0.000000e+00
     vertex  1.191085e+02 -1.070665e+02  1.510000e+00
     vertex  1.191229e+02 -1.071765e+02  1.510000e+00
   endloop
 endfacet
 facet normal  9.914449e-01  1.305262e-01  6.413114e-19
   outer loop
     vertex  1.191229e+02 -1.071765e+02  0.000000e+00
     vertex  1.191085e+02 -1.070665e+02  0.000000e+00
     vertex  1.191085e+02 -1.070665e+02  1.510000e+00
   endloop
 endfacet
 facet normal  9.238795e-01  3.826834e-01 -0.000000e+00
   outer loop
     vertex  1.191654e+02 -1.072790e+02  0.000000e+00
     vertex  1.191229e+02 -1.071765e+02  1.510000e+00
     vertex  1.191654e+02 -1.072790e+02  1.510000e+00
   endloop
 endfacet
 facet normal  9.238795e-01  3.826834e-01 -4.009585e-19
   outer loop
     vertex  1.191654e+02 -1.072790e+02  0.000000e+00
     vertex  1.191229e+02 -1.071765e+02  0.000000e+00
     vertex  1.191229e+02 -1.071765e+02  1.510000e+00
   endloop
 endfacet
 facet normal  7.933533e-01  6.087614e-01  1.051019e-18
   outer loop
     vertex  1.192329e+02 -1.073670e+02  0.000000e+00
     vertex  1.191654e+02 -1.072790e+02  0.000000e+00
     vertex  1.191654e+02 -1.072790e+02  1.510000e+00
   endloop
 endfacet
 facet normal  6.087614e-01  7.933533e-01 -0.000000e+00
   outer loop
     vertex  1.192329e+02 -1.073670e+02  0.000000e+00
     vertex  1.192329e+02 -1.073670e+02  1.510000e+00
     vertex  1.193210e+02 -1.074345e+02  1.510000e+00
   endloop
 endfacet
 facet normal  7.933533e-01  6.087614e-01 -0.000000e+00
   outer loop
     vertex  1.192329e+02 -1.073670e+02  0.000000e+00
     vertex  1.191654e+02 -1.072790e+02  1.510000e+00
     vertex  1.192329e+02 -1.073670e+02  1.510000e+00
   endloop
 endfacet
 facet normal  6.087614e-01  7.933533e-01 -0.000000e+00
   outer loop
     vertex  1.193210e+02 -1.074345e+02  0.000000e+00
     vertex  1.192329e+02 -1.073670e+02  0.000000e+00
     vertex  1.193210e+02 -1.074345e+02  1.510000e+00
   endloop
 endfacet
 facet normal  1.305262e-01  9.914449e-01 -0.000000e+00
   outer loop
     vertex  1.194235e+02 -1.074770e+02  0.000000e+00
     vertex  1.194235e+02 -1.074770e+02  1.510000e+00
     vertex  1.195335e+02 -1.074915e+02  1.510000e+00
   endloop
 endfacet
 facet normal  3.826834e-01  9.238795e-01 -0.000000e+00
   outer loop
     vertex  1.194235e+02 -1.074770e+02  0.000000e+00
     vertex  1.193210e+02 -1.074345e+02  1.510000e+00
     vertex  1.194235e+02 -1.074770e+02  1.510000e+00
   endloop
 endfacet
 facet normal  3.826834e-01  9.238795e-01 -4.009585e-19
   outer loop
     vertex  1.194235e+02 -1.074770e+02  0.000000e+00
     vertex  1.193210e+02 -1.074345e+02  0.000000e+00
     vertex  1.193210e+02 -1.074345e+02  1.510000e+00
   endloop
 endfacet
 facet normal  1.305262e-01  9.914449e-01 -0.000000e+00
   outer loop
     vertex  1.195335e+02 -1.074915e+02  0.000000e+00
     vertex  1.194235e+02 -1.074770e+02  0.000000e+00
     vertex  1.195335e+02 -1.074915e+02  1.510000e+00
   endloop
 endfacet
 facet normal -9.914449e-01 -1.305262e-01 -1.328337e-18
   outer loop
     vertex  1.259792e+02 -1.043000e+02  0.000000e+00
     vertex  1.260235e+02 -1.046365e+02  0.000000e+00
     vertex  1.260235e+02 -1.046365e+02  1.510000e+00
   endloop
 endfacet
 facet normal -9.914449e-01 -1.305262e-01  0.000000e+00
   outer loop
     vertex  1.259792e+02 -1.043000e+02  0.000000e+00
     vertex  1.260235e+02 -1.046365e+02  1.510000e+00
     vertex  1.259792e+02 -1.043000e+02  1.510000e+00
   endloop
 endfacet
 facet normal -9.238795e-01 -3.826834e-01  0.000000e+00
   outer loop
     vertex  1.258493e+02 -1.039865e+02  0.000000e+00
     vertex  1.259792e+02 -1.043000e+02  1.510000e+00
     vertex  1.258493e+02 -1.039865e+02  1.510000e+00
   endloop
 endfacet
 facet normal -9.238795e-01 -3.826834e-01 -8.006235e-19
   outer loop
     vertex  1.258493e+02 -1.039865e+02  0.000000e+00
     vertex  1.259792e+02 -1.043000e+02  0.000000e+00
     vertex  1.259792e+02 -1.043000e+02  1.510000e+00
   endloop
 endfacet
 facet normal -7.933533e-01 -6.087614e-01  0.000000e+00
   outer loop
     vertex  1.256427e+02 -1.037172e+02  0.000000e+00
     vertex  1.258493e+02 -1.039865e+02  1.510000e+00
     vertex  1.256427e+02 -1.037172e+02  1.510000e+00
   endloop
 endfacet
 facet normal -7.933533e-01 -6.087614e-01  6.143862e-18
   outer loop
     vertex  1.256427e+02 -1.037172e+02  0.000000e+00
     vertex  1.258493e+02 -1.039865e+02  0.000000e+00
     vertex  1.258493e+02 -1.039865e+02  1.510000e+00
   endloop
 endfacet
 facet normal -6.087614e-01 -7.933533e-01  0.000000e+00
   outer loop
     vertex  1.253735e+02 -1.035106e+02  0.000000e+00
     vertex  1.256427e+02 -1.037172e+02  1.510000e+00
     vertex  1.253735e+02 -1.035106e+02  1.510000e+00
   endloop
 endfacet
 facet normal -6.087614e-01 -7.933533e-01  6.143862e-18
   outer loop
     vertex  1.253735e+02 -1.035106e+02  0.000000e+00
     vertex  1.256427e+02 -1.037172e+02  0.000000e+00
     vertex  1.256427e+02 -1.037172e+02  1.510000e+00
   endloop
 endfacet
 facet normal -3.826834e-01 -9.238795e-01  0.000000e+00
   outer loop
     vertex  1.250599e+02 -1.033808e+02  0.000000e+00
     vertex  1.253735e+02 -1.035106e+02  1.510000e+00
     vertex  1.250599e+02 -1.033808e+02  1.510000e+00
   endloop
 endfacet
 facet normal -3.826834e-01 -9.238795e-01 -8.006235e-19
   outer loop
     vertex  1.250599e+02 -1.033808e+02  0.000000e+00
     vertex  1.253735e+02 -1.035106e+02  0.000000e+00
     vertex  1.253735e+02 -1.035106e+02  1.510000e+00
   endloop
 endfacet
 facet normal -1.305262e-01 -9.914449e-01  0.000000e+00
   outer loop
     vertex  1.247235e+02 -1.033365e+02  0.000000e+00
     vertex  1.250599e+02 -1.033808e+02  1.510000e+00
     vertex  1.247235e+02 -1.033365e+02  1.510000e+00
   endloop
 endfacet
 facet normal -1.305262e-01 -9.914449e-01 -1.328337e-18
   outer loop
     vertex  1.247235e+02 -1.033365e+02  0.000000e+00
     vertex  1.250599e+02 -1.033808e+02  0.000000e+00
     vertex  1.250599e+02 -1.033808e+02  1.510000e+00
   endloop
 endfacet
 facet normal  1.305262e-01 -9.914449e-01  0.000000e+00
   outer loop
     vertex  1.243870e+02 -1.033808e+02  0.000000e+00
     vertex  1.247235e+02 -1.033365e+02  1.510000e+00
     vertex  1.243870e+02 -1.033808e+02  1.510000e+00
   endloop
 endfacet
 facet normal  1.305262e-01 -9.914449e-01 -1.638168e-18
   outer loop
     vertex  1.243870e+02 -1.033808e+02  0.000000e+00
     vertex  1.247235e+02 -1.033365e+02  0.000000e+00
     vertex  1.247235e+02 -1.033365e+02  1.510000e+00
   endloop
 endfacet
 facet normal  3.826834e-01 -9.238795e-01  0.000000e+00
   outer loop
     vertex  1.240735e+02 -1.035106e+02  0.000000e+00
     vertex  1.243870e+02 -1.033808e+02  1.510000e+00
     vertex  1.240735e+02 -1.035106e+02  1.510000e+00
   endloop
 endfacet
 facet normal  3.826834e-01 -9.238795e-01  4.605463e-19
   outer loop
     vertex  1.240735e+02 -1.035106e+02  0.000000e+00
     vertex  1.243870e+02 -1.033808e+02  0.000000e+00
     vertex  1.243870e+02 -1.033808e+02  1.510000e+00
   endloop
 endfacet
 facet normal  6.087614e-01 -7.933533e-01  0.000000e+00
   outer loop
     vertex  1.238042e+02 -1.037172e+02  0.000000e+00
     vertex  1.240735e+02 -1.035106e+02  1.510000e+00
     vertex  1.238042e+02 -1.037172e+02  1.510000e+00
   endloop
 endfacet
 facet normal  6.087614e-01 -7.933533e-01 -6.143862e-18
   outer loop
     vertex  1.238042e+02 -1.037172e+02  0.000000e+00
     vertex  1.240735e+02 -1.035106e+02  0.000000e+00
     vertex  1.240735e+02 -1.035106e+02  1.510000e+00
   endloop
 endfacet
 facet normal  7.933533e-01 -6.087614e-01  0.000000e+00
   outer loop
     vertex  1.235976e+02 -1.039865e+02  0.000000e+00
     vertex  1.238042e+02 -1.037172e+02  1.510000e+00
     vertex  1.235976e+02 -1.039865e+02  1.510000e+00
   endloop
 endfacet
 facet normal  9.238795e-01 -3.826834e-01  0.000000e+00
   outer loop
     vertex  1.235976e+02 -1.039865e+02  0.000000e+00
     vertex  1.235976e+02 -1.039865e+02  1.510000e+00
     vertex  1.234678e+02 -1.043000e+02  1.510000e+00
   endloop
 endfacet
 facet normal  7.933533e-01 -6.087614e-01 -6.143862e-18
   outer loop
     vertex  1.235976e+02 -1.039865e+02  0.000000e+00
     vertex  1.238042e+02 -1.037172e+02  0.000000e+00
     vertex  1.238042e+02 -1.037172e+02  1.510000e+00
   endloop
 endfacet
 facet normal  9.238795e-01 -3.826834e-01  0.000000e+00
   outer loop
     vertex  1.234678e+02 -1.043000e+02  0.000000e+00
     vertex  1.235976e+02 -1.039865e+02  0.000000e+00
     vertex  1.234678e+02 -1.043000e+02  1.510000e+00
   endloop
 endfacet
 facet normal  9.914449e-01 -1.305262e-01  1.328337e-18
   outer loop
     vertex  1.234235e+02 -1.046365e+02  0.000000e+00
     vertex  1.234678e+02 -1.043000e+02  0.000000e+00
     vertex  1.234678e+02 -1.043000e+02  1.510000e+00
   endloop
 endfacet
 facet normal  9.914449e-01 -1.305262e-01  0.000000e+00
   outer loop
     vertex  1.234235e+02 -1.046365e+02  0.000000e+00
     vertex  1.234678e+02 -1.043000e+02  1.510000e+00
     vertex  1.234235e+02 -1.046365e+02  1.510000e+00
   endloop
 endfacet
 facet normal  9.914449e-01  1.305262e-01 -1.328337e-18
   outer loop
     vertex  1.234678e+02 -1.049729e+02  0.000000e+00
     vertex  1.234235e+02 -1.046365e+02  0.000000e+00
     vertex  1.234235e+02 -1.046365e+02  1.510000e+00
   endloop
 endfacet
 facet normal  9.914449e-01  1.305262e-01 -0.000000e+00
   outer loop
     vertex  1.234678e+02 -1.049729e+02  0.000000e+00
     vertex  1.234235e+02 -1.046365e+02  1.510000e+00
     vertex  1.234678e+02 -1.049729e+02  1.510000e+00
   endloop
 endfacet
 facet normal  9.238795e-01  3.826834e-01 -8.006235e-19
   outer loop
     vertex  1.235976e+02 -1.052865e+02  0.000000e+00
     vertex  1.234678e+02 -1.049729e+02  0.000000e+00
     vertex  1.234678e+02 -1.049729e+02  1.510000e+00
   endloop
 endfacet
 facet normal  9.238795e-01  3.826834e-01 -0.000000e+00
   outer loop
     vertex  1.235976e+02 -1.052865e+02  0.000000e+00
     vertex  1.234678e+02 -1.049729e+02  1.510000e+00
     vertex  1.235976e+02 -1.052865e+02  1.510000e+00
   endloop
 endfacet
 facet normal  7.933533e-01  6.087614e-01 -0.000000e+00
   outer loop
     vertex  1.235976e+02 -1.052865e+02  0.000000e+00
     vertex  1.235976e+02 -1.052865e+02  1.510000e+00
     vertex  1.238042e+02 -1.055557e+02  1.510000e+00
   endloop
 endfacet
 facet normal  7.933533e-01  6.087614e-01 -0.000000e+00
   outer loop
     vertex  1.238042e+02 -1.055557e+02  0.000000e+00
     vertex  1.235976e+02 -1.052865e+02  0.000000e+00
     vertex  1.238042e+02 -1.055557e+02  1.510000e+00
   endloop
 endfacet
 facet normal  6.087614e-01  7.933533e-01 -0.000000e+00
   outer loop
     vertex  1.240735e+02 -1.057623e+02  0.000000e+00
     vertex  1.238042e+02 -1.055557e+02  1.510000e+00
     vertex  1.240735e+02 -1.057623e+02  1.510000e+00
   endloop
 endfacet
 facet normal  6.087614e-01  7.933533e-01  6.143862e-18
   outer loop
     vertex  1.240735e+02 -1.057623e+02  0.000000e+00
     vertex  1.238042e+02 -1.055557e+02  0.000000e+00
     vertex  1.238042e+02 -1.055557e+02  1.510000e+00
   endloop
 endfacet
 facet normal  3.826834e-01  9.238795e-01 -0.000000e+00
   outer loop
     vertex  1.243870e+02 -1.058922e+02  0.000000e+00
     vertex  1.240735e+02 -1.057623e+02  1.510000e+00
     vertex  1.243870e+02 -1.058922e+02  1.510000e+00
   endloop
 endfacet
 facet normal  3.826834e-01  9.238795e-01 -8.006235e-19
   outer loop
     vertex  1.243870e+02 -1.058922e+02  0.000000e+00
     vertex  1.240735e+02 -1.057623e+02  0.000000e+00
     vertex  1.240735e+02 -1.057623e+02  1.510000e+00
   endloop
 endfacet
 facet normal  1.305262e-01  9.914449e-01 -0.000000e+00
   outer loop
     vertex  1.247235e+02 -1.059365e+02  0.000000e+00
     vertex  1.243870e+02 -1.058922e+02  1.510000e+00
     vertex  1.247235e+02 -1.059365e+02  1.510000e+00
   endloop
 endfacet
 facet normal  1.305262e-01  9.914449e-01 -1.328337e-18
   outer loop
     vertex  1.247235e+02 -1.059365e+02  0.000000e+00
     vertex  1.243870e+02 -1.058922e+02  0.000000e+00
     vertex  1.243870e+02 -1.058922e+02  1.510000e+00
   endloop
 endfacet
 facet normal -1.305262e-01  9.914449e-01  0.000000e+00
   outer loop
     vertex  1.250599e+02 -1.058922e+02  0.000000e+00
     vertex  1.247235e+02 -1.059365e+02  1.510000e+00
     vertex  1.250599e+02 -1.058922e+02  1.510000e+00
   endloop
 endfacet
 facet normal -1.305262e-01  9.914449e-01 -1.638168e-18
   outer loop
     vertex  1.250599e+02 -1.058922e+02  0.000000e+00
     vertex  1.247235e+02 -1.059365e+02  0.000000e+00
     vertex  1.247235e+02 -1.059365e+02  1.510000e+00
   endloop
 endfacet
 facet normal -3.826834e-01  9.238795e-01  0.000000e+00
   outer loop
     vertex  1.253735e+02 -1.057623e+02  0.000000e+00
     vertex  1.250599e+02 -1.058922e+02  1.510000e+00
     vertex  1.253735e+02 -1.057623e+02  1.510000e+00
   endloop
 endfacet
 facet normal -3.826834e-01  9.238795e-01  4.605463e-19
   outer loop
     vertex  1.253735e+02 -1.057623e+02  0.000000e+00
     vertex  1.250599e+02 -1.058922e+02  0.000000e+00
     vertex  1.250599e+02 -1.058922e+02  1.510000e+00
   endloop
 endfacet
 facet normal -6.087614e-01  7.933533e-01  0.000000e+00
   outer loop
     vertex  1.256427e+02 -1.055557e+02  0.000000e+00
     vertex  1.253735e+02 -1.057623e+02  1.510000e+00
     vertex  1.256427e+02 -1.055557e+02  1.510000e+00
   endloop
 endfacet
 facet normal -6.087614e-01  7.933533e-01 -6.143862e-18
   outer loop
     vertex  1.256427e+02 -1.055557e+02  0.000000e+00
     vertex  1.253735e+02 -1.057623e+02  0.000000e+00
     vertex  1.253735e+02 -1.057623e+02  1.510000e+00
   endloop
 endfacet
 facet normal -7.933533e-01  6.087614e-01  0.000000e+00
   outer loop
     vertex  1.258493e+02 -1.052865e+02  0.000000e+00
     vertex  1.256427e+02 -1.055557e+02  1.510000e+00
     vertex  1.258493e+02 -1.052865e+02  1.510000e+00
   endloop
 endfacet
 facet normal -9.238795e-01  3.826834e-01  0.000000e+00
   outer loop
     vertex  1.258493e+02 -1.052865e+02  0.000000e+00
     vertex  1.258493e+02 -1.052865e+02  1.510000e+00
     vertex  1.259792e+02 -1.049729e+02  1.510000e+00
   endloop
 endfacet
 facet normal -7.933533e-01  6.087614e-01 -6.143862e-18
   outer loop
     vertex  1.258493e+02 -1.052865e+02  0.000000e+00
     vertex  1.256427e+02 -1.055557e+02  0.000000e+00
     vertex  1.256427e+02 -1.055557e+02  1.510000e+00
   endloop
 endfacet
 facet normal -9.238795e-01  3.826834e-01  0.000000e+00
   outer loop
     vertex  1.259792e+02 -1.049729e+02  0.000000e+00
     vertex  1.258493e+02 -1.052865e+02  0.000000e+00
     vertex  1.259792e+02 -1.049729e+02  1.510000e+00
   endloop
 endfacet
 facet normal -9.914449e-01  1.305262e-01  0.000000e+00
   outer loop
     vertex  1.260235e+02 -1.046365e+02  0.000000e+00
     vertex  1.259792e+02 -1.049729e+02  1.510000e+00
     vertex  1.260235e+02 -1.046365e+02  1.510000e+00
   endloop
 endfacet
 facet normal -9.914449e-01  1.305262e-01  1.328337e-18
   outer loop
     vertex  1.260235e+02 -1.046365e+02  0.000000e+00
     vertex  1.259792e+02 -1.049729e+02  0.000000e+00
     vertex  1.259792e+02 -1.049729e+02  1.510000e+00
   endloop
 endfacet
 facet normal -1.305262e-01  9.914449e-01 -4.888604e-19
   outer loop
     vertex  1.506022e+02 -1.250879e+02  0.000000e+00
     vertex  1.505375e+02 -1.250965e+02  0.000000e+00
     vertex  1.505375e+02 -1.250965e+02  1.510000e+00
   endloop
 endfacet
 facet normal -1.305262e-01  9.914449e-01  0.000000e+00
   outer loop
     vertex  1.506022e+02 -1.250879e+02  0.000000e+00
     vertex  1.505375e+02 -1.250965e+02  1.510000e+00
     vertex  1.506022e+02 -1.250879e+02  1.510000e+00
   endloop
 endfacet
 facet normal -3.826834e-01  9.238795e-01  0.000000e+00
   outer loop
     vertex  1.506625e+02 -1.250630e+02  0.000000e+00
     vertex  1.506022e+02 -1.250879e+02  1.510000e+00
     vertex  1.506625e+02 -1.250630e+02  1.510000e+00
   endloop
 endfacet
 facet normal -3.826834e-01  9.238795e-01  5.393799e-19
   outer loop
     vertex  1.506625e+02 -1.250630e+02  0.000000e+00
     vertex  1.506022e+02 -1.250879e+02  0.000000e+00
     vertex  1.506022e+02 -1.250879e+02  1.510000e+00
   endloop
 endfacet
 facet normal -6.087614e-01  7.933533e-01  0.000000e+00
   outer loop
     vertex  1.507142e+02 -1.250232e+02  0.000000e+00
     vertex  1.506625e+02 -1.250630e+02  1.510000e+00
     vertex  1.507142e+02 -1.250232e+02  1.510000e+00
   endloop
 endfacet
 facet normal -6.087614e-01  7.933533e-01  1.009862e-18
   outer loop
     vertex  1.507142e+02 -1.250232e+02  0.000000e+00
     vertex  1.506625e+02 -1.250630e+02  0.000000e+00
     vertex  1.506625e+02 -1.250630e+02  1.510000e+00
   endloop
 endfacet
 facet normal -7.933533e-01  6.087614e-01  0.000000e+00
   outer loop
     vertex  1.507540e+02 -1.249715e+02  0.000000e+00
     vertex  1.507142e+02 -1.250232e+02  1.510000e+00
     vertex  1.507540e+02 -1.249715e+02  1.510000e+00
   endloop
 endfacet
 facet normal -7.933533e-01  6.087614e-01  1.009862e-18
   outer loop
     vertex  1.507540e+02 -1.249715e+02  0.000000e+00
     vertex  1.507142e+02 -1.250232e+02  0.000000e+00
     vertex  1.507142e+02 -1.250232e+02  1.510000e+00
   endloop
 endfacet
 facet normal -9.238795e-01  3.826834e-01  0.000000e+00
   outer loop
     vertex  1.507789e+02 -1.249112e+02  0.000000e+00
     vertex  1.507540e+02 -1.249715e+02  1.510000e+00
     vertex  1.507789e+02 -1.249112e+02  1.510000e+00
   endloop
 endfacet
 facet normal -9.238795e-01  3.826834e-01  5.393799e-19
   outer loop
     vertex  1.507789e+02 -1.249112e+02  0.000000e+00
     vertex  1.507540e+02 -1.249715e+02  0.000000e+00
     vertex  1.507540e+02 -1.249715e+02  1.510000e+00
   endloop
 endfacet
 facet normal -9.914449e-01  1.305262e-01  0.000000e+00
   outer loop
     vertex  1.507875e+02 -1.248465e+02  0.000000e+00
     vertex  1.507789e+02 -1.249112e+02  1.510000e+00
     vertex  1.507875e+02 -1.248465e+02  1.510000e+00
   endloop
 endfacet
 facet normal -9.914449e-01  1.305262e-01 -4.888604e-19
   outer loop
     vertex  1.507875e+02 -1.248465e+02  0.000000e+00
     vertex  1.507789e+02 -1.249112e+02  0.000000e+00
     vertex  1.507789e+02 -1.249112e+02  1.510000e+00
   endloop
 endfacet
 facet normal -9.914449e-01 -1.305262e-01  0.000000e+00
   outer loop
     vertex  1.507789e+02 -1.247818e+02  0.000000e+00
     vertex  1.507875e+02 -1.248465e+02  1.510000e+00
     vertex  1.507789e+02 -1.247818e+02  1.510000e+00
   endloop
 endfacet
 facet normal -9.914449e-01 -1.305262e-01  4.888604e-19
   outer loop
     vertex  1.507789e+02 -1.247818e+02  0.000000e+00
     vertex  1.507875e+02 -1.248465e+02  0.000000e+00
     vertex  1.507875e+02 -1.248465e+02  1.510000e+00
   endloop
 endfacet
 facet normal -9.238795e-01 -3.826834e-01  0.000000e+00
   outer loop
     vertex  1.507540e+02 -1.247215e+02  0.000000e+00
     vertex  1.507789e+02 -1.247818e+02  1.510000e+00
     vertex  1.507540e+02 -1.247215e+02  1.510000e+00
   endloop
 endfacet
 facet normal -9.238795e-01 -3.826834e-01 -5.393799e-19
   outer loop
     vertex  1.507540e+02 -1.247215e+02  0.000000e+00
     vertex  1.507789e+02 -1.247818e+02  0.000000e+00
     vertex  1.507789e+02 -1.247818e+02  1.510000e+00
   endloop
 endfacet
 facet normal -7.933533e-01 -6.087614e-01  0.000000e+00
   outer loop
     vertex  1.507142e+02 -1.246697e+02  0.000000e+00
     vertex  1.507540e+02 -1.247215e+02  1.510000e+00
     vertex  1.507142e+02 -1.246697e+02  1.510000e+00
   endloop
 endfacet
 facet normal -7.933533e-01 -6.087614e-01 -1.009862e-18
   outer loop
     vertex  1.507142e+02 -1.246697e+02  0.000000e+00
     vertex  1.507540e+02 -1.247215e+02  0.000000e+00
     vertex  1.507540e+02 -1.247215e+02  1.510000e+00
   endloop
 endfacet
 facet normal -6.087614e-01 -7.933533e-01  0.000000e+00
   outer loop
     vertex  1.506625e+02 -1.246300e+02  0.000000e+00
     vertex  1.507142e+02 -1.246697e+02  1.510000e+00
     vertex  1.506625e+02 -1.246300e+02  1.510000e+00
   endloop
 endfacet
 facet normal -6.087614e-01 -7.933533e-01 -1.009862e-18
   outer loop
     vertex  1.506625e+02 -1.246300e+02  0.000000e+00
     vertex  1.507142e+02 -1.246697e+02  0.000000e+00
     vertex  1.507142e+02 -1.246697e+02  1.510000e+00
   endloop
 endfacet
 facet normal -1.305262e-01 -9.914449e-01  0.000000e+00
   outer loop
     vertex  1.506022e+02 -1.246050e+02  0.000000e+00
     vertex  1.506022e+02 -1.246050e+02  1.510000e+00
     vertex  1.505375e+02 -1.245965e+02  1.510000e+00
   endloop
 endfacet
 facet normal -3.826834e-01 -9.238795e-01  0.000000e+00
   outer loop
     vertex  1.506022e+02 -1.246050e+02  0.000000e+00
     vertex  1.506625e+02 -1.246300e+02  1.510000e+00
     vertex  1.506022e+02 -1.246050e+02  1.510000e+00
   endloop
 endfacet
 facet normal -3.826834e-01 -9.238795e-01 -5.393799e-19
   outer loop
     vertex  1.506022e+02 -1.246050e+02  0.000000e+00
     vertex  1.506625e+02 -1.246300e+02  0.000000e+00
     vertex  1.506625e+02 -1.246300e+02  1.510000e+00
   endloop
 endfacet
 facet normal -1.305262e-01 -9.914449e-01  0.000000e+00
   outer loop
     vertex  1.505375e+02 -1.245965e+02  0.000000e+00
     vertex  1.506022e+02 -1.246050e+02  0.000000e+00
     vertex  1.505375e+02 -1.245965e+02  1.510000e+00
   endloop
 endfacet
 facet normal  1.305262e-01 -9.914449e-01 -4.888604e-19
   outer loop
     vertex  1.504728e+02 -1.246050e+02  0.000000e+00
     vertex  1.505375e+02 -1.245965e+02  0.000000e+00
     vertex  1.505375e+02 -1.245965e+02  1.510000e+00
   endloop
 endfacet
 facet normal  1.305262e-01 -9.914449e-01  0.000000e+00
   outer loop
     vertex  1.504728e+02 -1.246050e+02  0.000000e+00
     vertex  1.505375e+02 -1.245965e+02  1.510000e+00
     vertex  1.504728e+02 -1.246050e+02  1.510000e+00
   endloop
 endfacet
 facet normal  3.826834e-01 -9.238795e-01  5.393799e-19
   outer loop
     vertex  1.504125e+02 -1.246300e+02  0.000000e+00
     vertex  1.504728e+02 -1.246050e+02  0.000000e+00
     vertex  1.504728e+02 -1.246050e+02  1.510000e+00
   endloop
 endfacet
 facet normal  3.826834e-01 -9.238795e-01  0.000000e+00
   outer loop
     vertex  1.504125e+02 -1.246300e+02  0.000000e+00
     vertex  1.504728e+02 -1.246050e+02  1.510000e+00
     vertex  1.504125e+02 -1.246300e+02  1.510000e+00
   endloop
 endfacet
 facet normal  6.087614e-01 -7.933533e-01  1.009862e-18
   outer loop
     vertex  1.503607e+02 -1.246697e+02  0.000000e+00
     vertex  1.504125e+02 -1.246300e+02  0.000000e+00
     vertex  1.504125e+02 -1.246300e+02  1.510000e+00
   endloop
 endfacet
 facet normal  7.933533e-01 -6.087614e-01  0.000000e+00
   outer loop
     vertex  1.503607e+02 -1.246697e+02  0.000000e+00
     vertex  1.503607e+02 -1.246697e+02  1.510000e+00
     vertex  1.503210e+02 -1.247215e+02  1.510000e+00
   endloop
 endfacet
 facet normal  6.087614e-01 -7.933533e-01  0.000000e+00
   outer loop
     vertex  1.503607e+02 -1.246697e+02  0.000000e+00
     vertex  1.504125e+02 -1.246300e+02  1.510000e+00
     vertex  1.503607e+02 -1.246697e+02  1.510000e+00
   endloop
 endfacet
 facet normal  7.933533e-01 -6.087614e-01  0.000000e+00
   outer loop
     vertex  1.503210e+02 -1.247215e+02  0.000000e+00
     vertex  1.503607e+02 -1.246697e+02  0.000000e+00
     vertex  1.503210e+02 -1.247215e+02  1.510000e+00
   endloop
 endfacet
 facet normal  9.238795e-01 -3.826834e-01  5.393799e-19
   outer loop
     vertex  1.502960e+02 -1.247818e+02  0.000000e+00
     vertex  1.503210e+02 -1.247215e+02  0.000000e+00
     vertex  1.503210e+02 -1.247215e+02  1.510000e+00
   endloop
 endfacet
 facet normal  9.238795e-01 -3.826834e-01  0.000000e+00
   outer loop
     vertex  1.502960e+02 -1.247818e+02  0.000000e+00
     vertex  1.503210e+02 -1.247215e+02  1.510000e+00
     vertex  1.502960e+02 -1.247818e+02  1.510000e+00
   endloop
 endfacet
 facet normal  9.914449e-01 -1.305262e-01 -4.888604e-19
   outer loop
     vertex  1.502875e+02 -1.248465e+02  0.000000e+00
     vertex  1.502960e+02 -1.247818e+02  0.000000e+00
     vertex  1.502960e+02 -1.247818e+02  1.510000e+00
   endloop
 endfacet
 facet normal  9.914449e-01 -1.305262e-01  0.000000e+00
   outer loop
     vertex  1.502875e+02 -1.248465e+02  0.000000e+00
     vertex  1.502960e+02 -1.247818e+02  1.510000e+00
     vertex  1.502875e+02 -1.248465e+02  1.510000e+00
   endloop
 endfacet
 facet normal  9.914449e-01  1.305262e-01 -0.000000e+00
   outer loop
     vertex  1.502960e+02 -1.249112e+02  0.000000e+00
     vertex  1.502875e+02 -1.248465e+02  1.510000e+00
     vertex  1.502960e+02 -1.249112e+02  1.510000e+00
   endloop
 endfacet
 facet normal  9.914449e-01  1.305262e-01  4.888604e-19
   outer loop
     vertex  1.502960e+02 -1.249112e+02  0.000000e+00
     vertex  1.502875e+02 -1.248465e+02  0.000000e+00
     vertex  1.502875e+02 -1.248465e+02  1.510000e+00
   endloop
 endfacet
 facet normal  9.238795e-01  3.826834e-01 -0.000000e+00
   outer loop
     vertex  1.503210e+02 -1.249715e+02  0.000000e+00
     vertex  1.502960e+02 -1.249112e+02  1.510000e+00
     vertex  1.503210e+02 -1.249715e+02  1.510000e+00
   endloop
 endfacet
 facet normal  9.238795e-01  3.826834e-01 -5.393799e-19
   outer loop
     vertex  1.503210e+02 -1.249715e+02  0.000000e+00
     vertex  1.502960e+02 -1.249112e+02  0.000000e+00
     vertex  1.502960e+02 -1.249112e+02  1.510000e+00
   endloop
 endfacet
 facet normal  7.933533e-01  6.087614e-01 -1.009862e-18
   outer loop
     vertex  1.503607e+02 -1.250232e+02  0.000000e+00
     vertex  1.503210e+02 -1.249715e+02  0.000000e+00
     vertex  1.503210e+02 -1.249715e+02  1.510000e+00
   endloop
 endfacet
 facet normal  6.087614e-01  7.933533e-01 -0.000000e+00
   outer loop
     vertex  1.503607e+02 -1.250232e+02  0.000000e+00
     vertex  1.503607e+02 -1.250232e+02  1.510000e+00
     vertex  1.504125e+02 -1.250630e+02  1.510000e+00
   endloop
 endfacet
 facet normal  7.933533e-01  6.087614e-01 -0.000000e+00
   outer loop
     vertex  1.503607e+02 -1.250232e+02  0.000000e+00
     vertex  1.503210e+02 -1.249715e+02  1.510000e+00
     vertex  1.503607e+02 -1.250232e+02  1.510000e+00
   endloop
 endfacet
 facet normal  6.087614e-01  7.933533e-01 -0.000000e+00
   outer loop
     vertex  1.504125e+02 -1.250630e+02  0.000000e+00
     vertex  1.503607e+02 -1.250232e+02  0.000000e+00
     vertex  1.504125e+02 -1.250630e+02  1.510000e+00
   endloop
 endfacet
 facet normal  1.305262e-01  9.914449e-01 -0.000000e+00
   outer loop
     vertex  1.504728e+02 -1.250879e+02  0.000000e+00
     vertex  1.504728e+02 -1.250879e+02  1.510000e+00
     vertex  1.505375e+02 -1.250965e+02  1.510000e+00
   endloop
 endfacet
 facet normal  3.826834e-01  9.238795e-01 -0.000000e+00
   outer loop
     vertex  1.504728e+02 -1.250879e+02  0.000000e+00
     vertex  1.504125e+02 -1.250630e+02  1.510000e+00
     vertex  1.504728e+02 -1.250879e+02  1.510000e+00
   endloop
 endfacet
 facet normal  3.826834e-01  9.238795e-01 -5.393799e-19
   outer loop
     vertex  1.504728e+02 -1.250879e+02  0.000000e+00
     vertex  1.504125e+02 -1.250630e+02  0.000000e+00
     vertex  1.504125e+02 -1.250630e+02  1.510000e+00
   endloop
 endfacet
 facet normal  1.305262e-01  9.914449e-01 -0.000000e+00
   outer loop
     vertex  1.505375e+02 -1.250965e+02  0.000000e+00
     vertex  1.504728e+02 -1.250879e+02  0.000000e+00
     vertex  1.505375e+02 -1.250965e+02  1.510000e+00
   endloop
 endfacet
 facet normal -1.305262e-01  9.914449e-01 -4.888604e-19
   outer loop
     vertex  1.516022e+02 -1.250879e+02  0.000000e+00
     vertex  1.515375e+02 -1.250965e+02  0.000000e+00
     vertex  1.515375e+02 -1.250965e+02  1.510000e+00
   endloop
 endfacet
 facet normal -1.305262e-01  9.914449e-01  0.000000e+00
   outer loop
     vertex  1.516022e+02 -1.250879e+02  0.000000e+00
     vertex  1.515375e+02 -1.250965e+02  1.510000e+00
     vertex  1.516022e+02 -1.250879e+02  1.510000e+00
   endloop
 endfacet
 facet normal -3.826834e-01  9.238795e-01  0.000000e+00
   outer loop
     vertex  1.516625e+02 -1.250630e+02  0.000000e+00
     vertex  1.516022e+02 -1.250879e+02  1.510000e+00
     vertex  1.516625e+02 -1.250630e+02  1.510000e+00
   endloop
 endfacet
 facet normal -3.826834e-01  9.238795e-01  5.393799e-19
   outer loop
     vertex  1.516625e+02 -1.250630e+02  0.000000e+00
     vertex  1.516022e+02 -1.250879e+02  0.000000e+00
     vertex  1.516022e+02 -1.250879e+02  1.510000e+00
   endloop
 endfacet
 facet normal -6.087614e-01  7.933533e-01  0.000000e+00
   outer loop
     vertex  1.517142e+02 -1.250232e+02  0.000000e+00
     vertex  1.516625e+02 -1.250630e+02  1.510000e+00
     vertex  1.517142e+02 -1.250232e+02  1.510000e+00
   endloop
 endfacet
 facet normal -6.087614e-01  7.933533e-01  1.009862e-18
   outer loop
     vertex  1.517142e+02 -1.250232e+02  0.000000e+00
     vertex  1.516625e+02 -1.250630e+02  0.000000e+00
     vertex  1.516625e+02 -1.250630e+02  1.510000e+00
   endloop
 endfacet
 facet normal -7.933533e-01  6.087614e-01  0.000000e+00
   outer loop
     vertex  1.517540e+02 -1.249715e+02  0.000000e+00
     vertex  1.517142e+02 -1.250232e+02  1.510000e+00
     vertex  1.517540e+02 -1.249715e+02  1.510000e+00
   endloop
 endfacet
 facet normal -7.933533e-01  6.087614e-01  1.009862e-18
   outer loop
     vertex  1.517540e+02 -1.249715e+02  0.000000e+00
     vertex  1.517142e+02 -1.250232e+02  0.000000e+00
     vertex  1.517142e+02 -1.250232e+02  1.510000e+00
   endloop
 endfacet
 facet normal -9.238795e-01  3.826834e-01  0.000000e+00
   outer loop
     vertex  1.517789e+02 -1.249112e+02  0.000000e+00
     vertex  1.517540e+02 -1.249715e+02  1.510000e+00
     vertex  1.517789e+02 -1.249112e+02  1.510000e+00
   endloop
 endfacet
 facet normal -9.238795e-01  3.826834e-01  5.393799e-19
   outer loop
     vertex  1.517789e+02 -1.249112e+02  0.000000e+00
     vertex  1.517540e+02 -1.249715e+02  0.000000e+00
     vertex  1.517540e+02 -1.249715e+02  1.510000e+00
   endloop
 endfacet
 facet normal -9.914449e-01  1.305262e-01  0.000000e+00
   outer loop
     vertex  1.517875e+02 -1.248465e+02  0.000000e+00
     vertex  1.517789e+02 -1.249112e+02  1.510000e+00
     vertex  1.517875e+02 -1.248465e+02  1.510000e+00
   endloop
 endfacet
 facet normal -9.914449e-01  1.305262e-01 -4.888604e-19
   outer loop
     vertex  1.517875e+02 -1.248465e+02  0.000000e+00
     vertex  1.517789e+02 -1.249112e+02  0.000000e+00
     vertex  1.517789e+02 -1.249112e+02  1.510000e+00
   endloop
 endfacet
 facet normal -9.914449e-01 -1.305262e-01  0.000000e+00
   outer loop
     vertex  1.517789e+02 -1.247818e+02  0.000000e+00
     vertex  1.517875e+02 -1.248465e+02  1.510000e+00
     vertex  1.517789e+02 -1.247818e+02  1.510000e+00
   endloop
 endfacet
 facet normal -9.914449e-01 -1.305262e-01  4.888604e-19
   outer loop
     vertex  1.517789e+02 -1.247818e+02  0.000000e+00
     vertex  1.517875e+02 -1.248465e+02  0.000000e+00
     vertex  1.517875e+02 -1.248465e+02  1.510000e+00
   endloop
 endfacet
 facet normal -9.238795e-01 -3.826834e-01  0.000000e+00
   outer loop
     vertex  1.517540e+02 -1.247215e+02  0.000000e+00
     vertex  1.517789e+02 -1.247818e+02  1.510000e+00
     vertex  1.517540e+02 -1.247215e+02  1.510000e+00
   endloop
 endfacet
 facet normal -9.238795e-01 -3.826834e-01 -5.393799e-19
   outer loop
     vertex  1.517540e+02 -1.247215e+02  0.000000e+00
     vertex  1.517789e+02 -1.247818e+02  0.000000e+00
     vertex  1.517789e+02 -1.247818e+02  1.510000e+00
   endloop
 endfacet
 facet normal -7.933533e-01 -6.087614e-01  0.000000e+00
   outer loop
     vertex  1.517142e+02 -1.246697e+02  0.000000e+00
     vertex  1.517540e+02 -1.247215e+02  1.510000e+00
     vertex  1.517142e+02 -1.246697e+02  1.510000e+00
   endloop
 endfacet
 facet normal -7.933533e-01 -6.087614e-01 -1.009862e-18
   outer loop
     vertex  1.517142e+02 -1.246697e+02  0.000000e+00
     vertex  1.517540e+02 -1.247215e+02  0.000000e+00
     vertex  1.517540e+02 -1.247215e+02  1.510000e+00
   endloop
 endfacet
 facet normal -6.087614e-01 -7.933533e-01  0.000000e+00
   outer loop
     vertex  1.516625e+02 -1.246300e+02  0.000000e+00
     vertex  1.517142e+02 -1.246697e+02  1.510000e+00
     vertex  1.516625e+02 -1.246300e+02  1.510000e+00
   endloop
 endfacet
 facet normal -6.087614e-01 -7.933533e-01 -1.009862e-18
   outer loop
     vertex  1.516625e+02 -1.246300e+02  0.000000e+00
     vertex  1.517142e+02 -1.246697e+02  0.000000e+00
     vertex  1.517142e+02 -1.246697e+02  1.510000e+00
   endloop
 endfacet
 facet normal -1.305262e-01 -9.914449e-01  0.000000e+00
   outer loop
     vertex  1.516022e+02 -1.246050e+02  0.000000e+00
     vertex  1.516022e+02 -1.246050e+02  1.510000e+00
     vertex  1.515375e+02 -1.245965e+02  1.510000e+00
   endloop
 endfacet
 facet normal -3.826834e-01 -9.238795e-01  0.000000e+00
   outer loop
     vertex  1.516022e+02 -1.246050e+02  0.000000e+00
     vertex  1.516625e+02 -1.246300e+02  1.510000e+00
     vertex  1.516022e+02 -1.246050e+02  1.510000e+00
   endloop
 endfacet
 facet normal -3.826834e-01 -9.238795e-01 -5.393799e-19
   outer loop
     vertex  1.516022e+02 -1.246050e+02  0.000000e+00
     vertex  1.516625e+02 -1.246300e+02  0.000000e+00
     vertex  1.516625e+02 -1.246300e+02  1.510000e+00
   endloop
 endfacet
 facet normal -1.305262e-01 -9.914449e-01  0.000000e+00
   outer loop
     vertex  1.515375e+02 -1.245965e+02  0.000000e+00
     vertex  1.516022e+02 -1.246050e+02  0.000000e+00
     vertex  1.515375e+02 -1.245965e+02  1.510000e+00
   endloop
 endfacet
 facet normal  1.305262e-01 -9.914449e-01 -4.888604e-19
   outer loop
     vertex  1.514728e+02 -1.246050e+02  0.000000e+00
     vertex  1.515375e+02 -1.245965e+02  0.000000e+00
     vertex  1.515375e+02 -1.245965e+02  1.510000e+00
   endloop
 endfacet
 facet normal  1.305262e-01 -9.914449e-01  0.000000e+00
   outer loop
     vertex  1.514728e+02 -1.246050e+02  0.000000e+00
     vertex  1.515375e+02 -1.245965e+02  1.510000e+00
     vertex  1.514728e+02 -1.246050e+02  1.510000e+00
   endloop
 endfacet
 facet normal  3.826834e-01 -9.238795e-01  5.393799e-19
   outer loop
     vertex  1.514125e+02 -1.246300e+02  0.000000e+00
     vertex  1.514728e+02 -1.246050e+02  0.000000e+00
     vertex  1.514728e+02 -1.246050e+02  1.510000e+00
   endloop
 endfacet
 facet normal  3.826834e-01 -9.238795e-01  0.000000e+00
   outer loop
     vertex  1.514125e+02 -1.246300e+02  0.000000e+00
     vertex  1.514728e+02 -1.246050e+02  1.510000e+00
     vertex  1.514125e+02 -1.246300e+02  1.510000e+00
   endloop
 endfacet
 facet normal  6.087614e-01 -7.933533e-01  1.009862e-18
   outer loop
     vertex  1.513607e+02 -1.246697e+02  0.000000e+00
     vertex  1.514125e+02 -1.246300e+02  0.000000e+00
     vertex  1.514125e+02 -1.246300e+02  1.510000e+00
   endloop
 endfacet
 facet normal  7.933533e-01 -6.087614e-01  0.000000e+00
   outer loop
     vertex  1.513607e+02 -1.246697e+02  0.000000e+00
     vertex  1.513607e+02 -1.246697e+02  1.510000e+00
     vertex  1.513210e+02 -1.247215e+02  1.510000e+00
   endloop
 endfacet
 facet normal  6.087614e-01 -7.933533e-01  0.000000e+00
   outer loop
     vertex  1.513607e+02 -1.246697e+02  0.000000e+00
     vertex  1.514125e+02 -1.246300e+02  1.510000e+00
     vertex  1.513607e+02 -1.246697e+02  1.510000e+00
   endloop
 endfacet
 facet normal  7.933533e-01 -6.087614e-01  0.000000e+00
   outer loop
     vertex  1.513210e+02 -1.247215e+02  0.000000e+00
     vertex  1.513607e+02 -1.246697e+02  0.000000e+00
     vertex  1.513210e+02 -1.247215e+02  1.510000e+00
   endloop
 endfacet
 facet normal  9.238795e-01 -3.826834e-01  5.393799e-19
   outer loop
     vertex  1.512960e+02 -1.247818e+02  0.000000e+00
     vertex  1.513210e+02 -1.247215e+02  0.000000e+00
     vertex  1.513210e+02 -1.247215e+02  1.510000e+00
   endloop
 endfacet
 facet normal  9.238795e-01 -3.826834e-01  0.000000e+00
   outer loop
     vertex  1.512960e+02 -1.247818e+02  0.000000e+00
     vertex  1.513210e+02 -1.247215e+02  1.510000e+00
     vertex  1.512960e+02 -1.247818e+02  1.510000e+00
   endloop
 endfacet
 facet normal  9.914449e-01 -1.305262e-01 -4.888604e-19
   outer loop
     vertex  1.512875e+02 -1.248465e+02  0.000000e+00
     vertex  1.512960e+02 -1.247818e+02  0.000000e+00
     vertex  1.512960e+02 -1.247818e+02  1.510000e+00
   endloop
 endfacet
 facet normal  9.914449e-01 -1.305262e-01  0.000000e+00
   outer loop
     vertex  1.512875e+02 -1.248465e+02  0.000000e+00
     vertex  1.512960e+02 -1.247818e+02  1.510000e+00
     vertex  1.512875e+02 -1.248465e+02  1.510000e+00
   endloop
 endfacet
 facet normal  9.914449e-01  1.305262e-01 -0.000000e+00
   outer loop
     vertex  1.512960e+02 -1.249112e+02  0.000000e+00
     vertex  1.512875e+02 -1.248465e+02  1.510000e+00
     vertex  1.512960e+02 -1.249112e+02  1.510000e+00
   endloop
 endfacet
 facet normal  9.914449e-01  1.305262e-01  4.888604e-19
   outer loop
     vertex  1.512960e+02 -1.249112e+02  0.000000e+00
     vertex  1.512875e+02 -1.248465e+02  0.000000e+00
     vertex  1.512875e+02 -1.248465e+02  1.510000e+00
   endloop
 endfacet
 facet normal  9.238795e-01  3.826834e-01 -0.000000e+00
   outer loop
     vertex  1.513210e+02 -1.249715e+02  0.000000e+00
     vertex  1.512960e+02 -1.249112e+02  1.510000e+00
     vertex  1.513210e+02 -1.249715e+02  1.510000e+00
   endloop
 endfacet
 facet normal  9.238795e-01  3.826834e-01 -5.393799e-19
   outer loop
     vertex  1.513210e+02 -1.249715e+02  0.000000e+00
     vertex  1.512960e+02 -1.249112e+02  0.000000e+00
     vertex  1.512960e+02 -1.249112e+02  1.510000e+00
   endloop
 endfacet
 facet normal  7.933533e-01  6.087614e-01 -1.009862e-18
   outer loop
     vertex  1.513607e+02 -1.250232e+02  0.000000e+00
     vertex  1.513210e+02 -1.249715e+02  0.000000e+00
     vertex  1.513210e+02 -1.249715e+02  1.510000e+00
   endloop
 endfacet
 facet normal  6.087614e-01  7.933533e-01 -0.000000e+00
   outer loop
     vertex  1.513607e+02 -1.250232e+02  0.000000e+00
     vertex  1.513607e+02 -1.250232e+02  1.510000e+00
     vertex  1.514125e+02 -1.250630e+02  1.510000e+00
   endloop
 endfacet
 facet normal  7.933533e-01  6.087614e-01 -0.000000e+00
   outer loop
     vertex  1.513607e+02 -1.250232e+02  0.000000e+00
     vertex  1.513210e+02 -1.249715e+02  1.510000e+00
     vertex  1.513607e+02 -1.250232e+02  1.510000e+00
   endloop
 endfacet
 facet normal  6.087614e-01  7.933533e-01 -0.000000e+00
   outer loop
     vertex  1.514125e+02 -1.250630e+02  0.000000e+00
     vertex  1.513607e+02 -1.250232e+02  0.000000e+00
     vertex  1.514125e+02 -1.250630e+02  1.510000e+00
   endloop
 endfacet
 facet normal  1.305262e-01  9.914449e-01 -0.000000e+00
   outer loop
     vertex  1.514728e+02 -1.250879e+02  0.000000e+00
     vertex  1.514728e+02 -1.250879e+02  1.510000e+00
     vertex  1.515375e+02 -1.250965e+02  1.510000e+00
   endloop
 endfacet
 facet normal  3.826834e-01  9.238795e-01 -0.000000e+00
   outer loop
     vertex  1.514728e+02 -1.250879e+02  0.000000e+00
     vertex  1.514125e+02 -1.250630e+02  1.510000e+00
     vertex  1.514728e+02 -1.250879e+02  1.510000e+00
   endloop
 endfacet
 facet normal  3.826834e-01  9.238795e-01 -5.393799e-19
   outer loop
     vertex  1.514728e+02 -1.250879e+02  0.000000e+00
     vertex  1.514125e+02 -1.250630e+02  0.000000e+00
     vertex  1.514125e+02 -1.250630e+02  1.510000e+00
   endloop
 endfacet
 facet normal  1.305262e-01  9.914449e-01 -0.000000e+00
   outer loop
     vertex  1.515375e+02 -1.250965e+02  0.000000e+00
     vertex  1.514728e+02 -1.250879e+02  0.000000e+00
     vertex  1.515375e+02 -1.250965e+02  1.510000e+00
   endloop
 endfacet
 facet normal -1.305262e-01  9.914449e-01 -3.630950e-20
   outer loop
     vertex  1.486209e+02 -1.034931e+02  0.000000e+00
     vertex  1.484895e+02 -1.035105e+02  0.000000e+00
     vertex  1.484895e+02 -1.035105e+02  1.510000e+00
   endloop
 endfacet
 facet normal -1.305262e-01  9.914449e-01  0.000000e+00
   outer loop
     vertex  1.486209e+02 -1.034931e+02  0.000000e+00
     vertex  1.484895e+02 -1.035105e+02  1.510000e+00
     vertex  1.486209e+02 -1.034931e+02  1.510000e+00
   endloop
 endfacet
 facet normal -3.826834e-01  9.238795e-01  0.000000e+00
   outer loop
     vertex  1.487435e+02 -1.034424e+02  0.000000e+00
     vertex  1.486209e+02 -1.034931e+02  1.510000e+00
     vertex  1.487435e+02 -1.034424e+02  1.510000e+00
   endloop
 endfacet
 facet normal -3.826834e-01  9.238795e-01  4.866508e-19
   outer loop
     vertex  1.487435e+02 -1.034424e+02  0.000000e+00
     vertex  1.486209e+02 -1.034931e+02  0.000000e+00
     vertex  1.486209e+02 -1.034931e+02  1.510000e+00
   endloop
 endfacet
 facet normal -6.087614e-01  7.933533e-01  0.000000e+00
   outer loop
     vertex  1.488487e+02 -1.033617e+02  0.000000e+00
     vertex  1.487435e+02 -1.034424e+02  1.510000e+00
     vertex  1.488487e+02 -1.033617e+02  1.510000e+00
   endloop
 endfacet
 facet normal -6.087614e-01  7.933533e-01 -2.568957e-18
   outer loop
     vertex  1.488487e+02 -1.033617e+02  0.000000e+00
     vertex  1.487435e+02 -1.034424e+02  0.000000e+00
     vertex  1.487435e+02 -1.034424e+02  1.510000e+00
   endloop
 endfacet
 facet normal -7.933533e-01  6.087614e-01  0.000000e+00
   outer loop
     vertex  1.489294e+02 -1.032565e+02  0.000000e+00
     vertex  1.488487e+02 -1.033617e+02  1.510000e+00
     vertex  1.489294e+02 -1.032565e+02  1.510000e+00
   endloop
 endfacet
 facet normal -7.933533e-01  6.087614e-01  3.100295e-18
   outer loop
     vertex  1.489294e+02 -1.032565e+02  0.000000e+00
     vertex  1.488487e+02 -1.033617e+02  0.000000e+00
     vertex  1.488487e+02 -1.033617e+02  1.510000e+00
   endloop
 endfacet
 facet normal -9.238795e-01  3.826834e-01  0.000000e+00
   outer loop
     vertex  1.489801e+02 -1.031339e+02  0.000000e+00
     vertex  1.489294e+02 -1.032565e+02  1.510000e+00
     vertex  1.489801e+02 -1.031339e+02  1.510000e+00
   endloop
 endfacet
 facet normal -9.238795e-01  3.826834e-01 -6.702530e-19
   outer loop
     vertex  1.489801e+02 -1.031339e+02  0.000000e+00
     vertex  1.489294e+02 -1.032565e+02  0.000000e+00
     vertex  1.489294e+02 -1.032565e+02  1.510000e+00
   endloop
 endfacet
 facet normal -9.914449e-01  1.305262e-01  0.000000e+00
   outer loop
     vertex  1.489975e+02 -1.030025e+02  0.000000e+00
     vertex  1.489801e+02 -1.031339e+02  1.510000e+00
     vertex  1.489975e+02 -1.030025e+02  1.510000e+00
   endloop
 endfacet
 facet normal -9.914449e-01  1.305262e-01  6.980741e-19
   outer loop
     vertex  1.489975e+02 -1.030025e+02  0.000000e+00
     vertex  1.489801e+02 -1.031339e+02  0.000000e+00
     vertex  1.489801e+02 -1.031339e+02  1.510000e+00
   endloop
 endfacet
 facet normal -9.914449e-01 -1.305262e-01  0.000000e+00
   outer loop
     vertex  1.489801e+02 -1.028710e+02  0.000000e+00
     vertex  1.489975e+02 -1.030025e+02  1.510000e+00
     vertex  1.489801e+02 -1.028710e+02  1.510000e+00
   endloop
 endfacet
 facet normal -9.914449e-01 -1.305262e-01 -6.980741e-19
   outer loop
     vertex  1.489801e+02 -1.028710e+02  0.000000e+00
     vertex  1.489975e+02 -1.030025e+02  0.000000e+00
     vertex  1.489975e+02 -1.030025e+02  1.510000e+00
   endloop
 endfacet
 facet normal -9.238795e-01 -3.826834e-01  0.000000e+00
   outer loop
     vertex  1.489294e+02 -1.027485e+02  0.000000e+00
     vertex  1.489801e+02 -1.028710e+02  1.510000e+00
     vertex  1.489294e+02 -1.027485e+02  1.510000e+00
   endloop
 endfacet
 facet normal -9.238795e-01 -3.826834e-01 -4.866508e-19
   outer loop
     vertex  1.489294e+02 -1.027485e+02  0.000000e+00
     vertex  1.489801e+02 -1.028710e+02  0.000000e+00
     vertex  1.489801e+02 -1.028710e+02  1.510000e+00
   endloop
 endfacet
 facet normal -7.933533e-01 -6.087614e-01  0.000000e+00
   outer loop
     vertex  1.488487e+02 -1.026432e+02  0.000000e+00
     vertex  1.489294e+02 -1.027485e+02  1.510000e+00
     vertex  1.488487e+02 -1.026432e+02  1.510000e+00
   endloop
 endfacet
 facet normal -7.933533e-01 -6.087614e-01 -2.463457e-18
   outer loop
     vertex  1.488487e+02 -1.026432e+02  0.000000e+00
     vertex  1.489294e+02 -1.027485e+02  0.000000e+00
     vertex  1.489294e+02 -1.027485e+02  1.510000e+00
   endloop
 endfacet
 facet normal -6.087614e-01 -7.933533e-01  0.000000e+00
   outer loop
     vertex  1.487435e+02 -1.025625e+02  0.000000e+00
     vertex  1.488487e+02 -1.026432e+02  1.510000e+00
     vertex  1.487435e+02 -1.025625e+02  1.510000e+00
   endloop
 endfacet
 facet normal -6.087614e-01 -7.933533e-01  2.568957e-18
   outer loop
     vertex  1.487435e+02 -1.025625e+02  0.000000e+00
     vertex  1.488487e+02 -1.026432e+02  0.000000e+00
     vertex  1.488487e+02 -1.026432e+02  1.510000e+00
   endloop
 endfacet
 facet normal -1.305262e-01 -9.914449e-01  0.000000e+00
   outer loop
     vertex  1.486209e+02 -1.025118e+02  0.000000e+00
     vertex  1.486209e+02 -1.025118e+02  1.510000e+00
     vertex  1.484895e+02 -1.024945e+02  1.510000e+00
   endloop
 endfacet
 facet normal -3.826834e-01 -9.238795e-01  0.000000e+00
   outer loop
     vertex  1.486209e+02 -1.025118e+02  0.000000e+00
     vertex  1.487435e+02 -1.025625e+02  1.510000e+00
     vertex  1.486209e+02 -1.025118e+02  1.510000e+00
   endloop
 endfacet
 facet normal -3.826834e-01 -9.238795e-01 -4.866508e-19
   outer loop
     vertex  1.486209e+02 -1.025118e+02  0.000000e+00
     vertex  1.487435e+02 -1.025625e+02  0.000000e+00
     vertex  1.487435e+02 -1.025625e+02  1.510000e+00
   endloop
 endfacet
 facet normal -1.305262e-01 -9.914449e-01  0.000000e+00
   outer loop
     vertex  1.484895e+02 -1.024945e+02  0.000000e+00
     vertex  1.486209e+02 -1.025118e+02  0.000000e+00
     vertex  1.484895e+02 -1.024945e+02  1.510000e+00
   endloop
 endfacet
 facet normal  1.305262e-01 -9.914449e-01 -3.630950e-20
   outer loop
     vertex  1.483580e+02 -1.025118e+02  0.000000e+00
     vertex  1.484895e+02 -1.024945e+02  0.000000e+00
     vertex  1.484895e+02 -1.024945e+02  1.510000e+00
   endloop
 endfacet
 facet normal  1.305262e-01 -9.914449e-01  0.000000e+00
   outer loop
     vertex  1.483580e+02 -1.025118e+02  0.000000e+00
     vertex  1.484895e+02 -1.024945e+02  1.510000e+00
     vertex  1.483580e+02 -1.025118e+02  1.510000e+00
   endloop
 endfacet
 facet normal  3.826834e-01 -9.238795e-01  4.866508e-19
   outer loop
     vertex  1.482355e+02 -1.025625e+02  0.000000e+00
     vertex  1.483580e+02 -1.025118e+02  0.000000e+00
     vertex  1.483580e+02 -1.025118e+02  1.510000e+00
   endloop
 endfacet
 facet normal  3.826834e-01 -9.238795e-01  0.000000e+00
   outer loop
     vertex  1.482355e+02 -1.025625e+02  0.000000e+00
     vertex  1.483580e+02 -1.025118e+02  1.510000e+00
     vertex  1.482355e+02 -1.025625e+02  1.510000e+00
   endloop
 endfacet
 facet normal  6.087614e-01 -7.933533e-01 -2.568957e-18
   outer loop
     vertex  1.481302e+02 -1.026432e+02  0.000000e+00
     vertex  1.482355e+02 -1.025625e+02  0.000000e+00
     vertex  1.482355e+02 -1.025625e+02  1.510000e+00
   endloop
 endfacet
 facet normal  7.933533e-01 -6.087614e-01  0.000000e+00
   outer loop
     vertex  1.481302e+02 -1.026432e+02  0.000000e+00
     vertex  1.481302e+02 -1.026432e+02  1.510000e+00
     vertex  1.480495e+02 -1.027485e+02  1.510000e+00
   endloop
 endfacet
 facet normal  6.087614e-01 -7.933533e-01  0.000000e+00
   outer loop
     vertex  1.481302e+02 -1.026432e+02  0.000000e+00
     vertex  1.482355e+02 -1.025625e+02  1.510000e+00
     vertex  1.481302e+02 -1.026432e+02  1.510000e+00
   endloop
 endfacet
 facet normal  7.933533e-01 -6.087614e-01  0.000000e+00
   outer loop
     vertex  1.480495e+02 -1.027485e+02  0.000000e+00
     vertex  1.481302e+02 -1.026432e+02  0.000000e+00
     vertex  1.480495e+02 -1.027485e+02  1.510000e+00
   endloop
 endfacet
 facet normal  9.238795e-01 -3.826834e-01 -6.702530e-19
   outer loop
     vertex  1.479988e+02 -1.028710e+02  0.000000e+00
     vertex  1.480495e+02 -1.027485e+02  0.000000e+00
     vertex  1.480495e+02 -1.027485e+02  1.510000e+00
   endloop
 endfacet
 facet normal  9.238795e-01 -3.826834e-01  0.000000e+00
   outer loop
     vertex  1.479988e+02 -1.028710e+02  0.000000e+00
     vertex  1.480495e+02 -1.027485e+02  1.510000e+00
     vertex  1.479988e+02 -1.028710e+02  1.510000e+00
   endloop
 endfacet
 facet normal  9.914449e-01 -1.305262e-01  6.980741e-19
   outer loop
     vertex  1.479815e+02 -1.030025e+02  0.000000e+00
     vertex  1.479988e+02 -1.028710e+02  0.000000e+00
     vertex  1.479988e+02 -1.028710e+02  1.510000e+00
   endloop
 endfacet
 facet normal  9.914449e-01 -1.305262e-01  0.000000e+00
   outer loop
     vertex  1.479815e+02 -1.030025e+02  0.000000e+00
     vertex  1.479988e+02 -1.028710e+02  1.510000e+00
     vertex  1.479815e+02 -1.030025e+02  1.510000e+00
   endloop
 endfacet
 facet normal  9.914449e-01  1.305262e-01 -0.000000e+00
   outer loop
     vertex  1.479988e+02 -1.031339e+02  0.000000e+00
     vertex  1.479815e+02 -1.030025e+02  1.510000e+00
     vertex  1.479988e+02 -1.031339e+02  1.510000e+00
   endloop
 endfacet
 facet normal  9.914449e-01  1.305262e-01 -6.980741e-19
   outer loop
     vertex  1.479988e+02 -1.031339e+02  0.000000e+00
     vertex  1.479815e+02 -1.030025e+02  0.000000e+00
     vertex  1.479815e+02 -1.030025e+02  1.510000e+00
   endloop
 endfacet
 facet normal  9.238795e-01  3.826834e-01 -0.000000e+00
   outer loop
     vertex  1.480495e+02 -1.032565e+02  0.000000e+00
     vertex  1.479988e+02 -1.031339e+02  1.510000e+00
     vertex  1.480495e+02 -1.032565e+02  1.510000e+00
   endloop
 endfacet
 facet normal  9.238795e-01  3.826834e-01 -4.866508e-19
   outer loop
     vertex  1.480495e+02 -1.032565e+02  0.000000e+00
     vertex  1.479988e+02 -1.031339e+02  0.000000e+00
     vertex  1.479988e+02 -1.031339e+02  1.510000e+00
   endloop
 endfacet
 facet normal  7.933533e-01  6.087614e-01 -2.463457e-18
   outer loop
     vertex  1.481302e+02 -1.033617e+02  0.000000e+00
     vertex  1.480495e+02 -1.032565e+02  0.000000e+00
     vertex  1.480495e+02 -1.032565e+02  1.510000e+00
   endloop
 endfacet
 facet normal  6.087614e-01  7.933533e-01 -0.000000e+00
   outer loop
     vertex  1.481302e+02 -1.033617e+02  0.000000e+00
     vertex  1.481302e+02 -1.033617e+02  1.510000e+00
     vertex  1.482355e+02 -1.034424e+02  1.510000e+00
   endloop
 endfacet
 facet normal  7.933533e-01  6.087614e-01 -0.000000e+00
   outer loop
     vertex  1.481302e+02 -1.033617e+02  0.000000e+00
     vertex  1.480495e+02 -1.032565e+02  1.510000e+00
     vertex  1.481302e+02 -1.033617e+02  1.510000e+00
   endloop
 endfacet
 facet normal  6.087614e-01  7.933533e-01 -0.000000e+00
   outer loop
     vertex  1.482355e+02 -1.034424e+02  0.000000e+00
     vertex  1.481302e+02 -1.033617e+02  0.000000e+00
     vertex  1.482355e+02 -1.034424e+02  1.510000e+00
   endloop
 endfacet
 facet normal  1.305262e-01  9.914449e-01 -0.000000e+00
   outer loop
     vertex  1.483580e+02 -1.034931e+02  0.000000e+00
     vertex  1.483580e+02 -1.034931e+02  1.510000e+00
     vertex  1.484895e+02 -1.035105e+02  1.510000e+00
   endloop
 endfacet
 facet normal  3.826834e-01  9.238795e-01 -0.000000e+00
   outer loop
     vertex  1.483580e+02 -1.034931e+02  0.000000e+00
     vertex  1.482355e+02 -1.034424e+02  1.510000e+00
     vertex  1.483580e+02 -1.034931e+02  1.510000e+00
   endloop
 endfacet
 facet normal  3.826834e-01  9.238795e-01 -4.866508e-19
   outer loop
     vertex  1.483580e+02 -1.034931e+02  0.000000e+00
     vertex  1.482355e+02 -1.034424e+02  0.000000e+00
     vertex  1.482355e+02 -1.034424e+02  1.510000e+00
   endloop
 endfacet
 facet normal  1.305262e-01  9.914449e-01 -0.000000e+00
   outer loop
     vertex  1.484895e+02 -1.035105e+02  0.000000e+00
     vertex  1.483580e+02 -1.034931e+02  0.000000e+00
     vertex  1.484895e+02 -1.035105e+02  1.510000e+00
   endloop
 endfacet
 facet normal -1.305262e-01  9.914449e-01  6.980741e-19
   outer loop
     vertex  1.537009e+02 -1.034931e+02  0.000000e+00
     vertex  1.535695e+02 -1.035105e+02  0.000000e+00
     vertex  1.535695e+02 -1.035105e+02  1.510000e+00
   endloop
 endfacet
 facet normal -1.305262e-01  9.914449e-01  0.000000e+00
   outer loop
     vertex  1.537009e+02 -1.034931e+02  0.000000e+00
     vertex  1.535695e+02 -1.035105e+02  1.510000e+00
     vertex  1.537009e+02 -1.034931e+02  1.510000e+00
   endloop
 endfacet
 facet normal -3.826834e-01  9.238795e-01  0.000000e+00
   outer loop
     vertex  1.538235e+02 -1.034424e+02  0.000000e+00
     vertex  1.537009e+02 -1.034931e+02  1.510000e+00
     vertex  1.538235e+02 -1.034424e+02  1.510000e+00
   endloop
 endfacet
 facet normal -3.826834e-01  9.238795e-01  2.996136e-19
   outer loop
     vertex  1.538235e+02 -1.034424e+02  0.000000e+00
     vertex  1.537009e+02 -1.034931e+02  0.000000e+00
     vertex  1.537009e+02 -1.034931e+02  1.510000e+00
   endloop
 endfacet
 facet normal -6.087614e-01  7.933533e-01  0.000000e+00
   outer loop
     vertex  1.539287e+02 -1.033617e+02  0.000000e+00
     vertex  1.538235e+02 -1.034424e+02  1.510000e+00
     vertex  1.539287e+02 -1.033617e+02  1.510000e+00
   endloop
 endfacet
 facet normal -6.087614e-01  7.933533e-01 -3.588354e-18
   outer loop
     vertex  1.539287e+02 -1.033617e+02  0.000000e+00
     vertex  1.538235e+02 -1.034424e+02  0.000000e+00
     vertex  1.538235e+02 -1.034424e+02  1.510000e+00
   endloop
 endfacet
 facet normal -7.933533e-01  6.087614e-01  0.000000e+00
   outer loop
     vertex  1.540094e+02 -1.032565e+02  0.000000e+00
     vertex  1.539287e+02 -1.033617e+02  1.510000e+00
     vertex  1.540094e+02 -1.032565e+02  1.510000e+00
   endloop
 endfacet
 facet normal -7.933533e-01  6.087614e-01 -2.568957e-18
   outer loop
     vertex  1.540094e+02 -1.032565e+02  0.000000e+00
     vertex  1.539287e+02 -1.033617e+02  0.000000e+00
     vertex  1.539287e+02 -1.033617e+02  1.510000e+00
   endloop
 endfacet
 facet normal -9.238795e-01  3.826834e-01  0.000000e+00
   outer loop
     vertex  1.540601e+02 -1.031339e+02  0.000000e+00
     vertex  1.540094e+02 -1.032565e+02  1.510000e+00
     vertex  1.540601e+02 -1.031339e+02  1.510000e+00
   endloop
 endfacet
 facet normal -9.238795e-01  3.826834e-01  4.866508e-19
   outer loop
     vertex  1.540601e+02 -1.031339e+02  0.000000e+00
     vertex  1.540094e+02 -1.032565e+02  0.000000e+00
     vertex  1.540094e+02 -1.032565e+02  1.510000e+00
   endloop
 endfacet
 facet normal -9.914449e-01  1.305262e-01  0.000000e+00
   outer loop
     vertex  1.540775e+02 -1.030025e+02  0.000000e+00
     vertex  1.540601e+02 -1.031339e+02  1.510000e+00
     vertex  1.540775e+02 -1.030025e+02  1.510000e+00
   endloop
 endfacet
 facet normal -9.914449e-01  1.305262e-01 -1.026699e-18
   outer loop
     vertex  1.540775e+02 -1.030025e+02  0.000000e+00
     vertex  1.540601e+02 -1.031339e+02  0.000000e+00
     vertex  1.540601e+02 -1.031339e+02  1.510000e+00
   endloop
 endfacet
 facet normal -9.914449e-01 -1.305262e-01  0.000000e+00
   outer loop
     vertex  1.540601e+02 -1.028710e+02  0.000000e+00
     vertex  1.540775e+02 -1.030025e+02  1.510000e+00
     vertex  1.540601e+02 -1.028710e+02  1.510000e+00
   endloop
 endfacet
 facet normal -9.914449e-01 -1.305262e-01  1.026699e-18
   outer loop
     vertex  1.540601e+02 -1.028710e+02  0.000000e+00
     vertex  1.540775e+02 -1.030025e+02  0.000000e+00
     vertex  1.540775e+02 -1.030025e+02  1.510000e+00
   endloop
 endfacet
 facet normal -9.238795e-01 -3.826834e-01  0.000000e+00
   outer loop
     vertex  1.540094e+02 -1.027485e+02  0.000000e+00
     vertex  1.540601e+02 -1.028710e+02  1.510000e+00
     vertex  1.540094e+02 -1.027485e+02  1.510000e+00
   endloop
 endfacet
 facet normal -9.238795e-01 -3.826834e-01 -4.866508e-19
   outer loop
     vertex  1.540094e+02 -1.027485e+02  0.000000e+00
     vertex  1.540601e+02 -1.028710e+02  0.000000e+00
     vertex  1.540601e+02 -1.028710e+02  1.510000e+00
   endloop
 endfacet
 facet normal -7.933533e-01 -6.087614e-01  0.000000e+00
   outer loop
     vertex  1.539287e+02 -1.026432e+02  0.000000e+00
     vertex  1.540094e+02 -1.027485e+02  1.510000e+00
     vertex  1.539287e+02 -1.026432e+02  1.510000e+00
   endloop
 endfacet
 facet normal -7.933533e-01 -6.087614e-01  2.568957e-18
   outer loop
     vertex  1.539287e+02 -1.026432e+02  0.000000e+00
     vertex  1.540094e+02 -1.027485e+02  0.000000e+00
     vertex  1.540094e+02 -1.027485e+02  1.510000e+00
   endloop
 endfacet
 facet normal -6.087614e-01 -7.933533e-01  0.000000e+00
   outer loop
     vertex  1.538235e+02 -1.025625e+02  0.000000e+00
     vertex  1.539287e+02 -1.026432e+02  1.510000e+00
     vertex  1.538235e+02 -1.025625e+02  1.510000e+00
   endloop
 endfacet
 facet normal -6.087614e-01 -7.933533e-01  3.588354e-18
   outer loop
     vertex  1.538235e+02 -1.025625e+02  0.000000e+00
     vertex  1.539287e+02 -1.026432e+02  0.000000e+00
     vertex  1.539287e+02 -1.026432e+02  1.510000e+00
   endloop
 endfacet
 facet normal -1.305262e-01 -9.914449e-01  0.000000e+00
   outer loop
     vertex  1.537009e+02 -1.025118e+02  0.000000e+00
     vertex  1.537009e+02 -1.025118e+02  1.510000e+00
     vertex  1.535695e+02 -1.024945e+02  1.510000e+00
   endloop
 endfacet
 facet normal -3.826834e-01 -9.238795e-01  0.000000e+00
   outer loop
     vertex  1.537009e+02 -1.025118e+02  0.000000e+00
     vertex  1.538235e+02 -1.025625e+02  1.510000e+00
     vertex  1.537009e+02 -1.025118e+02  1.510000e+00
   endloop
 endfacet
 facet normal -3.826834e-01 -9.238795e-01 -2.996136e-19
   outer loop
     vertex  1.537009e+02 -1.025118e+02  0.000000e+00
     vertex  1.538235e+02 -1.025625e+02  0.000000e+00
     vertex  1.538235e+02 -1.025625e+02  1.510000e+00
   endloop
 endfacet
 facet normal -1.305262e-01 -9.914449e-01  0.000000e+00
   outer loop
     vertex  1.535695e+02 -1.024945e+02  0.000000e+00
     vertex  1.537009e+02 -1.025118e+02  0.000000e+00
     vertex  1.535695e+02 -1.024945e+02  1.510000e+00
   endloop
 endfacet
 facet normal  1.305262e-01 -9.914449e-01  6.980741e-19
   outer loop
     vertex  1.534380e+02 -1.025118e+02  0.000000e+00
     vertex  1.535695e+02 -1.024945e+02  0.000000e+00
     vertex  1.535695e+02 -1.024945e+02  1.510000e+00
   endloop
 endfacet
 facet normal  1.305262e-01 -9.914449e-01  0.000000e+00
   outer loop
     vertex  1.534380e+02 -1.025118e+02  0.000000e+00
     vertex  1.535695e+02 -1.024945e+02  1.510000e+00
     vertex  1.534380e+02 -1.025118e+02  1.510000e+00
   endloop
 endfacet
 facet normal  3.826834e-01 -9.238795e-01  2.996136e-19
   outer loop
     vertex  1.533155e+02 -1.025625e+02  0.000000e+00
     vertex  1.534380e+02 -1.025118e+02  0.000000e+00
     vertex  1.534380e+02 -1.025118e+02  1.510000e+00
   endloop
 endfacet
 facet normal  3.826834e-01 -9.238795e-01  0.000000e+00
   outer loop
     vertex  1.533155e+02 -1.025625e+02  0.000000e+00
     vertex  1.534380e+02 -1.025118e+02  1.510000e+00
     vertex  1.533155e+02 -1.025625e+02  1.510000e+00
   endloop
 endfacet
 facet normal  6.087614e-01 -7.933533e-01 -3.588354e-18
   outer loop
     vertex  1.532102e+02 -1.026432e+02  0.000000e+00
     vertex  1.533155e+02 -1.025625e+02  0.000000e+00
     vertex  1.533155e+02 -1.025625e+02  1.510000e+00
   endloop
 endfacet
 facet normal  7.933533e-01 -6.087614e-01  0.000000e+00
   outer loop
     vertex  1.532102e+02 -1.026432e+02  0.000000e+00
     vertex  1.532102e+02 -1.026432e+02  1.510000e+00
     vertex  1.531295e+02 -1.027485e+02  1.510000e+00
   endloop
 endfacet
 facet normal  6.087614e-01 -7.933533e-01  0.000000e+00
   outer loop
     vertex  1.532102e+02 -1.026432e+02  0.000000e+00
     vertex  1.533155e+02 -1.025625e+02  1.510000e+00
     vertex  1.532102e+02 -1.026432e+02  1.510000e+00
   endloop
 endfacet
 facet normal  7.933533e-01 -6.087614e-01  0.000000e+00
   outer loop
     vertex  1.531295e+02 -1.027485e+02  0.000000e+00
     vertex  1.532102e+02 -1.026432e+02  0.000000e+00
     vertex  1.531295e+02 -1.027485e+02  1.510000e+00
   endloop
 endfacet
 facet normal  9.238795e-01 -3.826834e-01  4.866508e-19
   outer loop
     vertex  1.530788e+02 -1.028710e+02  0.000000e+00
     vertex  1.531295e+02 -1.027485e+02  0.000000e+00
     vertex  1.531295e+02 -1.027485e+02  1.510000e+00
   endloop
 endfacet
 facet normal  9.238795e-01 -3.826834e-01  0.000000e+00
   outer loop
     vertex  1.530788e+02 -1.028710e+02  0.000000e+00
     vertex  1.531295e+02 -1.027485e+02  1.510000e+00
     vertex  1.530788e+02 -1.028710e+02  1.510000e+00
   endloop
 endfacet
 facet normal  9.914449e-01 -1.305262e-01 -1.026699e-18
   outer loop
     vertex  1.530615e+02 -1.030025e+02  0.000000e+00
     vertex  1.530788e+02 -1.028710e+02  0.000000e+00
     vertex  1.530788e+02 -1.028710e+02  1.510000e+00
   endloop
 endfacet
 facet normal  9.914449e-01 -1.305262e-01  0.000000e+00
   outer loop
     vertex  1.530615e+02 -1.030025e+02  0.000000e+00
     vertex  1.530788e+02 -1.028710e+02  1.510000e+00
     vertex  1.530615e+02 -1.030025e+02  1.510000e+00
   endloop
 endfacet
 facet normal  9.914449e-01  1.305262e-01 -0.000000e+00
   outer loop
     vertex  1.530788e+02 -1.031339e+02  0.000000e+00
     vertex  1.530615e+02 -1.030025e+02  1.510000e+00
     vertex  1.530788e+02 -1.031339e+02  1.510000e+00
   endloop
 endfacet
 facet normal  9.914449e-01  1.305262e-01  1.026699e-18
   outer loop
     vertex  1.530788e+02 -1.031339e+02  0.000000e+00
     vertex  1.530615e+02 -1.030025e+02  0.000000e+00
     vertex  1.530615e+02 -1.030025e+02  1.510000e+00
   endloop
 endfacet
 facet normal  9.238795e-01  3.826834e-01 -0.000000e+00
   outer loop
     vertex  1.531295e+02 -1.032565e+02  0.000000e+00
     vertex  1.530788e+02 -1.031339e+02  1.510000e+00
     vertex  1.531295e+02 -1.032565e+02  1.510000e+00
   endloop
 endfacet
 facet normal  9.238795e-01  3.826834e-01 -4.866508e-19
   outer loop
     vertex  1.531295e+02 -1.032565e+02  0.000000e+00
     vertex  1.530788e+02 -1.031339e+02  0.000000e+00
     vertex  1.530788e+02 -1.031339e+02  1.510000e+00
   endloop
 endfacet
 facet normal  7.933533e-01  6.087614e-01  2.568957e-18
   outer loop
     vertex  1.532102e+02 -1.033617e+02  0.000000e+00
     vertex  1.531295e+02 -1.032565e+02  0.000000e+00
     vertex  1.531295e+02 -1.032565e+02  1.510000e+00
   endloop
 endfacet
 facet normal  6.087614e-01  7.933533e-01 -0.000000e+00
   outer loop
     vertex  1.532102e+02 -1.033617e+02  0.000000e+00
     vertex  1.532102e+02 -1.033617e+02  1.510000e+00
     vertex  1.533155e+02 -1.034424e+02  1.510000e+00
   endloop
 endfacet
 facet normal  7.933533e-01  6.087614e-01 -0.000000e+00
   outer loop
     vertex  1.532102e+02 -1.033617e+02  0.000000e+00
     vertex  1.531295e+02 -1.032565e+02  1.510000e+00
     vertex  1.532102e+02 -1.033617e+02  1.510000e+00
   endloop
 endfacet
 facet normal  6.087614e-01  7.933533e-01 -0.000000e+00
   outer loop
     vertex  1.533155e+02 -1.034424e+02  0.000000e+00
     vertex  1.532102e+02 -1.033617e+02  0.000000e+00
     vertex  1.533155e+02 -1.034424e+02  1.510000e+00
   endloop
 endfacet
 facet normal  1.305262e-01  9.914449e-01 -0.000000e+00
   outer loop
     vertex  1.534380e+02 -1.034931e+02  0.000000e+00
     vertex  1.534380e+02 -1.034931e+02  1.510000e+00
     vertex  1.535695e+02 -1.035105e+02  1.510000e+00
   endloop
 endfacet
 facet normal  3.826834e-01  9.238795e-01 -0.000000e+00
   outer loop
     vertex  1.534380e+02 -1.034931e+02  0.000000e+00
     vertex  1.533155e+02 -1.034424e+02  1.510000e+00
     vertex  1.534380e+02 -1.034931e+02  1.510000e+00
   endloop
 endfacet
 facet normal  3.826834e-01  9.238795e-01 -2.996136e-19
   outer loop
     vertex  1.534380e+02 -1.034931e+02  0.000000e+00
     vertex  1.533155e+02 -1.034424e+02  0.000000e+00
     vertex  1.533155e+02 -1.034424e+02  1.510000e+00
   endloop
 endfacet
 facet normal  1.305262e-01  9.914449e-01 -0.000000e+00
   outer loop
     vertex  1.535695e+02 -1.035105e+02  0.000000e+00
     vertex  1.534380e+02 -1.034931e+02  0.000000e+00
     vertex  1.535695e+02 -1.035105e+02  1.510000e+00
   endloop
 endfacet
 facet normal -9.914449e-01 -1.305262e-01  2.852183e-18
   outer loop
     vertex  1.076070e+02 -9.513176e+01  0.000000e+00
     vertex  1.076735e+02 -9.563646e+01  0.000000e+00
     vertex  1.076735e+02 -9.563646e+01  1.510000e+00
   endloop
 endfacet
 facet normal -9.914449e-01 -1.305262e-01  0.000000e+00
   outer loop
     vertex  1.076070e+02 -9.513176e+01  0.000000e+00
     vertex  1.076735e+02 -9.563646e+01  1.510000e+00
     vertex  1.076070e+02 -9.513176e+01  1.510000e+00
   endloop
 endfacet
 facet normal -9.238795e-01 -3.826834e-01  0.000000e+00
   outer loop
     vertex  1.074122e+02 -9.466146e+01  0.000000e+00
     vertex  1.076070e+02 -9.513176e+01  1.510000e+00
     vertex  1.074122e+02 -9.466146e+01  1.510000e+00
   endloop
 endfacet
 facet normal -9.238795e-01 -3.826834e-01 -8.325426e-18
   outer loop
     vertex  1.074122e+02 -9.466146e+01  0.000000e+00
     vertex  1.076070e+02 -9.513176e+01  0.000000e+00
     vertex  1.076070e+02 -9.513176e+01  1.510000e+00
   endloop
 endfacet
 facet normal -7.933533e-01 -6.087614e-01  0.000000e+00
   outer loop
     vertex  1.071023e+02 -9.425760e+01  0.000000e+00
     vertex  1.074122e+02 -9.466146e+01  1.510000e+00
     vertex  1.071023e+02 -9.425760e+01  1.510000e+00
   endloop
 endfacet
 facet normal -7.933533e-01 -6.087614e-01  5.996794e-18
   outer loop
     vertex  1.071023e+02 -9.425760e+01  0.000000e+00
     vertex  1.074122e+02 -9.466146e+01  0.000000e+00
     vertex  1.074122e+02 -9.466146e+01  1.510000e+00
   endloop
 endfacet
 facet normal -6.087614e-01 -7.933533e-01  0.000000e+00
   outer loop
     vertex  1.066985e+02 -9.394771e+01  0.000000e+00
     vertex  1.071023e+02 -9.425760e+01  1.510000e+00
     vertex  1.066985e+02 -9.394771e+01  1.510000e+00
   endloop
 endfacet
 facet normal -6.087614e-01 -7.933533e-01  5.996794e-18
   outer loop
     vertex  1.066985e+02 -9.394771e+01  0.000000e+00
     vertex  1.071023e+02 -9.425760e+01  0.000000e+00
     vertex  1.071023e+02 -9.425760e+01  1.510000e+00
   endloop
 endfacet
 facet normal -3.826834e-01 -9.238795e-01  0.000000e+00
   outer loop
     vertex  1.062282e+02 -9.375290e+01  0.000000e+00
     vertex  1.066985e+02 -9.394771e+01  1.510000e+00
     vertex  1.062282e+02 -9.375290e+01  1.510000e+00
   endloop
 endfacet
 facet normal -3.826834e-01 -9.238795e-01 -8.325426e-18
   outer loop
     vertex  1.062282e+02 -9.375290e+01  0.000000e+00
     vertex  1.066985e+02 -9.394771e+01  0.000000e+00
     vertex  1.066985e+02 -9.394771e+01  1.510000e+00
   endloop
 endfacet
 facet normal -1.305262e-01 -9.914449e-01  0.000000e+00
   outer loop
     vertex  1.057235e+02 -9.368646e+01  0.000000e+00
     vertex  1.062282e+02 -9.375290e+01  1.510000e+00
     vertex  1.057235e+02 -9.368646e+01  1.510000e+00
   endloop
 endfacet
 facet normal -1.305262e-01 -9.914449e-01  2.852183e-18
   outer loop
     vertex  1.057235e+02 -9.368646e+01  0.000000e+00
     vertex  1.062282e+02 -9.375290e+01  0.000000e+00
     vertex  1.062282e+02 -9.375290e+01  1.510000e+00
   endloop
 endfacet
 facet normal  1.305262e-01 -9.914449e-01  0.000000e+00
   outer loop
     vertex  1.052188e+02 -9.375290e+01  0.000000e+00
     vertex  1.057235e+02 -9.368646e+01  1.510000e+00
     vertex  1.052188e+02 -9.375290e+01  1.510000e+00
   endloop
 endfacet
 facet normal  1.305262e-01 -9.914449e-01 -2.852183e-18
   outer loop
     vertex  1.052188e+02 -9.375290e+01  0.000000e+00
     vertex  1.057235e+02 -9.368646e+01  0.000000e+00
     vertex  1.057235e+02 -9.368646e+01  1.510000e+00
   endloop
 endfacet
 facet normal  3.826834e-01 -9.238795e-01  0.000000e+00
   outer loop
     vertex  1.047485e+02 -9.394771e+01  0.000000e+00
     vertex  1.052188e+02 -9.375290e+01  1.510000e+00
     vertex  1.047485e+02 -9.394771e+01  1.510000e+00
   endloop
 endfacet
 facet normal  3.826834e-01 -9.238795e-01  8.325426e-18
   outer loop
     vertex  1.047485e+02 -9.394771e+01  0.000000e+00
     vertex  1.052188e+02 -9.375290e+01  0.000000e+00
     vertex  1.052188e+02 -9.375290e+01  1.510000e+00
   endloop
 endfacet
 facet normal  6.087614e-01 -7.933533e-01  0.000000e+00
   outer loop
     vertex  1.043446e+02 -9.425760e+01  0.000000e+00
     vertex  1.047485e+02 -9.394771e+01  1.510000e+00
     vertex  1.043446e+02 -9.425760e+01  1.510000e+00
   endloop
 endfacet
 facet normal  6.087614e-01 -7.933533e-01 -5.996794e-18
   outer loop
     vertex  1.043446e+02 -9.425760e+01  0.000000e+00
     vertex  1.047485e+02 -9.394771e+01  0.000000e+00
     vertex  1.047485e+02 -9.394771e+01  1.510000e+00
   endloop
 endfacet
 facet normal  7.933533e-01 -6.087614e-01  0.000000e+00
   outer loop
     vertex  1.040347e+02 -9.466146e+01  0.000000e+00
     vertex  1.043446e+02 -9.425760e+01  1.510000e+00
     vertex  1.040347e+02 -9.466146e+01  1.510000e+00
   endloop
 endfacet
 facet normal  9.238795e-01 -3.826834e-01  0.000000e+00
   outer loop
     vertex  1.040347e+02 -9.466146e+01  0.000000e+00
     vertex  1.040347e+02 -9.466146e+01  1.510000e+00
     vertex  1.038399e+02 -9.513176e+01  1.510000e+00
   endloop
 endfacet
 facet normal  7.933533e-01 -6.087614e-01 -5.996794e-18
   outer loop
     vertex  1.040347e+02 -9.466146e+01  0.000000e+00
     vertex  1.043446e+02 -9.425760e+01  0.000000e+00
     vertex  1.043446e+02 -9.425760e+01  1.510000e+00
   endloop
 endfacet
 facet normal  9.238795e-01 -3.826834e-01  0.000000e+00
   outer loop
     vertex  1.038399e+02 -9.513176e+01  0.000000e+00
     vertex  1.040347e+02 -9.466146e+01  0.000000e+00
     vertex  1.038399e+02 -9.513176e+01  1.510000e+00
   endloop
 endfacet
 facet normal  9.914449e-01 -1.305262e-01 -2.852183e-18
   outer loop
     vertex  1.037735e+02 -9.563646e+01  0.000000e+00
     vertex  1.038399e+02 -9.513176e+01  0.000000e+00
     vertex  1.038399e+02 -9.513176e+01  1.510000e+00
   endloop
 endfacet
 facet normal  9.914449e-01 -1.305262e-01  0.000000e+00
   outer loop
     vertex  1.037735e+02 -9.563646e+01  0.000000e+00
     vertex  1.038399e+02 -9.513176e+01  1.510000e+00
     vertex  1.037735e+02 -9.563646e+01  1.510000e+00
   endloop
 endfacet
 facet normal  9.914449e-01  1.305262e-01  2.852183e-18
   outer loop
     vertex  1.038399e+02 -9.614115e+01  0.000000e+00
     vertex  1.037735e+02 -9.563646e+01  0.000000e+00
     vertex  1.037735e+02 -9.563646e+01  1.510000e+00
   endloop
 endfacet
 facet normal  9.914449e-01  1.305262e-01 -0.000000e+00
   outer loop
     vertex  1.038399e+02 -9.614115e+01  0.000000e+00
     vertex  1.037735e+02 -9.563646e+01  1.510000e+00
     vertex  1.038399e+02 -9.614115e+01  1.510000e+00
   endloop
 endfacet
 facet normal  9.238795e-01  3.826834e-01 -8.325426e-18
   outer loop
     vertex  1.040347e+02 -9.661146e+01  0.000000e+00
     vertex  1.038399e+02 -9.614115e+01  0.000000e+00
     vertex  1.038399e+02 -9.614115e+01  1.510000e+00
   endloop
 endfacet
 facet normal  9.238795e-01  3.826834e-01 -0.000000e+00
   outer loop
     vertex  1.040347e+02 -9.661146e+01  0.000000e+00
     vertex  1.038399e+02 -9.614115e+01  1.510000e+00
     vertex  1.040347e+02 -9.661146e+01  1.510000e+00
   endloop
 endfacet
 facet normal  7.933533e-01  6.087614e-01 -0.000000e+00
   outer loop
     vertex  1.040347e+02 -9.661146e+01  0.000000e+00
     vertex  1.040347e+02 -9.661146e+01  1.510000e+00
     vertex  1.043446e+02 -9.701532e+01  1.510000e+00
   endloop
 endfacet
 facet normal  7.933533e-01  6.087614e-01 -0.000000e+00
   outer loop
     vertex  1.043446e+02 -9.701532e+01  0.000000e+00
     vertex  1.040347e+02 -9.661146e+01  0.000000e+00
     vertex  1.043446e+02 -9.701532e+01  1.510000e+00
   endloop
 endfacet
 facet normal  6.087614e-01  7.933533e-01 -0.000000e+00
   outer loop
     vertex  1.047485e+02 -9.732521e+01  0.000000e+00
     vertex  1.043446e+02 -9.701532e+01  1.510000e+00
     vertex  1.047485e+02 -9.732521e+01  1.510000e+00
   endloop
 endfacet
 facet normal  6.087614e-01  7.933533e-01  5.996794e-18
   outer loop
     vertex  1.047485e+02 -9.732521e+01  0.000000e+00
     vertex  1.043446e+02 -9.701532e+01  0.000000e+00
     vertex  1.043446e+02 -9.701532e+01  1.510000e+00
   endloop
 endfacet
 facet normal  3.826834e-01  9.238795e-01 -0.000000e+00
   outer loop
     vertex  1.052188e+02 -9.752001e+01  0.000000e+00
     vertex  1.047485e+02 -9.732521e+01  1.510000e+00
     vertex  1.052188e+02 -9.752001e+01  1.510000e+00
   endloop
 endfacet
 facet normal  3.826834e-01  9.238795e-01 -8.325426e-18
   outer loop
     vertex  1.052188e+02 -9.752001e+01  0.000000e+00
     vertex  1.047485e+02 -9.732521e+01  0.000000e+00
     vertex  1.047485e+02 -9.732521e+01  1.510000e+00
   endloop
 endfacet
 facet normal  1.305262e-01  9.914449e-01 -0.000000e+00
   outer loop
     vertex  1.057235e+02 -9.758646e+01  0.000000e+00
     vertex  1.052188e+02 -9.752001e+01  1.510000e+00
     vertex  1.057235e+02 -9.758646e+01  1.510000e+00
   endloop
 endfacet
 facet normal  1.305262e-01  9.914449e-01  2.852183e-18
   outer loop
     vertex  1.057235e+02 -9.758646e+01  0.000000e+00
     vertex  1.052188e+02 -9.752001e+01  0.000000e+00
     vertex  1.052188e+02 -9.752001e+01  1.510000e+00
   endloop
 endfacet
 facet normal -1.305262e-01  9.914449e-01  0.000000e+00
   outer loop
     vertex  1.062282e+02 -9.752001e+01  0.000000e+00
     vertex  1.057235e+02 -9.758646e+01  1.510000e+00
     vertex  1.062282e+02 -9.752001e+01  1.510000e+00
   endloop
 endfacet
 facet normal -1.305262e-01  9.914449e-01 -2.852183e-18
   outer loop
     vertex  1.062282e+02 -9.752001e+01  0.000000e+00
     vertex  1.057235e+02 -9.758646e+01  0.000000e+00
     vertex  1.057235e+02 -9.758646e+01  1.510000e+00
   endloop
 endfacet
 facet normal -3.826834e-01  9.238795e-01  0.000000e+00
   outer loop
     vertex  1.066985e+02 -9.732521e+01  0.000000e+00
     vertex  1.062282e+02 -9.752001e+01  1.510000e+00
     vertex  1.066985e+02 -9.732521e+01  1.510000e+00
   endloop
 endfacet
 facet normal -3.826834e-01  9.238795e-01  8.325426e-18
   outer loop
     vertex  1.066985e+02 -9.732521e+01  0.000000e+00
     vertex  1.062282e+02 -9.752001e+01  0.000000e+00
     vertex  1.062282e+02 -9.752001e+01  1.510000e+00
   endloop
 endfacet
 facet normal -6.087614e-01  7.933533e-01  0.000000e+00
   outer loop
     vertex  1.071023e+02 -9.701532e+01  0.000000e+00
     vertex  1.066985e+02 -9.732521e+01  1.510000e+00
     vertex  1.071023e+02 -9.701532e+01  1.510000e+00
   endloop
 endfacet
 facet normal -6.087614e-01  7.933533e-01 -5.996794e-18
   outer loop
     vertex  1.071023e+02 -9.701532e+01  0.000000e+00
     vertex  1.066985e+02 -9.732521e+01  0.000000e+00
     vertex  1.066985e+02 -9.732521e+01  1.510000e+00
   endloop
 endfacet
 facet normal -7.933533e-01  6.087614e-01  0.000000e+00
   outer loop
     vertex  1.074122e+02 -9.661146e+01  0.000000e+00
     vertex  1.071023e+02 -9.701532e+01  1.510000e+00
     vertex  1.074122e+02 -9.661146e+01  1.510000e+00
   endloop
 endfacet
 facet normal -9.238795e-01  3.826834e-01  0.000000e+00
   outer loop
     vertex  1.074122e+02 -9.661146e+01  0.000000e+00
     vertex  1.074122e+02 -9.661146e+01  1.510000e+00
     vertex  1.076070e+02 -9.614115e+01  1.510000e+00
   endloop
 endfacet
 facet normal -7.933533e-01  6.087614e-01  6.122966e-18
   outer loop
     vertex  1.074122e+02 -9.661146e+01  0.000000e+00
     vertex  1.071023e+02 -9.701532e+01  0.000000e+00
     vertex  1.071023e+02 -9.701532e+01  1.510000e+00
   endloop
 endfacet
 facet normal -9.238795e-01  3.826834e-01  0.000000e+00
   outer loop
     vertex  1.076070e+02 -9.614115e+01  0.000000e+00
     vertex  1.074122e+02 -9.661146e+01  0.000000e+00
     vertex  1.076070e+02 -9.614115e+01  1.510000e+00
   endloop
 endfacet
 facet normal -9.914449e-01  1.305262e-01  0.000000e+00
   outer loop
     vertex  1.076735e+02 -9.563646e+01  0.000000e+00
     vertex  1.076070e+02 -9.614115e+01  1.510000e+00
     vertex  1.076735e+02 -9.563646e+01  1.510000e+00
   endloop
 endfacet
 facet normal -9.914449e-01  1.305262e-01 -2.852183e-18
   outer loop
     vertex  1.076735e+02 -9.563646e+01  0.000000e+00
     vertex  1.076070e+02 -9.614115e+01  0.000000e+00
     vertex  1.076070e+02 -9.614115e+01  1.510000e+00
   endloop
 endfacet
 facet normal -1.305262e-01  9.914449e-01 -6.413114e-19
   outer loop
     vertex  1.120235e+02 -8.461698e+01  0.000000e+00
     vertex  1.119135e+02 -8.463146e+01  0.000000e+00
     vertex  1.119135e+02 -8.463146e+01  1.510000e+00
   endloop
 endfacet
 facet normal -1.305262e-01  9.914449e-01  0.000000e+00
   outer loop
     vertex  1.120235e+02 -8.461698e+01  0.000000e+00
     vertex  1.119135e+02 -8.463146e+01  1.510000e+00
     vertex  1.120235e+02 -8.461698e+01  1.510000e+00
   endloop
 endfacet
 facet normal -3.826834e-01  9.238795e-01  0.000000e+00
   outer loop
     vertex  1.121260e+02 -8.457452e+01  0.000000e+00
     vertex  1.120235e+02 -8.461698e+01  1.510000e+00
     vertex  1.121260e+02 -8.457452e+01  1.510000e+00
   endloop
 endfacet
 facet normal -3.826834e-01  9.238795e-01  4.009585e-19
   outer loop
     vertex  1.121260e+02 -8.457452e+01  0.000000e+00
     vertex  1.120235e+02 -8.461698e+01  0.000000e+00
     vertex  1.120235e+02 -8.461698e+01  1.510000e+00
   endloop
 endfacet
 facet normal -6.087614e-01  7.933533e-01  0.000000e+00
   outer loop
     vertex  1.122140e+02 -8.450698e+01  0.000000e+00
     vertex  1.121260e+02 -8.457452e+01  1.510000e+00
     vertex  1.122140e+02 -8.450698e+01  1.510000e+00
   endloop
 endfacet
 facet normal -6.087614e-01  7.933533e-01 -1.051019e-18
   outer loop
     vertex  1.122140e+02 -8.450698e+01  0.000000e+00
     vertex  1.121260e+02 -8.457452e+01  0.000000e+00
     vertex  1.121260e+02 -8.457452e+01  1.510000e+00
   endloop
 endfacet
 facet normal -7.933533e-01  6.087614e-01  0.000000e+00
   outer loop
     vertex  1.122815e+02 -8.441896e+01  0.000000e+00
     vertex  1.122140e+02 -8.450698e+01  1.510000e+00
     vertex  1.122815e+02 -8.441896e+01  1.510000e+00
   endloop
 endfacet
 facet normal -7.933533e-01  6.087614e-01 -1.051019e-18
   outer loop
     vertex  1.122815e+02 -8.441896e+01  0.000000e+00
     vertex  1.122140e+02 -8.450698e+01  0.000000e+00
     vertex  1.122140e+02 -8.450698e+01  1.510000e+00
   endloop
 endfacet
 facet normal -9.238795e-01  3.826834e-01  0.000000e+00
   outer loop
     vertex  1.123240e+02 -8.431646e+01  0.000000e+00
     vertex  1.122815e+02 -8.441896e+01  1.510000e+00
     vertex  1.123240e+02 -8.431646e+01  1.510000e+00
   endloop
 endfacet
 facet normal -9.238795e-01  3.826834e-01  4.009585e-19
   outer loop
     vertex  1.123240e+02 -8.431646e+01  0.000000e+00
     vertex  1.122815e+02 -8.441896e+01  0.000000e+00
     vertex  1.122815e+02 -8.441896e+01  1.510000e+00
   endloop
 endfacet
 facet normal -9.914449e-01  1.305262e-01  0.000000e+00
   outer loop
     vertex  1.123385e+02 -8.420646e+01  0.000000e+00
     vertex  1.123240e+02 -8.431646e+01  1.510000e+00
     vertex  1.123385e+02 -8.420646e+01  1.510000e+00
   endloop
 endfacet
 facet normal -9.914449e-01  1.305262e-01 -6.413114e-19
   outer loop
     vertex  1.123385e+02 -8.420646e+01  0.000000e+00
     vertex  1.123240e+02 -8.431646e+01  0.000000e+00
     vertex  1.123240e+02 -8.431646e+01  1.510000e+00
   endloop
 endfacet
 facet normal -9.914449e-01 -1.305262e-01  0.000000e+00
   outer loop
     vertex  1.123240e+02 -8.409646e+01  0.000000e+00
     vertex  1.123385e+02 -8.420646e+01  1.510000e+00
     vertex  1.123240e+02 -8.409646e+01  1.510000e+00
   endloop
 endfacet
 facet normal -9.914449e-01 -1.305262e-01  6.413114e-19
   outer loop
     vertex  1.123240e+02 -8.409646e+01  0.000000e+00
     vertex  1.123385e+02 -8.420646e+01  0.000000e+00
     vertex  1.123385e+02 -8.420646e+01  1.510000e+00
   endloop
 endfacet
 facet normal -9.238795e-01 -3.826834e-01  0.000000e+00
   outer loop
     vertex  1.122815e+02 -8.399396e+01  0.000000e+00
     vertex  1.123240e+02 -8.409646e+01  1.510000e+00
     vertex  1.122815e+02 -8.399396e+01  1.510000e+00
   endloop
 endfacet
 facet normal -9.238795e-01 -3.826834e-01 -4.009585e-19
   outer loop
     vertex  1.122815e+02 -8.399396e+01  0.000000e+00
     vertex  1.123240e+02 -8.409646e+01  0.000000e+00
     vertex  1.123240e+02 -8.409646e+01  1.510000e+00
   endloop
 endfacet
 facet normal -7.933533e-01 -6.087614e-01  0.000000e+00
   outer loop
     vertex  1.122140e+02 -8.390594e+01  0.000000e+00
     vertex  1.122815e+02 -8.399396e+01  1.510000e+00
     vertex  1.122140e+02 -8.390594e+01  1.510000e+00
   endloop
 endfacet
 facet normal -7.933533e-01 -6.087614e-01  1.051019e-18
   outer loop
     vertex  1.122140e+02 -8.390594e+01  0.000000e+00
     vertex  1.122815e+02 -8.399396e+01  0.000000e+00
     vertex  1.122815e+02 -8.399396e+01  1.510000e+00
   endloop
 endfacet
 facet normal -6.087614e-01 -7.933533e-01  0.000000e+00
   outer loop
     vertex  1.121260e+02 -8.383840e+01  0.000000e+00
     vertex  1.122140e+02 -8.390594e+01  1.510000e+00
     vertex  1.121260e+02 -8.383840e+01  1.510000e+00
   endloop
 endfacet
 facet normal -6.087614e-01 -7.933533e-01  1.051019e-18
   outer loop
     vertex  1.121260e+02 -8.383840e+01  0.000000e+00
     vertex  1.122140e+02 -8.390594e+01  0.000000e+00
     vertex  1.122140e+02 -8.390594e+01  1.510000e+00
   endloop
 endfacet
 facet normal -1.305262e-01 -9.914449e-01  0.000000e+00
   outer loop
     vertex  1.120235e+02 -8.379594e+01  0.000000e+00
     vertex  1.120235e+02 -8.379594e+01  1.510000e+00
     vertex  1.119135e+02 -8.378146e+01  1.510000e+00
   endloop
 endfacet
 facet normal -3.826834e-01 -9.238795e-01  0.000000e+00
   outer loop
     vertex  1.120235e+02 -8.379594e+01  0.000000e+00
     vertex  1.121260e+02 -8.383840e+01  1.510000e+00
     vertex  1.120235e+02 -8.379594e+01  1.510000e+00
   endloop
 endfacet
 facet normal -3.826834e-01 -9.238795e-01 -4.009585e-19
   outer loop
     vertex  1.120235e+02 -8.379594e+01  0.000000e+00
     vertex  1.121260e+02 -8.383840e+01  0.000000e+00
     vertex  1.121260e+02 -8.383840e+01  1.510000e+00
   endloop
 endfacet
 facet normal -1.305262e-01 -9.914449e-01  0.000000e+00
   outer loop
     vertex  1.119135e+02 -8.378146e+01  0.000000e+00
     vertex  1.120235e+02 -8.379594e+01  0.000000e+00
     vertex  1.119135e+02 -8.378146e+01  1.510000e+00
   endloop
 endfacet
 facet normal  1.305262e-01 -9.914449e-01 -6.413114e-19
   outer loop
     vertex  1.118035e+02 -8.379594e+01  0.000000e+00
     vertex  1.119135e+02 -8.378146e+01  0.000000e+00
     vertex  1.119135e+02 -8.378146e+01  1.510000e+00
   endloop
 endfacet
 facet normal  1.305262e-01 -9.914449e-01  0.000000e+00
   outer loop
     vertex  1.118035e+02 -8.379594e+01  0.000000e+00
     vertex  1.119135e+02 -8.378146e+01  1.510000e+00
     vertex  1.118035e+02 -8.379594e+01  1.510000e+00
   endloop
 endfacet
 facet normal  3.826834e-01 -9.238795e-01  4.009585e-19
   outer loop
     vertex  1.117010e+02 -8.383840e+01  0.000000e+00
     vertex  1.118035e+02 -8.379594e+01  0.000000e+00
     vertex  1.118035e+02 -8.379594e+01  1.510000e+00
   endloop
 endfacet
 facet normal  3.826834e-01 -9.238795e-01  0.000000e+00
   outer loop
     vertex  1.117010e+02 -8.383840e+01  0.000000e+00
     vertex  1.118035e+02 -8.379594e+01  1.510000e+00
     vertex  1.117010e+02 -8.383840e+01  1.510000e+00
   endloop
 endfacet
 facet normal  6.087614e-01 -7.933533e-01 -1.051019e-18
   outer loop
     vertex  1.116129e+02 -8.390594e+01  0.000000e+00
     vertex  1.117010e+02 -8.383840e+01  0.000000e+00
     vertex  1.117010e+02 -8.383840e+01  1.510000e+00
   endloop
 endfacet
 facet normal  7.933533e-01 -6.087614e-01  0.000000e+00
   outer loop
     vertex  1.116129e+02 -8.390594e+01  0.000000e+00
     vertex  1.116129e+02 -8.390594e+01  1.510000e+00
     vertex  1.115454e+02 -8.399396e+01  1.510000e+00
   endloop
 endfacet
 facet normal  6.087614e-01 -7.933533e-01  0.000000e+00
   outer loop
     vertex  1.116129e+02 -8.390594e+01  0.000000e+00
     vertex  1.117010e+02 -8.383840e+01  1.510000e+00
     vertex  1.116129e+02 -8.390594e+01  1.510000e+00
   endloop
 endfacet
 facet normal  7.933533e-01 -6.087614e-01  0.000000e+00
   outer loop
     vertex  1.115454e+02 -8.399396e+01  0.000000e+00
     vertex  1.116129e+02 -8.390594e+01  0.000000e+00
     vertex  1.115454e+02 -8.399396e+01  1.510000e+00
   endloop
 endfacet
 facet normal  9.238795e-01 -3.826834e-01  4.009585e-19
   outer loop
     vertex  1.115029e+02 -8.409646e+01  0.000000e+00
     vertex  1.115454e+02 -8.399396e+01  0.000000e+00
     vertex  1.115454e+02 -8.399396e+01  1.510000e+00
   endloop
 endfacet
 facet normal  9.238795e-01 -3.826834e-01  0.000000e+00
   outer loop
     vertex  1.115029e+02 -8.409646e+01  0.000000e+00
     vertex  1.115454e+02 -8.399396e+01  1.510000e+00
     vertex  1.115029e+02 -8.409646e+01  1.510000e+00
   endloop
 endfacet
 facet normal  9.914449e-01 -1.305262e-01 -6.413114e-19
   outer loop
     vertex  1.114885e+02 -8.420646e+01  0.000000e+00
     vertex  1.115029e+02 -8.409646e+01  0.000000e+00
     vertex  1.115029e+02 -8.409646e+01  1.510000e+00
   endloop
 endfacet
 facet normal  9.914449e-01 -1.305262e-01  0.000000e+00
   outer loop
     vertex  1.114885e+02 -8.420646e+01  0.000000e+00
     vertex  1.115029e+02 -8.409646e+01  1.510000e+00
     vertex  1.114885e+02 -8.420646e+01  1.510000e+00
   endloop
 endfacet
 facet normal  9.914449e-01  1.305262e-01 -0.000000e+00
   outer loop
     vertex  1.115029e+02 -8.431646e+01  0.000000e+00
     vertex  1.114885e+02 -8.420646e+01  1.510000e+00
     vertex  1.115029e+02 -8.431646e+01  1.510000e+00
   endloop
 endfacet
 facet normal  9.914449e-01  1.305262e-01  6.413114e-19
   outer loop
     vertex  1.115029e+02 -8.431646e+01  0.000000e+00
     vertex  1.114885e+02 -8.420646e+01  0.000000e+00
     vertex  1.114885e+02 -8.420646e+01  1.510000e+00
   endloop
 endfacet
 facet normal  9.238795e-01  3.826834e-01 -0.000000e+00
   outer loop
     vertex  1.115454e+02 -8.441896e+01  0.000000e+00
     vertex  1.115029e+02 -8.431646e+01  1.510000e+00
     vertex  1.115454e+02 -8.441896e+01  1.510000e+00
   endloop
 endfacet
 facet normal  9.238795e-01  3.826834e-01 -4.009585e-19
   outer loop
     vertex  1.115454e+02 -8.441896e+01  0.000000e+00
     vertex  1.115029e+02 -8.431646e+01  0.000000e+00
     vertex  1.115029e+02 -8.431646e+01  1.510000e+00
   endloop
 endfacet
 facet normal  7.933533e-01  6.087614e-01  1.051019e-18
   outer loop
     vertex  1.116129e+02 -8.450698e+01  0.000000e+00
     vertex  1.115454e+02 -8.441896e+01  0.000000e+00
     vertex  1.115454e+02 -8.441896e+01  1.510000e+00
   endloop
 endfacet
 facet normal  6.087614e-01  7.933533e-01 -0.000000e+00
   outer loop
     vertex  1.116129e+02 -8.450698e+01  0.000000e+00
     vertex  1.116129e+02 -8.450698e+01  1.510000e+00
     vertex  1.117010e+02 -8.457452e+01  1.510000e+00
   endloop
 endfacet
 facet normal  7.933533e-01  6.087614e-01 -0.000000e+00
   outer loop
     vertex  1.116129e+02 -8.450698e+01  0.000000e+00
     vertex  1.115454e+02 -8.441896e+01  1.510000e+00
     vertex  1.116129e+02 -8.450698e+01  1.510000e+00
   endloop
 endfacet
 facet normal  6.087614e-01  7.933533e-01 -0.000000e+00
   outer loop
     vertex  1.117010e+02 -8.457452e+01  0.000000e+00
     vertex  1.116129e+02 -8.450698e+01  0.000000e+00
     vertex  1.117010e+02 -8.457452e+01  1.510000e+00
   endloop
 endfacet
 facet normal  1.305262e-01  9.914449e-01 -0.000000e+00
   outer loop
     vertex  1.118035e+02 -8.461698e+01  0.000000e+00
     vertex  1.118035e+02 -8.461698e+01  1.510000e+00
     vertex  1.119135e+02 -8.463146e+01  1.510000e+00
   endloop
 endfacet
 facet normal  3.826834e-01  9.238795e-01 -0.000000e+00
   outer loop
     vertex  1.118035e+02 -8.461698e+01  0.000000e+00
     vertex  1.117010e+02 -8.457452e+01  1.510000e+00
     vertex  1.118035e+02 -8.461698e+01  1.510000e+00
   endloop
 endfacet
 facet normal  3.826834e-01  9.238795e-01 -4.009585e-19
   outer loop
     vertex  1.118035e+02 -8.461698e+01  0.000000e+00
     vertex  1.117010e+02 -8.457452e+01  0.000000e+00
     vertex  1.117010e+02 -8.457452e+01  1.510000e+00
   endloop
 endfacet
 facet normal  1.305262e-01  9.914449e-01 -0.000000e+00
   outer loop
     vertex  1.119135e+02 -8.463146e+01  0.000000e+00
     vertex  1.118035e+02 -8.461698e+01  0.000000e+00
     vertex  1.119135e+02 -8.463146e+01  1.510000e+00
   endloop
 endfacet
 facet normal -9.914449e-01 -1.305262e-01 -2.259795e-18
   outer loop
     vertex  1.166411e+02 -8.189058e+01  0.000000e+00
     vertex  1.166735e+02 -8.213646e+01  0.000000e+00
     vertex  1.166735e+02 -8.213646e+01  1.510000e+00
   endloop
 endfacet
 facet normal -9.914449e-01 -1.305262e-01  0.000000e+00
   outer loop
     vertex  1.166411e+02 -8.189058e+01  0.000000e+00
     vertex  1.166735e+02 -8.213646e+01  1.510000e+00
     vertex  1.166411e+02 -8.189058e+01  1.510000e+00
   endloop
 endfacet
 facet normal -9.238795e-01 -3.826834e-01  0.000000e+00
   outer loop
     vertex  1.165462e+02 -8.166146e+01  0.000000e+00
     vertex  1.166411e+02 -8.189058e+01  1.510000e+00
     vertex  1.165462e+02 -8.166146e+01  1.510000e+00
   endloop
 endfacet
 facet normal -9.238795e-01 -3.826834e-01  2.946807e-18
   outer loop
     vertex  1.165462e+02 -8.166146e+01  0.000000e+00
     vertex  1.166411e+02 -8.189058e+01  0.000000e+00
     vertex  1.166411e+02 -8.189058e+01  1.510000e+00
   endloop
 endfacet
 facet normal -7.933533e-01 -6.087614e-01  0.000000e+00
   outer loop
     vertex  1.163952e+02 -8.146471e+01  0.000000e+00
     vertex  1.165462e+02 -8.166146e+01  1.510000e+00
     vertex  1.163952e+02 -8.146471e+01  1.510000e+00
   endloop
 endfacet
 facet normal -7.933533e-01 -6.087614e-01 -1.541713e-18
   outer loop
     vertex  1.163952e+02 -8.146471e+01  0.000000e+00
     vertex  1.165462e+02 -8.166146e+01  0.000000e+00
     vertex  1.165462e+02 -8.166146e+01  1.510000e+00
   endloop
 endfacet
 facet normal -6.087614e-01 -7.933533e-01  0.000000e+00
   outer loop
     vertex  1.161985e+02 -8.131373e+01  0.000000e+00
     vertex  1.163952e+02 -8.146471e+01  1.510000e+00
     vertex  1.161985e+02 -8.131373e+01  1.510000e+00
   endloop
 endfacet
 facet normal -6.087614e-01 -7.933533e-01 -1.541713e-18
   outer loop
     vertex  1.161985e+02 -8.131373e+01  0.000000e+00
     vertex  1.163952e+02 -8.146471e+01  0.000000e+00
     vertex  1.163952e+02 -8.146471e+01  1.510000e+00
   endloop
 endfacet
 facet normal -3.826834e-01 -9.238795e-01  0.000000e+00
   outer loop
     vertex  1.159693e+02 -8.121883e+01  0.000000e+00
     vertex  1.161985e+02 -8.131373e+01  1.510000e+00
     vertex  1.159693e+02 -8.121883e+01  1.510000e+00
   endloop
 endfacet
 facet normal -3.826834e-01 -9.238795e-01  2.946807e-18
   outer loop
     vertex  1.159693e+02 -8.121883e+01  0.000000e+00
     vertex  1.161985e+02 -8.131373e+01  0.000000e+00
     vertex  1.161985e+02 -8.131373e+01  1.510000e+00
   endloop
 endfacet
 facet normal -1.305262e-01 -9.914449e-01  0.000000e+00
   outer loop
     vertex  1.157235e+02 -8.118646e+01  0.000000e+00
     vertex  1.159693e+02 -8.121883e+01  1.510000e+00
     vertex  1.157235e+02 -8.118646e+01  1.510000e+00
   endloop
 endfacet
 facet normal -1.305262e-01 -9.914449e-01 -2.259795e-18
   outer loop
     vertex  1.157235e+02 -8.118646e+01  0.000000e+00
     vertex  1.159693e+02 -8.121883e+01  0.000000e+00
     vertex  1.159693e+02 -8.121883e+01  1.510000e+00
   endloop
 endfacet
 facet normal  1.305262e-01 -9.914449e-01  0.000000e+00
   outer loop
     vertex  1.154776e+02 -8.121883e+01  0.000000e+00
     vertex  1.157235e+02 -8.118646e+01  1.510000e+00
     vertex  1.154776e+02 -8.121883e+01  1.510000e+00
   endloop
 endfacet
 facet normal  1.305262e-01 -9.914449e-01  2.259795e-18
   outer loop
     vertex  1.154776e+02 -8.121883e+01  0.000000e+00
     vertex  1.157235e+02 -8.118646e+01  0.000000e+00
     vertex  1.157235e+02 -8.118646e+01  1.510000e+00
   endloop
 endfacet
 facet normal  3.826834e-01 -9.238795e-01  0.000000e+00
   outer loop
     vertex  1.152485e+02 -8.131373e+01  0.000000e+00
     vertex  1.154776e+02 -8.121883e+01  1.510000e+00
     vertex  1.152485e+02 -8.131373e+01  1.510000e+00
   endloop
 endfacet
 facet normal  3.826834e-01 -9.238795e-01 -2.946807e-18
   outer loop
     vertex  1.152485e+02 -8.131373e+01  0.000000e+00
     vertex  1.154776e+02 -8.121883e+01  0.000000e+00
     vertex  1.154776e+02 -8.121883e+01  1.510000e+00
   endloop
 endfacet
 facet normal  6.087614e-01 -7.933533e-01  0.000000e+00
   outer loop
     vertex  1.150517e+02 -8.146471e+01  0.000000e+00
     vertex  1.152485e+02 -8.131373e+01  1.510000e+00
     vertex  1.150517e+02 -8.146471e+01  1.510000e+00
   endloop
 endfacet
 facet normal  6.087614e-01 -7.933533e-01  1.541713e-18
   outer loop
     vertex  1.150517e+02 -8.146471e+01  0.000000e+00
     vertex  1.152485e+02 -8.131373e+01  0.000000e+00
     vertex  1.152485e+02 -8.131373e+01  1.510000e+00
   endloop
 endfacet
 facet normal  7.933533e-01 -6.087614e-01  0.000000e+00
   outer loop
     vertex  1.149007e+02 -8.166146e+01  0.000000e+00
     vertex  1.150517e+02 -8.146471e+01  1.510000e+00
     vertex  1.149007e+02 -8.166146e+01  1.510000e+00
   endloop
 endfacet
 facet normal  9.238795e-01 -3.826834e-01  0.000000e+00
   outer loop
     vertex  1.149007e+02 -8.166146e+01  0.000000e+00
     vertex  1.149007e+02 -8.166146e+01  1.510000e+00
     vertex  1.148058e+02 -8.189058e+01  1.510000e+00
   endloop
 endfacet
 facet normal  7.933533e-01 -6.087614e-01  1.541713e-18
   outer loop
     vertex  1.149007e+02 -8.166146e+01  0.000000e+00
     vertex  1.150517e+02 -8.146471e+01  0.000000e+00
     vertex  1.150517e+02 -8.146471e+01  1.510000e+00
   endloop
 endfacet
 facet normal  9.238795e-01 -3.826834e-01  0.000000e+00
   outer loop
     vertex  1.148058e+02 -8.189058e+01  0.000000e+00
     vertex  1.149007e+02 -8.166146e+01  0.000000e+00
     vertex  1.148058e+02 -8.189058e+01  1.510000e+00
   endloop
 endfacet
 facet normal  9.914449e-01 -1.305262e-01  2.259795e-18
   outer loop
     vertex  1.147735e+02 -8.213646e+01  0.000000e+00
     vertex  1.148058e+02 -8.189058e+01  0.000000e+00
     vertex  1.148058e+02 -8.189058e+01  1.510000e+00
   endloop
 endfacet
 facet normal  9.914449e-01 -1.305262e-01  0.000000e+00
   outer loop
     vertex  1.147735e+02 -8.213646e+01  0.000000e+00
     vertex  1.148058e+02 -8.189058e+01  1.510000e+00
     vertex  1.147735e+02 -8.213646e+01  1.510000e+00
   endloop
 endfacet
 facet normal  9.914449e-01  1.305262e-01 -2.259795e-18
   outer loop
     vertex  1.148058e+02 -8.238234e+01  0.000000e+00
     vertex  1.147735e+02 -8.213646e+01  0.000000e+00
     vertex  1.147735e+02 -8.213646e+01  1.510000e+00
   endloop
 endfacet
 facet normal  9.914449e-01  1.305262e-01 -0.000000e+00
   outer loop
     vertex  1.148058e+02 -8.238234e+01  0.000000e+00
     vertex  1.147735e+02 -8.213646e+01  1.510000e+00
     vertex  1.148058e+02 -8.238234e+01  1.510000e+00
   endloop
 endfacet
 facet normal  9.238795e-01  3.826834e-01  2.946807e-18
   outer loop
     vertex  1.149007e+02 -8.261146e+01  0.000000e+00
     vertex  1.148058e+02 -8.238234e+01  0.000000e+00
     vertex  1.148058e+02 -8.238234e+01  1.510000e+00
   endloop
 endfacet
 facet normal  9.238795e-01  3.826834e-01 -0.000000e+00
   outer loop
     vertex  1.149007e+02 -8.261146e+01  0.000000e+00
     vertex  1.148058e+02 -8.238234e+01  1.510000e+00
     vertex  1.149007e+02 -8.261146e+01  1.510000e+00
   endloop
 endfacet
 facet normal  7.933533e-01  6.087614e-01 -0.000000e+00
   outer loop
     vertex  1.149007e+02 -8.261146e+01  0.000000e+00
     vertex  1.149007e+02 -8.261146e+01  1.510000e+00
     vertex  1.150517e+02 -8.280821e+01  1.510000e+00
   endloop
 endfacet
 facet normal  7.933533e-01  6.087614e-01 -0.000000e+00
   outer loop
     vertex  1.150517e+02 -8.280821e+01  0.000000e+00
     vertex  1.149007e+02 -8.261146e+01  0.000000e+00
     vertex  1.150517e+02 -8.280821e+01  1.510000e+00
   endloop
 endfacet
 facet normal  6.087614e-01  7.933533e-01 -0.000000e+00
   outer loop
     vertex  1.152485e+02 -8.295918e+01  0.000000e+00
     vertex  1.150517e+02 -8.280821e+01  1.510000e+00
     vertex  1.152485e+02 -8.295918e+01  1.510000e+00
   endloop
 endfacet
 facet normal  6.087614e-01  7.933533e-01 -1.541713e-18
   outer loop
     vertex  1.152485e+02 -8.295918e+01  0.000000e+00
     vertex  1.150517e+02 -8.280821e+01  0.000000e+00
     vertex  1.150517e+02 -8.280821e+01  1.510000e+00
   endloop
 endfacet
 facet normal  3.826834e-01  9.238795e-01 -0.000000e+00
   outer loop
     vertex  1.154776e+02 -8.305409e+01  0.000000e+00
     vertex  1.152485e+02 -8.295918e+01  1.510000e+00
     vertex  1.154776e+02 -8.305409e+01  1.510000e+00
   endloop
 endfacet
 facet normal  3.826834e-01  9.238795e-01  2.946807e-18
   outer loop
     vertex  1.154776e+02 -8.305409e+01  0.000000e+00
     vertex  1.152485e+02 -8.295918e+01  0.000000e+00
     vertex  1.152485e+02 -8.295918e+01  1.510000e+00
   endloop
 endfacet
 facet normal  1.305262e-01  9.914449e-01 -0.000000e+00
   outer loop
     vertex  1.157235e+02 -8.308646e+01  0.000000e+00
     vertex  1.154776e+02 -8.305409e+01  1.510000e+00
     vertex  1.157235e+02 -8.308646e+01  1.510000e+00
   endloop
 endfacet
 facet normal  1.305262e-01  9.914449e-01 -2.259795e-18
   outer loop
     vertex  1.157235e+02 -8.308646e+01  0.000000e+00
     vertex  1.154776e+02 -8.305409e+01  0.000000e+00
     vertex  1.154776e+02 -8.305409e+01  1.510000e+00
   endloop
 endfacet
 facet normal -1.305262e-01  9.914449e-01  0.000000e+00
   outer loop
     vertex  1.159693e+02 -8.305409e+01  0.000000e+00
     vertex  1.157235e+02 -8.308646e+01  1.510000e+00
     vertex  1.159693e+02 -8.305409e+01  1.510000e+00
   endloop
 endfacet
 facet normal -1.305262e-01  9.914449e-01  2.259795e-18
   outer loop
     vertex  1.159693e+02 -8.305409e+01  0.000000e+00
     vertex  1.157235e+02 -8.308646e+01  0.000000e+00
     vertex  1.157235e+02 -8.308646e+01  1.510000e+00
   endloop
 endfacet
 facet normal -3.826834e-01  9.238795e-01  0.000000e+00
   outer loop
     vertex  1.161985e+02 -8.295918e+01  0.000000e+00
     vertex  1.159693e+02 -8.305409e+01  1.510000e+00
     vertex  1.161985e+02 -8.295918e+01  1.510000e+00
   endloop
 endfacet
 facet normal -3.826834e-01  9.238795e-01 -2.946807e-18
   outer loop
     vertex  1.161985e+02 -8.295918e+01  0.000000e+00
     vertex  1.159693e+02 -8.305409e+01  0.000000e+00
     vertex  1.159693e+02 -8.305409e+01  1.510000e+00
   endloop
 endfacet
 facet normal -6.087614e-01  7.933533e-01  0.000000e+00
   outer loop
     vertex  1.163952e+02 -8.280821e+01  0.000000e+00
     vertex  1.161985e+02 -8.295918e+01  1.510000e+00
     vertex  1.163952e+02 -8.280821e+01  1.510000e+00
   endloop
 endfacet
 facet normal -6.087614e-01  7.933533e-01  1.541713e-18
   outer loop
     vertex  1.163952e+02 -8.280821e+01  0.000000e+00
     vertex  1.161985e+02 -8.295918e+01  0.000000e+00
     vertex  1.161985e+02 -8.295918e+01  1.510000e+00
   endloop
 endfacet
 facet normal -7.933533e-01  6.087614e-01  0.000000e+00
   outer loop
     vertex  1.165462e+02 -8.261146e+01  0.000000e+00
     vertex  1.163952e+02 -8.280821e+01  1.510000e+00
     vertex  1.165462e+02 -8.261146e+01  1.510000e+00
   endloop
 endfacet
 facet normal -9.238795e-01  3.826834e-01  0.000000e+00
   outer loop
     vertex  1.165462e+02 -8.261146e+01  0.000000e+00
     vertex  1.165462e+02 -8.261146e+01  1.510000e+00
     vertex  1.166411e+02 -8.238234e+01  1.510000e+00
   endloop
 endfacet
 facet normal -7.933533e-01  6.087614e-01  1.541713e-18
   outer loop
     vertex  1.165462e+02 -8.261146e+01  0.000000e+00
     vertex  1.163952e+02 -8.280821e+01  0.000000e+00
     vertex  1.163952e+02 -8.280821e+01  1.510000e+00
   endloop
 endfacet
 facet normal -9.238795e-01  3.826834e-01  0.000000e+00
   outer loop
     vertex  1.166411e+02 -8.238234e+01  0.000000e+00
     vertex  1.165462e+02 -8.261146e+01  0.000000e+00
     vertex  1.166411e+02 -8.238234e+01  1.510000e+00
   endloop
 endfacet
 facet normal -9.914449e-01  1.305262e-01  0.000000e+00
   outer loop
     vertex  1.166735e+02 -8.213646e+01  0.000000e+00
     vertex  1.166411e+02 -8.238234e+01  1.510000e+00
     vertex  1.166735e+02 -8.213646e+01  1.510000e+00
   endloop
 endfacet
 facet normal -9.914449e-01  1.305262e-01  2.259795e-18
   outer loop
     vertex  1.166735e+02 -8.213646e+01  0.000000e+00
     vertex  1.166411e+02 -8.238234e+01  0.000000e+00
     vertex  1.166411e+02 -8.238234e+01  1.510000e+00
   endloop
 endfacet
 facet normal -1.305262e-01  9.914449e-01 -6.413114e-19
   outer loop
     vertex  1.196435e+02 -8.461698e+01  0.000000e+00
     vertex  1.195335e+02 -8.463146e+01  0.000000e+00
     vertex  1.195335e+02 -8.463146e+01  1.510000e+00
   endloop
 endfacet
 facet normal -1.305262e-01  9.914449e-01  0.000000e+00
   outer loop
     vertex  1.196435e+02 -8.461698e+01  0.000000e+00
     vertex  1.195335e+02 -8.463146e+01  1.510000e+00
     vertex  1.196435e+02 -8.461698e+01  1.510000e+00
   endloop
 endfacet
 facet normal -3.826834e-01  9.238795e-01  0.000000e+00
   outer loop
     vertex  1.197460e+02 -8.457452e+01  0.000000e+00
     vertex  1.196435e+02 -8.461698e+01  1.510000e+00
     vertex  1.197460e+02 -8.457452e+01  1.510000e+00
   endloop
 endfacet
 facet normal -3.826834e-01  9.238795e-01  4.009585e-19
   outer loop
     vertex  1.197460e+02 -8.457452e+01  0.000000e+00
     vertex  1.196435e+02 -8.461698e+01  0.000000e+00
     vertex  1.196435e+02 -8.461698e+01  1.510000e+00
   endloop
 endfacet
 facet normal -6.087614e-01  7.933533e-01  0.000000e+00
   outer loop
     vertex  1.198340e+02 -8.450698e+01  0.000000e+00
     vertex  1.197460e+02 -8.457452e+01  1.510000e+00
     vertex  1.198340e+02 -8.450698e+01  1.510000e+00
   endloop
 endfacet
 facet normal -6.087614e-01  7.933533e-01 -1.051019e-18
   outer loop
     vertex  1.198340e+02 -8.450698e+01  0.000000e+00
     vertex  1.197460e+02 -8.457452e+01  0.000000e+00
     vertex  1.197460e+02 -8.457452e+01  1.510000e+00
   endloop
 endfacet
 facet normal -7.933533e-01  6.087614e-01  0.000000e+00
   outer loop
     vertex  1.199015e+02 -8.441896e+01  0.000000e+00
     vertex  1.198340e+02 -8.450698e+01  1.510000e+00
     vertex  1.199015e+02 -8.441896e+01  1.510000e+00
   endloop
 endfacet
 facet normal -7.933533e-01  6.087614e-01  1.962984e-18
   outer loop
     vertex  1.199015e+02 -8.441896e+01  0.000000e+00
     vertex  1.198340e+02 -8.450698e+01  0.000000e+00
     vertex  1.198340e+02 -8.450698e+01  1.510000e+00
   endloop
 endfacet
 facet normal -9.238795e-01  3.826834e-01  0.000000e+00
   outer loop
     vertex  1.199440e+02 -8.431646e+01  0.000000e+00
     vertex  1.199015e+02 -8.441896e+01  1.510000e+00
     vertex  1.199440e+02 -8.431646e+01  1.510000e+00
   endloop
 endfacet
 facet normal -9.238795e-01  3.826834e-01  2.334064e-18
   outer loop
     vertex  1.199440e+02 -8.431646e+01  0.000000e+00
     vertex  1.199015e+02 -8.441896e+01  0.000000e+00
     vertex  1.199015e+02 -8.441896e+01  1.510000e+00
   endloop
 endfacet
 facet normal -9.914449e-01  1.305262e-01  0.000000e+00
   outer loop
     vertex  1.199585e+02 -8.420646e+01  0.000000e+00
     vertex  1.199440e+02 -8.431646e+01  1.510000e+00
     vertex  1.199585e+02 -8.420646e+01  1.510000e+00
   endloop
 endfacet
 facet normal -9.914449e-01  1.305262e-01 -6.413114e-19
   outer loop
     vertex  1.199585e+02 -8.420646e+01  0.000000e+00
     vertex  1.199440e+02 -8.431646e+01  0.000000e+00
     vertex  1.199440e+02 -8.431646e+01  1.510000e+00
   endloop
 endfacet
 facet normal -9.914449e-01 -1.305262e-01  0.000000e+00
   outer loop
     vertex  1.199440e+02 -8.409646e+01  0.000000e+00
     vertex  1.199585e+02 -8.420646e+01  1.510000e+00
     vertex  1.199440e+02 -8.409646e+01  1.510000e+00
   endloop
 endfacet
 facet normal -9.914449e-01 -1.305262e-01  6.413114e-19
   outer loop
     vertex  1.199440e+02 -8.409646e+01  0.000000e+00
     vertex  1.199585e+02 -8.420646e+01  0.000000e+00
     vertex  1.199585e+02 -8.420646e+01  1.510000e+00
   endloop
 endfacet
 facet normal -9.238795e-01 -3.826834e-01  0.000000e+00
   outer loop
     vertex  1.199015e+02 -8.399396e+01  0.000000e+00
     vertex  1.199440e+02 -8.409646e+01  1.510000e+00
     vertex  1.199015e+02 -8.399396e+01  1.510000e+00
   endloop
 endfacet
 facet normal -9.238795e-01 -3.826834e-01 -2.334064e-18
   outer loop
     vertex  1.199015e+02 -8.399396e+01  0.000000e+00
     vertex  1.199440e+02 -8.409646e+01  0.000000e+00
     vertex  1.199440e+02 -8.409646e+01  1.510000e+00
   endloop
 endfacet
 facet normal -7.933533e-01 -6.087614e-01  0.000000e+00
   outer loop
     vertex  1.198340e+02 -8.390594e+01  0.000000e+00
     vertex  1.199015e+02 -8.399396e+01  1.510000e+00
     vertex  1.198340e+02 -8.390594e+01  1.510000e+00
   endloop
 endfacet
 facet normal -7.933533e-01 -6.087614e-01 -1.962984e-18
   outer loop
     vertex  1.198340e+02 -8.390594e+01  0.000000e+00
     vertex  1.199015e+02 -8.399396e+01  0.000000e+00
     vertex  1.199015e+02 -8.399396e+01  1.510000e+00
   endloop
 endfacet
 facet normal -6.087614e-01 -7.933533e-01  0.000000e+00
   outer loop
     vertex  1.197460e+02 -8.383840e+01  0.000000e+00
     vertex  1.198340e+02 -8.390594e+01  1.510000e+00
     vertex  1.197460e+02 -8.383840e+01  1.510000e+00
   endloop
 endfacet
 facet normal -6.087614e-01 -7.933533e-01  1.051019e-18
   outer loop
     vertex  1.197460e+02 -8.383840e+01  0.000000e+00
     vertex  1.198340e+02 -8.390594e+01  0.000000e+00
     vertex  1.198340e+02 -8.390594e+01  1.510000e+00
   endloop
 endfacet
 facet normal -1.305262e-01 -9.914449e-01  0.000000e+00
   outer loop
     vertex  1.196435e+02 -8.379594e+01  0.000000e+00
     vertex  1.196435e+02 -8.379594e+01  1.510000e+00
     vertex  1.195335e+02 -8.378146e+01  1.510000e+00
   endloop
 endfacet
 facet normal -3.826834e-01 -9.238795e-01  0.000000e+00
   outer loop
     vertex  1.196435e+02 -8.379594e+01  0.000000e+00
     vertex  1.197460e+02 -8.383840e+01  1.510000e+00
     vertex  1.196435e+02 -8.379594e+01  1.510000e+00
   endloop
 endfacet
 facet normal -3.826834e-01 -9.238795e-01 -4.009585e-19
   outer loop
     vertex  1.196435e+02 -8.379594e+01  0.000000e+00
     vertex  1.197460e+02 -8.383840e+01  0.000000e+00
     vertex  1.197460e+02 -8.383840e+01  1.510000e+00
   endloop
 endfacet
 facet normal -1.305262e-01 -9.914449e-01  0.000000e+00
   outer loop
     vertex  1.195335e+02 -8.378146e+01  0.000000e+00
     vertex  1.196435e+02 -8.379594e+01  0.000000e+00
     vertex  1.195335e+02 -8.378146e+01  1.510000e+00
   endloop
 endfacet
 facet normal  1.305262e-01 -9.914449e-01 -6.413114e-19
   outer loop
     vertex  1.194235e+02 -8.379594e+01  0.000000e+00
     vertex  1.195335e+02 -8.378146e+01  0.000000e+00
     vertex  1.195335e+02 -8.378146e+01  1.510000e+00
   endloop
 endfacet
 facet normal  1.305262e-01 -9.914449e-01  0.000000e+00
   outer loop
     vertex  1.194235e+02 -8.379594e+01  0.000000e+00
     vertex  1.195335e+02 -8.378146e+01  1.510000e+00
     vertex  1.194235e+02 -8.379594e+01  1.510000e+00
   endloop
 endfacet
 facet normal  3.826834e-01 -9.238795e-01  2.334064e-18
   outer loop
     vertex  1.193210e+02 -8.383840e+01  0.000000e+00
     vertex  1.194235e+02 -8.379594e+01  0.000000e+00
     vertex  1.194235e+02 -8.379594e+01  1.510000e+00
   endloop
 endfacet
 facet normal  3.826834e-01 -9.238795e-01  0.000000e+00
   outer loop
     vertex  1.193210e+02 -8.383840e+01  0.000000e+00
     vertex  1.194235e+02 -8.379594e+01  1.510000e+00
     vertex  1.193210e+02 -8.383840e+01  1.510000e+00
   endloop
 endfacet
 facet normal  6.087614e-01 -7.933533e-01  1.962984e-18
   outer loop
     vertex  1.192329e+02 -8.390594e+01  0.000000e+00
     vertex  1.193210e+02 -8.383840e+01  0.000000e+00
     vertex  1.193210e+02 -8.383840e+01  1.510000e+00
   endloop
 endfacet
 facet normal  7.933533e-01 -6.087614e-01  0.000000e+00
   outer loop
     vertex  1.192329e+02 -8.390594e+01  0.000000e+00
     vertex  1.192329e+02 -8.390594e+01  1.510000e+00
     vertex  1.191654e+02 -8.399396e+01  1.510000e+00
   endloop
 endfacet
 facet normal  6.087614e-01 -7.933533e-01  0.000000e+00
   outer loop
     vertex  1.192329e+02 -8.390594e+01  0.000000e+00
     vertex  1.193210e+02 -8.383840e+01  1.510000e+00
     vertex  1.192329e+02 -8.390594e+01  1.510000e+00
   endloop
 endfacet
 facet normal  7.933533e-01 -6.087614e-01  0.000000e+00
   outer loop
     vertex  1.191654e+02 -8.399396e+01  0.000000e+00
     vertex  1.192329e+02 -8.390594e+01  0.000000e+00
     vertex  1.191654e+02 -8.399396e+01  1.510000e+00
   endloop
 endfacet
 facet normal  9.238795e-01 -3.826834e-01  2.334064e-18
   outer loop
     vertex  1.191229e+02 -8.409646e+01  0.000000e+00
     vertex  1.191654e+02 -8.399396e+01  0.000000e+00
     vertex  1.191654e+02 -8.399396e+01  1.510000e+00
   endloop
 endfacet
 facet normal  9.238795e-01 -3.826834e-01  0.000000e+00
   outer loop
     vertex  1.191229e+02 -8.409646e+01  0.000000e+00
     vertex  1.191654e+02 -8.399396e+01  1.510000e+00
     vertex  1.191229e+02 -8.409646e+01  1.510000e+00
   endloop
 endfacet
 facet normal  9.914449e-01 -1.305262e-01 -6.413114e-19
   outer loop
     vertex  1.191085e+02 -8.420646e+01  0.000000e+00
     vertex  1.191229e+02 -8.409646e+01  0.000000e+00
     vertex  1.191229e+02 -8.409646e+01  1.510000e+00
   endloop
 endfacet
 facet normal  9.914449e-01 -1.305262e-01  0.000000e+00
   outer loop
     vertex  1.191085e+02 -8.420646e+01  0.000000e+00
     vertex  1.191229e+02 -8.409646e+01  1.510000e+00
     vertex  1.191085e+02 -8.420646e+01  1.510000e+00
   endloop
 endfacet
 facet normal  9.914449e-01  1.305262e-01 -0.000000e+00
   outer loop
     vertex  1.191229e+02 -8.431646e+01  0.000000e+00
     vertex  1.191085e+02 -8.420646e+01  1.510000e+00
     vertex  1.191229e+02 -8.431646e+01  1.510000e+00
   endloop
 endfacet
 facet normal  9.914449e-01  1.305262e-01  6.413114e-19
   outer loop
     vertex  1.191229e+02 -8.431646e+01  0.000000e+00
     vertex  1.191085e+02 -8.420646e+01  0.000000e+00
     vertex  1.191085e+02 -8.420646e+01  1.510000e+00
   endloop
 endfacet
 facet normal  9.238795e-01  3.826834e-01 -0.000000e+00
   outer loop
     vertex  1.191654e+02 -8.441896e+01  0.000000e+00
     vertex  1.191229e+02 -8.431646e+01  1.510000e+00
     vertex  1.191654e+02 -8.441896e+01  1.510000e+00
   endloop
 endfacet
 facet normal  9.238795e-01  3.826834e-01 -4.009585e-19
   outer loop
     vertex  1.191654e+02 -8.441896e+01  0.000000e+00
     vertex  1.191229e+02 -8.431646e+01  0.000000e+00
     vertex  1.191229e+02 -8.431646e+01  1.510000e+00
   endloop
 endfacet
 facet normal  7.933533e-01  6.087614e-01  1.051019e-18
   outer loop
     vertex  1.192329e+02 -8.450698e+01  0.000000e+00
     vertex  1.191654e+02 -8.441896e+01  0.000000e+00
     vertex  1.191654e+02 -8.441896e+01  1.510000e+00
   endloop
 endfacet
 facet normal  6.087614e-01  7.933533e-01 -0.000000e+00
   outer loop
     vertex  1.192329e+02 -8.450698e+01  0.000000e+00
     vertex  1.192329e+02 -8.450698e+01  1.510000e+00
     vertex  1.193210e+02 -8.457452e+01  1.510000e+00
   endloop
 endfacet
 facet normal  7.933533e-01  6.087614e-01 -0.000000e+00
   outer loop
     vertex  1.192329e+02 -8.450698e+01  0.000000e+00
     vertex  1.191654e+02 -8.441896e+01  1.510000e+00
     vertex  1.192329e+02 -8.450698e+01  1.510000e+00
   endloop
 endfacet
 facet normal  6.087614e-01  7.933533e-01 -0.000000e+00
   outer loop
     vertex  1.193210e+02 -8.457452e+01  0.000000e+00
     vertex  1.192329e+02 -8.450698e+01  0.000000e+00
     vertex  1.193210e+02 -8.457452e+01  1.510000e+00
   endloop
 endfacet
 facet normal  1.305262e-01  9.914449e-01 -0.000000e+00
   outer loop
     vertex  1.194235e+02 -8.461698e+01  0.000000e+00
     vertex  1.194235e+02 -8.461698e+01  1.510000e+00
     vertex  1.195335e+02 -8.463146e+01  1.510000e+00
   endloop
 endfacet
 facet normal  3.826834e-01  9.238795e-01 -0.000000e+00
   outer loop
     vertex  1.194235e+02 -8.461698e+01  0.000000e+00
     vertex  1.193210e+02 -8.457452e+01  1.510000e+00
     vertex  1.194235e+02 -8.461698e+01  1.510000e+00
   endloop
 endfacet
 facet normal  3.826834e-01  9.238795e-01 -2.334064e-18
   outer loop
     vertex  1.194235e+02 -8.461698e+01  0.000000e+00
     vertex  1.193210e+02 -8.457452e+01  0.000000e+00
     vertex  1.193210e+02 -8.457452e+01  1.510000e+00
   endloop
 endfacet
 facet normal  1.305262e-01  9.914449e-01 -0.000000e+00
   outer loop
     vertex  1.195335e+02 -8.463146e+01  0.000000e+00
     vertex  1.194235e+02 -8.461698e+01  0.000000e+00
     vertex  1.195335e+02 -8.463146e+01  1.510000e+00
   endloop
 endfacet
 facet normal -1.305262e-01  9.914449e-01 -7.332605e-19
   outer loop
     vertex  1.435409e+02 -9.333315e+01  0.000000e+00
     vertex  1.434095e+02 -9.335046e+01  0.000000e+00
     vertex  1.434095e+02 -9.335046e+01  1.510000e+00
   endloop
 endfacet
 facet normal -1.305262e-01  9.914449e-01  0.000000e+00
   outer loop
     vertex  1.435409e+02 -9.333315e+01  0.000000e+00
     vertex  1.434095e+02 -9.335046e+01  1.510000e+00
     vertex  1.435409e+02 -9.333315e+01  1.510000e+00
   endloop
 endfacet
 facet normal -3.826834e-01  9.238795e-01  0.000000e+00
   outer loop
     vertex  1.436635e+02 -9.328240e+01  0.000000e+00
     vertex  1.435409e+02 -9.333315e+01  1.510000e+00
     vertex  1.436635e+02 -9.328240e+01  1.510000e+00
   endloop
 endfacet
 facet normal -3.826834e-01  9.238795e-01  4.866508e-19
   outer loop
     vertex  1.436635e+02 -9.328240e+01  0.000000e+00
     vertex  1.435409e+02 -9.333315e+01  0.000000e+00
     vertex  1.435409e+02 -9.333315e+01  1.510000e+00
   endloop
 endfacet
 facet normal -6.087614e-01  7.933533e-01  0.000000e+00
   outer loop
     vertex  1.437687e+02 -9.320167e+01  0.000000e+00
     vertex  1.436635e+02 -9.328240e+01  1.510000e+00
     vertex  1.437687e+02 -9.320167e+01  1.510000e+00
   endloop
 endfacet
 facet normal -6.087614e-01  7.933533e-01 -2.568957e-18
   outer loop
     vertex  1.437687e+02 -9.320167e+01  0.000000e+00
     vertex  1.436635e+02 -9.328240e+01  0.000000e+00
     vertex  1.436635e+02 -9.328240e+01  1.510000e+00
   endloop
 endfacet
 facet normal -7.933533e-01  6.087614e-01  0.000000e+00
   outer loop
     vertex  1.438494e+02 -9.309646e+01  0.000000e+00
     vertex  1.437687e+02 -9.320167e+01  1.510000e+00
     vertex  1.438494e+02 -9.309646e+01  1.510000e+00
   endloop
 endfacet
 facet normal -7.933533e-01  6.087614e-01  4.055122e-18
   outer loop
     vertex  1.438494e+02 -9.309646e+01  0.000000e+00
     vertex  1.437687e+02 -9.320167e+01  0.000000e+00
     vertex  1.437687e+02 -9.320167e+01  1.510000e+00
   endloop
 endfacet
 facet normal -9.238795e-01  3.826834e-01  0.000000e+00
   outer loop
     vertex  1.439001e+02 -9.297394e+01  0.000000e+00
     vertex  1.438494e+02 -9.309646e+01  1.510000e+00
     vertex  1.439001e+02 -9.297394e+01  1.510000e+00
   endloop
 endfacet
 facet normal -9.238795e-01  3.826834e-01 -1.772586e-18
   outer loop
     vertex  1.439001e+02 -9.297394e+01  0.000000e+00
     vertex  1.438494e+02 -9.309646e+01  0.000000e+00
     vertex  1.438494e+02 -9.309646e+01  1.510000e+00
   endloop
 endfacet
 facet normal -9.914449e-01  1.305262e-01  0.000000e+00
   outer loop
     vertex  1.439175e+02 -9.284246e+01  0.000000e+00
     vertex  1.439001e+02 -9.297394e+01  1.510000e+00
     vertex  1.439175e+02 -9.284246e+01  1.510000e+00
   endloop
 endfacet
 facet normal -9.914449e-01  1.305262e-01  6.980741e-19
   outer loop
     vertex  1.439175e+02 -9.284246e+01  0.000000e+00
     vertex  1.439001e+02 -9.297394e+01  0.000000e+00
     vertex  1.439001e+02 -9.297394e+01  1.510000e+00
   endloop
 endfacet
 facet normal -9.914449e-01 -1.305262e-01  0.000000e+00
   outer loop
     vertex  1.439001e+02 -9.271098e+01  0.000000e+00
     vertex  1.439175e+02 -9.284246e+01  1.510000e+00
     vertex  1.439001e+02 -9.271098e+01  1.510000e+00
   endloop
 endfacet
 facet normal -9.914449e-01 -1.305262e-01 -6.980741e-19
   outer loop
     vertex  1.439001e+02 -9.271098e+01  0.000000e+00
     vertex  1.439175e+02 -9.284246e+01  0.000000e+00
     vertex  1.439175e+02 -9.284246e+01  1.510000e+00
   endloop
 endfacet
 facet normal -9.238795e-01 -3.826834e-01  0.000000e+00
   outer loop
     vertex  1.438494e+02 -9.258846e+01  0.000000e+00
     vertex  1.439001e+02 -9.271098e+01  1.510000e+00
     vertex  1.438494e+02 -9.258846e+01  1.510000e+00
   endloop
 endfacet
 facet normal -9.238795e-01 -3.826834e-01  1.772586e-18
   outer loop
     vertex  1.438494e+02 -9.258846e+01  0.000000e+00
     vertex  1.439001e+02 -9.271098e+01  0.000000e+00
     vertex  1.439001e+02 -9.271098e+01  1.510000e+00
   endloop
 endfacet
 facet normal -7.933533e-01 -6.087614e-01  0.000000e+00
   outer loop
     vertex  1.437687e+02 -9.248325e+01  0.000000e+00
     vertex  1.438494e+02 -9.258846e+01  1.510000e+00
     vertex  1.437687e+02 -9.248325e+01  1.510000e+00
   endloop
 endfacet
 facet normal -7.933533e-01 -6.087614e-01 -4.055122e-18
   outer loop
     vertex  1.437687e+02 -9.248325e+01  0.000000e+00
     vertex  1.438494e+02 -9.258846e+01  0.000000e+00
     vertex  1.438494e+02 -9.258846e+01  1.510000e+00
   endloop
 endfacet
 facet normal -6.087614e-01 -7.933533e-01  0.000000e+00
   outer loop
     vertex  1.436635e+02 -9.240252e+01  0.000000e+00
     vertex  1.437687e+02 -9.248325e+01  1.510000e+00
     vertex  1.436635e+02 -9.240252e+01  1.510000e+00
   endloop
 endfacet
 facet normal -6.087614e-01 -7.933533e-01  2.568957e-18
   outer loop
     vertex  1.436635e+02 -9.240252e+01  0.000000e+00
     vertex  1.437687e+02 -9.248325e+01  0.000000e+00
     vertex  1.437687e+02 -9.248325e+01  1.510000e+00
   endloop
 endfacet
 facet normal -1.305262e-01 -9.914449e-01  0.000000e+00
   outer loop
     vertex  1.435409e+02 -9.235177e+01  0.000000e+00
     vertex  1.435409e+02 -9.235177e+01  1.510000e+00
     vertex  1.434095e+02 -9.233446e+01  1.510000e+00
   endloop
 endfacet
 facet normal -3.826834e-01 -9.238795e-01  0.000000e+00
   outer loop
     vertex  1.435409e+02 -9.235177e+01  0.000000e+00
     vertex  1.436635e+02 -9.240252e+01  1.510000e+00
     vertex  1.435409e+02 -9.235177e+01  1.510000e+00
   endloop
 endfacet
 facet normal -3.826834e-01 -9.238795e-01 -4.866508e-19
   outer loop
     vertex  1.435409e+02 -9.235177e+01  0.000000e+00
     vertex  1.436635e+02 -9.240252e+01  0.000000e+00
     vertex  1.436635e+02 -9.240252e+01  1.510000e+00
   endloop
 endfacet
 facet normal -1.305262e-01 -9.914449e-01  0.000000e+00
   outer loop
     vertex  1.434095e+02 -9.233446e+01  0.000000e+00
     vertex  1.435409e+02 -9.235177e+01  0.000000e+00
     vertex  1.434095e+02 -9.233446e+01  1.510000e+00
   endloop
 endfacet
 facet normal  1.305262e-01 -9.914449e-01 -7.332605e-19
   outer loop
     vertex  1.432780e+02 -9.235177e+01  0.000000e+00
     vertex  1.434095e+02 -9.233446e+01  0.000000e+00
     vertex  1.434095e+02 -9.233446e+01  1.510000e+00
   endloop
 endfacet
 facet normal  1.305262e-01 -9.914449e-01  0.000000e+00
   outer loop
     vertex  1.432780e+02 -9.235177e+01  0.000000e+00
     vertex  1.434095e+02 -9.233446e+01  1.510000e+00
     vertex  1.432780e+02 -9.235177e+01  1.510000e+00
   endloop
 endfacet
 facet normal  3.826834e-01 -9.238795e-01  4.866508e-19
   outer loop
     vertex  1.431555e+02 -9.240252e+01  0.000000e+00
     vertex  1.432780e+02 -9.235177e+01  0.000000e+00
     vertex  1.432780e+02 -9.235177e+01  1.510000e+00
   endloop
 endfacet
 facet normal  3.826834e-01 -9.238795e-01  0.000000e+00
   outer loop
     vertex  1.431555e+02 -9.240252e+01  0.000000e+00
     vertex  1.432780e+02 -9.235177e+01  1.510000e+00
     vertex  1.431555e+02 -9.240252e+01  1.510000e+00
   endloop
 endfacet
 facet normal  6.087614e-01 -7.933533e-01 -2.568957e-18
   outer loop
     vertex  1.430502e+02 -9.248325e+01  0.000000e+00
     vertex  1.431555e+02 -9.240252e+01  0.000000e+00
     vertex  1.431555e+02 -9.240252e+01  1.510000e+00
   endloop
 endfacet
 facet normal  7.933533e-01 -6.087614e-01  0.000000e+00
   outer loop
     vertex  1.430502e+02 -9.248325e+01  0.000000e+00
     vertex  1.430502e+02 -9.248325e+01  1.510000e+00
     vertex  1.429695e+02 -9.258846e+01  1.510000e+00
   endloop
 endfacet
 facet normal  6.087614e-01 -7.933533e-01  0.000000e+00
   outer loop
     vertex  1.430502e+02 -9.248325e+01  0.000000e+00
     vertex  1.431555e+02 -9.240252e+01  1.510000e+00
     vertex  1.430502e+02 -9.248325e+01  1.510000e+00
   endloop
 endfacet
 facet normal  7.933533e-01 -6.087614e-01  0.000000e+00
   outer loop
     vertex  1.429695e+02 -9.258846e+01  0.000000e+00
     vertex  1.430502e+02 -9.248325e+01  0.000000e+00
     vertex  1.429695e+02 -9.258846e+01  1.510000e+00
   endloop
 endfacet
 facet normal  9.238795e-01 -3.826834e-01 -1.772586e-18
   outer loop
     vertex  1.429188e+02 -9.271098e+01  0.000000e+00
     vertex  1.429695e+02 -9.258846e+01  0.000000e+00
     vertex  1.429695e+02 -9.258846e+01  1.510000e+00
   endloop
 endfacet
 facet normal  9.238795e-01 -3.826834e-01  0.000000e+00
   outer loop
     vertex  1.429188e+02 -9.271098e+01  0.000000e+00
     vertex  1.429695e+02 -9.258846e+01  1.510000e+00
     vertex  1.429188e+02 -9.271098e+01  1.510000e+00
   endloop
 endfacet
 facet normal  9.914449e-01 -1.305262e-01  6.980741e-19
   outer loop
     vertex  1.429015e+02 -9.284246e+01  0.000000e+00
     vertex  1.429188e+02 -9.271098e+01  0.000000e+00
     vertex  1.429188e+02 -9.271098e+01  1.510000e+00
   endloop
 endfacet
 facet normal  9.914449e-01 -1.305262e-01  0.000000e+00
   outer loop
     vertex  1.429015e+02 -9.284246e+01  0.000000e+00
     vertex  1.429188e+02 -9.271098e+01  1.510000e+00
     vertex  1.429015e+02 -9.284246e+01  1.510000e+00
   endloop
 endfacet
 facet normal  9.914449e-01  1.305262e-01 -0.000000e+00
   outer loop
     vertex  1.429188e+02 -9.297394e+01  0.000000e+00
     vertex  1.429015e+02 -9.284246e+01  1.510000e+00
     vertex  1.429188e+02 -9.297394e+01  1.510000e+00
   endloop
 endfacet
 facet normal  9.914449e-01  1.305262e-01 -6.980741e-19
   outer loop
     vertex  1.429188e+02 -9.297394e+01  0.000000e+00
     vertex  1.429015e+02 -9.284246e+01  0.000000e+00
     vertex  1.429015e+02 -9.284246e+01  1.510000e+00
   endloop
 endfacet
 facet normal  9.238795e-01  3.826834e-01 -0.000000e+00
   outer loop
     vertex  1.429695e+02 -9.309646e+01  0.000000e+00
     vertex  1.429188e+02 -9.297394e+01  1.510000e+00
     vertex  1.429695e+02 -9.309646e+01  1.510000e+00
   endloop
 endfacet
 facet normal  9.238795e-01  3.826834e-01  1.772586e-18
   outer loop
     vertex  1.429695e+02 -9.309646e+01  0.000000e+00
     vertex  1.429188e+02 -9.297394e+01  0.000000e+00
     vertex  1.429188e+02 -9.297394e+01  1.510000e+00
   endloop
 endfacet
 facet normal  7.933533e-01  6.087614e-01 -4.055122e-18
   outer loop
     vertex  1.430502e+02 -9.320167e+01  0.000000e+00
     vertex  1.429695e+02 -9.309646e+01  0.000000e+00
     vertex  1.429695e+02 -9.309646e+01  1.510000e+00
   endloop
 endfacet
 facet normal  6.087614e-01  7.933533e-01 -0.000000e+00
   outer loop
     vertex  1.430502e+02 -9.320167e+01  0.000000e+00
     vertex  1.430502e+02 -9.320167e+01  1.510000e+00
     vertex  1.431555e+02 -9.328240e+01  1.510000e+00
   endloop
 endfacet
 facet normal  7.933533e-01  6.087614e-01 -0.000000e+00
   outer loop
     vertex  1.430502e+02 -9.320167e+01  0.000000e+00
     vertex  1.429695e+02 -9.309646e+01  1.510000e+00
     vertex  1.430502e+02 -9.320167e+01  1.510000e+00
   endloop
 endfacet
 facet normal  6.087614e-01  7.933533e-01 -0.000000e+00
   outer loop
     vertex  1.431555e+02 -9.328240e+01  0.000000e+00
     vertex  1.430502e+02 -9.320167e+01  0.000000e+00
     vertex  1.431555e+02 -9.328240e+01  1.510000e+00
   endloop
 endfacet
 facet normal  1.305262e-01  9.914449e-01 -0.000000e+00
   outer loop
     vertex  1.432780e+02 -9.333315e+01  0.000000e+00
     vertex  1.432780e+02 -9.333315e+01  1.510000e+00
     vertex  1.434095e+02 -9.335046e+01  1.510000e+00
   endloop
 endfacet
 facet normal  3.826834e-01  9.238795e-01 -0.000000e+00
   outer loop
     vertex  1.432780e+02 -9.333315e+01  0.000000e+00
     vertex  1.431555e+02 -9.328240e+01  1.510000e+00
     vertex  1.432780e+02 -9.333315e+01  1.510000e+00
   endloop
 endfacet
 facet normal  3.826834e-01  9.238795e-01 -4.866508e-19
   outer loop
     vertex  1.432780e+02 -9.333315e+01  0.000000e+00
     vertex  1.431555e+02 -9.328240e+01  0.000000e+00
     vertex  1.431555e+02 -9.328240e+01  1.510000e+00
   endloop
 endfacet
 facet normal  1.305262e-01  9.914449e-01 -0.000000e+00
   outer loop
     vertex  1.434095e+02 -9.335046e+01  0.000000e+00
     vertex  1.432780e+02 -9.333315e+01  0.000000e+00
     vertex  1.434095e+02 -9.335046e+01  1.510000e+00
   endloop
 endfacet
 facet normal -1.305262e-01  9.914449e-01  6.980741e-19
   outer loop
     vertex  1.435409e+02 -9.079315e+01  0.000000e+00
     vertex  1.434095e+02 -9.081046e+01  0.000000e+00
     vertex  1.434095e+02 -9.081046e+01  1.510000e+00
   endloop
 endfacet
 facet normal -1.305262e-01  9.914449e-01  0.000000e+00
   outer loop
     vertex  1.435409e+02 -9.079315e+01  0.000000e+00
     vertex  1.434095e+02 -9.081046e+01  1.510000e+00
     vertex  1.435409e+02 -9.079315e+01  1.510000e+00
   endloop
 endfacet
 facet normal -3.826834e-01  9.238795e-01  0.000000e+00
   outer loop
     vertex  1.436635e+02 -9.074240e+01  0.000000e+00
     vertex  1.435409e+02 -9.079315e+01  1.510000e+00
     vertex  1.436635e+02 -9.074240e+01  1.510000e+00
   endloop
 endfacet
 facet normal -3.826834e-01  9.238795e-01  1.886880e-18
   outer loop
     vertex  1.436635e+02 -9.074240e+01  0.000000e+00
     vertex  1.435409e+02 -9.079315e+01  0.000000e+00
     vertex  1.435409e+02 -9.079315e+01  1.510000e+00
   endloop
 endfacet
 facet normal -6.087614e-01  7.933533e-01  0.000000e+00
   outer loop
     vertex  1.437687e+02 -9.066167e+01  0.000000e+00
     vertex  1.436635e+02 -9.074240e+01  1.510000e+00
     vertex  1.437687e+02 -9.066167e+01  1.510000e+00
   endloop
 endfacet
 facet normal -6.087614e-01  7.933533e-01 -2.568957e-18
   outer loop
     vertex  1.437687e+02 -9.066167e+01  0.000000e+00
     vertex  1.436635e+02 -9.074240e+01  0.000000e+00
     vertex  1.436635e+02 -9.074240e+01  1.510000e+00
   endloop
 endfacet
 facet normal -7.933533e-01  6.087614e-01  0.000000e+00
   outer loop
     vertex  1.438494e+02 -9.055646e+01  0.000000e+00
     vertex  1.437687e+02 -9.066167e+01  1.510000e+00
     vertex  1.438494e+02 -9.055646e+01  1.510000e+00
   endloop
 endfacet
 facet normal -7.933533e-01  6.087614e-01 -2.568957e-18
   outer loop
     vertex  1.438494e+02 -9.055646e+01  0.000000e+00
     vertex  1.437687e+02 -9.066167e+01  0.000000e+00
     vertex  1.437687e+02 -9.066167e+01  1.510000e+00
   endloop
 endfacet
 facet normal -9.238795e-01  3.826834e-01  0.000000e+00
   outer loop
     vertex  1.439001e+02 -9.043394e+01  0.000000e+00
     vertex  1.438494e+02 -9.055646e+01  1.510000e+00
     vertex  1.439001e+02 -9.043394e+01  1.510000e+00
   endloop
 endfacet
 facet normal -9.238795e-01  3.826834e-01 -1.772586e-18
   outer loop
     vertex  1.439001e+02 -9.043394e+01  0.000000e+00
     vertex  1.438494e+02 -9.055646e+01  0.000000e+00
     vertex  1.438494e+02 -9.055646e+01  1.510000e+00
   endloop
 endfacet
 facet normal -9.914449e-01  1.305262e-01  0.000000e+00
   outer loop
     vertex  1.439175e+02 -9.030246e+01  0.000000e+00
     vertex  1.439001e+02 -9.043394e+01  1.510000e+00
     vertex  1.439175e+02 -9.030246e+01  1.510000e+00
   endloop
 endfacet
 facet normal -9.914449e-01  1.305262e-01  6.980741e-19
   outer loop
     vertex  1.439175e+02 -9.030246e+01  0.000000e+00
     vertex  1.439001e+02 -9.043394e+01  0.000000e+00
     vertex  1.439001e+02 -9.043394e+01  1.510000e+00
   endloop
 endfacet
 facet normal -9.914449e-01 -1.305262e-01  0.000000e+00
   outer loop
     vertex  1.439001e+02 -9.017098e+01  0.000000e+00
     vertex  1.439175e+02 -9.030246e+01  1.510000e+00
     vertex  1.439001e+02 -9.017098e+01  1.510000e+00
   endloop
 endfacet
 facet normal -9.914449e-01 -1.305262e-01 -6.980741e-19
   outer loop
     vertex  1.439001e+02 -9.017098e+01  0.000000e+00
     vertex  1.439175e+02 -9.030246e+01  0.000000e+00
     vertex  1.439175e+02 -9.030246e+01  1.510000e+00
   endloop
 endfacet
 facet normal -9.238795e-01 -3.826834e-01  0.000000e+00
   outer loop
     vertex  1.438494e+02 -9.004846e+01  0.000000e+00
     vertex  1.439001e+02 -9.017098e+01  1.510000e+00
     vertex  1.438494e+02 -9.004846e+01  1.510000e+00
   endloop
 endfacet
 facet normal -9.238795e-01 -3.826834e-01  1.772586e-18
   outer loop
     vertex  1.438494e+02 -9.004846e+01  0.000000e+00
     vertex  1.439001e+02 -9.017098e+01  0.000000e+00
     vertex  1.439001e+02 -9.017098e+01  1.510000e+00
   endloop
 endfacet
 facet normal -7.933533e-01 -6.087614e-01  0.000000e+00
   outer loop
     vertex  1.437687e+02 -8.994325e+01  0.000000e+00
     vertex  1.438494e+02 -9.004846e+01  1.510000e+00
     vertex  1.437687e+02 -8.994325e+01  1.510000e+00
   endloop
 endfacet
 facet normal -7.933533e-01 -6.087614e-01  2.568957e-18
   outer loop
     vertex  1.437687e+02 -8.994325e+01  0.000000e+00
     vertex  1.438494e+02 -9.004846e+01  0.000000e+00
     vertex  1.438494e+02 -9.004846e+01  1.510000e+00
   endloop
 endfacet
 facet normal -6.087614e-01 -7.933533e-01  0.000000e+00
   outer loop
     vertex  1.436635e+02 -8.986252e+01  0.000000e+00
     vertex  1.437687e+02 -8.994325e+01  1.510000e+00
     vertex  1.436635e+02 -8.986252e+01  1.510000e+00
   endloop
 endfacet
 facet normal -6.087614e-01 -7.933533e-01  2.568957e-18
   outer loop
     vertex  1.436635e+02 -8.986252e+01  0.000000e+00
     vertex  1.437687e+02 -8.994325e+01  0.000000e+00
     vertex  1.437687e+02 -8.994325e+01  1.510000e+00
   endloop
 endfacet
 facet normal -1.305262e-01 -9.914449e-01  0.000000e+00
   outer loop
     vertex  1.435409e+02 -8.981177e+01  0.000000e+00
     vertex  1.435409e+02 -8.981177e+01  1.510000e+00
     vertex  1.434095e+02 -8.979446e+01  1.510000e+00
   endloop
 endfacet
 facet normal -3.826834e-01 -9.238795e-01  0.000000e+00
   outer loop
     vertex  1.435409e+02 -8.981177e+01  0.000000e+00
     vertex  1.436635e+02 -8.986252e+01  1.510000e+00
     vertex  1.435409e+02 -8.981177e+01  1.510000e+00
   endloop
 endfacet
 facet normal -3.826834e-01 -9.238795e-01 -1.886880e-18
   outer loop
     vertex  1.435409e+02 -8.981177e+01  0.000000e+00
     vertex  1.436635e+02 -8.986252e+01  0.000000e+00
     vertex  1.436635e+02 -8.986252e+01  1.510000e+00
   endloop
 endfacet
 facet normal -1.305262e-01 -9.914449e-01  0.000000e+00
   outer loop
     vertex  1.434095e+02 -8.979446e+01  0.000000e+00
     vertex  1.435409e+02 -8.981177e+01  0.000000e+00
     vertex  1.434095e+02 -8.979446e+01  1.510000e+00
   endloop
 endfacet
 facet normal  1.305262e-01 -9.914449e-01  6.980741e-19
   outer loop
     vertex  1.432780e+02 -8.981177e+01  0.000000e+00
     vertex  1.434095e+02 -8.979446e+01  0.000000e+00
     vertex  1.434095e+02 -8.979446e+01  1.510000e+00
   endloop
 endfacet
 facet normal  1.305262e-01 -9.914449e-01  0.000000e+00
   outer loop
     vertex  1.432780e+02 -8.981177e+01  0.000000e+00
     vertex  1.434095e+02 -8.979446e+01  1.510000e+00
     vertex  1.432780e+02 -8.981177e+01  1.510000e+00
   endloop
 endfacet
 facet normal  3.826834e-01 -9.238795e-01  2.073917e-18
   outer loop
     vertex  1.431555e+02 -8.986252e+01  0.000000e+00
     vertex  1.432780e+02 -8.981177e+01  0.000000e+00
     vertex  1.432780e+02 -8.981177e+01  1.510000e+00
   endloop
 endfacet
 facet normal  3.826834e-01 -9.238795e-01  0.000000e+00
   outer loop
     vertex  1.431555e+02 -8.986252e+01  0.000000e+00
     vertex  1.432780e+02 -8.981177e+01  1.510000e+00
     vertex  1.431555e+02 -8.986252e+01  1.510000e+00
   endloop
 endfacet
 facet normal  6.087614e-01 -7.933533e-01  3.418284e-18
   outer loop
     vertex  1.430502e+02 -8.994325e+01  0.000000e+00
     vertex  1.431555e+02 -8.986252e+01  0.000000e+00
     vertex  1.431555e+02 -8.986252e+01  1.510000e+00
   endloop
 endfacet
 facet normal  7.933533e-01 -6.087614e-01  0.000000e+00
   outer loop
     vertex  1.430502e+02 -8.994325e+01  0.000000e+00
     vertex  1.430502e+02 -8.994325e+01  1.510000e+00
     vertex  1.429695e+02 -9.004846e+01  1.510000e+00
   endloop
 endfacet
 facet normal  6.087614e-01 -7.933533e-01  0.000000e+00
   outer loop
     vertex  1.430502e+02 -8.994325e+01  0.000000e+00
     vertex  1.431555e+02 -8.986252e+01  1.510000e+00
     vertex  1.430502e+02 -8.994325e+01  1.510000e+00
   endloop
 endfacet
 facet normal  7.933533e-01 -6.087614e-01  0.000000e+00
   outer loop
     vertex  1.429695e+02 -9.004846e+01  0.000000e+00
     vertex  1.430502e+02 -8.994325e+01  0.000000e+00
     vertex  1.429695e+02 -9.004846e+01  1.510000e+00
   endloop
 endfacet
 facet normal  9.238795e-01 -3.826834e-01 -1.772586e-18
   outer loop
     vertex  1.429188e+02 -9.017098e+01  0.000000e+00
     vertex  1.429695e+02 -9.004846e+01  0.000000e+00
     vertex  1.429695e+02 -9.004846e+01  1.510000e+00
   endloop
 endfacet
 facet normal  9.238795e-01 -3.826834e-01  0.000000e+00
   outer loop
     vertex  1.429188e+02 -9.017098e+01  0.000000e+00
     vertex  1.429695e+02 -9.004846e+01  1.510000e+00
     vertex  1.429188e+02 -9.017098e+01  1.510000e+00
   endloop
 endfacet
 facet normal  9.914449e-01 -1.305262e-01  6.980741e-19
   outer loop
     vertex  1.429015e+02 -9.030246e+01  0.000000e+00
     vertex  1.429188e+02 -9.017098e+01  0.000000e+00
     vertex  1.429188e+02 -9.017098e+01  1.510000e+00
   endloop
 endfacet
 facet normal  9.914449e-01 -1.305262e-01  0.000000e+00
   outer loop
     vertex  1.429015e+02 -9.030246e+01  0.000000e+00
     vertex  1.429188e+02 -9.017098e+01  1.510000e+00
     vertex  1.429015e+02 -9.030246e+01  1.510000e+00
   endloop
 endfacet
 facet normal  9.914449e-01  1.305262e-01 -0.000000e+00
   outer loop
     vertex  1.429188e+02 -9.043394e+01  0.000000e+00
     vertex  1.429015e+02 -9.030246e+01  1.510000e+00
     vertex  1.429188e+02 -9.043394e+01  1.510000e+00
   endloop
 endfacet
 facet normal  9.914449e-01  1.305262e-01 -6.980741e-19
   outer loop
     vertex  1.429188e+02 -9.043394e+01  0.000000e+00
     vertex  1.429015e+02 -9.030246e+01  0.000000e+00
     vertex  1.429015e+02 -9.030246e+01  1.510000e+00
   endloop
 endfacet
 facet normal  9.238795e-01  3.826834e-01 -0.000000e+00
   outer loop
     vertex  1.429695e+02 -9.055646e+01  0.000000e+00
     vertex  1.429188e+02 -9.043394e+01  1.510000e+00
     vertex  1.429695e+02 -9.055646e+01  1.510000e+00
   endloop
 endfacet
 facet normal  9.238795e-01  3.826834e-01  1.772586e-18
   outer loop
     vertex  1.429695e+02 -9.055646e+01  0.000000e+00
     vertex  1.429188e+02 -9.043394e+01  0.000000e+00
     vertex  1.429188e+02 -9.043394e+01  1.510000e+00
   endloop
 endfacet
 facet normal  7.933533e-01  6.087614e-01  2.568957e-18
   outer loop
     vertex  1.430502e+02 -9.066167e+01  0.000000e+00
     vertex  1.429695e+02 -9.055646e+01  0.000000e+00
     vertex  1.429695e+02 -9.055646e+01  1.510000e+00
   endloop
 endfacet
 facet normal  6.087614e-01  7.933533e-01 -0.000000e+00
   outer loop
     vertex  1.430502e+02 -9.066167e+01  0.000000e+00
     vertex  1.430502e+02 -9.066167e+01  1.510000e+00
     vertex  1.431555e+02 -9.074240e+01  1.510000e+00
   endloop
 endfacet
 facet normal  7.933533e-01  6.087614e-01 -0.000000e+00
   outer loop
     vertex  1.430502e+02 -9.066167e+01  0.000000e+00
     vertex  1.429695e+02 -9.055646e+01  1.510000e+00
     vertex  1.430502e+02 -9.066167e+01  1.510000e+00
   endloop
 endfacet
 facet normal  6.087614e-01  7.933533e-01 -0.000000e+00
   outer loop
     vertex  1.431555e+02 -9.074240e+01  0.000000e+00
     vertex  1.430502e+02 -9.066167e+01  0.000000e+00
     vertex  1.431555e+02 -9.074240e+01  1.510000e+00
   endloop
 endfacet
 facet normal  1.305262e-01  9.914449e-01 -0.000000e+00
   outer loop
     vertex  1.432780e+02 -9.079315e+01  0.000000e+00
     vertex  1.432780e+02 -9.079315e+01  1.510000e+00
     vertex  1.434095e+02 -9.081046e+01  1.510000e+00
   endloop
 endfacet
 facet normal  3.826834e-01  9.238795e-01 -0.000000e+00
   outer loop
     vertex  1.432780e+02 -9.079315e+01  0.000000e+00
     vertex  1.431555e+02 -9.074240e+01  1.510000e+00
     vertex  1.432780e+02 -9.079315e+01  1.510000e+00
   endloop
 endfacet
 facet normal  3.826834e-01  9.238795e-01 -2.073917e-18
   outer loop
     vertex  1.432780e+02 -9.079315e+01  0.000000e+00
     vertex  1.431555e+02 -9.074240e+01  0.000000e+00
     vertex  1.431555e+02 -9.074240e+01  1.510000e+00
   endloop
 endfacet
 facet normal  1.305262e-01  9.914449e-01 -0.000000e+00
   outer loop
     vertex  1.434095e+02 -9.081046e+01  0.000000e+00
     vertex  1.432780e+02 -9.079315e+01  0.000000e+00
     vertex  1.434095e+02 -9.081046e+01  1.510000e+00
   endloop
 endfacet
 facet normal -1.305262e-01  9.914449e-01 -7.332605e-19
   outer loop
     vertex  1.587809e+02 -9.333315e+01  0.000000e+00
     vertex  1.586495e+02 -9.335046e+01  0.000000e+00
     vertex  1.586495e+02 -9.335046e+01  1.510000e+00
   endloop
 endfacet
 facet normal -1.305262e-01  9.914449e-01  0.000000e+00
   outer loop
     vertex  1.587809e+02 -9.333315e+01  0.000000e+00
     vertex  1.586495e+02 -9.335046e+01  1.510000e+00
     vertex  1.587809e+02 -9.333315e+01  1.510000e+00
   endloop
 endfacet
 facet normal -3.826834e-01  9.238795e-01  0.000000e+00
   outer loop
     vertex  1.589035e+02 -9.328240e+01  0.000000e+00
     vertex  1.587809e+02 -9.333315e+01  1.510000e+00
     vertex  1.589035e+02 -9.328240e+01  1.510000e+00
   endloop
 endfacet
 facet normal -3.826834e-01  9.238795e-01  4.866508e-19
   outer loop
     vertex  1.589035e+02 -9.328240e+01  0.000000e+00
     vertex  1.587809e+02 -9.333315e+01  0.000000e+00
     vertex  1.587809e+02 -9.333315e+01  1.510000e+00
   endloop
 endfacet
 facet normal -6.087614e-01  7.933533e-01  0.000000e+00
   outer loop
     vertex  1.590087e+02 -9.320167e+01  0.000000e+00
     vertex  1.589035e+02 -9.328240e+01  1.510000e+00
     vertex  1.590087e+02 -9.320167e+01  1.510000e+00
   endloop
 endfacet
 facet normal -6.087614e-01  7.933533e-01 -3.588354e-18
   outer loop
     vertex  1.590087e+02 -9.320167e+01  0.000000e+00
     vertex  1.589035e+02 -9.328240e+01  0.000000e+00
     vertex  1.589035e+02 -9.328240e+01  1.510000e+00
   endloop
 endfacet
 facet normal -7.933533e-01  6.087614e-01  0.000000e+00
   outer loop
     vertex  1.590894e+02 -9.309646e+01  0.000000e+00
     vertex  1.590087e+02 -9.320167e+01  1.510000e+00
     vertex  1.590894e+02 -9.309646e+01  1.510000e+00
   endloop
 endfacet
 facet normal -7.933533e-01  6.087614e-01 -2.568957e-18
   outer loop
     vertex  1.590894e+02 -9.309646e+01  0.000000e+00
     vertex  1.590087e+02 -9.320167e+01  0.000000e+00
     vertex  1.590087e+02 -9.320167e+01  1.510000e+00
   endloop
 endfacet
 facet normal -9.238795e-01  3.826834e-01  0.000000e+00
   outer loop
     vertex  1.591401e+02 -9.297394e+01  0.000000e+00
     vertex  1.590894e+02 -9.309646e+01  1.510000e+00
     vertex  1.591401e+02 -9.297394e+01  1.510000e+00
   endloop
 endfacet
 facet normal -9.238795e-01  3.826834e-01 -1.772586e-18
   outer loop
     vertex  1.591401e+02 -9.297394e+01  0.000000e+00
     vertex  1.590894e+02 -9.309646e+01  0.000000e+00
     vertex  1.590894e+02 -9.309646e+01  1.510000e+00
   endloop
 endfacet
 facet normal -9.914449e-01  1.305262e-01  0.000000e+00
   outer loop
     vertex  1.591575e+02 -9.284246e+01  0.000000e+00
     vertex  1.591401e+02 -9.297394e+01  1.510000e+00
     vertex  1.591575e+02 -9.284246e+01  1.510000e+00
   endloop
 endfacet
 facet normal -9.914449e-01  1.305262e-01  6.980741e-19
   outer loop
     vertex  1.591575e+02 -9.284246e+01  0.000000e+00
     vertex  1.591401e+02 -9.297394e+01  0.000000e+00
     vertex  1.591401e+02 -9.297394e+01  1.510000e+00
   endloop
 endfacet
 facet normal -9.914449e-01 -1.305262e-01  0.000000e+00
   outer loop
     vertex  1.591401e+02 -9.271098e+01  0.000000e+00
     vertex  1.591575e+02 -9.284246e+01  1.510000e+00
     vertex  1.591401e+02 -9.271098e+01  1.510000e+00
   endloop
 endfacet
 facet normal -9.914449e-01 -1.305262e-01 -1.123112e-21
   outer loop
     vertex  1.591401e+02 -9.271098e+01  0.000000e+00
     vertex  1.591575e+02 -9.284246e+01  0.000000e+00
     vertex  1.591575e+02 -9.284246e+01  1.510000e+00
   endloop
 endfacet
 facet normal -9.238795e-01 -3.826834e-01  0.000000e+00
   outer loop
     vertex  1.590894e+02 -9.258846e+01  0.000000e+00
     vertex  1.591401e+02 -9.271098e+01  1.510000e+00
     vertex  1.590894e+02 -9.258846e+01  1.510000e+00
   endloop
 endfacet
 facet normal -9.238795e-01 -3.826834e-01 -4.866508e-19
   outer loop
     vertex  1.590894e+02 -9.258846e+01  0.000000e+00
     vertex  1.591401e+02 -9.271098e+01  0.000000e+00
     vertex  1.591401e+02 -9.271098e+01  1.510000e+00
   endloop
 endfacet
 facet normal -7.933533e-01 -6.087614e-01  0.000000e+00
   outer loop
     vertex  1.590087e+02 -9.248325e+01  0.000000e+00
     vertex  1.590894e+02 -9.258846e+01  1.510000e+00
     vertex  1.590087e+02 -9.248325e+01  1.510000e+00
   endloop
 endfacet
 facet normal -7.933533e-01 -6.087614e-01  2.568957e-18
   outer loop
     vertex  1.590087e+02 -9.248325e+01  0.000000e+00
     vertex  1.590894e+02 -9.258846e+01  0.000000e+00
     vertex  1.590894e+02 -9.258846e+01  1.510000e+00
   endloop
 endfacet
 facet normal -6.087614e-01 -7.933533e-01  0.000000e+00
   outer loop
     vertex  1.589035e+02 -9.240252e+01  0.000000e+00
     vertex  1.590087e+02 -9.248325e+01  1.510000e+00
     vertex  1.589035e+02 -9.240252e+01  1.510000e+00
   endloop
 endfacet
 facet normal -6.087614e-01 -7.933533e-01 -3.418284e-18
   outer loop
     vertex  1.589035e+02 -9.240252e+01  0.000000e+00
     vertex  1.590087e+02 -9.248325e+01  0.000000e+00
     vertex  1.590087e+02 -9.248325e+01  1.510000e+00
   endloop
 endfacet
 facet normal -1.305262e-01 -9.914449e-01  0.000000e+00
   outer loop
     vertex  1.587809e+02 -9.235177e+01  0.000000e+00
     vertex  1.587809e+02 -9.235177e+01  1.510000e+00
     vertex  1.586495e+02 -9.233446e+01  1.510000e+00
   endloop
 endfacet
 facet normal -3.826834e-01 -9.238795e-01  0.000000e+00
   outer loop
     vertex  1.587809e+02 -9.235177e+01  0.000000e+00
     vertex  1.589035e+02 -9.240252e+01  1.510000e+00
     vertex  1.587809e+02 -9.235177e+01  1.510000e+00
   endloop
 endfacet
 facet normal -3.826834e-01 -9.238795e-01  1.100615e-18
   outer loop
     vertex  1.587809e+02 -9.235177e+01  0.000000e+00
     vertex  1.589035e+02 -9.240252e+01  0.000000e+00
     vertex  1.589035e+02 -9.240252e+01  1.510000e+00
   endloop
 endfacet
 facet normal -1.305262e-01 -9.914449e-01  0.000000e+00
   outer loop
     vertex  1.586495e+02 -9.233446e+01  0.000000e+00
     vertex  1.587809e+02 -9.235177e+01  0.000000e+00
     vertex  1.586495e+02 -9.233446e+01  1.510000e+00
   endloop
 endfacet
 facet normal  1.305262e-01 -9.914449e-01 -7.332605e-19
   outer loop
     vertex  1.585180e+02 -9.235177e+01  0.000000e+00
     vertex  1.586495e+02 -9.233446e+01  0.000000e+00
     vertex  1.586495e+02 -9.233446e+01  1.510000e+00
   endloop
 endfacet
 facet normal  1.305262e-01 -9.914449e-01  0.000000e+00
   outer loop
     vertex  1.585180e+02 -9.235177e+01  0.000000e+00
     vertex  1.586495e+02 -9.233446e+01  1.510000e+00
     vertex  1.585180e+02 -9.235177e+01  1.510000e+00
   endloop
 endfacet
 facet normal  3.826834e-01 -9.238795e-01  4.866508e-19
   outer loop
     vertex  1.583955e+02 -9.240252e+01  0.000000e+00
     vertex  1.585180e+02 -9.235177e+01  0.000000e+00
     vertex  1.585180e+02 -9.235177e+01  1.510000e+00
   endloop
 endfacet
 facet normal  3.826834e-01 -9.238795e-01  0.000000e+00
   outer loop
     vertex  1.583955e+02 -9.240252e+01  0.000000e+00
     vertex  1.585180e+02 -9.235177e+01  1.510000e+00
     vertex  1.583955e+02 -9.240252e+01  1.510000e+00
   endloop
 endfacet
 facet normal  6.087614e-01 -7.933533e-01 -3.588354e-18
   outer loop
     vertex  1.582902e+02 -9.248325e+01  0.000000e+00
     vertex  1.583955e+02 -9.240252e+01  0.000000e+00
     vertex  1.583955e+02 -9.240252e+01  1.510000e+00
   endloop
 endfacet
 facet normal  7.933533e-01 -6.087614e-01  0.000000e+00
   outer loop
     vertex  1.582902e+02 -9.248325e+01  0.000000e+00
     vertex  1.582902e+02 -9.248325e+01  1.510000e+00
     vertex  1.582095e+02 -9.258846e+01  1.510000e+00
   endloop
 endfacet
 facet normal  6.087614e-01 -7.933533e-01  0.000000e+00
   outer loop
     vertex  1.582902e+02 -9.248325e+01  0.000000e+00
     vertex  1.583955e+02 -9.240252e+01  1.510000e+00
     vertex  1.582902e+02 -9.248325e+01  1.510000e+00
   endloop
 endfacet
 facet normal  7.933533e-01 -6.087614e-01  0.000000e+00
   outer loop
     vertex  1.582095e+02 -9.258846e+01  0.000000e+00
     vertex  1.582902e+02 -9.248325e+01  0.000000e+00
     vertex  1.582095e+02 -9.258846e+01  1.510000e+00
   endloop
 endfacet
 facet normal  9.238795e-01 -3.826834e-01 -1.772586e-18
   outer loop
     vertex  1.581588e+02 -9.271098e+01  0.000000e+00
     vertex  1.582095e+02 -9.258846e+01  0.000000e+00
     vertex  1.582095e+02 -9.258846e+01  1.510000e+00
   endloop
 endfacet
 facet normal  9.238795e-01 -3.826834e-01  0.000000e+00
   outer loop
     vertex  1.581588e+02 -9.271098e+01  0.000000e+00
     vertex  1.582095e+02 -9.258846e+01  1.510000e+00
     vertex  1.581588e+02 -9.271098e+01  1.510000e+00
   endloop
 endfacet
 facet normal  9.914449e-01 -1.305262e-01  6.980741e-19
   outer loop
     vertex  1.581415e+02 -9.284246e+01  0.000000e+00
     vertex  1.581588e+02 -9.271098e+01  0.000000e+00
     vertex  1.581588e+02 -9.271098e+01  1.510000e+00
   endloop
 endfacet
 facet normal  9.914449e-01 -1.305262e-01  0.000000e+00
   outer loop
     vertex  1.581415e+02 -9.284246e+01  0.000000e+00
     vertex  1.581588e+02 -9.271098e+01  1.510000e+00
     vertex  1.581415e+02 -9.284246e+01  1.510000e+00
   endloop
 endfacet
 facet normal  9.914449e-01  1.305262e-01 -0.000000e+00
   outer loop
     vertex  1.581588e+02 -9.297394e+01  0.000000e+00
     vertex  1.581415e+02 -9.284246e+01  1.510000e+00
     vertex  1.581588e+02 -9.297394e+01  1.510000e+00
   endloop
 endfacet
 facet normal  9.914449e-01  1.305262e-01 -1.123112e-21
   outer loop
     vertex  1.581588e+02 -9.297394e+01  0.000000e+00
     vertex  1.581415e+02 -9.284246e+01  0.000000e+00
     vertex  1.581415e+02 -9.284246e+01  1.510000e+00
   endloop
 endfacet
 facet normal  9.238795e-01  3.826834e-01 -0.000000e+00
   outer loop
     vertex  1.582095e+02 -9.309646e+01  0.000000e+00
     vertex  1.581588e+02 -9.297394e+01  1.510000e+00
     vertex  1.582095e+02 -9.309646e+01  1.510000e+00
   endloop
 endfacet
 facet normal  9.238795e-01  3.826834e-01 -4.866508e-19
   outer loop
     vertex  1.582095e+02 -9.309646e+01  0.000000e+00
     vertex  1.581588e+02 -9.297394e+01  0.000000e+00
     vertex  1.581588e+02 -9.297394e+01  1.510000e+00
   endloop
 endfacet
 facet normal  7.933533e-01  6.087614e-01  2.568957e-18
   outer loop
     vertex  1.582902e+02 -9.320167e+01  0.000000e+00
     vertex  1.582095e+02 -9.309646e+01  0.000000e+00
     vertex  1.582095e+02 -9.309646e+01  1.510000e+00
   endloop
 endfacet
 facet normal  6.087614e-01  7.933533e-01 -0.000000e+00
   outer loop
     vertex  1.582902e+02 -9.320167e+01  0.000000e+00
     vertex  1.582902e+02 -9.320167e+01  1.510000e+00
     vertex  1.583955e+02 -9.328240e+01  1.510000e+00
   endloop
 endfacet
 facet normal  7.933533e-01  6.087614e-01 -0.000000e+00
   outer loop
     vertex  1.582902e+02 -9.320167e+01  0.000000e+00
     vertex  1.582095e+02 -9.309646e+01  1.510000e+00
     vertex  1.582902e+02 -9.320167e+01  1.510000e+00
   endloop
 endfacet
 facet normal  6.087614e-01  7.933533e-01 -0.000000e+00
   outer loop
     vertex  1.583955e+02 -9.328240e+01  0.000000e+00
     vertex  1.582902e+02 -9.320167e+01  0.000000e+00
     vertex  1.583955e+02 -9.328240e+01  1.510000e+00
   endloop
 endfacet
 facet normal  1.305262e-01  9.914449e-01 -0.000000e+00
   outer loop
     vertex  1.585180e+02 -9.333315e+01  0.000000e+00
     vertex  1.585180e+02 -9.333315e+01  1.510000e+00
     vertex  1.586495e+02 -9.335046e+01  1.510000e+00
   endloop
 endfacet
 facet normal  3.826834e-01  9.238795e-01 -0.000000e+00
   outer loop
     vertex  1.585180e+02 -9.333315e+01  0.000000e+00
     vertex  1.583955e+02 -9.328240e+01  1.510000e+00
     vertex  1.585180e+02 -9.333315e+01  1.510000e+00
   endloop
 endfacet
 facet normal  3.826834e-01  9.238795e-01  1.100615e-18
   outer loop
     vertex  1.585180e+02 -9.333315e+01  0.000000e+00
     vertex  1.583955e+02 -9.328240e+01  0.000000e+00
     vertex  1.583955e+02 -9.328240e+01  1.510000e+00
   endloop
 endfacet
 facet normal  1.305262e-01  9.914449e-01 -0.000000e+00
   outer loop
     vertex  1.586495e+02 -9.335046e+01  0.000000e+00
     vertex  1.585180e+02 -9.333315e+01  0.000000e+00
     vertex  1.586495e+02 -9.335046e+01  1.510000e+00
   endloop
 endfacet
 facet normal -1.305262e-01  9.914449e-01 -7.332605e-19
   outer loop
     vertex  1.587809e+02 -9.079315e+01  0.000000e+00
     vertex  1.586495e+02 -9.081046e+01  0.000000e+00
     vertex  1.586495e+02 -9.081046e+01  1.510000e+00
   endloop
 endfacet
 facet normal -1.305262e-01  9.914449e-01  0.000000e+00
   outer loop
     vertex  1.587809e+02 -9.079315e+01  0.000000e+00
     vertex  1.586495e+02 -9.081046e+01  1.510000e+00
     vertex  1.587809e+02 -9.079315e+01  1.510000e+00
   endloop
 endfacet
 facet normal -3.826834e-01  9.238795e-01  0.000000e+00
   outer loop
     vertex  1.589035e+02 -9.074240e+01  0.000000e+00
     vertex  1.587809e+02 -9.079315e+01  1.510000e+00
     vertex  1.589035e+02 -9.074240e+01  1.510000e+00
   endloop
 endfacet
 facet normal -3.826834e-01  9.238795e-01  4.866508e-19
   outer loop
     vertex  1.589035e+02 -9.074240e+01  0.000000e+00
     vertex  1.587809e+02 -9.079315e+01  0.000000e+00
     vertex  1.587809e+02 -9.079315e+01  1.510000e+00
   endloop
 endfacet
 facet normal -6.087614e-01  7.933533e-01  0.000000e+00
   outer loop
     vertex  1.590087e+02 -9.066167e+01  0.000000e+00
     vertex  1.589035e+02 -9.074240e+01  1.510000e+00
     vertex  1.590087e+02 -9.066167e+01  1.510000e+00
   endloop
 endfacet
 facet normal -6.087614e-01  7.933533e-01 -3.588354e-18
   outer loop
     vertex  1.590087e+02 -9.066167e+01  0.000000e+00
     vertex  1.589035e+02 -9.074240e+01  0.000000e+00
     vertex  1.589035e+02 -9.074240e+01  1.510000e+00
   endloop
 endfacet
 facet normal -7.933533e-01  6.087614e-01  0.000000e+00
   outer loop
     vertex  1.590894e+02 -9.055646e+01  0.000000e+00
     vertex  1.590087e+02 -9.066167e+01  1.510000e+00
     vertex  1.590894e+02 -9.055646e+01  1.510000e+00
   endloop
 endfacet
 facet normal -7.933533e-01  6.087614e-01 -2.568957e-18
   outer loop
     vertex  1.590894e+02 -9.055646e+01  0.000000e+00
     vertex  1.590087e+02 -9.066167e+01  0.000000e+00
     vertex  1.590087e+02 -9.066167e+01  1.510000e+00
   endloop
 endfacet
 facet normal -9.238795e-01  3.826834e-01  0.000000e+00
   outer loop
     vertex  1.591401e+02 -9.043394e+01  0.000000e+00
     vertex  1.590894e+02 -9.055646e+01  1.510000e+00
     vertex  1.591401e+02 -9.043394e+01  1.510000e+00
   endloop
 endfacet
 facet normal -9.238795e-01  3.826834e-01 -1.772586e-18
   outer loop
     vertex  1.591401e+02 -9.043394e+01  0.000000e+00
     vertex  1.590894e+02 -9.055646e+01  0.000000e+00
     vertex  1.590894e+02 -9.055646e+01  1.510000e+00
   endloop
 endfacet
 facet normal -9.914449e-01  1.305262e-01  0.000000e+00
   outer loop
     vertex  1.591575e+02 -9.030246e+01  0.000000e+00
     vertex  1.591401e+02 -9.043394e+01  1.510000e+00
     vertex  1.591575e+02 -9.030246e+01  1.510000e+00
   endloop
 endfacet
 facet normal -9.914449e-01  1.305262e-01  6.980741e-19
   outer loop
     vertex  1.591575e+02 -9.030246e+01  0.000000e+00
     vertex  1.591401e+02 -9.043394e+01  0.000000e+00
     vertex  1.591401e+02 -9.043394e+01  1.510000e+00
   endloop
 endfacet
 facet normal -9.914449e-01 -1.305262e-01  0.000000e+00
   outer loop
     vertex  1.591401e+02 -9.017098e+01  0.000000e+00
     vertex  1.591575e+02 -9.030246e+01  1.510000e+00
     vertex  1.591401e+02 -9.017098e+01  1.510000e+00
   endloop
 endfacet
 facet normal -9.914449e-01 -1.305262e-01 -1.123112e-21
   outer loop
     vertex  1.591401e+02 -9.017098e+01  0.000000e+00
     vertex  1.591575e+02 -9.030246e+01  0.000000e+00
     vertex  1.591575e+02 -9.030246e+01  1.510000e+00
   endloop
 endfacet
 facet normal -9.238795e-01 -3.826834e-01  0.000000e+00
   outer loop
     vertex  1.590894e+02 -9.004846e+01  0.000000e+00
     vertex  1.591401e+02 -9.017098e+01  1.510000e+00
     vertex  1.590894e+02 -9.004846e+01  1.510000e+00
   endloop
 endfacet
 facet normal -9.238795e-01 -3.826834e-01 -4.866508e-19
   outer loop
     vertex  1.590894e+02 -9.004846e+01  0.000000e+00
     vertex  1.591401e+02 -9.017098e+01  0.000000e+00
     vertex  1.591401e+02 -9.017098e+01  1.510000e+00
   endloop
 endfacet
 facet normal -7.933533e-01 -6.087614e-01  0.000000e+00
   outer loop
     vertex  1.590087e+02 -8.994325e+01  0.000000e+00
     vertex  1.590894e+02 -9.004846e+01  1.510000e+00
     vertex  1.590087e+02 -8.994325e+01  1.510000e+00
   endloop
 endfacet
 facet normal -7.933533e-01 -6.087614e-01  2.568957e-18
   outer loop
     vertex  1.590087e+02 -8.994325e+01  0.000000e+00
     vertex  1.590894e+02 -9.004846e+01  0.000000e+00
     vertex  1.590894e+02 -9.004846e+01  1.510000e+00
   endloop
 endfacet
 facet normal -6.087614e-01 -7.933533e-01  0.000000e+00
   outer loop
     vertex  1.589035e+02 -8.986252e+01  0.000000e+00
     vertex  1.590087e+02 -8.994325e+01  1.510000e+00
     vertex  1.589035e+02 -8.986252e+01  1.510000e+00
   endloop
 endfacet
 facet normal -6.087614e-01 -7.933533e-01 -3.418284e-18
   outer loop
     vertex  1.589035e+02 -8.986252e+01  0.000000e+00
     vertex  1.590087e+02 -8.994325e+01  0.000000e+00
     vertex  1.590087e+02 -8.994325e+01  1.510000e+00
   endloop
 endfacet
 facet normal -1.305262e-01 -9.914449e-01  0.000000e+00
   outer loop
     vertex  1.587809e+02 -8.981177e+01  0.000000e+00
     vertex  1.587809e+02 -8.981177e+01  1.510000e+00
     vertex  1.586495e+02 -8.979446e+01  1.510000e+00
   endloop
 endfacet
 facet normal -3.826834e-01 -9.238795e-01  0.000000e+00
   outer loop
     vertex  1.587809e+02 -8.981177e+01  0.000000e+00
     vertex  1.589035e+02 -8.986252e+01  1.510000e+00
     vertex  1.587809e+02 -8.981177e+01  1.510000e+00
   endloop
 endfacet
 facet normal -3.826834e-01 -9.238795e-01  1.100615e-18
   outer loop
     vertex  1.587809e+02 -8.981177e+01  0.000000e+00
     vertex  1.589035e+02 -8.986252e+01  0.000000e+00
     vertex  1.589035e+02 -8.986252e+01  1.510000e+00
   endloop
 endfacet
 facet normal -1.305262e-01 -9.914449e-01  0.000000e+00
   outer loop
     vertex  1.586495e+02 -8.979446e+01  0.000000e+00
     vertex  1.587809e+02 -8.981177e+01  0.000000e+00
     vertex  1.586495e+02 -8.979446e+01  1.510000e+00
   endloop
 endfacet
 facet normal  1.305262e-01 -9.914449e-01 -7.332605e-19
   outer loop
     vertex  1.585180e+02 -8.981177e+01  0.000000e+00
     vertex  1.586495e+02 -8.979446e+01  0.000000e+00
     vertex  1.586495e+02 -8.979446e+01  1.510000e+00
   endloop
 endfacet
 facet normal  1.305262e-01 -9.914449e-01  0.000000e+00
   outer loop
     vertex  1.585180e+02 -8.981177e+01  0.000000e+00
     vertex  1.586495e+02 -8.979446e+01  1.510000e+00
     vertex  1.585180e+02 -8.981177e+01  1.510000e+00
   endloop
 endfacet
 facet normal  3.826834e-01 -9.238795e-01  4.866508e-19
   outer loop
     vertex  1.583955e+02 -8.986252e+01  0.000000e+00
     vertex  1.585180e+02 -8.981177e+01  0.000000e+00
     vertex  1.585180e+02 -8.981177e+01  1.510000e+00
   endloop
 endfacet
 facet normal  3.826834e-01 -9.238795e-01  0.000000e+00
   outer loop
     vertex  1.583955e+02 -8.986252e+01  0.000000e+00
     vertex  1.585180e+02 -8.981177e+01  1.510000e+00
     vertex  1.583955e+02 -8.986252e+01  1.510000e+00
   endloop
 endfacet
 facet normal  6.087614e-01 -7.933533e-01 -3.588354e-18
   outer loop
     vertex  1.582902e+02 -8.994325e+01  0.000000e+00
     vertex  1.583955e+02 -8.986252e+01  0.000000e+00
     vertex  1.583955e+02 -8.986252e+01  1.510000e+00
   endloop
 endfacet
 facet normal  7.933533e-01 -6.087614e-01  0.000000e+00
   outer loop
     vertex  1.582902e+02 -8.994325e+01  0.000000e+00
     vertex  1.582902e+02 -8.994325e+01  1.510000e+00
     vertex  1.582095e+02 -9.004846e+01  1.510000e+00
   endloop
 endfacet
 facet normal  6.087614e-01 -7.933533e-01  0.000000e+00
   outer loop
     vertex  1.582902e+02 -8.994325e+01  0.000000e+00
     vertex  1.583955e+02 -8.986252e+01  1.510000e+00
     vertex  1.582902e+02 -8.994325e+01  1.510000e+00
   endloop
 endfacet
 facet normal  7.933533e-01 -6.087614e-01  0.000000e+00
   outer loop
     vertex  1.582095e+02 -9.004846e+01  0.000000e+00
     vertex  1.582902e+02 -8.994325e+01  0.000000e+00
     vertex  1.582095e+02 -9.004846e+01  1.510000e+00
   endloop
 endfacet
 facet normal  9.238795e-01 -3.826834e-01 -1.772586e-18
   outer loop
     vertex  1.581588e+02 -9.017098e+01  0.000000e+00
     vertex  1.582095e+02 -9.004846e+01  0.000000e+00
     vertex  1.582095e+02 -9.004846e+01  1.510000e+00
   endloop
 endfacet
 facet normal  9.238795e-01 -3.826834e-01  0.000000e+00
   outer loop
     vertex  1.581588e+02 -9.017098e+01  0.000000e+00
     vertex  1.582095e+02 -9.004846e+01  1.510000e+00
     vertex  1.581588e+02 -9.017098e+01  1.510000e+00
   endloop
 endfacet
 facet normal  9.914449e-01 -1.305262e-01  6.980741e-19
   outer loop
     vertex  1.581415e+02 -9.030246e+01  0.000000e+00
     vertex  1.581588e+02 -9.017098e+01  0.000000e+00
     vertex  1.581588e+02 -9.017098e+01  1.510000e+00
   endloop
 endfacet
 facet normal  9.914449e-01 -1.305262e-01  0.000000e+00
   outer loop
     vertex  1.581415e+02 -9.030246e+01  0.000000e+00
     vertex  1.581588e+02 -9.017098e+01  1.510000e+00
     vertex  1.581415e+02 -9.030246e+01  1.510000e+00
   endloop
 endfacet
 facet normal  9.914449e-01  1.305262e-01 -0.000000e+00
   outer loop
     vertex  1.581588e+02 -9.043394e+01  0.000000e+00
     vertex  1.581415e+02 -9.030246e+01  1.510000e+00
     vertex  1.581588e+02 -9.043394e+01  1.510000e+00
   endloop
 endfacet
 facet normal  9.914449e-01  1.305262e-01 -1.123112e-21
   outer loop
     vertex  1.581588e+02 -9.043394e+01  0.000000e+00
     vertex  1.581415e+02 -9.030246e+01  0.000000e+00
     vertex  1.581415e+02 -9.030246e+01  1.510000e+00
   endloop
 endfacet
 facet normal  9.238795e-01  3.826834e-01 -0.000000e+00
   outer loop
     vertex  1.582095e+02 -9.055646e+01  0.000000e+00
     vertex  1.581588e+02 -9.043394e+01  1.510000e+00
     vertex  1.582095e+02 -9.055646e+01  1.510000e+00
   endloop
 endfacet
 facet normal  9.238795e-01  3.826834e-01 -4.866508e-19
   outer loop
     vertex  1.582095e+02 -9.055646e+01  0.000000e+00
     vertex  1.581588e+02 -9.043394e+01  0.000000e+00
     vertex  1.581588e+02 -9.043394e+01  1.510000e+00
   endloop
 endfacet
 facet normal  7.933533e-01  6.087614e-01  2.568957e-18
   outer loop
     vertex  1.582902e+02 -9.066167e+01  0.000000e+00
     vertex  1.582095e+02 -9.055646e+01  0.000000e+00
     vertex  1.582095e+02 -9.055646e+01  1.510000e+00
   endloop
 endfacet
 facet normal  6.087614e-01  7.933533e-01 -0.000000e+00
   outer loop
     vertex  1.582902e+02 -9.066167e+01  0.000000e+00
     vertex  1.582902e+02 -9.066167e+01  1.510000e+00
     vertex  1.583955e+02 -9.074240e+01  1.510000e+00
   endloop
 endfacet
 facet normal  7.933533e-01  6.087614e-01 -0.000000e+00
   outer loop
     vertex  1.582902e+02 -9.066167e+01  0.000000e+00
     vertex  1.582095e+02 -9.055646e+01  1.510000e+00
     vertex  1.582902e+02 -9.066167e+01  1.510000e+00
   endloop
 endfacet
 facet normal  6.087614e-01  7.933533e-01 -0.000000e+00
   outer loop
     vertex  1.583955e+02 -9.074240e+01  0.000000e+00
     vertex  1.582902e+02 -9.066167e+01  0.000000e+00
     vertex  1.583955e+02 -9.074240e+01  1.510000e+00
   endloop
 endfacet
 facet normal  1.305262e-01  9.914449e-01 -0.000000e+00
   outer loop
     vertex  1.585180e+02 -9.079315e+01  0.000000e+00
     vertex  1.585180e+02 -9.079315e+01  1.510000e+00
     vertex  1.586495e+02 -9.081046e+01  1.510000e+00
   endloop
 endfacet
 facet normal  3.826834e-01  9.238795e-01 -0.000000e+00
   outer loop
     vertex  1.585180e+02 -9.079315e+01  0.000000e+00
     vertex  1.583955e+02 -9.074240e+01  1.510000e+00
     vertex  1.585180e+02 -9.079315e+01  1.510000e+00
   endloop
 endfacet
 facet normal  3.826834e-01  9.238795e-01  1.100615e-18
   outer loop
     vertex  1.585180e+02 -9.079315e+01  0.000000e+00
     vertex  1.583955e+02 -9.074240e+01  0.000000e+00
     vertex  1.583955e+02 -9.074240e+01  1.510000e+00
   endloop
 endfacet
 facet normal  1.305262e-01  9.914449e-01 -0.000000e+00
   outer loop
     vertex  1.586495e+02 -9.081046e+01  0.000000e+00
     vertex  1.585180e+02 -9.079315e+01  0.000000e+00
     vertex  1.586495e+02 -9.081046e+01  1.510000e+00
   endloop
 endfacet
 facet normal -1.305262e-01  9.914449e-01 -7.332605e-19
   outer loop
     vertex  1.435409e+02 -8.825315e+01  0.000000e+00
     vertex  1.434095e+02 -8.827046e+01  0.000000e+00
     vertex  1.434095e+02 -8.827046e+01  1.510000e+00
   endloop
 endfacet
 facet normal -1.305262e-01  9.914449e-01  0.000000e+00
   outer loop
     vertex  1.435409e+02 -8.825315e+01  0.000000e+00
     vertex  1.434095e+02 -8.827046e+01  1.510000e+00
     vertex  1.435409e+02 -8.825315e+01  1.510000e+00
   endloop
 endfacet
 facet normal -3.826834e-01  9.238795e-01  0.000000e+00
   outer loop
     vertex  1.436635e+02 -8.820240e+01  0.000000e+00
     vertex  1.435409e+02 -8.825315e+01  1.510000e+00
     vertex  1.436635e+02 -8.820240e+01  1.510000e+00
   endloop
 endfacet
 facet normal -3.826834e-01  9.238795e-01  4.866508e-19
   outer loop
     vertex  1.436635e+02 -8.820240e+01  0.000000e+00
     vertex  1.435409e+02 -8.825315e+01  0.000000e+00
     vertex  1.435409e+02 -8.825315e+01  1.510000e+00
   endloop
 endfacet
 facet normal -6.087614e-01  7.933533e-01  0.000000e+00
   outer loop
     vertex  1.437687e+02 -8.812167e+01  0.000000e+00
     vertex  1.436635e+02 -8.820240e+01  1.510000e+00
     vertex  1.437687e+02 -8.812167e+01  1.510000e+00
   endloop
 endfacet
 facet normal -6.087614e-01  7.933533e-01 -2.568957e-18
   outer loop
     vertex  1.437687e+02 -8.812167e+01  0.000000e+00
     vertex  1.436635e+02 -8.820240e+01  0.000000e+00
     vertex  1.436635e+02 -8.820240e+01  1.510000e+00
   endloop
 endfacet
 facet normal -7.933533e-01  6.087614e-01  0.000000e+00
   outer loop
     vertex  1.438494e+02 -8.801646e+01  0.000000e+00
     vertex  1.437687e+02 -8.812167e+01  1.510000e+00
     vertex  1.438494e+02 -8.801646e+01  1.510000e+00
   endloop
 endfacet
 facet normal -7.933533e-01  6.087614e-01  4.055122e-18
   outer loop
     vertex  1.438494e+02 -8.801646e+01  0.000000e+00
     vertex  1.437687e+02 -8.812167e+01  0.000000e+00
     vertex  1.437687e+02 -8.812167e+01  1.510000e+00
   endloop
 endfacet
 facet normal -9.238795e-01  3.826834e-01  0.000000e+00
   outer loop
     vertex  1.439001e+02 -8.789394e+01  0.000000e+00
     vertex  1.438494e+02 -8.801646e+01  1.510000e+00
     vertex  1.439001e+02 -8.789394e+01  1.510000e+00
   endloop
 endfacet
 facet normal -9.238795e-01  3.826834e-01 -1.772586e-18
   outer loop
     vertex  1.439001e+02 -8.789394e+01  0.000000e+00
     vertex  1.438494e+02 -8.801646e+01  0.000000e+00
     vertex  1.438494e+02 -8.801646e+01  1.510000e+00
   endloop
 endfacet
 facet normal -9.914449e-01  1.305262e-01  0.000000e+00
   outer loop
     vertex  1.439175e+02 -8.776246e+01  0.000000e+00
     vertex  1.439001e+02 -8.789394e+01  1.510000e+00
     vertex  1.439175e+02 -8.776246e+01  1.510000e+00
   endloop
 endfacet
 facet normal -9.914449e-01  1.305262e-01  6.980741e-19
   outer loop
     vertex  1.439175e+02 -8.776246e+01  0.000000e+00
     vertex  1.439001e+02 -8.789394e+01  0.000000e+00
     vertex  1.439001e+02 -8.789394e+01  1.510000e+00
   endloop
 endfacet
 facet normal -9.914449e-01 -1.305262e-01  0.000000e+00
   outer loop
     vertex  1.439001e+02 -8.763098e+01  0.000000e+00
     vertex  1.439175e+02 -8.776246e+01  1.510000e+00
     vertex  1.439001e+02 -8.763098e+01  1.510000e+00
   endloop
 endfacet
 facet normal -9.914449e-01 -1.305262e-01 -6.980741e-19
   outer loop
     vertex  1.439001e+02 -8.763098e+01  0.000000e+00
     vertex  1.439175e+02 -8.776246e+01  0.000000e+00
     vertex  1.439175e+02 -8.776246e+01  1.510000e+00
   endloop
 endfacet
 facet normal -9.238795e-01 -3.826834e-01  0.000000e+00
   outer loop
     vertex  1.438494e+02 -8.750846e+01  0.000000e+00
     vertex  1.439001e+02 -8.763098e+01  1.510000e+00
     vertex  1.438494e+02 -8.750846e+01  1.510000e+00
   endloop
 endfacet
 facet normal -9.238795e-01 -3.826834e-01  1.772586e-18
   outer loop
     vertex  1.438494e+02 -8.750846e+01  0.000000e+00
     vertex  1.439001e+02 -8.763098e+01  0.000000e+00
     vertex  1.439001e+02 -8.763098e+01  1.510000e+00
   endloop
 endfacet
 facet normal -7.933533e-01 -6.087614e-01  0.000000e+00
   outer loop
     vertex  1.437687e+02 -8.740325e+01  0.000000e+00
     vertex  1.438494e+02 -8.750846e+01  1.510000e+00
     vertex  1.437687e+02 -8.740325e+01  1.510000e+00
   endloop
 endfacet
 facet normal -7.933533e-01 -6.087614e-01 -4.055122e-18
   outer loop
     vertex  1.437687e+02 -8.740325e+01  0.000000e+00
     vertex  1.438494e+02 -8.750846e+01  0.000000e+00
     vertex  1.438494e+02 -8.750846e+01  1.510000e+00
   endloop
 endfacet
 facet normal -6.087614e-01 -7.933533e-01  0.000000e+00
   outer loop
     vertex  1.436635e+02 -8.732252e+01  0.000000e+00
     vertex  1.437687e+02 -8.740325e+01  1.510000e+00
     vertex  1.436635e+02 -8.732252e+01  1.510000e+00
   endloop
 endfacet
 facet normal -6.087614e-01 -7.933533e-01  2.568957e-18
   outer loop
     vertex  1.436635e+02 -8.732252e+01  0.000000e+00
     vertex  1.437687e+02 -8.740325e+01  0.000000e+00
     vertex  1.437687e+02 -8.740325e+01  1.510000e+00
   endloop
 endfacet
 facet normal -1.305262e-01 -9.914449e-01  0.000000e+00
   outer loop
     vertex  1.435409e+02 -8.727177e+01  0.000000e+00
     vertex  1.435409e+02 -8.727177e+01  1.510000e+00
     vertex  1.434095e+02 -8.725446e+01  1.510000e+00
   endloop
 endfacet
 facet normal -3.826834e-01 -9.238795e-01  0.000000e+00
   outer loop
     vertex  1.435409e+02 -8.727177e+01  0.000000e+00
     vertex  1.436635e+02 -8.732252e+01  1.510000e+00
     vertex  1.435409e+02 -8.727177e+01  1.510000e+00
   endloop
 endfacet
 facet normal -3.826834e-01 -9.238795e-01 -4.866508e-19
   outer loop
     vertex  1.435409e+02 -8.727177e+01  0.000000e+00
     vertex  1.436635e+02 -8.732252e+01  0.000000e+00
     vertex  1.436635e+02 -8.732252e+01  1.510000e+00
   endloop
 endfacet
 facet normal -1.305262e-01 -9.914449e-01  0.000000e+00
   outer loop
     vertex  1.434095e+02 -8.725446e+01  0.000000e+00
     vertex  1.435409e+02 -8.727177e+01  0.000000e+00
     vertex  1.434095e+02 -8.725446e+01  1.510000e+00
   endloop
 endfacet
 facet normal  1.305262e-01 -9.914449e-01 -7.332605e-19
   outer loop
     vertex  1.432780e+02 -8.727177e+01  0.000000e+00
     vertex  1.434095e+02 -8.725446e+01  0.000000e+00
     vertex  1.434095e+02 -8.725446e+01  1.510000e+00
   endloop
 endfacet
 facet normal  1.305262e-01 -9.914449e-01  0.000000e+00
   outer loop
     vertex  1.432780e+02 -8.727177e+01  0.000000e+00
     vertex  1.434095e+02 -8.725446e+01  1.510000e+00
     vertex  1.432780e+02 -8.727177e+01  1.510000e+00
   endloop
 endfacet
 facet normal  3.826834e-01 -9.238795e-01  4.866508e-19
   outer loop
     vertex  1.431555e+02 -8.732252e+01  0.000000e+00
     vertex  1.432780e+02 -8.727177e+01  0.000000e+00
     vertex  1.432780e+02 -8.727177e+01  1.510000e+00
   endloop
 endfacet
 facet normal  3.826834e-01 -9.238795e-01  0.000000e+00
   outer loop
     vertex  1.431555e+02 -8.732252e+01  0.000000e+00
     vertex  1.432780e+02 -8.727177e+01  1.510000e+00
     vertex  1.431555e+02 -8.732252e+01  1.510000e+00
   endloop
 endfacet
 facet normal  6.087614e-01 -7.933533e-01 -2.568957e-18
   outer loop
     vertex  1.430502e+02 -8.740325e+01  0.000000e+00
     vertex  1.431555e+02 -8.732252e+01  0.000000e+00
     vertex  1.431555e+02 -8.732252e+01  1.510000e+00
   endloop
 endfacet
 facet normal  7.933533e-01 -6.087614e-01  0.000000e+00
   outer loop
     vertex  1.430502e+02 -8.740325e+01  0.000000e+00
     vertex  1.430502e+02 -8.740325e+01  1.510000e+00
     vertex  1.429695e+02 -8.750846e+01  1.510000e+00
   endloop
 endfacet
 facet normal  6.087614e-01 -7.933533e-01  0.000000e+00
   outer loop
     vertex  1.430502e+02 -8.740325e+01  0.000000e+00
     vertex  1.431555e+02 -8.732252e+01  1.510000e+00
     vertex  1.430502e+02 -8.740325e+01  1.510000e+00
   endloop
 endfacet
 facet normal  7.933533e-01 -6.087614e-01  0.000000e+00
   outer loop
     vertex  1.429695e+02 -8.750846e+01  0.000000e+00
     vertex  1.430502e+02 -8.740325e+01  0.000000e+00
     vertex  1.429695e+02 -8.750846e+01  1.510000e+00
   endloop
 endfacet
 facet normal  9.238795e-01 -3.826834e-01 -1.772586e-18
   outer loop
     vertex  1.429188e+02 -8.763098e+01  0.000000e+00
     vertex  1.429695e+02 -8.750846e+01  0.000000e+00
     vertex  1.429695e+02 -8.750846e+01  1.510000e+00
   endloop
 endfacet
 facet normal  9.238795e-01 -3.826834e-01  0.000000e+00
   outer loop
     vertex  1.429188e+02 -8.763098e+01  0.000000e+00
     vertex  1.429695e+02 -8.750846e+01  1.510000e+00
     vertex  1.429188e+02 -8.763098e+01  1.510000e+00
   endloop
 endfacet
 facet normal  9.914449e-01 -1.305262e-01  6.980741e-19
   outer loop
     vertex  1.429015e+02 -8.776246e+01  0.000000e+00
     vertex  1.429188e+02 -8.763098e+01  0.000000e+00
     vertex  1.429188e+02 -8.763098e+01  1.510000e+00
   endloop
 endfacet
 facet normal  9.914449e-01 -1.305262e-01  0.000000e+00
   outer loop
     vertex  1.429015e+02 -8.776246e+01  0.000000e+00
     vertex  1.429188e+02 -8.763098e+01  1.510000e+00
     vertex  1.429015e+02 -8.776246e+01  1.510000e+00
   endloop
 endfacet
 facet normal  9.914449e-01  1.305262e-01 -0.000000e+00
   outer loop
     vertex  1.429188e+02 -8.789394e+01  0.000000e+00
     vertex  1.429015e+02 -8.776246e+01  1.510000e+00
     vertex  1.429188e+02 -8.789394e+01  1.510000e+00
   endloop
 endfacet
 facet normal  9.914449e-01  1.305262e-01 -6.980741e-19
   outer loop
     vertex  1.429188e+02 -8.789394e+01  0.000000e+00
     vertex  1.429015e+02 -8.776246e+01  0.000000e+00
     vertex  1.429015e+02 -8.776246e+01  1.510000e+00
   endloop
 endfacet
 facet normal  9.238795e-01  3.826834e-01 -0.000000e+00
   outer loop
     vertex  1.429695e+02 -8.801646e+01  0.000000e+00
     vertex  1.429188e+02 -8.789394e+01  1.510000e+00
     vertex  1.429695e+02 -8.801646e+01  1.510000e+00
   endloop
 endfacet
 facet normal  9.238795e-01  3.826834e-01  1.772586e-18
   outer loop
     vertex  1.429695e+02 -8.801646e+01  0.000000e+00
     vertex  1.429188e+02 -8.789394e+01  0.000000e+00
     vertex  1.429188e+02 -8.789394e+01  1.510000e+00
   endloop
 endfacet
 facet normal  7.933533e-01  6.087614e-01 -4.055122e-18
   outer loop
     vertex  1.430502e+02 -8.812167e+01  0.000000e+00
     vertex  1.429695e+02 -8.801646e+01  0.000000e+00
     vertex  1.429695e+02 -8.801646e+01  1.510000e+00
   endloop
 endfacet
 facet normal  6.087614e-01  7.933533e-01 -0.000000e+00
   outer loop
     vertex  1.430502e+02 -8.812167e+01  0.000000e+00
     vertex  1.430502e+02 -8.812167e+01  1.510000e+00
     vertex  1.431555e+02 -8.820240e+01  1.510000e+00
   endloop
 endfacet
 facet normal  7.933533e-01  6.087614e-01 -0.000000e+00
   outer loop
     vertex  1.430502e+02 -8.812167e+01  0.000000e+00
     vertex  1.429695e+02 -8.801646e+01  1.510000e+00
     vertex  1.430502e+02 -8.812167e+01  1.510000e+00
   endloop
 endfacet
 facet normal  6.087614e-01  7.933533e-01 -0.000000e+00
   outer loop
     vertex  1.431555e+02 -8.820240e+01  0.000000e+00
     vertex  1.430502e+02 -8.812167e+01  0.000000e+00
     vertex  1.431555e+02 -8.820240e+01  1.510000e+00
   endloop
 endfacet
 facet normal  1.305262e-01  9.914449e-01 -0.000000e+00
   outer loop
     vertex  1.432780e+02 -8.825315e+01  0.000000e+00
     vertex  1.432780e+02 -8.825315e+01  1.510000e+00
     vertex  1.434095e+02 -8.827046e+01  1.510000e+00
   endloop
 endfacet
 facet normal  3.826834e-01  9.238795e-01 -0.000000e+00
   outer loop
     vertex  1.432780e+02 -8.825315e+01  0.000000e+00
     vertex  1.431555e+02 -8.820240e+01  1.510000e+00
     vertex  1.432780e+02 -8.825315e+01  1.510000e+00
   endloop
 endfacet
 facet normal  3.826834e-01  9.238795e-01 -4.866508e-19
   outer loop
     vertex  1.432780e+02 -8.825315e+01  0.000000e+00
     vertex  1.431555e+02 -8.820240e+01  0.000000e+00
     vertex  1.431555e+02 -8.820240e+01  1.510000e+00
   endloop
 endfacet
 facet normal  1.305262e-01  9.914449e-01 -0.000000e+00
   outer loop
     vertex  1.434095e+02 -8.827046e+01  0.000000e+00
     vertex  1.432780e+02 -8.825315e+01  0.000000e+00
     vertex  1.434095e+02 -8.827046e+01  1.510000e+00
   endloop
 endfacet
 facet normal -1.305262e-01  9.914449e-01 -7.332605e-19
   outer loop
     vertex  1.435409e+02 -8.571315e+01  0.000000e+00
     vertex  1.434095e+02 -8.573046e+01  0.000000e+00
     vertex  1.434095e+02 -8.573046e+01  1.510000e+00
   endloop
 endfacet
 facet normal -1.305262e-01  9.914449e-01  0.000000e+00
   outer loop
     vertex  1.435409e+02 -8.571315e+01  0.000000e+00
     vertex  1.434095e+02 -8.573046e+01  1.510000e+00
     vertex  1.435409e+02 -8.571315e+01  1.510000e+00
   endloop
 endfacet
 facet normal -3.826834e-01  9.238795e-01  0.000000e+00
   outer loop
     vertex  1.436635e+02 -8.566240e+01  0.000000e+00
     vertex  1.435409e+02 -8.571315e+01  1.510000e+00
     vertex  1.436635e+02 -8.566240e+01  1.510000e+00
   endloop
 endfacet
 facet normal -3.826834e-01  9.238795e-01  4.866508e-19
   outer loop
     vertex  1.436635e+02 -8.566240e+01  0.000000e+00
     vertex  1.435409e+02 -8.571315e+01  0.000000e+00
     vertex  1.435409e+02 -8.571315e+01  1.510000e+00
   endloop
 endfacet
 facet normal -6.087614e-01  7.933533e-01  0.000000e+00
   outer loop
     vertex  1.437687e+02 -8.558167e+01  0.000000e+00
     vertex  1.436635e+02 -8.566240e+01  1.510000e+00
     vertex  1.437687e+02 -8.558167e+01  1.510000e+00
   endloop
 endfacet
 facet normal -6.087614e-01  7.933533e-01 -2.568957e-18
   outer loop
     vertex  1.437687e+02 -8.558167e+01  0.000000e+00
     vertex  1.436635e+02 -8.566240e+01  0.000000e+00
     vertex  1.436635e+02 -8.566240e+01  1.510000e+00
   endloop
 endfacet
 facet normal -7.933533e-01  6.087614e-01  0.000000e+00
   outer loop
     vertex  1.438494e+02 -8.547646e+01  0.000000e+00
     vertex  1.437687e+02 -8.558167e+01  1.510000e+00
     vertex  1.438494e+02 -8.547646e+01  1.510000e+00
   endloop
 endfacet
 facet normal -7.933533e-01  6.087614e-01  4.055122e-18
   outer loop
     vertex  1.438494e+02 -8.547646e+01  0.000000e+00
     vertex  1.437687e+02 -8.558167e+01  0.000000e+00
     vertex  1.437687e+02 -8.558167e+01  1.510000e+00
   endloop
 endfacet
 facet normal -9.238795e-01  3.826834e-01  0.000000e+00
   outer loop
     vertex  1.439001e+02 -8.535394e+01  0.000000e+00
     vertex  1.438494e+02 -8.547646e+01  1.510000e+00
     vertex  1.439001e+02 -8.535394e+01  1.510000e+00
   endloop
 endfacet
 facet normal -9.238795e-01  3.826834e-01 -1.772586e-18
   outer loop
     vertex  1.439001e+02 -8.535394e+01  0.000000e+00
     vertex  1.438494e+02 -8.547646e+01  0.000000e+00
     vertex  1.438494e+02 -8.547646e+01  1.510000e+00
   endloop
 endfacet
 facet normal -9.914449e-01  1.305262e-01  0.000000e+00
   outer loop
     vertex  1.439175e+02 -8.522246e+01  0.000000e+00
     vertex  1.439001e+02 -8.535394e+01  1.510000e+00
     vertex  1.439175e+02 -8.522246e+01  1.510000e+00
   endloop
 endfacet
 facet normal -9.914449e-01  1.305262e-01  6.980741e-19
   outer loop
     vertex  1.439175e+02 -8.522246e+01  0.000000e+00
     vertex  1.439001e+02 -8.535394e+01  0.000000e+00
     vertex  1.439001e+02 -8.535394e+01  1.510000e+00
   endloop
 endfacet
 facet normal -9.914449e-01 -1.305262e-01  0.000000e+00
   outer loop
     vertex  1.439001e+02 -8.509098e+01  0.000000e+00
     vertex  1.439175e+02 -8.522246e+01  1.510000e+00
     vertex  1.439001e+02 -8.509098e+01  1.510000e+00
   endloop
 endfacet
 facet normal -9.914449e-01 -1.305262e-01 -6.980741e-19
   outer loop
     vertex  1.439001e+02 -8.509098e+01  0.000000e+00
     vertex  1.439175e+02 -8.522246e+01  0.000000e+00
     vertex  1.439175e+02 -8.522246e+01  1.510000e+00
   endloop
 endfacet
 facet normal -9.238795e-01 -3.826834e-01  0.000000e+00
   outer loop
     vertex  1.438494e+02 -8.496846e+01  0.000000e+00
     vertex  1.439001e+02 -8.509098e+01  1.510000e+00
     vertex  1.438494e+02 -8.496846e+01  1.510000e+00
   endloop
 endfacet
 facet normal -9.238795e-01 -3.826834e-01  1.772586e-18
   outer loop
     vertex  1.438494e+02 -8.496846e+01  0.000000e+00
     vertex  1.439001e+02 -8.509098e+01  0.000000e+00
     vertex  1.439001e+02 -8.509098e+01  1.510000e+00
   endloop
 endfacet
 facet normal -7.933533e-01 -6.087614e-01  0.000000e+00
   outer loop
     vertex  1.437687e+02 -8.486325e+01  0.000000e+00
     vertex  1.438494e+02 -8.496846e+01  1.510000e+00
     vertex  1.437687e+02 -8.486325e+01  1.510000e+00
   endloop
 endfacet
 facet normal -7.933533e-01 -6.087614e-01 -4.055122e-18
   outer loop
     vertex  1.437687e+02 -8.486325e+01  0.000000e+00
     vertex  1.438494e+02 -8.496846e+01  0.000000e+00
     vertex  1.438494e+02 -8.496846e+01  1.510000e+00
   endloop
 endfacet
 facet normal -6.087614e-01 -7.933533e-01  0.000000e+00
   outer loop
     vertex  1.436635e+02 -8.478252e+01  0.000000e+00
     vertex  1.437687e+02 -8.486325e+01  1.510000e+00
     vertex  1.436635e+02 -8.478252e+01  1.510000e+00
   endloop
 endfacet
 facet normal -6.087614e-01 -7.933533e-01  2.568957e-18
   outer loop
     vertex  1.436635e+02 -8.478252e+01  0.000000e+00
     vertex  1.437687e+02 -8.486325e+01  0.000000e+00
     vertex  1.437687e+02 -8.486325e+01  1.510000e+00
   endloop
 endfacet
 facet normal -1.305262e-01 -9.914449e-01  0.000000e+00
   outer loop
     vertex  1.435409e+02 -8.473177e+01  0.000000e+00
     vertex  1.435409e+02 -8.473177e+01  1.510000e+00
     vertex  1.434095e+02 -8.471446e+01  1.510000e+00
   endloop
 endfacet
 facet normal -3.826834e-01 -9.238795e-01  0.000000e+00
   outer loop
     vertex  1.435409e+02 -8.473177e+01  0.000000e+00
     vertex  1.436635e+02 -8.478252e+01  1.510000e+00
     vertex  1.435409e+02 -8.473177e+01  1.510000e+00
   endloop
 endfacet
 facet normal -3.826834e-01 -9.238795e-01 -4.866508e-19
   outer loop
     vertex  1.435409e+02 -8.473177e+01  0.000000e+00
     vertex  1.436635e+02 -8.478252e+01  0.000000e+00
     vertex  1.436635e+02 -8.478252e+01  1.510000e+00
   endloop
 endfacet
 facet normal -1.305262e-01 -9.914449e-01  0.000000e+00
   outer loop
     vertex  1.434095e+02 -8.471446e+01  0.000000e+00
     vertex  1.435409e+02 -8.473177e+01  0.000000e+00
     vertex  1.434095e+02 -8.471446e+01  1.510000e+00
   endloop
 endfacet
 facet normal  1.305262e-01 -9.914449e-01 -7.332605e-19
   outer loop
     vertex  1.432780e+02 -8.473177e+01  0.000000e+00
     vertex  1.434095e+02 -8.471446e+01  0.000000e+00
     vertex  1.434095e+02 -8.471446e+01  1.510000e+00
   endloop
 endfacet
 facet normal  1.305262e-01 -9.914449e-01  0.000000e+00
   outer loop
     vertex  1.432780e+02 -8.473177e+01  0.000000e+00
     vertex  1.434095e+02 -8.471446e+01  1.510000e+00
     vertex  1.432780e+02 -8.473177e+01  1.510000e+00
   endloop
 endfacet
 facet normal  3.826834e-01 -9.238795e-01  4.866508e-19
   outer loop
     vertex  1.431555e+02 -8.478252e+01  0.000000e+00
     vertex  1.432780e+02 -8.473177e+01  0.000000e+00
     vertex  1.432780e+02 -8.473177e+01  1.510000e+00
   endloop
 endfacet
 facet normal  3.826834e-01 -9.238795e-01  0.000000e+00
   outer loop
     vertex  1.431555e+02 -8.478252e+01  0.000000e+00
     vertex  1.432780e+02 -8.473177e+01  1.510000e+00
     vertex  1.431555e+02 -8.478252e+01  1.510000e+00
   endloop
 endfacet
 facet normal  6.087614e-01 -7.933533e-01 -2.568957e-18
   outer loop
     vertex  1.430502e+02 -8.486325e+01  0.000000e+00
     vertex  1.431555e+02 -8.478252e+01  0.000000e+00
     vertex  1.431555e+02 -8.478252e+01  1.510000e+00
   endloop
 endfacet
 facet normal  7.933533e-01 -6.087614e-01  0.000000e+00
   outer loop
     vertex  1.430502e+02 -8.486325e+01  0.000000e+00
     vertex  1.430502e+02 -8.486325e+01  1.510000e+00
     vertex  1.429695e+02 -8.496846e+01  1.510000e+00
   endloop
 endfacet
 facet normal  6.087614e-01 -7.933533e-01  0.000000e+00
   outer loop
     vertex  1.430502e+02 -8.486325e+01  0.000000e+00
     vertex  1.431555e+02 -8.478252e+01  1.510000e+00
     vertex  1.430502e+02 -8.486325e+01  1.510000e+00
   endloop
 endfacet
 facet normal  7.933533e-01 -6.087614e-01  0.000000e+00
   outer loop
     vertex  1.429695e+02 -8.496846e+01  0.000000e+00
     vertex  1.430502e+02 -8.486325e+01  0.000000e+00
     vertex  1.429695e+02 -8.496846e+01  1.510000e+00
   endloop
 endfacet
 facet normal  9.238795e-01 -3.826834e-01 -1.772586e-18
   outer loop
     vertex  1.429188e+02 -8.509098e+01  0.000000e+00
     vertex  1.429695e+02 -8.496846e+01  0.000000e+00
     vertex  1.429695e+02 -8.496846e+01  1.510000e+00
   endloop
 endfacet
 facet normal  9.238795e-01 -3.826834e-01  0.000000e+00
   outer loop
     vertex  1.429188e+02 -8.509098e+01  0.000000e+00
     vertex  1.429695e+02 -8.496846e+01  1.510000e+00
     vertex  1.429188e+02 -8.509098e+01  1.510000e+00
   endloop
 endfacet
 facet normal  9.914449e-01 -1.305262e-01  6.980741e-19
   outer loop
     vertex  1.429015e+02 -8.522246e+01  0.000000e+00
     vertex  1.429188e+02 -8.509098e+01  0.000000e+00
     vertex  1.429188e+02 -8.509098e+01  1.510000e+00
   endloop
 endfacet
 facet normal  9.914449e-01 -1.305262e-01  0.000000e+00
   outer loop
     vertex  1.429015e+02 -8.522246e+01  0.000000e+00
     vertex  1.429188e+02 -8.509098e+01  1.510000e+00
     vertex  1.429015e+02 -8.522246e+01  1.510000e+00
   endloop
 endfacet
 facet normal  9.914449e-01  1.305262e-01 -0.000000e+00
   outer loop
     vertex  1.429188e+02 -8.535394e+01  0.000000e+00
     vertex  1.429015e+02 -8.522246e+01  1.510000e+00
     vertex  1.429188e+02 -8.535394e+01  1.510000e+00
   endloop
 endfacet
 facet normal  9.914449e-01  1.305262e-01 -6.980741e-19
   outer loop
     vertex  1.429188e+02 -8.535394e+01  0.000000e+00
     vertex  1.429015e+02 -8.522246e+01  0.000000e+00
     vertex  1.429015e+02 -8.522246e+01  1.510000e+00
   endloop
 endfacet
 facet normal  9.238795e-01  3.826834e-01 -0.000000e+00
   outer loop
     vertex  1.429695e+02 -8.547646e+01  0.000000e+00
     vertex  1.429188e+02 -8.535394e+01  1.510000e+00
     vertex  1.429695e+02 -8.547646e+01  1.510000e+00
   endloop
 endfacet
 facet normal  9.238795e-01  3.826834e-01  1.772586e-18
   outer loop
     vertex  1.429695e+02 -8.547646e+01  0.000000e+00
     vertex  1.429188e+02 -8.535394e+01  0.000000e+00
     vertex  1.429188e+02 -8.535394e+01  1.510000e+00
   endloop
 endfacet
 facet normal  7.933533e-01  6.087614e-01 -4.055122e-18
   outer loop
     vertex  1.430502e+02 -8.558167e+01  0.000000e+00
     vertex  1.429695e+02 -8.547646e+01  0.000000e+00
     vertex  1.429695e+02 -8.547646e+01  1.510000e+00
   endloop
 endfacet
 facet normal  6.087614e-01  7.933533e-01 -0.000000e+00
   outer loop
     vertex  1.430502e+02 -8.558167e+01  0.000000e+00
     vertex  1.430502e+02 -8.558167e+01  1.510000e+00
     vertex  1.431555e+02 -8.566240e+01  1.510000e+00
   endloop
 endfacet
 facet normal  7.933533e-01  6.087614e-01 -0.000000e+00
   outer loop
     vertex  1.430502e+02 -8.558167e+01  0.000000e+00
     vertex  1.429695e+02 -8.547646e+01  1.510000e+00
     vertex  1.430502e+02 -8.558167e+01  1.510000e+00
   endloop
 endfacet
 facet normal  6.087614e-01  7.933533e-01 -0.000000e+00
   outer loop
     vertex  1.431555e+02 -8.566240e+01  0.000000e+00
     vertex  1.430502e+02 -8.558167e+01  0.000000e+00
     vertex  1.431555e+02 -8.566240e+01  1.510000e+00
   endloop
 endfacet
 facet normal  1.305262e-01  9.914449e-01 -0.000000e+00
   outer loop
     vertex  1.432780e+02 -8.571315e+01  0.000000e+00
     vertex  1.432780e+02 -8.571315e+01  1.510000e+00
     vertex  1.434095e+02 -8.573046e+01  1.510000e+00
   endloop
 endfacet
 facet normal  3.826834e-01  9.238795e-01 -0.000000e+00
   outer loop
     vertex  1.432780e+02 -8.571315e+01  0.000000e+00
     vertex  1.431555e+02 -8.566240e+01  1.510000e+00
     vertex  1.432780e+02 -8.571315e+01  1.510000e+00
   endloop
 endfacet
 facet normal  3.826834e-01  9.238795e-01 -4.866508e-19
   outer loop
     vertex  1.432780e+02 -8.571315e+01  0.000000e+00
     vertex  1.431555e+02 -8.566240e+01  0.000000e+00
     vertex  1.431555e+02 -8.566240e+01  1.510000e+00
   endloop
 endfacet
 facet normal  1.305262e-01  9.914449e-01 -0.000000e+00
   outer loop
     vertex  1.434095e+02 -8.573046e+01  0.000000e+00
     vertex  1.432780e+02 -8.571315e+01  0.000000e+00
     vertex  1.434095e+02 -8.573046e+01  1.510000e+00
   endloop
 endfacet
 facet normal -1.305262e-01  9.914449e-01  6.980741e-19
   outer loop
     vertex  1.435409e+02 -8.317315e+01  0.000000e+00
     vertex  1.434095e+02 -8.319046e+01  0.000000e+00
     vertex  1.434095e+02 -8.319046e+01  1.510000e+00
   endloop
 endfacet
 facet normal -1.305262e-01  9.914449e-01  0.000000e+00
   outer loop
     vertex  1.435409e+02 -8.317315e+01  0.000000e+00
     vertex  1.434095e+02 -8.319046e+01  1.510000e+00
     vertex  1.435409e+02 -8.317315e+01  1.510000e+00
   endloop
 endfacet
 facet normal -3.826834e-01  9.238795e-01  0.000000e+00
   outer loop
     vertex  1.436635e+02 -8.312240e+01  0.000000e+00
     vertex  1.435409e+02 -8.317315e+01  1.510000e+00
     vertex  1.436635e+02 -8.312240e+01  1.510000e+00
   endloop
 endfacet
 facet normal -3.826834e-01  9.238795e-01  1.886880e-18
   outer loop
     vertex  1.436635e+02 -8.312240e+01  0.000000e+00
     vertex  1.435409e+02 -8.317315e+01  0.000000e+00
     vertex  1.435409e+02 -8.317315e+01  1.510000e+00
   endloop
 endfacet
 facet normal -6.087614e-01  7.933533e-01  0.000000e+00
   outer loop
     vertex  1.437687e+02 -8.304167e+01  0.000000e+00
     vertex  1.436635e+02 -8.312240e+01  1.510000e+00
     vertex  1.437687e+02 -8.304167e+01  1.510000e+00
   endloop
 endfacet
 facet normal -6.087614e-01  7.933533e-01 -2.568957e-18
   outer loop
     vertex  1.437687e+02 -8.304167e+01  0.000000e+00
     vertex  1.436635e+02 -8.312240e+01  0.000000e+00
     vertex  1.436635e+02 -8.312240e+01  1.510000e+00
   endloop
 endfacet
 facet normal -7.933533e-01  6.087614e-01  0.000000e+00
   outer loop
     vertex  1.438494e+02 -8.293646e+01  0.000000e+00
     vertex  1.437687e+02 -8.304167e+01  1.510000e+00
     vertex  1.438494e+02 -8.293646e+01  1.510000e+00
   endloop
 endfacet
 facet normal -7.933533e-01  6.087614e-01 -2.568957e-18
   outer loop
     vertex  1.438494e+02 -8.293646e+01  0.000000e+00
     vertex  1.437687e+02 -8.304167e+01  0.000000e+00
     vertex  1.437687e+02 -8.304167e+01  1.510000e+00
   endloop
 endfacet
 facet normal -9.238795e-01  3.826834e-01  0.000000e+00
   outer loop
     vertex  1.439001e+02 -8.281394e+01  0.000000e+00
     vertex  1.438494e+02 -8.293646e+01  1.510000e+00
     vertex  1.439001e+02 -8.281394e+01  1.510000e+00
   endloop
 endfacet
 facet normal -9.238795e-01  3.826834e-01 -1.772586e-18
   outer loop
     vertex  1.439001e+02 -8.281394e+01  0.000000e+00
     vertex  1.438494e+02 -8.293646e+01  0.000000e+00
     vertex  1.438494e+02 -8.293646e+01  1.510000e+00
   endloop
 endfacet
 facet normal -9.914449e-01  1.305262e-01  0.000000e+00
   outer loop
     vertex  1.439175e+02 -8.268246e+01  0.000000e+00
     vertex  1.439001e+02 -8.281394e+01  1.510000e+00
     vertex  1.439175e+02 -8.268246e+01  1.510000e+00
   endloop
 endfacet
 facet normal -9.914449e-01  1.305262e-01  6.980741e-19
   outer loop
     vertex  1.439175e+02 -8.268246e+01  0.000000e+00
     vertex  1.439001e+02 -8.281394e+01  0.000000e+00
     vertex  1.439001e+02 -8.281394e+01  1.510000e+00
   endloop
 endfacet
 facet normal -9.914449e-01 -1.305262e-01  0.000000e+00
   outer loop
     vertex  1.439001e+02 -8.255098e+01  0.000000e+00
     vertex  1.439175e+02 -8.268246e+01  1.510000e+00
     vertex  1.439001e+02 -8.255098e+01  1.510000e+00
   endloop
 endfacet
 facet normal -9.914449e-01 -1.305262e-01 -6.980741e-19
   outer loop
     vertex  1.439001e+02 -8.255098e+01  0.000000e+00
     vertex  1.439175e+02 -8.268246e+01  0.000000e+00
     vertex  1.439175e+02 -8.268246e+01  1.510000e+00
   endloop
 endfacet
 facet normal -9.238795e-01 -3.826834e-01  0.000000e+00
   outer loop
     vertex  1.438494e+02 -8.242846e+01  0.000000e+00
     vertex  1.439001e+02 -8.255098e+01  1.510000e+00
     vertex  1.438494e+02 -8.242846e+01  1.510000e+00
   endloop
 endfacet
 facet normal -9.238795e-01 -3.826834e-01  1.772586e-18
   outer loop
     vertex  1.438494e+02 -8.242846e+01  0.000000e+00
     vertex  1.439001e+02 -8.255098e+01  0.000000e+00
     vertex  1.439001e+02 -8.255098e+01  1.510000e+00
   endloop
 endfacet
 facet normal -7.933533e-01 -6.087614e-01  0.000000e+00
   outer loop
     vertex  1.437687e+02 -8.232325e+01  0.000000e+00
     vertex  1.438494e+02 -8.242846e+01  1.510000e+00
     vertex  1.437687e+02 -8.232325e+01  1.510000e+00
   endloop
 endfacet
 facet normal -7.933533e-01 -6.087614e-01  2.568957e-18
   outer loop
     vertex  1.437687e+02 -8.232325e+01  0.000000e+00
     vertex  1.438494e+02 -8.242846e+01  0.000000e+00
     vertex  1.438494e+02 -8.242846e+01  1.510000e+00
   endloop
 endfacet
 facet normal -6.087614e-01 -7.933533e-01  0.000000e+00
   outer loop
     vertex  1.436635e+02 -8.224252e+01  0.000000e+00
     vertex  1.437687e+02 -8.232325e+01  1.510000e+00
     vertex  1.436635e+02 -8.224252e+01  1.510000e+00
   endloop
 endfacet
 facet normal -6.087614e-01 -7.933533e-01  2.568957e-18
   outer loop
     vertex  1.436635e+02 -8.224252e+01  0.000000e+00
     vertex  1.437687e+02 -8.232325e+01  0.000000e+00
     vertex  1.437687e+02 -8.232325e+01  1.510000e+00
   endloop
 endfacet
 facet normal -1.305262e-01 -9.914449e-01  0.000000e+00
   outer loop
     vertex  1.435409e+02 -8.219177e+01  0.000000e+00
     vertex  1.435409e+02 -8.219177e+01  1.510000e+00
     vertex  1.434095e+02 -8.217446e+01  1.510000e+00
   endloop
 endfacet
 facet normal -3.826834e-01 -9.238795e-01  0.000000e+00
   outer loop
     vertex  1.435409e+02 -8.219177e+01  0.000000e+00
     vertex  1.436635e+02 -8.224252e+01  1.510000e+00
     vertex  1.435409e+02 -8.219177e+01  1.510000e+00
   endloop
 endfacet
 facet normal -3.826834e-01 -9.238795e-01 -1.886880e-18
   outer loop
     vertex  1.435409e+02 -8.219177e+01  0.000000e+00
     vertex  1.436635e+02 -8.224252e+01  0.000000e+00
     vertex  1.436635e+02 -8.224252e+01  1.510000e+00
   endloop
 endfacet
 facet normal -1.305262e-01 -9.914449e-01  0.000000e+00
   outer loop
     vertex  1.434095e+02 -8.217446e+01  0.000000e+00
     vertex  1.435409e+02 -8.219177e+01  0.000000e+00
     vertex  1.434095e+02 -8.217446e+01  1.510000e+00
   endloop
 endfacet
 facet normal  1.305262e-01 -9.914449e-01  6.980741e-19
   outer loop
     vertex  1.432780e+02 -8.219177e+01  0.000000e+00
     vertex  1.434095e+02 -8.217446e+01  0.000000e+00
     vertex  1.434095e+02 -8.217446e+01  1.510000e+00
   endloop
 endfacet
 facet normal  1.305262e-01 -9.914449e-01  0.000000e+00
   outer loop
     vertex  1.432780e+02 -8.219177e+01  0.000000e+00
     vertex  1.434095e+02 -8.217446e+01  1.510000e+00
     vertex  1.432780e+02 -8.219177e+01  1.510000e+00
   endloop
 endfacet
 facet normal  3.826834e-01 -9.238795e-01  2.073917e-18
   outer loop
     vertex  1.431555e+02 -8.224252e+01  0.000000e+00
     vertex  1.432780e+02 -8.219177e+01  0.000000e+00
     vertex  1.432780e+02 -8.219177e+01  1.510000e+00
   endloop
 endfacet
 facet normal  3.826834e-01 -9.238795e-01  0.000000e+00
   outer loop
     vertex  1.431555e+02 -8.224252e+01  0.000000e+00
     vertex  1.432780e+02 -8.219177e+01  1.510000e+00
     vertex  1.431555e+02 -8.224252e+01  1.510000e+00
   endloop
 endfacet
 facet normal  6.087614e-01 -7.933533e-01  3.418284e-18
   outer loop
     vertex  1.430502e+02 -8.232325e+01  0.000000e+00
     vertex  1.431555e+02 -8.224252e+01  0.000000e+00
     vertex  1.431555e+02 -8.224252e+01  1.510000e+00
   endloop
 endfacet
 facet normal  7.933533e-01 -6.087614e-01  0.000000e+00
   outer loop
     vertex  1.430502e+02 -8.232325e+01  0.000000e+00
     vertex  1.430502e+02 -8.232325e+01  1.510000e+00
     vertex  1.429695e+02 -8.242846e+01  1.510000e+00
   endloop
 endfacet
 facet normal  6.087614e-01 -7.933533e-01  0.000000e+00
   outer loop
     vertex  1.430502e+02 -8.232325e+01  0.000000e+00
     vertex  1.431555e+02 -8.224252e+01  1.510000e+00
     vertex  1.430502e+02 -8.232325e+01  1.510000e+00
   endloop
 endfacet
 facet normal  7.933533e-01 -6.087614e-01  0.000000e+00
   outer loop
     vertex  1.429695e+02 -8.242846e+01  0.000000e+00
     vertex  1.430502e+02 -8.232325e+01  0.000000e+00
     vertex  1.429695e+02 -8.242846e+01  1.510000e+00
   endloop
 endfacet
 facet normal  9.238795e-01 -3.826834e-01 -1.772586e-18
   outer loop
     vertex  1.429188e+02 -8.255098e+01  0.000000e+00
     vertex  1.429695e+02 -8.242846e+01  0.000000e+00
     vertex  1.429695e+02 -8.242846e+01  1.510000e+00
   endloop
 endfacet
 facet normal  9.238795e-01 -3.826834e-01  0.000000e+00
   outer loop
     vertex  1.429188e+02 -8.255098e+01  0.000000e+00
     vertex  1.429695e+02 -8.242846e+01  1.510000e+00
     vertex  1.429188e+02 -8.255098e+01  1.510000e+00
   endloop
 endfacet
 facet normal  9.914449e-01 -1.305262e-01  6.980741e-19
   outer loop
     vertex  1.429015e+02 -8.268246e+01  0.000000e+00
     vertex  1.429188e+02 -8.255098e+01  0.000000e+00
     vertex  1.429188e+02 -8.255098e+01  1.510000e+00
   endloop
 endfacet
 facet normal  9.914449e-01 -1.305262e-01  0.000000e+00
   outer loop
     vertex  1.429015e+02 -8.268246e+01  0.000000e+00
     vertex  1.429188e+02 -8.255098e+01  1.510000e+00
     vertex  1.429015e+02 -8.268246e+01  1.510000e+00
   endloop
 endfacet
 facet normal  9.914449e-01  1.305262e-01 -0.000000e+00
   outer loop
     vertex  1.429188e+02 -8.281394e+01  0.000000e+00
     vertex  1.429015e+02 -8.268246e+01  1.510000e+00
     vertex  1.429188e+02 -8.281394e+01  1.510000e+00
   endloop
 endfacet
 facet normal  9.914449e-01  1.305262e-01 -6.980741e-19
   outer loop
     vertex  1.429188e+02 -8.281394e+01  0.000000e+00
     vertex  1.429015e+02 -8.268246e+01  0.000000e+00
     vertex  1.429015e+02 -8.268246e+01  1.510000e+00
   endloop
 endfacet
 facet normal  9.238795e-01  3.826834e-01 -0.000000e+00
   outer loop
     vertex  1.429695e+02 -8.293646e+01  0.000000e+00
     vertex  1.429188e+02 -8.281394e+01  1.510000e+00
     vertex  1.429695e+02 -8.293646e+01  1.510000e+00
   endloop
 endfacet
 facet normal  9.238795e-01  3.826834e-01  1.772586e-18
   outer loop
     vertex  1.429695e+02 -8.293646e+01  0.000000e+00
     vertex  1.429188e+02 -8.281394e+01  0.000000e+00
     vertex  1.429188e+02 -8.281394e+01  1.510000e+00
   endloop
 endfacet
 facet normal  7.933533e-01  6.087614e-01  2.568957e-18
   outer loop
     vertex  1.430502e+02 -8.304167e+01  0.000000e+00
     vertex  1.429695e+02 -8.293646e+01  0.000000e+00
     vertex  1.429695e+02 -8.293646e+01  1.510000e+00
   endloop
 endfacet
 facet normal  6.087614e-01  7.933533e-01 -0.000000e+00
   outer loop
     vertex  1.430502e+02 -8.304167e+01  0.000000e+00
     vertex  1.430502e+02 -8.304167e+01  1.510000e+00
     vertex  1.431555e+02 -8.312240e+01  1.510000e+00
   endloop
 endfacet
 facet normal  7.933533e-01  6.087614e-01 -0.000000e+00
   outer loop
     vertex  1.430502e+02 -8.304167e+01  0.000000e+00
     vertex  1.429695e+02 -8.293646e+01  1.510000e+00
     vertex  1.430502e+02 -8.304167e+01  1.510000e+00
   endloop
 endfacet
 facet normal  6.087614e-01  7.933533e-01 -0.000000e+00
   outer loop
     vertex  1.431555e+02 -8.312240e+01  0.000000e+00
     vertex  1.430502e+02 -8.304167e+01  0.000000e+00
     vertex  1.431555e+02 -8.312240e+01  1.510000e+00
   endloop
 endfacet
 facet normal  1.305262e-01  9.914449e-01 -0.000000e+00
   outer loop
     vertex  1.432780e+02 -8.317315e+01  0.000000e+00
     vertex  1.432780e+02 -8.317315e+01  1.510000e+00
     vertex  1.434095e+02 -8.319046e+01  1.510000e+00
   endloop
 endfacet
 facet normal  3.826834e-01  9.238795e-01 -0.000000e+00
   outer loop
     vertex  1.432780e+02 -8.317315e+01  0.000000e+00
     vertex  1.431555e+02 -8.312240e+01  1.510000e+00
     vertex  1.432780e+02 -8.317315e+01  1.510000e+00
   endloop
 endfacet
 facet normal  3.826834e-01  9.238795e-01 -2.073917e-18
   outer loop
     vertex  1.432780e+02 -8.317315e+01  0.000000e+00
     vertex  1.431555e+02 -8.312240e+01  0.000000e+00
     vertex  1.431555e+02 -8.312240e+01  1.510000e+00
   endloop
 endfacet
 facet normal  1.305262e-01  9.914449e-01 -0.000000e+00
   outer loop
     vertex  1.434095e+02 -8.319046e+01  0.000000e+00
     vertex  1.432780e+02 -8.317315e+01  0.000000e+00
     vertex  1.434095e+02 -8.319046e+01  1.510000e+00
   endloop
 endfacet
 facet normal -1.305262e-01  9.914449e-01 -7.332605e-19
   outer loop
     vertex  1.435409e+02 -8.063315e+01  0.000000e+00
     vertex  1.434095e+02 -8.065046e+01  0.000000e+00
     vertex  1.434095e+02 -8.065046e+01  1.510000e+00
   endloop
 endfacet
 facet normal -1.305262e-01  9.914449e-01  0.000000e+00
   outer loop
     vertex  1.435409e+02 -8.063315e+01  0.000000e+00
     vertex  1.434095e+02 -8.065046e+01  1.510000e+00
     vertex  1.435409e+02 -8.063315e+01  1.510000e+00
   endloop
 endfacet
 facet normal -3.826834e-01  9.238795e-01  0.000000e+00
   outer loop
     vertex  1.436635e+02 -8.058240e+01  0.000000e+00
     vertex  1.435409e+02 -8.063315e+01  1.510000e+00
     vertex  1.436635e+02 -8.058240e+01  1.510000e+00
   endloop
 endfacet
 facet normal -3.826834e-01  9.238795e-01  4.866508e-19
   outer loop
     vertex  1.436635e+02 -8.058240e+01  0.000000e+00
     vertex  1.435409e+02 -8.063315e+01  0.000000e+00
     vertex  1.435409e+02 -8.063315e+01  1.510000e+00
   endloop
 endfacet
 facet normal -6.087614e-01  7.933533e-01  0.000000e+00
   outer loop
     vertex  1.437687e+02 -8.050167e+01  0.000000e+00
     vertex  1.436635e+02 -8.058240e+01  1.510000e+00
     vertex  1.437687e+02 -8.050167e+01  1.510000e+00
   endloop
 endfacet
 facet normal -6.087614e-01  7.933533e-01 -2.568957e-18
   outer loop
     vertex  1.437687e+02 -8.050167e+01  0.000000e+00
     vertex  1.436635e+02 -8.058240e+01  0.000000e+00
     vertex  1.436635e+02 -8.058240e+01  1.510000e+00
   endloop
 endfacet
 facet normal -7.933533e-01  6.087614e-01  0.000000e+00
   outer loop
     vertex  1.438494e+02 -8.039646e+01  0.000000e+00
     vertex  1.437687e+02 -8.050167e+01  1.510000e+00
     vertex  1.438494e+02 -8.039646e+01  1.510000e+00
   endloop
 endfacet
 facet normal -7.933533e-01  6.087614e-01  4.055122e-18
   outer loop
     vertex  1.438494e+02 -8.039646e+01  0.000000e+00
     vertex  1.437687e+02 -8.050167e+01  0.000000e+00
     vertex  1.437687e+02 -8.050167e+01  1.510000e+00
   endloop
 endfacet
 facet normal -9.238795e-01  3.826834e-01  0.000000e+00
   outer loop
     vertex  1.439001e+02 -8.027394e+01  0.000000e+00
     vertex  1.438494e+02 -8.039646e+01  1.510000e+00
     vertex  1.439001e+02 -8.027394e+01  1.510000e+00
   endloop
 endfacet
 facet normal -9.238795e-01  3.826834e-01 -1.772586e-18
   outer loop
     vertex  1.439001e+02 -8.027394e+01  0.000000e+00
     vertex  1.438494e+02 -8.039646e+01  0.000000e+00
     vertex  1.438494e+02 -8.039646e+01  1.510000e+00
   endloop
 endfacet
 facet normal -9.914449e-01  1.305262e-01  0.000000e+00
   outer loop
     vertex  1.439175e+02 -8.014246e+01  0.000000e+00
     vertex  1.439001e+02 -8.027394e+01  1.510000e+00
     vertex  1.439175e+02 -8.014246e+01  1.510000e+00
   endloop
 endfacet
 facet normal -9.914449e-01  1.305262e-01  6.980741e-19
   outer loop
     vertex  1.439175e+02 -8.014246e+01  0.000000e+00
     vertex  1.439001e+02 -8.027394e+01  0.000000e+00
     vertex  1.439001e+02 -8.027394e+01  1.510000e+00
   endloop
 endfacet
 facet normal -9.914449e-01 -1.305262e-01  0.000000e+00
   outer loop
     vertex  1.439001e+02 -8.001098e+01  0.000000e+00
     vertex  1.439175e+02 -8.014246e+01  1.510000e+00
     vertex  1.439001e+02 -8.001098e+01  1.510000e+00
   endloop
 endfacet
 facet normal -9.914449e-01 -1.305262e-01 -6.980741e-19
   outer loop
     vertex  1.439001e+02 -8.001098e+01  0.000000e+00
     vertex  1.439175e+02 -8.014246e+01  0.000000e+00
     vertex  1.439175e+02 -8.014246e+01  1.510000e+00
   endloop
 endfacet
 facet normal -9.238795e-01 -3.826834e-01  0.000000e+00
   outer loop
     vertex  1.438494e+02 -7.988846e+01  0.000000e+00
     vertex  1.439001e+02 -8.001098e+01  1.510000e+00
     vertex  1.438494e+02 -7.988846e+01  1.510000e+00
   endloop
 endfacet
 facet normal -9.238795e-01 -3.826834e-01  1.772586e-18
   outer loop
     vertex  1.438494e+02 -7.988846e+01  0.000000e+00
     vertex  1.439001e+02 -8.001098e+01  0.000000e+00
     vertex  1.439001e+02 -8.001098e+01  1.510000e+00
   endloop
 endfacet
 facet normal -7.933533e-01 -6.087614e-01  0.000000e+00
   outer loop
     vertex  1.437687e+02 -7.978325e+01  0.000000e+00
     vertex  1.438494e+02 -7.988846e+01  1.510000e+00
     vertex  1.437687e+02 -7.978325e+01  1.510000e+00
   endloop
 endfacet
 facet normal -7.933533e-01 -6.087614e-01 -4.055122e-18
   outer loop
     vertex  1.437687e+02 -7.978325e+01  0.000000e+00
     vertex  1.438494e+02 -7.988846e+01  0.000000e+00
     vertex  1.438494e+02 -7.988846e+01  1.510000e+00
   endloop
 endfacet
 facet normal -6.087614e-01 -7.933533e-01  0.000000e+00
   outer loop
     vertex  1.436635e+02 -7.970252e+01  0.000000e+00
     vertex  1.437687e+02 -7.978325e+01  1.510000e+00
     vertex  1.436635e+02 -7.970252e+01  1.510000e+00
   endloop
 endfacet
 facet normal -6.087614e-01 -7.933533e-01  2.568957e-18
   outer loop
     vertex  1.436635e+02 -7.970252e+01  0.000000e+00
     vertex  1.437687e+02 -7.978325e+01  0.000000e+00
     vertex  1.437687e+02 -7.978325e+01  1.510000e+00
   endloop
 endfacet
 facet normal -1.305262e-01 -9.914449e-01  0.000000e+00
   outer loop
     vertex  1.435409e+02 -7.965177e+01  0.000000e+00
     vertex  1.435409e+02 -7.965177e+01  1.510000e+00
     vertex  1.434095e+02 -7.963446e+01  1.510000e+00
   endloop
 endfacet
 facet normal -3.826834e-01 -9.238795e-01  0.000000e+00
   outer loop
     vertex  1.435409e+02 -7.965177e+01  0.000000e+00
     vertex  1.436635e+02 -7.970252e+01  1.510000e+00
     vertex  1.435409e+02 -7.965177e+01  1.510000e+00
   endloop
 endfacet
 facet normal -3.826834e-01 -9.238795e-01 -4.866508e-19
   outer loop
     vertex  1.435409e+02 -7.965177e+01  0.000000e+00
     vertex  1.436635e+02 -7.970252e+01  0.000000e+00
     vertex  1.436635e+02 -7.970252e+01  1.510000e+00
   endloop
 endfacet
 facet normal -1.305262e-01 -9.914449e-01  0.000000e+00
   outer loop
     vertex  1.434095e+02 -7.963446e+01  0.000000e+00
     vertex  1.435409e+02 -7.965177e+01  0.000000e+00
     vertex  1.434095e+02 -7.963446e+01  1.510000e+00
   endloop
 endfacet
 facet normal  1.305262e-01 -9.914449e-01 -7.332605e-19
   outer loop
     vertex  1.432780e+02 -7.965177e+01  0.000000e+00
     vertex  1.434095e+02 -7.963446e+01  0.000000e+00
     vertex  1.434095e+02 -7.963446e+01  1.510000e+00
   endloop
 endfacet
 facet normal  1.305262e-01 -9.914449e-01  0.000000e+00
   outer loop
     vertex  1.432780e+02 -7.965177e+01  0.000000e+00
     vertex  1.434095e+02 -7.963446e+01  1.510000e+00
     vertex  1.432780e+02 -7.965177e+01  1.510000e+00
   endloop
 endfacet
 facet normal  3.826834e-01 -9.238795e-01  4.866508e-19
   outer loop
     vertex  1.431555e+02 -7.970252e+01  0.000000e+00
     vertex  1.432780e+02 -7.965177e+01  0.000000e+00
     vertex  1.432780e+02 -7.965177e+01  1.510000e+00
   endloop
 endfacet
 facet normal  3.826834e-01 -9.238795e-01  0.000000e+00
   outer loop
     vertex  1.431555e+02 -7.970252e+01  0.000000e+00
     vertex  1.432780e+02 -7.965177e+01  1.510000e+00
     vertex  1.431555e+02 -7.970252e+01  1.510000e+00
   endloop
 endfacet
 facet normal  6.087614e-01 -7.933533e-01 -2.568957e-18
   outer loop
     vertex  1.430502e+02 -7.978325e+01  0.000000e+00
     vertex  1.431555e+02 -7.970252e+01  0.000000e+00
     vertex  1.431555e+02 -7.970252e+01  1.510000e+00
   endloop
 endfacet
 facet normal  7.933533e-01 -6.087614e-01  0.000000e+00
   outer loop
     vertex  1.430502e+02 -7.978325e+01  0.000000e+00
     vertex  1.430502e+02 -7.978325e+01  1.510000e+00
     vertex  1.429695e+02 -7.988846e+01  1.510000e+00
   endloop
 endfacet
 facet normal  6.087614e-01 -7.933533e-01  0.000000e+00
   outer loop
     vertex  1.430502e+02 -7.978325e+01  0.000000e+00
     vertex  1.431555e+02 -7.970252e+01  1.510000e+00
     vertex  1.430502e+02 -7.978325e+01  1.510000e+00
   endloop
 endfacet
 facet normal  7.933533e-01 -6.087614e-01  0.000000e+00
   outer loop
     vertex  1.429695e+02 -7.988846e+01  0.000000e+00
     vertex  1.430502e+02 -7.978325e+01  0.000000e+00
     vertex  1.429695e+02 -7.988846e+01  1.510000e+00
   endloop
 endfacet
 facet normal  9.238795e-01 -3.826834e-01 -1.772586e-18
   outer loop
     vertex  1.429188e+02 -8.001098e+01  0.000000e+00
     vertex  1.429695e+02 -7.988846e+01  0.000000e+00
     vertex  1.429695e+02 -7.988846e+01  1.510000e+00
   endloop
 endfacet
 facet normal  9.238795e-01 -3.826834e-01  0.000000e+00
   outer loop
     vertex  1.429188e+02 -8.001098e+01  0.000000e+00
     vertex  1.429695e+02 -7.988846e+01  1.510000e+00
     vertex  1.429188e+02 -8.001098e+01  1.510000e+00
   endloop
 endfacet
 facet normal  9.914449e-01 -1.305262e-01  6.980741e-19
   outer loop
     vertex  1.429015e+02 -8.014246e+01  0.000000e+00
     vertex  1.429188e+02 -8.001098e+01  0.000000e+00
     vertex  1.429188e+02 -8.001098e+01  1.510000e+00
   endloop
 endfacet
 facet normal  9.914449e-01 -1.305262e-01  0.000000e+00
   outer loop
     vertex  1.429015e+02 -8.014246e+01  0.000000e+00
     vertex  1.429188e+02 -8.001098e+01  1.510000e+00
     vertex  1.429015e+02 -8.014246e+01  1.510000e+00
   endloop
 endfacet
 facet normal  9.914449e-01  1.305262e-01 -0.000000e+00
   outer loop
     vertex  1.429188e+02 -8.027394e+01  0.000000e+00
     vertex  1.429015e+02 -8.014246e+01  1.510000e+00
     vertex  1.429188e+02 -8.027394e+01  1.510000e+00
   endloop
 endfacet
 facet normal  9.914449e-01  1.305262e-01 -6.980741e-19
   outer loop
     vertex  1.429188e+02 -8.027394e+01  0.000000e+00
     vertex  1.429015e+02 -8.014246e+01  0.000000e+00
     vertex  1.429015e+02 -8.014246e+01  1.510000e+00
   endloop
 endfacet
 facet normal  9.238795e-01  3.826834e-01 -0.000000e+00
   outer loop
     vertex  1.429695e+02 -8.039646e+01  0.000000e+00
     vertex  1.429188e+02 -8.027394e+01  1.510000e+00
     vertex  1.429695e+02 -8.039646e+01  1.510000e+00
   endloop
 endfacet
 facet normal  9.238795e-01  3.826834e-01  1.772586e-18
   outer loop
     vertex  1.429695e+02 -8.039646e+01  0.000000e+00
     vertex  1.429188e+02 -8.027394e+01  0.000000e+00
     vertex  1.429188e+02 -8.027394e+01  1.510000e+00
   endloop
 endfacet
 facet normal  7.933533e-01  6.087614e-01 -4.055122e-18
   outer loop
     vertex  1.430502e+02 -8.050167e+01  0.000000e+00
     vertex  1.429695e+02 -8.039646e+01  0.000000e+00
     vertex  1.429695e+02 -8.039646e+01  1.510000e+00
   endloop
 endfacet
 facet normal  6.087614e-01  7.933533e-01 -0.000000e+00
   outer loop
     vertex  1.430502e+02 -8.050167e+01  0.000000e+00
     vertex  1.430502e+02 -8.050167e+01  1.510000e+00
     vertex  1.431555e+02 -8.058240e+01  1.510000e+00
   endloop
 endfacet
 facet normal  7.933533e-01  6.087614e-01 -0.000000e+00
   outer loop
     vertex  1.430502e+02 -8.050167e+01  0.000000e+00
     vertex  1.429695e+02 -8.039646e+01  1.510000e+00
     vertex  1.430502e+02 -8.050167e+01  1.510000e+00
   endloop
 endfacet
 facet normal  6.087614e-01  7.933533e-01 -0.000000e+00
   outer loop
     vertex  1.431555e+02 -8.058240e+01  0.000000e+00
     vertex  1.430502e+02 -8.050167e+01  0.000000e+00
     vertex  1.431555e+02 -8.058240e+01  1.510000e+00
   endloop
 endfacet
 facet normal  1.305262e-01  9.914449e-01 -0.000000e+00
   outer loop
     vertex  1.432780e+02 -8.063315e+01  0.000000e+00
     vertex  1.432780e+02 -8.063315e+01  1.510000e+00
     vertex  1.434095e+02 -8.065046e+01  1.510000e+00
   endloop
 endfacet
 facet normal  3.826834e-01  9.238795e-01 -0.000000e+00
   outer loop
     vertex  1.432780e+02 -8.063315e+01  0.000000e+00
     vertex  1.431555e+02 -8.058240e+01  1.510000e+00
     vertex  1.432780e+02 -8.063315e+01  1.510000e+00
   endloop
 endfacet
 facet normal  3.826834e-01  9.238795e-01 -4.866508e-19
   outer loop
     vertex  1.432780e+02 -8.063315e+01  0.000000e+00
     vertex  1.431555e+02 -8.058240e+01  0.000000e+00
     vertex  1.431555e+02 -8.058240e+01  1.510000e+00
   endloop
 endfacet
 facet normal  1.305262e-01  9.914449e-01 -0.000000e+00
   outer loop
     vertex  1.434095e+02 -8.065046e+01  0.000000e+00
     vertex  1.432780e+02 -8.063315e+01  0.000000e+00
     vertex  1.434095e+02 -8.065046e+01  1.510000e+00
   endloop
 endfacet
 facet normal -1.305262e-01  9.914449e-01 -7.332605e-19
   outer loop
     vertex  1.435409e+02 -7.809315e+01  0.000000e+00
     vertex  1.434095e+02 -7.811046e+01  0.000000e+00
     vertex  1.434095e+02 -7.811046e+01  1.510000e+00
   endloop
 endfacet
 facet normal -1.305262e-01  9.914449e-01  0.000000e+00
   outer loop
     vertex  1.435409e+02 -7.809315e+01  0.000000e+00
     vertex  1.434095e+02 -7.811046e+01  1.510000e+00
     vertex  1.435409e+02 -7.809315e+01  1.510000e+00
   endloop
 endfacet
 facet normal -3.826834e-01  9.238795e-01  0.000000e+00
   outer loop
     vertex  1.436635e+02 -7.804240e+01  0.000000e+00
     vertex  1.435409e+02 -7.809315e+01  1.510000e+00
     vertex  1.436635e+02 -7.804240e+01  1.510000e+00
   endloop
 endfacet
 facet normal -3.826834e-01  9.238795e-01  4.866508e-19
   outer loop
     vertex  1.436635e+02 -7.804240e+01  0.000000e+00
     vertex  1.435409e+02 -7.809315e+01  0.000000e+00
     vertex  1.435409e+02 -7.809315e+01  1.510000e+00
   endloop
 endfacet
 facet normal -6.087614e-01  7.933533e-01  0.000000e+00
   outer loop
     vertex  1.437687e+02 -7.796167e+01  0.000000e+00
     vertex  1.436635e+02 -7.804240e+01  1.510000e+00
     vertex  1.437687e+02 -7.796167e+01  1.510000e+00
   endloop
 endfacet
 facet normal -6.087614e-01  7.933533e-01 -2.568957e-18
   outer loop
     vertex  1.437687e+02 -7.796167e+01  0.000000e+00
     vertex  1.436635e+02 -7.804240e+01  0.000000e+00
     vertex  1.436635e+02 -7.804240e+01  1.510000e+00
   endloop
 endfacet
 facet normal -7.933533e-01  6.087614e-01  0.000000e+00
   outer loop
     vertex  1.438494e+02 -7.785646e+01  0.000000e+00
     vertex  1.437687e+02 -7.796167e+01  1.510000e+00
     vertex  1.438494e+02 -7.785646e+01  1.510000e+00
   endloop
 endfacet
 facet normal -7.933533e-01  6.087614e-01  4.055122e-18
   outer loop
     vertex  1.438494e+02 -7.785646e+01  0.000000e+00
     vertex  1.437687e+02 -7.796167e+01  0.000000e+00
     vertex  1.437687e+02 -7.796167e+01  1.510000e+00
   endloop
 endfacet
 facet normal -9.238795e-01  3.826834e-01  0.000000e+00
   outer loop
     vertex  1.439001e+02 -7.773394e+01  0.000000e+00
     vertex  1.438494e+02 -7.785646e+01  1.510000e+00
     vertex  1.439001e+02 -7.773394e+01  1.510000e+00
   endloop
 endfacet
 facet normal -9.238795e-01  3.826834e-01 -1.772586e-18
   outer loop
     vertex  1.439001e+02 -7.773394e+01  0.000000e+00
     vertex  1.438494e+02 -7.785646e+01  0.000000e+00
     vertex  1.438494e+02 -7.785646e+01  1.510000e+00
   endloop
 endfacet
 facet normal -9.914449e-01  1.305262e-01  0.000000e+00
   outer loop
     vertex  1.439175e+02 -7.760246e+01  0.000000e+00
     vertex  1.439001e+02 -7.773394e+01  1.510000e+00
     vertex  1.439175e+02 -7.760246e+01  1.510000e+00
   endloop
 endfacet
 facet normal -9.914449e-01  1.305262e-01  6.980741e-19
   outer loop
     vertex  1.439175e+02 -7.760246e+01  0.000000e+00
     vertex  1.439001e+02 -7.773394e+01  0.000000e+00
     vertex  1.439001e+02 -7.773394e+01  1.510000e+00
   endloop
 endfacet
 facet normal -9.914449e-01 -1.305262e-01  0.000000e+00
   outer loop
     vertex  1.439001e+02 -7.747098e+01  0.000000e+00
     vertex  1.439175e+02 -7.760246e+01  1.510000e+00
     vertex  1.439001e+02 -7.747098e+01  1.510000e+00
   endloop
 endfacet
 facet normal -9.914449e-01 -1.305262e-01 -6.980741e-19
   outer loop
     vertex  1.439001e+02 -7.747098e+01  0.000000e+00
     vertex  1.439175e+02 -7.760246e+01  0.000000e+00
     vertex  1.439175e+02 -7.760246e+01  1.510000e+00
   endloop
 endfacet
 facet normal -9.238795e-01 -3.826834e-01  0.000000e+00
   outer loop
     vertex  1.438494e+02 -7.734846e+01  0.000000e+00
     vertex  1.439001e+02 -7.747098e+01  1.510000e+00
     vertex  1.438494e+02 -7.734846e+01  1.510000e+00
   endloop
 endfacet
 facet normal -9.238795e-01 -3.826834e-01  1.772586e-18
   outer loop
     vertex  1.438494e+02 -7.734846e+01  0.000000e+00
     vertex  1.439001e+02 -7.747098e+01  0.000000e+00
     vertex  1.439001e+02 -7.747098e+01  1.510000e+00
   endloop
 endfacet
 facet normal -7.933533e-01 -6.087614e-01  0.000000e+00
   outer loop
     vertex  1.437687e+02 -7.724325e+01  0.000000e+00
     vertex  1.438494e+02 -7.734846e+01  1.510000e+00
     vertex  1.437687e+02 -7.724325e+01  1.510000e+00
   endloop
 endfacet
 facet normal -7.933533e-01 -6.087614e-01 -4.055122e-18
   outer loop
     vertex  1.437687e+02 -7.724325e+01  0.000000e+00
     vertex  1.438494e+02 -7.734846e+01  0.000000e+00
     vertex  1.438494e+02 -7.734846e+01  1.510000e+00
   endloop
 endfacet
 facet normal -6.087614e-01 -7.933533e-01  0.000000e+00
   outer loop
     vertex  1.436635e+02 -7.716252e+01  0.000000e+00
     vertex  1.437687e+02 -7.724325e+01  1.510000e+00
     vertex  1.436635e+02 -7.716252e+01  1.510000e+00
   endloop
 endfacet
 facet normal -6.087614e-01 -7.933533e-01  2.568957e-18
   outer loop
     vertex  1.436635e+02 -7.716252e+01  0.000000e+00
     vertex  1.437687e+02 -7.724325e+01  0.000000e+00
     vertex  1.437687e+02 -7.724325e+01  1.510000e+00
   endloop
 endfacet
 facet normal -1.305262e-01 -9.914449e-01  0.000000e+00
   outer loop
     vertex  1.435409e+02 -7.711177e+01  0.000000e+00
     vertex  1.435409e+02 -7.711177e+01  1.510000e+00
     vertex  1.434095e+02 -7.709446e+01  1.510000e+00
   endloop
 endfacet
 facet normal -3.826834e-01 -9.238795e-01  0.000000e+00
   outer loop
     vertex  1.435409e+02 -7.711177e+01  0.000000e+00
     vertex  1.436635e+02 -7.716252e+01  1.510000e+00
     vertex  1.435409e+02 -7.711177e+01  1.510000e+00
   endloop
 endfacet
 facet normal -3.826834e-01 -9.238795e-01 -4.866508e-19
   outer loop
     vertex  1.435409e+02 -7.711177e+01  0.000000e+00
     vertex  1.436635e+02 -7.716252e+01  0.000000e+00
     vertex  1.436635e+02 -7.716252e+01  1.510000e+00
   endloop
 endfacet
 facet normal -1.305262e-01 -9.914449e-01  0.000000e+00
   outer loop
     vertex  1.434095e+02 -7.709446e+01  0.000000e+00
     vertex  1.435409e+02 -7.711177e+01  0.000000e+00
     vertex  1.434095e+02 -7.709446e+01  1.510000e+00
   endloop
 endfacet
 facet normal  1.305262e-01 -9.914449e-01 -7.332605e-19
   outer loop
     vertex  1.432780e+02 -7.711177e+01  0.000000e+00
     vertex  1.434095e+02 -7.709446e+01  0.000000e+00
     vertex  1.434095e+02 -7.709446e+01  1.510000e+00
   endloop
 endfacet
 facet normal  1.305262e-01 -9.914449e-01  0.000000e+00
   outer loop
     vertex  1.432780e+02 -7.711177e+01  0.000000e+00
     vertex  1.434095e+02 -7.709446e+01  1.510000e+00
     vertex  1.432780e+02 -7.711177e+01  1.510000e+00
   endloop
 endfacet
 facet normal  3.826834e-01 -9.238795e-01  4.866508e-19
   outer loop
     vertex  1.431555e+02 -7.716252e+01  0.000000e+00
     vertex  1.432780e+02 -7.711177e+01  0.000000e+00
     vertex  1.432780e+02 -7.711177e+01  1.510000e+00
   endloop
 endfacet
 facet normal  3.826834e-01 -9.238795e-01  0.000000e+00
   outer loop
     vertex  1.431555e+02 -7.716252e+01  0.000000e+00
     vertex  1.432780e+02 -7.711177e+01  1.510000e+00
     vertex  1.431555e+02 -7.716252e+01  1.510000e+00
   endloop
 endfacet
 facet normal  6.087614e-01 -7.933533e-01 -2.568957e-18
   outer loop
     vertex  1.430502e+02 -7.724325e+01  0.000000e+00
     vertex  1.431555e+02 -7.716252e+01  0.000000e+00
     vertex  1.431555e+02 -7.716252e+01  1.510000e+00
   endloop
 endfacet
 facet normal  7.933533e-01 -6.087614e-01  0.000000e+00
   outer loop
     vertex  1.430502e+02 -7.724325e+01  0.000000e+00
     vertex  1.430502e+02 -7.724325e+01  1.510000e+00
     vertex  1.429695e+02 -7.734846e+01  1.510000e+00
   endloop
 endfacet
 facet normal  6.087614e-01 -7.933533e-01  0.000000e+00
   outer loop
     vertex  1.430502e+02 -7.724325e+01  0.000000e+00
     vertex  1.431555e+02 -7.716252e+01  1.510000e+00
     vertex  1.430502e+02 -7.724325e+01  1.510000e+00
   endloop
 endfacet
 facet normal  7.933533e-01 -6.087614e-01  0.000000e+00
   outer loop
     vertex  1.429695e+02 -7.734846e+01  0.000000e+00
     vertex  1.430502e+02 -7.724325e+01  0.000000e+00
     vertex  1.429695e+02 -7.734846e+01  1.510000e+00
   endloop
 endfacet
 facet normal  9.238795e-01 -3.826834e-01 -1.772586e-18
   outer loop
     vertex  1.429188e+02 -7.747098e+01  0.000000e+00
     vertex  1.429695e+02 -7.734846e+01  0.000000e+00
     vertex  1.429695e+02 -7.734846e+01  1.510000e+00
   endloop
 endfacet
 facet normal  9.238795e-01 -3.826834e-01  0.000000e+00
   outer loop
     vertex  1.429188e+02 -7.747098e+01  0.000000e+00
     vertex  1.429695e+02 -7.734846e+01  1.510000e+00
     vertex  1.429188e+02 -7.747098e+01  1.510000e+00
   endloop
 endfacet
 facet normal  9.914449e-01 -1.305262e-01  6.980741e-19
   outer loop
     vertex  1.429015e+02 -7.760246e+01  0.000000e+00
     vertex  1.429188e+02 -7.747098e+01  0.000000e+00
     vertex  1.429188e+02 -7.747098e+01  1.510000e+00
   endloop
 endfacet
 facet normal  9.914449e-01 -1.305262e-01  0.000000e+00
   outer loop
     vertex  1.429015e+02 -7.760246e+01  0.000000e+00
     vertex  1.429188e+02 -7.747098e+01  1.510000e+00
     vertex  1.429015e+02 -7.760246e+01  1.510000e+00
   endloop
 endfacet
 facet normal  9.914449e-01  1.305262e-01 -0.000000e+00
   outer loop
     vertex  1.429188e+02 -7.773394e+01  0.000000e+00
     vertex  1.429015e+02 -7.760246e+01  1.510000e+00
     vertex  1.429188e+02 -7.773394e+01  1.510000e+00
   endloop
 endfacet
 facet normal  9.914449e-01  1.305262e-01 -6.980741e-19
   outer loop
     vertex  1.429188e+02 -7.773394e+01  0.000000e+00
     vertex  1.429015e+02 -7.760246e+01  0.000000e+00
     vertex  1.429015e+02 -7.760246e+01  1.510000e+00
   endloop
 endfacet
 facet normal  9.238795e-01  3.826834e-01 -0.000000e+00
   outer loop
     vertex  1.429695e+02 -7.785646e+01  0.000000e+00
     vertex  1.429188e+02 -7.773394e+01  1.510000e+00
     vertex  1.429695e+02 -7.785646e+01  1.510000e+00
   endloop
 endfacet
 facet normal  9.238795e-01  3.826834e-01  1.772586e-18
   outer loop
     vertex  1.429695e+02 -7.785646e+01  0.000000e+00
     vertex  1.429188e+02 -7.773394e+01  0.000000e+00
     vertex  1.429188e+02 -7.773394e+01  1.510000e+00
   endloop
 endfacet
 facet normal  7.933533e-01  6.087614e-01 -4.055122e-18
   outer loop
     vertex  1.430502e+02 -7.796167e+01  0.000000e+00
     vertex  1.429695e+02 -7.785646e+01  0.000000e+00
     vertex  1.429695e+02 -7.785646e+01  1.510000e+00
   endloop
 endfacet
 facet normal  6.087614e-01  7.933533e-01 -0.000000e+00
   outer loop
     vertex  1.430502e+02 -7.796167e+01  0.000000e+00
     vertex  1.430502e+02 -7.796167e+01  1.510000e+00
     vertex  1.431555e+02 -7.804240e+01  1.510000e+00
   endloop
 endfacet
 facet normal  7.933533e-01  6.087614e-01 -0.000000e+00
   outer loop
     vertex  1.430502e+02 -7.796167e+01  0.000000e+00
     vertex  1.429695e+02 -7.785646e+01  1.510000e+00
     vertex  1.430502e+02 -7.796167e+01  1.510000e+00
   endloop
 endfacet
 facet normal  6.087614e-01  7.933533e-01 -0.000000e+00
   outer loop
     vertex  1.431555e+02 -7.804240e+01  0.000000e+00
     vertex  1.430502e+02 -7.796167e+01  0.000000e+00
     vertex  1.431555e+02 -7.804240e+01  1.510000e+00
   endloop
 endfacet
 facet normal  1.305262e-01  9.914449e-01 -0.000000e+00
   outer loop
     vertex  1.432780e+02 -7.809315e+01  0.000000e+00
     vertex  1.432780e+02 -7.809315e+01  1.510000e+00
     vertex  1.434095e+02 -7.811046e+01  1.510000e+00
   endloop
 endfacet
 facet normal  3.826834e-01  9.238795e-01 -0.000000e+00
   outer loop
     vertex  1.432780e+02 -7.809315e+01  0.000000e+00
     vertex  1.431555e+02 -7.804240e+01  1.510000e+00
     vertex  1.432780e+02 -7.809315e+01  1.510000e+00
   endloop
 endfacet
 facet normal  3.826834e-01  9.238795e-01 -4.866508e-19
   outer loop
     vertex  1.432780e+02 -7.809315e+01  0.000000e+00
     vertex  1.431555e+02 -7.804240e+01  0.000000e+00
     vertex  1.431555e+02 -7.804240e+01  1.510000e+00
   endloop
 endfacet
 facet normal  1.305262e-01  9.914449e-01 -0.000000e+00
   outer loop
     vertex  1.434095e+02 -7.811046e+01  0.000000e+00
     vertex  1.432780e+02 -7.809315e+01  0.000000e+00
     vertex  1.434095e+02 -7.811046e+01  1.510000e+00
   endloop
 endfacet
 facet normal -1.305262e-01  9.914449e-01 -7.332605e-19
   outer loop
     vertex  1.587809e+02 -8.825315e+01  0.000000e+00
     vertex  1.586495e+02 -8.827046e+01  0.000000e+00
     vertex  1.586495e+02 -8.827046e+01  1.510000e+00
   endloop
 endfacet
 facet normal -1.305262e-01  9.914449e-01  0.000000e+00
   outer loop
     vertex  1.587809e+02 -8.825315e+01  0.000000e+00
     vertex  1.586495e+02 -8.827046e+01  1.510000e+00
     vertex  1.587809e+02 -8.825315e+01  1.510000e+00
   endloop
 endfacet
 facet normal -3.826834e-01  9.238795e-01  0.000000e+00
   outer loop
     vertex  1.589035e+02 -8.820240e+01  0.000000e+00
     vertex  1.587809e+02 -8.825315e+01  1.510000e+00
     vertex  1.589035e+02 -8.820240e+01  1.510000e+00
   endloop
 endfacet
 facet normal -3.826834e-01  9.238795e-01  2.073917e-18
   outer loop
     vertex  1.589035e+02 -8.820240e+01  0.000000e+00
     vertex  1.587809e+02 -8.825315e+01  0.000000e+00
     vertex  1.587809e+02 -8.825315e+01  1.510000e+00
   endloop
 endfacet
 facet normal -6.087614e-01  7.933533e-01  0.000000e+00
   outer loop
     vertex  1.590087e+02 -8.812167e+01  0.000000e+00
     vertex  1.589035e+02 -8.820240e+01  1.510000e+00
     vertex  1.590087e+02 -8.812167e+01  1.510000e+00
   endloop
 endfacet
 facet normal -6.087614e-01  7.933533e-01 -2.568957e-18
   outer loop
     vertex  1.590087e+02 -8.812167e+01  0.000000e+00
     vertex  1.589035e+02 -8.820240e+01  0.000000e+00
     vertex  1.589035e+02 -8.820240e+01  1.510000e+00
   endloop
 endfacet
 facet normal -7.933533e-01  6.087614e-01  0.000000e+00
   outer loop
     vertex  1.590894e+02 -8.801646e+01  0.000000e+00
     vertex  1.590087e+02 -8.812167e+01  1.510000e+00
     vertex  1.590894e+02 -8.801646e+01  1.510000e+00
   endloop
 endfacet
 facet normal -7.933533e-01  6.087614e-01 -2.568957e-18
   outer loop
     vertex  1.590894e+02 -8.801646e+01  0.000000e+00
     vertex  1.590087e+02 -8.812167e+01  0.000000e+00
     vertex  1.590087e+02 -8.812167e+01  1.510000e+00
   endloop
 endfacet
 facet normal -9.238795e-01  3.826834e-01  0.000000e+00
   outer loop
     vertex  1.591401e+02 -8.789394e+01  0.000000e+00
     vertex  1.590894e+02 -8.801646e+01  1.510000e+00
     vertex  1.591401e+02 -8.789394e+01  1.510000e+00
   endloop
 endfacet
 facet normal -9.238795e-01  3.826834e-01 -1.772586e-18
   outer loop
     vertex  1.591401e+02 -8.789394e+01  0.000000e+00
     vertex  1.590894e+02 -8.801646e+01  0.000000e+00
     vertex  1.590894e+02 -8.801646e+01  1.510000e+00
   endloop
 endfacet
 facet normal -9.914449e-01  1.305262e-01  0.000000e+00
   outer loop
     vertex  1.591575e+02 -8.776246e+01  0.000000e+00
     vertex  1.591401e+02 -8.789394e+01  1.510000e+00
     vertex  1.591575e+02 -8.776246e+01  1.510000e+00
   endloop
 endfacet
 facet normal -9.914449e-01  1.305262e-01 -7.706931e-19
   outer loop
     vertex  1.591575e+02 -8.776246e+01  0.000000e+00
     vertex  1.591401e+02 -8.789394e+01  0.000000e+00
     vertex  1.591401e+02 -8.789394e+01  1.510000e+00
   endloop
 endfacet
 facet normal -9.914449e-01 -1.305262e-01  0.000000e+00
   outer loop
     vertex  1.591401e+02 -8.763098e+01  0.000000e+00
     vertex  1.591575e+02 -8.776246e+01  1.510000e+00
     vertex  1.591401e+02 -8.763098e+01  1.510000e+00
   endloop
 endfacet
 facet normal -9.914449e-01 -1.305262e-01 -6.980741e-19
   outer loop
     vertex  1.591401e+02 -8.763098e+01  0.000000e+00
     vertex  1.591575e+02 -8.776246e+01  0.000000e+00
     vertex  1.591575e+02 -8.776246e+01  1.510000e+00
   endloop
 endfacet
 facet normal -9.238795e-01 -3.826834e-01  0.000000e+00
   outer loop
     vertex  1.590894e+02 -8.750846e+01  0.000000e+00
     vertex  1.591401e+02 -8.763098e+01  1.510000e+00
     vertex  1.590894e+02 -8.750846e+01  1.510000e+00
   endloop
 endfacet
 facet normal -9.238795e-01 -3.826834e-01 -4.866508e-19
   outer loop
     vertex  1.590894e+02 -8.750846e+01  0.000000e+00
     vertex  1.591401e+02 -8.763098e+01  0.000000e+00
     vertex  1.591401e+02 -8.763098e+01  1.510000e+00
   endloop
 endfacet
 facet normal -7.933533e-01 -6.087614e-01  0.000000e+00
   outer loop
     vertex  1.590087e+02 -8.740325e+01  0.000000e+00
     vertex  1.590894e+02 -8.750846e+01  1.510000e+00
     vertex  1.590087e+02 -8.740325e+01  1.510000e+00
   endloop
 endfacet
 facet normal -7.933533e-01 -6.087614e-01  2.568957e-18
   outer loop
     vertex  1.590087e+02 -8.740325e+01  0.000000e+00
     vertex  1.590894e+02 -8.750846e+01  0.000000e+00
     vertex  1.590894e+02 -8.750846e+01  1.510000e+00
   endloop
 endfacet
 facet normal -6.087614e-01 -7.933533e-01  0.000000e+00
   outer loop
     vertex  1.589035e+02 -8.732252e+01  0.000000e+00
     vertex  1.590087e+02 -8.740325e+01  1.510000e+00
     vertex  1.589035e+02 -8.732252e+01  1.510000e+00
   endloop
 endfacet
 facet normal -6.087614e-01 -7.933533e-01 -3.418284e-18
   outer loop
     vertex  1.589035e+02 -8.732252e+01  0.000000e+00
     vertex  1.590087e+02 -8.740325e+01  0.000000e+00
     vertex  1.590087e+02 -8.740325e+01  1.510000e+00
   endloop
 endfacet
 facet normal -1.305262e-01 -9.914449e-01  0.000000e+00
   outer loop
     vertex  1.587809e+02 -8.727177e+01  0.000000e+00
     vertex  1.587809e+02 -8.727177e+01  1.510000e+00
     vertex  1.586495e+02 -8.725446e+01  1.510000e+00
   endloop
 endfacet
 facet normal -3.826834e-01 -9.238795e-01  0.000000e+00
   outer loop
     vertex  1.587809e+02 -8.727177e+01  0.000000e+00
     vertex  1.589035e+02 -8.732252e+01  1.510000e+00
     vertex  1.587809e+02 -8.727177e+01  1.510000e+00
   endloop
 endfacet
 facet normal -3.826834e-01 -9.238795e-01  1.100615e-18
   outer loop
     vertex  1.587809e+02 -8.727177e+01  0.000000e+00
     vertex  1.589035e+02 -8.732252e+01  0.000000e+00
     vertex  1.589035e+02 -8.732252e+01  1.510000e+00
   endloop
 endfacet
 facet normal -1.305262e-01 -9.914449e-01  0.000000e+00
   outer loop
     vertex  1.586495e+02 -8.725446e+01  0.000000e+00
     vertex  1.587809e+02 -8.727177e+01  0.000000e+00
     vertex  1.586495e+02 -8.725446e+01  1.510000e+00
   endloop
 endfacet
 facet normal  1.305262e-01 -9.914449e-01 -7.332605e-19
   outer loop
     vertex  1.585180e+02 -8.727177e+01  0.000000e+00
     vertex  1.586495e+02 -8.725446e+01  0.000000e+00
     vertex  1.586495e+02 -8.725446e+01  1.510000e+00
   endloop
 endfacet
 facet normal  1.305262e-01 -9.914449e-01  0.000000e+00
   outer loop
     vertex  1.585180e+02 -8.727177e+01  0.000000e+00
     vertex  1.586495e+02 -8.725446e+01  1.510000e+00
     vertex  1.585180e+02 -8.727177e+01  1.510000e+00
   endloop
 endfacet
 facet normal  3.826834e-01 -9.238795e-01  4.866508e-19
   outer loop
     vertex  1.583955e+02 -8.732252e+01  0.000000e+00
     vertex  1.585180e+02 -8.727177e+01  0.000000e+00
     vertex  1.585180e+02 -8.727177e+01  1.510000e+00
   endloop
 endfacet
 facet normal  3.826834e-01 -9.238795e-01  0.000000e+00
   outer loop
     vertex  1.583955e+02 -8.732252e+01  0.000000e+00
     vertex  1.585180e+02 -8.727177e+01  1.510000e+00
     vertex  1.583955e+02 -8.732252e+01  1.510000e+00
   endloop
 endfacet
 facet normal  6.087614e-01 -7.933533e-01 -3.588354e-18
   outer loop
     vertex  1.582902e+02 -8.740325e+01  0.000000e+00
     vertex  1.583955e+02 -8.732252e+01  0.000000e+00
     vertex  1.583955e+02 -8.732252e+01  1.510000e+00
   endloop
 endfacet
 facet normal  7.933533e-01 -6.087614e-01  0.000000e+00
   outer loop
     vertex  1.582902e+02 -8.740325e+01  0.000000e+00
     vertex  1.582902e+02 -8.740325e+01  1.510000e+00
     vertex  1.582095e+02 -8.750846e+01  1.510000e+00
   endloop
 endfacet
 facet normal  6.087614e-01 -7.933533e-01  0.000000e+00
   outer loop
     vertex  1.582902e+02 -8.740325e+01  0.000000e+00
     vertex  1.583955e+02 -8.732252e+01  1.510000e+00
     vertex  1.582902e+02 -8.740325e+01  1.510000e+00
   endloop
 endfacet
 facet normal  7.933533e-01 -6.087614e-01  0.000000e+00
   outer loop
     vertex  1.582095e+02 -8.750846e+01  0.000000e+00
     vertex  1.582902e+02 -8.740325e+01  0.000000e+00
     vertex  1.582095e+02 -8.750846e+01  1.510000e+00
   endloop
 endfacet
 facet normal  9.238795e-01 -3.826834e-01 -1.772586e-18
   outer loop
     vertex  1.581588e+02 -8.763098e+01  0.000000e+00
     vertex  1.582095e+02 -8.750846e+01  0.000000e+00
     vertex  1.582095e+02 -8.750846e+01  1.510000e+00
   endloop
 endfacet
 facet normal  9.238795e-01 -3.826834e-01  0.000000e+00
   outer loop
     vertex  1.581588e+02 -8.763098e+01  0.000000e+00
     vertex  1.582095e+02 -8.750846e+01  1.510000e+00
     vertex  1.581588e+02 -8.763098e+01  1.510000e+00
   endloop
 endfacet
 facet normal  9.914449e-01 -1.305262e-01 -7.706931e-19
   outer loop
     vertex  1.581415e+02 -8.776246e+01  0.000000e+00
     vertex  1.581588e+02 -8.763098e+01  0.000000e+00
     vertex  1.581588e+02 -8.763098e+01  1.510000e+00
   endloop
 endfacet
 facet normal  9.914449e-01 -1.305262e-01  0.000000e+00
   outer loop
     vertex  1.581415e+02 -8.776246e+01  0.000000e+00
     vertex  1.581588e+02 -8.763098e+01  1.510000e+00
     vertex  1.581415e+02 -8.776246e+01  1.510000e+00
   endloop
 endfacet
 facet normal  9.914449e-01  1.305262e-01 -0.000000e+00
   outer loop
     vertex  1.581588e+02 -8.789394e+01  0.000000e+00
     vertex  1.581415e+02 -8.776246e+01  1.510000e+00
     vertex  1.581588e+02 -8.789394e+01  1.510000e+00
   endloop
 endfacet
 facet normal  9.914449e-01  1.305262e-01 -6.980741e-19
   outer loop
     vertex  1.581588e+02 -8.789394e+01  0.000000e+00
     vertex  1.581415e+02 -8.776246e+01  0.000000e+00
     vertex  1.581415e+02 -8.776246e+01  1.510000e+00
   endloop
 endfacet
 facet normal  9.238795e-01  3.826834e-01 -0.000000e+00
   outer loop
     vertex  1.582095e+02 -8.801646e+01  0.000000e+00
     vertex  1.581588e+02 -8.789394e+01  1.510000e+00
     vertex  1.582095e+02 -8.801646e+01  1.510000e+00
   endloop
 endfacet
 facet normal  9.238795e-01  3.826834e-01 -4.866508e-19
   outer loop
     vertex  1.582095e+02 -8.801646e+01  0.000000e+00
     vertex  1.581588e+02 -8.789394e+01  0.000000e+00
     vertex  1.581588e+02 -8.789394e+01  1.510000e+00
   endloop
 endfacet
 facet normal  7.933533e-01  6.087614e-01  2.568957e-18
   outer loop
     vertex  1.582902e+02 -8.812167e+01  0.000000e+00
     vertex  1.582095e+02 -8.801646e+01  0.000000e+00
     vertex  1.582095e+02 -8.801646e+01  1.510000e+00
   endloop
 endfacet
 facet normal  6.087614e-01  7.933533e-01 -0.000000e+00
   outer loop
     vertex  1.582902e+02 -8.812167e+01  0.000000e+00
     vertex  1.582902e+02 -8.812167e+01  1.510000e+00
     vertex  1.583955e+02 -8.820240e+01  1.510000e+00
   endloop
 endfacet
 facet normal  7.933533e-01  6.087614e-01 -0.000000e+00
   outer loop
     vertex  1.582902e+02 -8.812167e+01  0.000000e+00
     vertex  1.582095e+02 -8.801646e+01  1.510000e+00
     vertex  1.582902e+02 -8.812167e+01  1.510000e+00
   endloop
 endfacet
 facet normal  6.087614e-01  7.933533e-01 -0.000000e+00
   outer loop
     vertex  1.583955e+02 -8.820240e+01  0.000000e+00
     vertex  1.582902e+02 -8.812167e+01  0.000000e+00
     vertex  1.583955e+02 -8.820240e+01  1.510000e+00
   endloop
 endfacet
 facet normal  1.305262e-01  9.914449e-01 -0.000000e+00
   outer loop
     vertex  1.585180e+02 -8.825315e+01  0.000000e+00
     vertex  1.585180e+02 -8.825315e+01  1.510000e+00
     vertex  1.586495e+02 -8.827046e+01  1.510000e+00
   endloop
 endfacet
 facet normal  3.826834e-01  9.238795e-01 -0.000000e+00
   outer loop
     vertex  1.585180e+02 -8.825315e+01  0.000000e+00
     vertex  1.583955e+02 -8.820240e+01  1.510000e+00
     vertex  1.585180e+02 -8.825315e+01  1.510000e+00
   endloop
 endfacet
 facet normal  3.826834e-01  9.238795e-01  1.100615e-18
   outer loop
     vertex  1.585180e+02 -8.825315e+01  0.000000e+00
     vertex  1.583955e+02 -8.820240e+01  0.000000e+00
     vertex  1.583955e+02 -8.820240e+01  1.510000e+00
   endloop
 endfacet
 facet normal  1.305262e-01  9.914449e-01 -0.000000e+00
   outer loop
     vertex  1.586495e+02 -8.827046e+01  0.000000e+00
     vertex  1.585180e+02 -8.825315e+01  0.000000e+00
     vertex  1.586495e+02 -8.827046e+01  1.510000e+00
   endloop
 endfacet
 facet normal -1.305262e-01  9.914449e-01 -7.332605e-19
   outer loop
     vertex  1.587809e+02 -8.571315e+01  0.000000e+00
     vertex  1.586495e+02 -8.573046e+01  0.000000e+00
     vertex  1.586495e+02 -8.573046e+01  1.510000e+00
   endloop
 endfacet
 facet normal -1.305262e-01  9.914449e-01  0.000000e+00
   outer loop
     vertex  1.587809e+02 -8.571315e+01  0.000000e+00
     vertex  1.586495e+02 -8.573046e+01  1.510000e+00
     vertex  1.587809e+02 -8.571315e+01  1.510000e+00
   endloop
 endfacet
 facet normal -3.826834e-01  9.238795e-01  0.000000e+00
   outer loop
     vertex  1.589035e+02 -8.566240e+01  0.000000e+00
     vertex  1.587809e+02 -8.571315e+01  1.510000e+00
     vertex  1.589035e+02 -8.566240e+01  1.510000e+00
   endloop
 endfacet
 facet normal -3.826834e-01  9.238795e-01  2.073917e-18
   outer loop
     vertex  1.589035e+02 -8.566240e+01  0.000000e+00
     vertex  1.587809e+02 -8.571315e+01  0.000000e+00
     vertex  1.587809e+02 -8.571315e+01  1.510000e+00
   endloop
 endfacet
 facet normal -6.087614e-01  7.933533e-01  0.000000e+00
   outer loop
     vertex  1.590087e+02 -8.558167e+01  0.000000e+00
     vertex  1.589035e+02 -8.566240e+01  1.510000e+00
     vertex  1.590087e+02 -8.558167e+01  1.510000e+00
   endloop
 endfacet
 facet normal -6.087614e-01  7.933533e-01 -2.568957e-18
   outer loop
     vertex  1.590087e+02 -8.558167e+01  0.000000e+00
     vertex  1.589035e+02 -8.566240e+01  0.000000e+00
     vertex  1.589035e+02 -8.566240e+01  1.510000e+00
   endloop
 endfacet
 facet normal -7.933533e-01  6.087614e-01  0.000000e+00
   outer loop
     vertex  1.590894e+02 -8.547646e+01  0.000000e+00
     vertex  1.590087e+02 -8.558167e+01  1.510000e+00
     vertex  1.590894e+02 -8.547646e+01  1.510000e+00
   endloop
 endfacet
 facet normal -7.933533e-01  6.087614e-01 -2.568957e-18
   outer loop
     vertex  1.590894e+02 -8.547646e+01  0.000000e+00
     vertex  1.590087e+02 -8.558167e+01  0.000000e+00
     vertex  1.590087e+02 -8.558167e+01  1.510000e+00
   endloop
 endfacet
 facet normal -9.238795e-01  3.826834e-01  0.000000e+00
   outer loop
     vertex  1.591401e+02 -8.535394e+01  0.000000e+00
     vertex  1.590894e+02 -8.547646e+01  1.510000e+00
     vertex  1.591401e+02 -8.535394e+01  1.510000e+00
   endloop
 endfacet
 facet normal -9.238795e-01  3.826834e-01 -1.772586e-18
   outer loop
     vertex  1.591401e+02 -8.535394e+01  0.000000e+00
     vertex  1.590894e+02 -8.547646e+01  0.000000e+00
     vertex  1.590894e+02 -8.547646e+01  1.510000e+00
   endloop
 endfacet
 facet normal -9.914449e-01  1.305262e-01  0.000000e+00
   outer loop
     vertex  1.591575e+02 -8.522246e+01  0.000000e+00
     vertex  1.591401e+02 -8.535394e+01  1.510000e+00
     vertex  1.591575e+02 -8.522246e+01  1.510000e+00
   endloop
 endfacet
 facet normal -9.914449e-01  1.305262e-01 -7.706931e-19
   outer loop
     vertex  1.591575e+02 -8.522246e+01  0.000000e+00
     vertex  1.591401e+02 -8.535394e+01  0.000000e+00
     vertex  1.591401e+02 -8.535394e+01  1.510000e+00
   endloop
 endfacet
 facet normal -9.914449e-01 -1.305262e-01  0.000000e+00
   outer loop
     vertex  1.591401e+02 -8.509098e+01  0.000000e+00
     vertex  1.591575e+02 -8.522246e+01  1.510000e+00
     vertex  1.591401e+02 -8.509098e+01  1.510000e+00
   endloop
 endfacet
 facet normal -9.914449e-01 -1.305262e-01 -6.980741e-19
   outer loop
     vertex  1.591401e+02 -8.509098e+01  0.000000e+00
     vertex  1.591575e+02 -8.522246e+01  0.000000e+00
     vertex  1.591575e+02 -8.522246e+01  1.510000e+00
   endloop
 endfacet
 facet normal -9.238795e-01 -3.826834e-01  0.000000e+00
   outer loop
     vertex  1.590894e+02 -8.496846e+01  0.000000e+00
     vertex  1.591401e+02 -8.509098e+01  1.510000e+00
     vertex  1.590894e+02 -8.496846e+01  1.510000e+00
   endloop
 endfacet
 facet normal -9.238795e-01 -3.826834e-01 -4.866508e-19
   outer loop
     vertex  1.590894e+02 -8.496846e+01  0.000000e+00
     vertex  1.591401e+02 -8.509098e+01  0.000000e+00
     vertex  1.591401e+02 -8.509098e+01  1.510000e+00
   endloop
 endfacet
 facet normal -7.933533e-01 -6.087614e-01  0.000000e+00
   outer loop
     vertex  1.590087e+02 -8.486325e+01  0.000000e+00
     vertex  1.590894e+02 -8.496846e+01  1.510000e+00
     vertex  1.590087e+02 -8.486325e+01  1.510000e+00
   endloop
 endfacet
 facet normal -7.933533e-01 -6.087614e-01  2.568957e-18
   outer loop
     vertex  1.590087e+02 -8.486325e+01  0.000000e+00
     vertex  1.590894e+02 -8.496846e+01  0.000000e+00
     vertex  1.590894e+02 -8.496846e+01  1.510000e+00
   endloop
 endfacet
 facet normal -6.087614e-01 -7.933533e-01  0.000000e+00
   outer loop
     vertex  1.589035e+02 -8.478252e+01  0.000000e+00
     vertex  1.590087e+02 -8.486325e+01  1.510000e+00
     vertex  1.589035e+02 -8.478252e+01  1.510000e+00
   endloop
 endfacet
 facet normal -6.087614e-01 -7.933533e-01 -3.418284e-18
   outer loop
     vertex  1.589035e+02 -8.478252e+01  0.000000e+00
     vertex  1.590087e+02 -8.486325e+01  0.000000e+00
     vertex  1.590087e+02 -8.486325e+01  1.510000e+00
   endloop
 endfacet
 facet normal -1.305262e-01 -9.914449e-01  0.000000e+00
   outer loop
     vertex  1.587809e+02 -8.473177e+01  0.000000e+00
     vertex  1.587809e+02 -8.473177e+01  1.510000e+00
     vertex  1.586495e+02 -8.471446e+01  1.510000e+00
   endloop
 endfacet
 facet normal -3.826834e-01 -9.238795e-01  0.000000e+00
   outer loop
     vertex  1.587809e+02 -8.473177e+01  0.000000e+00
     vertex  1.589035e+02 -8.478252e+01  1.510000e+00
     vertex  1.587809e+02 -8.473177e+01  1.510000e+00
   endloop
 endfacet
 facet normal -3.826834e-01 -9.238795e-01  1.100615e-18
   outer loop
     vertex  1.587809e+02 -8.473177e+01  0.000000e+00
     vertex  1.589035e+02 -8.478252e+01  0.000000e+00
     vertex  1.589035e+02 -8.478252e+01  1.510000e+00
   endloop
 endfacet
 facet normal -1.305262e-01 -9.914449e-01  0.000000e+00
   outer loop
     vertex  1.586495e+02 -8.471446e+01  0.000000e+00
     vertex  1.587809e+02 -8.473177e+01  0.000000e+00
     vertex  1.586495e+02 -8.471446e+01  1.510000e+00
   endloop
 endfacet
 facet normal  1.305262e-01 -9.914449e-01 -7.332605e-19
   outer loop
     vertex  1.585180e+02 -8.473177e+01  0.000000e+00
     vertex  1.586495e+02 -8.471446e+01  0.000000e+00
     vertex  1.586495e+02 -8.471446e+01  1.510000e+00
   endloop
 endfacet
 facet normal  1.305262e-01 -9.914449e-01  0.000000e+00
   outer loop
     vertex  1.585180e+02 -8.473177e+01  0.000000e+00
     vertex  1.586495e+02 -8.471446e+01  1.510000e+00
     vertex  1.585180e+02 -8.473177e+01  1.510000e+00
   endloop
 endfacet
 facet normal  3.826834e-01 -9.238795e-01  4.866508e-19
   outer loop
     vertex  1.583955e+02 -8.478252e+01  0.000000e+00
     vertex  1.585180e+02 -8.473177e+01  0.000000e+00
     vertex  1.585180e+02 -8.473177e+01  1.510000e+00
   endloop
 endfacet
 facet normal  3.826834e-01 -9.238795e-01  0.000000e+00
   outer loop
     vertex  1.583955e+02 -8.478252e+01  0.000000e+00
     vertex  1.585180e+02 -8.473177e+01  1.510000e+00
     vertex  1.583955e+02 -8.478252e+01  1.510000e+00
   endloop
 endfacet
 facet normal  6.087614e-01 -7.933533e-01 -3.588354e-18
   outer loop
     vertex  1.582902e+02 -8.486325e+01  0.000000e+00
     vertex  1.583955e+02 -8.478252e+01  0.000000e+00
     vertex  1.583955e+02 -8.478252e+01  1.510000e+00
   endloop
 endfacet
 facet normal  7.933533e-01 -6.087614e-01  0.000000e+00
   outer loop
     vertex  1.582902e+02 -8.486325e+01  0.000000e+00
     vertex  1.582902e+02 -8.486325e+01  1.510000e+00
     vertex  1.582095e+02 -8.496846e+01  1.510000e+00
   endloop
 endfacet
 facet normal  6.087614e-01 -7.933533e-01  0.000000e+00
   outer loop
     vertex  1.582902e+02 -8.486325e+01  0.000000e+00
     vertex  1.583955e+02 -8.478252e+01  1.510000e+00
     vertex  1.582902e+02 -8.486325e+01  1.510000e+00
   endloop
 endfacet
 facet normal  7.933533e-01 -6.087614e-01  0.000000e+00
   outer loop
     vertex  1.582095e+02 -8.496846e+01  0.000000e+00
     vertex  1.582902e+02 -8.486325e+01  0.000000e+00
     vertex  1.582095e+02 -8.496846e+01  1.510000e+00
   endloop
 endfacet
 facet normal  9.238795e-01 -3.826834e-01 -1.772586e-18
   outer loop
     vertex  1.581588e+02 -8.509098e+01  0.000000e+00
     vertex  1.582095e+02 -8.496846e+01  0.000000e+00
     vertex  1.582095e+02 -8.496846e+01  1.510000e+00
   endloop
 endfacet
 facet normal  9.238795e-01 -3.826834e-01  0.000000e+00
   outer loop
     vertex  1.581588e+02 -8.509098e+01  0.000000e+00
     vertex  1.582095e+02 -8.496846e+01  1.510000e+00
     vertex  1.581588e+02 -8.509098e+01  1.510000e+00
   endloop
 endfacet
 facet normal  9.914449e-01 -1.305262e-01 -7.706931e-19
   outer loop
     vertex  1.581415e+02 -8.522246e+01  0.000000e+00
     vertex  1.581588e+02 -8.509098e+01  0.000000e+00
     vertex  1.581588e+02 -8.509098e+01  1.510000e+00
   endloop
 endfacet
 facet normal  9.914449e-01 -1.305262e-01  0.000000e+00
   outer loop
     vertex  1.581415e+02 -8.522246e+01  0.000000e+00
     vertex  1.581588e+02 -8.509098e+01  1.510000e+00
     vertex  1.581415e+02 -8.522246e+01  1.510000e+00
   endloop
 endfacet
 facet normal  9.914449e-01  1.305262e-01 -0.000000e+00
   outer loop
     vertex  1.581588e+02 -8.535394e+01  0.000000e+00
     vertex  1.581415e+02 -8.522246e+01  1.510000e+00
     vertex  1.581588e+02 -8.535394e+01  1.510000e+00
   endloop
 endfacet
 facet normal  9.914449e-01  1.305262e-01 -6.980741e-19
   outer loop
     vertex  1.581588e+02 -8.535394e+01  0.000000e+00
     vertex  1.581415e+02 -8.522246e+01  0.000000e+00
     vertex  1.581415e+02 -8.522246e+01  1.510000e+00
   endloop
 endfacet
 facet normal  9.238795e-01  3.826834e-01 -0.000000e+00
   outer loop
     vertex  1.582095e+02 -8.547646e+01  0.000000e+00
     vertex  1.581588e+02 -8.535394e+01  1.510000e+00
     vertex  1.582095e+02 -8.547646e+01  1.510000e+00
   endloop
 endfacet
 facet normal  9.238795e-01  3.826834e-01 -4.866508e-19
   outer loop
     vertex  1.582095e+02 -8.547646e+01  0.000000e+00
     vertex  1.581588e+02 -8.535394e+01  0.000000e+00
     vertex  1.581588e+02 -8.535394e+01  1.510000e+00
   endloop
 endfacet
 facet normal  7.933533e-01  6.087614e-01  2.568957e-18
   outer loop
     vertex  1.582902e+02 -8.558167e+01  0.000000e+00
     vertex  1.582095e+02 -8.547646e+01  0.000000e+00
     vertex  1.582095e+02 -8.547646e+01  1.510000e+00
   endloop
 endfacet
 facet normal  6.087614e-01  7.933533e-01 -0.000000e+00
   outer loop
     vertex  1.582902e+02 -8.558167e+01  0.000000e+00
     vertex  1.582902e+02 -8.558167e+01  1.510000e+00
     vertex  1.583955e+02 -8.566240e+01  1.510000e+00
   endloop
 endfacet
 facet normal  7.933533e-01  6.087614e-01 -0.000000e+00
   outer loop
     vertex  1.582902e+02 -8.558167e+01  0.000000e+00
     vertex  1.582095e+02 -8.547646e+01  1.510000e+00
     vertex  1.582902e+02 -8.558167e+01  1.510000e+00
   endloop
 endfacet
 facet normal  6.087614e-01  7.933533e-01 -0.000000e+00
   outer loop
     vertex  1.583955e+02 -8.566240e+01  0.000000e+00
     vertex  1.582902e+02 -8.558167e+01  0.000000e+00
     vertex  1.583955e+02 -8.566240e+01  1.510000e+00
   endloop
 endfacet
 facet normal  1.305262e-01  9.914449e-01 -0.000000e+00
   outer loop
     vertex  1.585180e+02 -8.571315e+01  0.000000e+00
     vertex  1.585180e+02 -8.571315e+01  1.510000e+00
     vertex  1.586495e+02 -8.573046e+01  1.510000e+00
   endloop
 endfacet
 facet normal  3.826834e-01  9.238795e-01 -0.000000e+00
   outer loop
     vertex  1.585180e+02 -8.571315e+01  0.000000e+00
     vertex  1.583955e+02 -8.566240e+01  1.510000e+00
     vertex  1.585180e+02 -8.571315e+01  1.510000e+00
   endloop
 endfacet
 facet normal  3.826834e-01  9.238795e-01  1.100615e-18
   outer loop
     vertex  1.585180e+02 -8.571315e+01  0.000000e+00
     vertex  1.583955e+02 -8.566240e+01  0.000000e+00
     vertex  1.583955e+02 -8.566240e+01  1.510000e+00
   endloop
 endfacet
 facet normal  1.305262e-01  9.914449e-01 -0.000000e+00
   outer loop
     vertex  1.586495e+02 -8.573046e+01  0.000000e+00
     vertex  1.585180e+02 -8.571315e+01  0.000000e+00
     vertex  1.586495e+02 -8.573046e+01  1.510000e+00
   endloop
 endfacet
 facet normal -1.305262e-01  9.914449e-01 -7.332605e-19
   outer loop
     vertex  1.587809e+02 -8.317315e+01  0.000000e+00
     vertex  1.586495e+02 -8.319046e+01  0.000000e+00
     vertex  1.586495e+02 -8.319046e+01  1.510000e+00
   endloop
 endfacet
 facet normal -1.305262e-01  9.914449e-01  0.000000e+00
   outer loop
     vertex  1.587809e+02 -8.317315e+01  0.000000e+00
     vertex  1.586495e+02 -8.319046e+01  1.510000e+00
     vertex  1.587809e+02 -8.317315e+01  1.510000e+00
   endloop
 endfacet
 facet normal -3.826834e-01  9.238795e-01  0.000000e+00
   outer loop
     vertex  1.589035e+02 -8.312240e+01  0.000000e+00
     vertex  1.587809e+02 -8.317315e+01  1.510000e+00
     vertex  1.589035e+02 -8.312240e+01  1.510000e+00
   endloop
 endfacet
 facet normal -3.826834e-01  9.238795e-01  4.866508e-19
   outer loop
     vertex  1.589035e+02 -8.312240e+01  0.000000e+00
     vertex  1.587809e+02 -8.317315e+01  0.000000e+00
     vertex  1.587809e+02 -8.317315e+01  1.510000e+00
   endloop
 endfacet
 facet normal -6.087614e-01  7.933533e-01  0.000000e+00
   outer loop
     vertex  1.590087e+02 -8.304167e+01  0.000000e+00
     vertex  1.589035e+02 -8.312240e+01  1.510000e+00
     vertex  1.590087e+02 -8.304167e+01  1.510000e+00
   endloop
 endfacet
 facet normal -6.087614e-01  7.933533e-01 -3.588354e-18
   outer loop
     vertex  1.590087e+02 -8.304167e+01  0.000000e+00
     vertex  1.589035e+02 -8.312240e+01  0.000000e+00
     vertex  1.589035e+02 -8.312240e+01  1.510000e+00
   endloop
 endfacet
 facet normal -7.933533e-01  6.087614e-01  0.000000e+00
   outer loop
     vertex  1.590894e+02 -8.293646e+01  0.000000e+00
     vertex  1.590087e+02 -8.304167e+01  1.510000e+00
     vertex  1.590894e+02 -8.293646e+01  1.510000e+00
   endloop
 endfacet
 facet normal -7.933533e-01  6.087614e-01 -2.568957e-18
   outer loop
     vertex  1.590894e+02 -8.293646e+01  0.000000e+00
     vertex  1.590087e+02 -8.304167e+01  0.000000e+00
     vertex  1.590087e+02 -8.304167e+01  1.510000e+00
   endloop
 endfacet
 facet normal -9.238795e-01  3.826834e-01  0.000000e+00
   outer loop
     vertex  1.591401e+02 -8.281394e+01  0.000000e+00
     vertex  1.590894e+02 -8.293646e+01  1.510000e+00
     vertex  1.591401e+02 -8.281394e+01  1.510000e+00
   endloop
 endfacet
 facet normal -9.238795e-01  3.826834e-01 -1.772586e-18
   outer loop
     vertex  1.591401e+02 -8.281394e+01  0.000000e+00
     vertex  1.590894e+02 -8.293646e+01  0.000000e+00
     vertex  1.590894e+02 -8.293646e+01  1.510000e+00
   endloop
 endfacet
 facet normal -9.914449e-01  1.305262e-01  0.000000e+00
   outer loop
     vertex  1.591575e+02 -8.268246e+01  0.000000e+00
     vertex  1.591401e+02 -8.281394e+01  1.510000e+00
     vertex  1.591575e+02 -8.268246e+01  1.510000e+00
   endloop
 endfacet
 facet normal -9.914449e-01  1.305262e-01  6.980741e-19
   outer loop
     vertex  1.591575e+02 -8.268246e+01  0.000000e+00
     vertex  1.591401e+02 -8.281394e+01  0.000000e+00
     vertex  1.591401e+02 -8.281394e+01  1.510000e+00
   endloop
 endfacet
 facet normal -9.914449e-01 -1.305262e-01  0.000000e+00
   outer loop
     vertex  1.591401e+02 -8.255098e+01  0.000000e+00
     vertex  1.591575e+02 -8.268246e+01  1.510000e+00
     vertex  1.591401e+02 -8.255098e+01  1.510000e+00
   endloop
 endfacet
 facet normal -9.914449e-01 -1.305262e-01 -1.123112e-21
   outer loop
     vertex  1.591401e+02 -8.255098e+01  0.000000e+00
     vertex  1.591575e+02 -8.268246e+01  0.000000e+00
     vertex  1.591575e+02 -8.268246e+01  1.510000e+00
   endloop
 endfacet
 facet normal -9.238795e-01 -3.826834e-01  0.000000e+00
   outer loop
     vertex  1.590894e+02 -8.242846e+01  0.000000e+00
     vertex  1.591401e+02 -8.255098e+01  1.510000e+00
     vertex  1.590894e+02 -8.242846e+01  1.510000e+00
   endloop
 endfacet
 facet normal -9.238795e-01 -3.826834e-01 -4.866508e-19
   outer loop
     vertex  1.590894e+02 -8.242846e+01  0.000000e+00
     vertex  1.591401e+02 -8.255098e+01  0.000000e+00
     vertex  1.591401e+02 -8.255098e+01  1.510000e+00
   endloop
 endfacet
 facet normal -7.933533e-01 -6.087614e-01  0.000000e+00
   outer loop
     vertex  1.590087e+02 -8.232325e+01  0.000000e+00
     vertex  1.590894e+02 -8.242846e+01  1.510000e+00
     vertex  1.590087e+02 -8.232325e+01  1.510000e+00
   endloop
 endfacet
 facet normal -7.933533e-01 -6.087614e-01  2.568957e-18
   outer loop
     vertex  1.590087e+02 -8.232325e+01  0.000000e+00
     vertex  1.590894e+02 -8.242846e+01  0.000000e+00
     vertex  1.590894e+02 -8.242846e+01  1.510000e+00
   endloop
 endfacet
 facet normal -6.087614e-01 -7.933533e-01  0.000000e+00
   outer loop
     vertex  1.589035e+02 -8.224252e+01  0.000000e+00
     vertex  1.590087e+02 -8.232325e+01  1.510000e+00
     vertex  1.589035e+02 -8.224252e+01  1.510000e+00
   endloop
 endfacet
 facet normal -6.087614e-01 -7.933533e-01 -3.418284e-18
   outer loop
     vertex  1.589035e+02 -8.224252e+01  0.000000e+00
     vertex  1.590087e+02 -8.232325e+01  0.000000e+00
     vertex  1.590087e+02 -8.232325e+01  1.510000e+00
   endloop
 endfacet
 facet normal -1.305262e-01 -9.914449e-01  0.000000e+00
   outer loop
     vertex  1.587809e+02 -8.219177e+01  0.000000e+00
     vertex  1.587809e+02 -8.219177e+01  1.510000e+00
     vertex  1.586495e+02 -8.217446e+01  1.510000e+00
   endloop
 endfacet
 facet normal -3.826834e-01 -9.238795e-01  0.000000e+00
   outer loop
     vertex  1.587809e+02 -8.219177e+01  0.000000e+00
     vertex  1.589035e+02 -8.224252e+01  1.510000e+00
     vertex  1.587809e+02 -8.219177e+01  1.510000e+00
   endloop
 endfacet
 facet normal -3.826834e-01 -9.238795e-01  1.100615e-18
   outer loop
     vertex  1.587809e+02 -8.219177e+01  0.000000e+00
     vertex  1.589035e+02 -8.224252e+01  0.000000e+00
     vertex  1.589035e+02 -8.224252e+01  1.510000e+00
   endloop
 endfacet
 facet normal -1.305262e-01 -9.914449e-01  0.000000e+00
   outer loop
     vertex  1.586495e+02 -8.217446e+01  0.000000e+00
     vertex  1.587809e+02 -8.219177e+01  0.000000e+00
     vertex  1.586495e+02 -8.217446e+01  1.510000e+00
   endloop
 endfacet
 facet normal  1.305262e-01 -9.914449e-01 -7.332605e-19
   outer loop
     vertex  1.585180e+02 -8.219177e+01  0.000000e+00
     vertex  1.586495e+02 -8.217446e+01  0.000000e+00
     vertex  1.586495e+02 -8.217446e+01  1.510000e+00
   endloop
 endfacet
 facet normal  1.305262e-01 -9.914449e-01  0.000000e+00
   outer loop
     vertex  1.585180e+02 -8.219177e+01  0.000000e+00
     vertex  1.586495e+02 -8.217446e+01  1.510000e+00
     vertex  1.585180e+02 -8.219177e+01  1.510000e+00
   endloop
 endfacet
 facet normal  3.826834e-01 -9.238795e-01  4.866508e-19
   outer loop
     vertex  1.583955e+02 -8.224252e+01  0.000000e+00
     vertex  1.585180e+02 -8.219177e+01  0.000000e+00
     vertex  1.585180e+02 -8.219177e+01  1.510000e+00
   endloop
 endfacet
 facet normal  3.826834e-01 -9.238795e-01  0.000000e+00
   outer loop
     vertex  1.583955e+02 -8.224252e+01  0.000000e+00
     vertex  1.585180e+02 -8.219177e+01  1.510000e+00
     vertex  1.583955e+02 -8.224252e+01  1.510000e+00
   endloop
 endfacet
 facet normal  6.087614e-01 -7.933533e-01 -3.588354e-18
   outer loop
     vertex  1.582902e+02 -8.232325e+01  0.000000e+00
     vertex  1.583955e+02 -8.224252e+01  0.000000e+00
     vertex  1.583955e+02 -8.224252e+01  1.510000e+00
   endloop
 endfacet
 facet normal  7.933533e-01 -6.087614e-01  0.000000e+00
   outer loop
     vertex  1.582902e+02 -8.232325e+01  0.000000e+00
     vertex  1.582902e+02 -8.232325e+01  1.510000e+00
     vertex  1.582095e+02 -8.242846e+01  1.510000e+00
   endloop
 endfacet
 facet normal  6.087614e-01 -7.933533e-01  0.000000e+00
   outer loop
     vertex  1.582902e+02 -8.232325e+01  0.000000e+00
     vertex  1.583955e+02 -8.224252e+01  1.510000e+00
     vertex  1.582902e+02 -8.232325e+01  1.510000e+00
   endloop
 endfacet
 facet normal  7.933533e-01 -6.087614e-01  0.000000e+00
   outer loop
     vertex  1.582095e+02 -8.242846e+01  0.000000e+00
     vertex  1.582902e+02 -8.232325e+01  0.000000e+00
     vertex  1.582095e+02 -8.242846e+01  1.510000e+00
   endloop
 endfacet
 facet normal  9.238795e-01 -3.826834e-01 -1.772586e-18
   outer loop
     vertex  1.581588e+02 -8.255098e+01  0.000000e+00
     vertex  1.582095e+02 -8.242846e+01  0.000000e+00
     vertex  1.582095e+02 -8.242846e+01  1.510000e+00
   endloop
 endfacet
 facet normal  9.238795e-01 -3.826834e-01  0.000000e+00
   outer loop
     vertex  1.581588e+02 -8.255098e+01  0.000000e+00
     vertex  1.582095e+02 -8.242846e+01  1.510000e+00
     vertex  1.581588e+02 -8.255098e+01  1.510000e+00
   endloop
 endfacet
 facet normal  9.914449e-01 -1.305262e-01  6.980741e-19
   outer loop
     vertex  1.581415e+02 -8.268246e+01  0.000000e+00
     vertex  1.581588e+02 -8.255098e+01  0.000000e+00
     vertex  1.581588e+02 -8.255098e+01  1.510000e+00
   endloop
 endfacet
 facet normal  9.914449e-01 -1.305262e-01  0.000000e+00
   outer loop
     vertex  1.581415e+02 -8.268246e+01  0.000000e+00
     vertex  1.581588e+02 -8.255098e+01  1.510000e+00
     vertex  1.581415e+02 -8.268246e+01  1.510000e+00
   endloop
 endfacet
 facet normal  9.914449e-01  1.305262e-01 -0.000000e+00
   outer loop
     vertex  1.581588e+02 -8.281394e+01  0.000000e+00
     vertex  1.581415e+02 -8.268246e+01  1.510000e+00
     vertex  1.581588e+02 -8.281394e+01  1.510000e+00
   endloop
 endfacet
 facet normal  9.914449e-01  1.305262e-01 -1.123112e-21
   outer loop
     vertex  1.581588e+02 -8.281394e+01  0.000000e+00
     vertex  1.581415e+02 -8.268246e+01  0.000000e+00
     vertex  1.581415e+02 -8.268246e+01  1.510000e+00
   endloop
 endfacet
 facet normal  9.238795e-01  3.826834e-01 -0.000000e+00
   outer loop
     vertex  1.582095e+02 -8.293646e+01  0.000000e+00
     vertex  1.581588e+02 -8.281394e+01  1.510000e+00
     vertex  1.582095e+02 -8.293646e+01  1.510000e+00
   endloop
 endfacet
 facet normal  9.238795e-01  3.826834e-01 -4.866508e-19
   outer loop
     vertex  1.582095e+02 -8.293646e+01  0.000000e+00
     vertex  1.581588e+02 -8.281394e+01  0.000000e+00
     vertex  1.581588e+02 -8.281394e+01  1.510000e+00
   endloop
 endfacet
 facet normal  7.933533e-01  6.087614e-01  2.568957e-18
   outer loop
     vertex  1.582902e+02 -8.304167e+01  0.000000e+00
     vertex  1.582095e+02 -8.293646e+01  0.000000e+00
     vertex  1.582095e+02 -8.293646e+01  1.510000e+00
   endloop
 endfacet
 facet normal  6.087614e-01  7.933533e-01 -0.000000e+00
   outer loop
     vertex  1.582902e+02 -8.304167e+01  0.000000e+00
     vertex  1.582902e+02 -8.304167e+01  1.510000e+00
     vertex  1.583955e+02 -8.312240e+01  1.510000e+00
   endloop
 endfacet
 facet normal  7.933533e-01  6.087614e-01 -0.000000e+00
   outer loop
     vertex  1.582902e+02 -8.304167e+01  0.000000e+00
     vertex  1.582095e+02 -8.293646e+01  1.510000e+00
     vertex  1.582902e+02 -8.304167e+01  1.510000e+00
   endloop
 endfacet
 facet normal  6.087614e-01  7.933533e-01 -0.000000e+00
   outer loop
     vertex  1.583955e+02 -8.312240e+01  0.000000e+00
     vertex  1.582902e+02 -8.304167e+01  0.000000e+00
     vertex  1.583955e+02 -8.312240e+01  1.510000e+00
   endloop
 endfacet
 facet normal  1.305262e-01  9.914449e-01 -0.000000e+00
   outer loop
     vertex  1.585180e+02 -8.317315e+01  0.000000e+00
     vertex  1.585180e+02 -8.317315e+01  1.510000e+00
     vertex  1.586495e+02 -8.319046e+01  1.510000e+00
   endloop
 endfacet
 facet normal  3.826834e-01  9.238795e-01 -0.000000e+00
   outer loop
     vertex  1.585180e+02 -8.317315e+01  0.000000e+00
     vertex  1.583955e+02 -8.312240e+01  1.510000e+00
     vertex  1.585180e+02 -8.317315e+01  1.510000e+00
   endloop
 endfacet
 facet normal  3.826834e-01  9.238795e-01  1.100615e-18
   outer loop
     vertex  1.585180e+02 -8.317315e+01  0.000000e+00
     vertex  1.583955e+02 -8.312240e+01  0.000000e+00
     vertex  1.583955e+02 -8.312240e+01  1.510000e+00
   endloop
 endfacet
 facet normal  1.305262e-01  9.914449e-01 -0.000000e+00
   outer loop
     vertex  1.586495e+02 -8.319046e+01  0.000000e+00
     vertex  1.585180e+02 -8.317315e+01  0.000000e+00
     vertex  1.586495e+02 -8.319046e+01  1.510000e+00
   endloop
 endfacet
 facet normal -1.305262e-01  9.914449e-01 -7.332605e-19
   outer loop
     vertex  1.587809e+02 -8.063315e+01  0.000000e+00
     vertex  1.586495e+02 -8.065046e+01  0.000000e+00
     vertex  1.586495e+02 -8.065046e+01  1.510000e+00
   endloop
 endfacet
 facet normal -1.305262e-01  9.914449e-01  0.000000e+00
   outer loop
     vertex  1.587809e+02 -8.063315e+01  0.000000e+00
     vertex  1.586495e+02 -8.065046e+01  1.510000e+00
     vertex  1.587809e+02 -8.063315e+01  1.510000e+00
   endloop
 endfacet
 facet normal -3.826834e-01  9.238795e-01  0.000000e+00
   outer loop
     vertex  1.589035e+02 -8.058240e+01  0.000000e+00
     vertex  1.587809e+02 -8.063315e+01  1.510000e+00
     vertex  1.589035e+02 -8.058240e+01  1.510000e+00
   endloop
 endfacet
 facet normal -3.826834e-01  9.238795e-01  4.866508e-19
   outer loop
     vertex  1.589035e+02 -8.058240e+01  0.000000e+00
     vertex  1.587809e+02 -8.063315e+01  0.000000e+00
     vertex  1.587809e+02 -8.063315e+01  1.510000e+00
   endloop
 endfacet
 facet normal -6.087614e-01  7.933533e-01  0.000000e+00
   outer loop
     vertex  1.590087e+02 -8.050167e+01  0.000000e+00
     vertex  1.589035e+02 -8.058240e+01  1.510000e+00
     vertex  1.590087e+02 -8.050167e+01  1.510000e+00
   endloop
 endfacet
 facet normal -6.087614e-01  7.933533e-01 -3.588354e-18
   outer loop
     vertex  1.590087e+02 -8.050167e+01  0.000000e+00
     vertex  1.589035e+02 -8.058240e+01  0.000000e+00
     vertex  1.589035e+02 -8.058240e+01  1.510000e+00
   endloop
 endfacet
 facet normal -7.933533e-01  6.087614e-01  0.000000e+00
   outer loop
     vertex  1.590894e+02 -8.039646e+01  0.000000e+00
     vertex  1.590087e+02 -8.050167e+01  1.510000e+00
     vertex  1.590894e+02 -8.039646e+01  1.510000e+00
   endloop
 endfacet
 facet normal -7.933533e-01  6.087614e-01 -2.568957e-18
   outer loop
     vertex  1.590894e+02 -8.039646e+01  0.000000e+00
     vertex  1.590087e+02 -8.050167e+01  0.000000e+00
     vertex  1.590087e+02 -8.050167e+01  1.510000e+00
   endloop
 endfacet
 facet normal -9.238795e-01  3.826834e-01  0.000000e+00
   outer loop
     vertex  1.591401e+02 -8.027394e+01  0.000000e+00
     vertex  1.590894e+02 -8.039646e+01  1.510000e+00
     vertex  1.591401e+02 -8.027394e+01  1.510000e+00
   endloop
 endfacet
 facet normal -9.238795e-01  3.826834e-01 -1.772586e-18
   outer loop
     vertex  1.591401e+02 -8.027394e+01  0.000000e+00
     vertex  1.590894e+02 -8.039646e+01  0.000000e+00
     vertex  1.590894e+02 -8.039646e+01  1.510000e+00
   endloop
 endfacet
 facet normal -9.914449e-01  1.305262e-01  0.000000e+00
   outer loop
     vertex  1.591575e+02 -8.014246e+01  0.000000e+00
     vertex  1.591401e+02 -8.027394e+01  1.510000e+00
     vertex  1.591575e+02 -8.014246e+01  1.510000e+00
   endloop
 endfacet
 facet normal -9.914449e-01  1.305262e-01  6.980741e-19
   outer loop
     vertex  1.591575e+02 -8.014246e+01  0.000000e+00
     vertex  1.591401e+02 -8.027394e+01  0.000000e+00
     vertex  1.591401e+02 -8.027394e+01  1.510000e+00
   endloop
 endfacet
 facet normal -9.914449e-01 -1.305262e-01  0.000000e+00
   outer loop
     vertex  1.591401e+02 -8.001098e+01  0.000000e+00
     vertex  1.591575e+02 -8.014246e+01  1.510000e+00
     vertex  1.591401e+02 -8.001098e+01  1.510000e+00
   endloop
 endfacet
 facet normal -9.914449e-01 -1.305262e-01 -1.123112e-21
   outer loop
     vertex  1.591401e+02 -8.001098e+01  0.000000e+00
     vertex  1.591575e+02 -8.014246e+01  0.000000e+00
     vertex  1.591575e+02 -8.014246e+01  1.510000e+00
   endloop
 endfacet
 facet normal -9.238795e-01 -3.826834e-01  0.000000e+00
   outer loop
     vertex  1.590894e+02 -7.988846e+01  0.000000e+00
     vertex  1.591401e+02 -8.001098e+01  1.510000e+00
     vertex  1.590894e+02 -7.988846e+01  1.510000e+00
   endloop
 endfacet
 facet normal -9.238795e-01 -3.826834e-01 -4.866508e-19
   outer loop
     vertex  1.590894e+02 -7.988846e+01  0.000000e+00
     vertex  1.591401e+02 -8.001098e+01  0.000000e+00
     vertex  1.591401e+02 -8.001098e+01  1.510000e+00
   endloop
 endfacet
 facet normal -7.933533e-01 -6.087614e-01  0.000000e+00
   outer loop
     vertex  1.590087e+02 -7.978325e+01  0.000000e+00
     vertex  1.590894e+02 -7.988846e+01  1.510000e+00
     vertex  1.590087e+02 -7.978325e+01  1.510000e+00
   endloop
 endfacet
 facet normal -7.933533e-01 -6.087614e-01  2.568957e-18
   outer loop
     vertex  1.590087e+02 -7.978325e+01  0.000000e+00
     vertex  1.590894e+02 -7.988846e+01  0.000000e+00
     vertex  1.590894e+02 -7.988846e+01  1.510000e+00
   endloop
 endfacet
 facet normal -6.087614e-01 -7.933533e-01  0.000000e+00
   outer loop
     vertex  1.589035e+02 -7.970252e+01  0.000000e+00
     vertex  1.590087e+02 -7.978325e+01  1.510000e+00
     vertex  1.589035e+02 -7.970252e+01  1.510000e+00
   endloop
 endfacet
 facet normal -6.087614e-01 -7.933533e-01 -3.418284e-18
   outer loop
     vertex  1.589035e+02 -7.970252e+01  0.000000e+00
     vertex  1.590087e+02 -7.978325e+01  0.000000e+00
     vertex  1.590087e+02 -7.978325e+01  1.510000e+00
   endloop
 endfacet
 facet normal -1.305262e-01 -9.914449e-01  0.000000e+00
   outer loop
     vertex  1.587809e+02 -7.965177e+01  0.000000e+00
     vertex  1.587809e+02 -7.965177e+01  1.510000e+00
     vertex  1.586495e+02 -7.963446e+01  1.510000e+00
   endloop
 endfacet
 facet normal -3.826834e-01 -9.238795e-01  0.000000e+00
   outer loop
     vertex  1.587809e+02 -7.965177e+01  0.000000e+00
     vertex  1.589035e+02 -7.970252e+01  1.510000e+00
     vertex  1.587809e+02 -7.965177e+01  1.510000e+00
   endloop
 endfacet
 facet normal -3.826834e-01 -9.238795e-01  1.100615e-18
   outer loop
     vertex  1.587809e+02 -7.965177e+01  0.000000e+00
     vertex  1.589035e+02 -7.970252e+01  0.000000e+00
     vertex  1.589035e+02 -7.970252e+01  1.510000e+00
   endloop
 endfacet
 facet normal -1.305262e-01 -9.914449e-01  0.000000e+00
   outer loop
     vertex  1.586495e+02 -7.963446e+01  0.000000e+00
     vertex  1.587809e+02 -7.965177e+01  0.000000e+00
     vertex  1.586495e+02 -7.963446e+01  1.510000e+00
   endloop
 endfacet
 facet normal  1.305262e-01 -9.914449e-01 -7.332605e-19
   outer loop
     vertex  1.585180e+02 -7.965177e+01  0.000000e+00
     vertex  1.586495e+02 -7.963446e+01  0.000000e+00
     vertex  1.586495e+02 -7.963446e+01  1.510000e+00
   endloop
 endfacet
 facet normal  1.305262e-01 -9.914449e-01  0.000000e+00
   outer loop
     vertex  1.585180e+02 -7.965177e+01  0.000000e+00
     vertex  1.586495e+02 -7.963446e+01  1.510000e+00
     vertex  1.585180e+02 -7.965177e+01  1.510000e+00
   endloop
 endfacet
 facet normal  3.826834e-01 -9.238795e-01  4.866508e-19
   outer loop
     vertex  1.583955e+02 -7.970252e+01  0.000000e+00
     vertex  1.585180e+02 -7.965177e+01  0.000000e+00
     vertex  1.585180e+02 -7.965177e+01  1.510000e+00
   endloop
 endfacet
 facet normal  3.826834e-01 -9.238795e-01  0.000000e+00
   outer loop
     vertex  1.583955e+02 -7.970252e+01  0.000000e+00
     vertex  1.585180e+02 -7.965177e+01  1.510000e+00
     vertex  1.583955e+02 -7.970252e+01  1.510000e+00
   endloop
 endfacet
 facet normal  6.087614e-01 -7.933533e-01 -3.588354e-18
   outer loop
     vertex  1.582902e+02 -7.978325e+01  0.000000e+00
     vertex  1.583955e+02 -7.970252e+01  0.000000e+00
     vertex  1.583955e+02 -7.970252e+01  1.510000e+00
   endloop
 endfacet
 facet normal  7.933533e-01 -6.087614e-01  0.000000e+00
   outer loop
     vertex  1.582902e+02 -7.978325e+01  0.000000e+00
     vertex  1.582902e+02 -7.978325e+01  1.510000e+00
     vertex  1.582095e+02 -7.988846e+01  1.510000e+00
   endloop
 endfacet
 facet normal  6.087614e-01 -7.933533e-01  0.000000e+00
   outer loop
     vertex  1.582902e+02 -7.978325e+01  0.000000e+00
     vertex  1.583955e+02 -7.970252e+01  1.510000e+00
     vertex  1.582902e+02 -7.978325e+01  1.510000e+00
   endloop
 endfacet
 facet normal  7.933533e-01 -6.087614e-01  0.000000e+00
   outer loop
     vertex  1.582095e+02 -7.988846e+01  0.000000e+00
     vertex  1.582902e+02 -7.978325e+01  0.000000e+00
     vertex  1.582095e+02 -7.988846e+01  1.510000e+00
   endloop
 endfacet
 facet normal  9.238795e-01 -3.826834e-01 -1.772586e-18
   outer loop
     vertex  1.581588e+02 -8.001098e+01  0.000000e+00
     vertex  1.582095e+02 -7.988846e+01  0.000000e+00
     vertex  1.582095e+02 -7.988846e+01  1.510000e+00
   endloop
 endfacet
 facet normal  9.238795e-01 -3.826834e-01  0.000000e+00
   outer loop
     vertex  1.581588e+02 -8.001098e+01  0.000000e+00
     vertex  1.582095e+02 -7.988846e+01  1.510000e+00
     vertex  1.581588e+02 -8.001098e+01  1.510000e+00
   endloop
 endfacet
 facet normal  9.914449e-01 -1.305262e-01  6.980741e-19
   outer loop
     vertex  1.581415e+02 -8.014246e+01  0.000000e+00
     vertex  1.581588e+02 -8.001098e+01  0.000000e+00
     vertex  1.581588e+02 -8.001098e+01  1.510000e+00
   endloop
 endfacet
 facet normal  9.914449e-01 -1.305262e-01  0.000000e+00
   outer loop
     vertex  1.581415e+02 -8.014246e+01  0.000000e+00
     vertex  1.581588e+02 -8.001098e+01  1.510000e+00
     vertex  1.581415e+02 -8.014246e+01  1.510000e+00
   endloop
 endfacet
 facet normal  9.914449e-01  1.305262e-01 -0.000000e+00
   outer loop
     vertex  1.581588e+02 -8.027394e+01  0.000000e+00
     vertex  1.581415e+02 -8.014246e+01  1.510000e+00
     vertex  1.581588e+02 -8.027394e+01  1.510000e+00
   endloop
 endfacet
 facet normal  9.914449e-01  1.305262e-01 -1.123112e-21
   outer loop
     vertex  1.581588e+02 -8.027394e+01  0.000000e+00
     vertex  1.581415e+02 -8.014246e+01  0.000000e+00
     vertex  1.581415e+02 -8.014246e+01  1.510000e+00
   endloop
 endfacet
 facet normal  9.238795e-01  3.826834e-01 -0.000000e+00
   outer loop
     vertex  1.582095e+02 -8.039646e+01  0.000000e+00
     vertex  1.581588e+02 -8.027394e+01  1.510000e+00
     vertex  1.582095e+02 -8.039646e+01  1.510000e+00
   endloop
 endfacet
 facet normal  9.238795e-01  3.826834e-01 -4.866508e-19
   outer loop
     vertex  1.582095e+02 -8.039646e+01  0.000000e+00
     vertex  1.581588e+02 -8.027394e+01  0.000000e+00
     vertex  1.581588e+02 -8.027394e+01  1.510000e+00
   endloop
 endfacet
 facet normal  7.933533e-01  6.087614e-01  2.568957e-18
   outer loop
     vertex  1.582902e+02 -8.050167e+01  0.000000e+00
     vertex  1.582095e+02 -8.039646e+01  0.000000e+00
     vertex  1.582095e+02 -8.039646e+01  1.510000e+00
   endloop
 endfacet
 facet normal  6.087614e-01  7.933533e-01 -0.000000e+00
   outer loop
     vertex  1.582902e+02 -8.050167e+01  0.000000e+00
     vertex  1.582902e+02 -8.050167e+01  1.510000e+00
     vertex  1.583955e+02 -8.058240e+01  1.510000e+00
   endloop
 endfacet
 facet normal  7.933533e-01  6.087614e-01 -0.000000e+00
   outer loop
     vertex  1.582902e+02 -8.050167e+01  0.000000e+00
     vertex  1.582095e+02 -8.039646e+01  1.510000e+00
     vertex  1.582902e+02 -8.050167e+01  1.510000e+00
   endloop
 endfacet
 facet normal  6.087614e-01  7.933533e-01 -0.000000e+00
   outer loop
     vertex  1.583955e+02 -8.058240e+01  0.000000e+00
     vertex  1.582902e+02 -8.050167e+01  0.000000e+00
     vertex  1.583955e+02 -8.058240e+01  1.510000e+00
   endloop
 endfacet
 facet normal  1.305262e-01  9.914449e-01 -0.000000e+00
   outer loop
     vertex  1.585180e+02 -8.063315e+01  0.000000e+00
     vertex  1.585180e+02 -8.063315e+01  1.510000e+00
     vertex  1.586495e+02 -8.065046e+01  1.510000e+00
   endloop
 endfacet
 facet normal  3.826834e-01  9.238795e-01 -0.000000e+00
   outer loop
     vertex  1.585180e+02 -8.063315e+01  0.000000e+00
     vertex  1.583955e+02 -8.058240e+01  1.510000e+00
     vertex  1.585180e+02 -8.063315e+01  1.510000e+00
   endloop
 endfacet
 facet normal  3.826834e-01  9.238795e-01  1.100615e-18
   outer loop
     vertex  1.585180e+02 -8.063315e+01  0.000000e+00
     vertex  1.583955e+02 -8.058240e+01  0.000000e+00
     vertex  1.583955e+02 -8.058240e+01  1.510000e+00
   endloop
 endfacet
 facet normal  1.305262e-01  9.914449e-01 -0.000000e+00
   outer loop
     vertex  1.586495e+02 -8.065046e+01  0.000000e+00
     vertex  1.585180e+02 -8.063315e+01  0.000000e+00
     vertex  1.586495e+02 -8.065046e+01  1.510000e+00
   endloop
 endfacet
 facet normal -1.305262e-01  9.914449e-01 -7.332605e-19
   outer loop
     vertex  1.587809e+02 -7.809315e+01  0.000000e+00
     vertex  1.586495e+02 -7.811046e+01  0.000000e+00
     vertex  1.586495e+02 -7.811046e+01  1.510000e+00
   endloop
 endfacet
 facet normal -1.305262e-01  9.914449e-01  0.000000e+00
   outer loop
     vertex  1.587809e+02 -7.809315e+01  0.000000e+00
     vertex  1.586495e+02 -7.811046e+01  1.510000e+00
     vertex  1.587809e+02 -7.809315e+01  1.510000e+00
   endloop
 endfacet
 facet normal -3.826834e-01  9.238795e-01  0.000000e+00
   outer loop
     vertex  1.589035e+02 -7.804240e+01  0.000000e+00
     vertex  1.587809e+02 -7.809315e+01  1.510000e+00
     vertex  1.589035e+02 -7.804240e+01  1.510000e+00
   endloop
 endfacet
 facet normal -3.826834e-01  9.238795e-01  2.073917e-18
   outer loop
     vertex  1.589035e+02 -7.804240e+01  0.000000e+00
     vertex  1.587809e+02 -7.809315e+01  0.000000e+00
     vertex  1.587809e+02 -7.809315e+01  1.510000e+00
   endloop
 endfacet
 facet normal -6.087614e-01  7.933533e-01  0.000000e+00
   outer loop
     vertex  1.590087e+02 -7.796167e+01  0.000000e+00
     vertex  1.589035e+02 -7.804240e+01  1.510000e+00
     vertex  1.590087e+02 -7.796167e+01  1.510000e+00
   endloop
 endfacet
 facet normal -6.087614e-01  7.933533e-01 -2.568957e-18
   outer loop
     vertex  1.590087e+02 -7.796167e+01  0.000000e+00
     vertex  1.589035e+02 -7.804240e+01  0.000000e+00
     vertex  1.589035e+02 -7.804240e+01  1.510000e+00
   endloop
 endfacet
 facet normal -7.933533e-01  6.087614e-01  0.000000e+00
   outer loop
     vertex  1.590894e+02 -7.785646e+01  0.000000e+00
     vertex  1.590087e+02 -7.796167e+01  1.510000e+00
     vertex  1.590894e+02 -7.785646e+01  1.510000e+00
   endloop
 endfacet
 facet normal -7.933533e-01  6.087614e-01 -2.568957e-18
   outer loop
     vertex  1.590894e+02 -7.785646e+01  0.000000e+00
     vertex  1.590087e+02 -7.796167e+01  0.000000e+00
     vertex  1.590087e+02 -7.796167e+01  1.510000e+00
   endloop
 endfacet
 facet normal -9.238795e-01  3.826834e-01  0.000000e+00
   outer loop
     vertex  1.591401e+02 -7.773394e+01  0.000000e+00
     vertex  1.590894e+02 -7.785646e+01  1.510000e+00
     vertex  1.591401e+02 -7.773394e+01  1.510000e+00
   endloop
 endfacet
 facet normal -9.238795e-01  3.826834e-01 -1.772586e-18
   outer loop
     vertex  1.591401e+02 -7.773394e+01  0.000000e+00
     vertex  1.590894e+02 -7.785646e+01  0.000000e+00
     vertex  1.590894e+02 -7.785646e+01  1.510000e+00
   endloop
 endfacet
 facet normal -9.914449e-01  1.305262e-01  0.000000e+00
   outer loop
     vertex  1.591575e+02 -7.760246e+01  0.000000e+00
     vertex  1.591401e+02 -7.773394e+01  1.510000e+00
     vertex  1.591575e+02 -7.760246e+01  1.510000e+00
   endloop
 endfacet
 facet normal -9.914449e-01  1.305262e-01 -7.706931e-19
   outer loop
     vertex  1.591575e+02 -7.760246e+01  0.000000e+00
     vertex  1.591401e+02 -7.773394e+01  0.000000e+00
     vertex  1.591401e+02 -7.773394e+01  1.510000e+00
   endloop
 endfacet
 facet normal -9.914449e-01 -1.305262e-01  0.000000e+00
   outer loop
     vertex  1.591401e+02 -7.747098e+01  0.000000e+00
     vertex  1.591575e+02 -7.760246e+01  1.510000e+00
     vertex  1.591401e+02 -7.747098e+01  1.510000e+00
   endloop
 endfacet
 facet normal -9.914449e-01 -1.305262e-01 -6.980741e-19
   outer loop
     vertex  1.591401e+02 -7.747098e+01  0.000000e+00
     vertex  1.591575e+02 -7.760246e+01  0.000000e+00
     vertex  1.591575e+02 -7.760246e+01  1.510000e+00
   endloop
 endfacet
 facet normal -9.238795e-01 -3.826834e-01  0.000000e+00
   outer loop
     vertex  1.590894e+02 -7.734846e+01  0.000000e+00
     vertex  1.591401e+02 -7.747098e+01  1.510000e+00
     vertex  1.590894e+02 -7.734846e+01  1.510000e+00
   endloop
 endfacet
 facet normal -9.238795e-01 -3.826834e-01 -4.866508e-19
   outer loop
     vertex  1.590894e+02 -7.734846e+01  0.000000e+00
     vertex  1.591401e+02 -7.747098e+01  0.000000e+00
     vertex  1.591401e+02 -7.747098e+01  1.510000e+00
   endloop
 endfacet
 facet normal -7.933533e-01 -6.087614e-01  0.000000e+00
   outer loop
     vertex  1.590087e+02 -7.724325e+01  0.000000e+00
     vertex  1.590894e+02 -7.734846e+01  1.510000e+00
     vertex  1.590087e+02 -7.724325e+01  1.510000e+00
   endloop
 endfacet
 facet normal -7.933533e-01 -6.087614e-01  2.568957e-18
   outer loop
     vertex  1.590087e+02 -7.724325e+01  0.000000e+00
     vertex  1.590894e+02 -7.734846e+01  0.000000e+00
     vertex  1.590894e+02 -7.734846e+01  1.510000e+00
   endloop
 endfacet
 facet normal -6.087614e-01 -7.933533e-01  0.000000e+00
   outer loop
     vertex  1.589035e+02 -7.716252e+01  0.000000e+00
     vertex  1.590087e+02 -7.724325e+01  1.510000e+00
     vertex  1.589035e+02 -7.716252e+01  1.510000e+00
   endloop
 endfacet
 facet normal -6.087614e-01 -7.933533e-01 -3.418284e-18
   outer loop
     vertex  1.589035e+02 -7.716252e+01  0.000000e+00
     vertex  1.590087e+02 -7.724325e+01  0.000000e+00
     vertex  1.590087e+02 -7.724325e+01  1.510000e+00
   endloop
 endfacet
 facet normal -1.305262e-01 -9.914449e-01  0.000000e+00
   outer loop
     vertex  1.587809e+02 -7.711177e+01  0.000000e+00
     vertex  1.587809e+02 -7.711177e+01  1.510000e+00
     vertex  1.586495e+02 -7.709446e+01  1.510000e+00
   endloop
 endfacet
 facet normal -3.826834e-01 -9.238795e-01  0.000000e+00
   outer loop
     vertex  1.587809e+02 -7.711177e+01  0.000000e+00
     vertex  1.589035e+02 -7.716252e+01  1.510000e+00
     vertex  1.587809e+02 -7.711177e+01  1.510000e+00
   endloop
 endfacet
 facet normal -3.826834e-01 -9.238795e-01  1.100615e-18
   outer loop
     vertex  1.587809e+02 -7.711177e+01  0.000000e+00
     vertex  1.589035e+02 -7.716252e+01  0.000000e+00
     vertex  1.589035e+02 -7.716252e+01  1.510000e+00
   endloop
 endfacet
 facet normal -1.305262e-01 -9.914449e-01  0.000000e+00
   outer loop
     vertex  1.586495e+02 -7.709446e+01  0.000000e+00
     vertex  1.587809e+02 -7.711177e+01  0.000000e+00
     vertex  1.586495e+02 -7.709446e+01  1.510000e+00
   endloop
 endfacet
 facet normal  1.305262e-01 -9.914449e-01 -7.332605e-19
   outer loop
     vertex  1.585180e+02 -7.711177e+01  0.000000e+00
     vertex  1.586495e+02 -7.709446e+01  0.000000e+00
     vertex  1.586495e+02 -7.709446e+01  1.510000e+00
   endloop
 endfacet
 facet normal  1.305262e-01 -9.914449e-01  0.000000e+00
   outer loop
     vertex  1.585180e+02 -7.711177e+01  0.000000e+00
     vertex  1.586495e+02 -7.709446e+01  1.510000e+00
     vertex  1.585180e+02 -7.711177e+01  1.510000e+00
   endloop
 endfacet
 facet normal  3.826834e-01 -9.238795e-01  4.866508e-19
   outer loop
     vertex  1.583955e+02 -7.716252e+01  0.000000e+00
     vertex  1.585180e+02 -7.711177e+01  0.000000e+00
     vertex  1.585180e+02 -7.711177e+01  1.510000e+00
   endloop
 endfacet
 facet normal  3.826834e-01 -9.238795e-01  0.000000e+00
   outer loop
     vertex  1.583955e+02 -7.716252e+01  0.000000e+00
     vertex  1.585180e+02 -7.711177e+01  1.510000e+00
     vertex  1.583955e+02 -7.716252e+01  1.510000e+00
   endloop
 endfacet
 facet normal  6.087614e-01 -7.933533e-01 -3.588354e-18
   outer loop
     vertex  1.582902e+02 -7.724325e+01  0.000000e+00
     vertex  1.583955e+02 -7.716252e+01  0.000000e+00
     vertex  1.583955e+02 -7.716252e+01  1.510000e+00
   endloop
 endfacet
 facet normal  7.933533e-01 -6.087614e-01  0.000000e+00
   outer loop
     vertex  1.582902e+02 -7.724325e+01  0.000000e+00
     vertex  1.582902e+02 -7.724325e+01  1.510000e+00
     vertex  1.582095e+02 -7.734846e+01  1.510000e+00
   endloop
 endfacet
 facet normal  6.087614e-01 -7.933533e-01  0.000000e+00
   outer loop
     vertex  1.582902e+02 -7.724325e+01  0.000000e+00
     vertex  1.583955e+02 -7.716252e+01  1.510000e+00
     vertex  1.582902e+02 -7.724325e+01  1.510000e+00
   endloop
 endfacet
 facet normal  7.933533e-01 -6.087614e-01  0.000000e+00
   outer loop
     vertex  1.582095e+02 -7.734846e+01  0.000000e+00
     vertex  1.582902e+02 -7.724325e+01  0.000000e+00
     vertex  1.582095e+02 -7.734846e+01  1.510000e+00
   endloop
 endfacet
 facet normal  9.238795e-01 -3.826834e-01 -1.772586e-18
   outer loop
     vertex  1.581588e+02 -7.747098e+01  0.000000e+00
     vertex  1.582095e+02 -7.734846e+01  0.000000e+00
     vertex  1.582095e+02 -7.734846e+01  1.510000e+00
   endloop
 endfacet
 facet normal  9.238795e-01 -3.826834e-01  0.000000e+00
   outer loop
     vertex  1.581588e+02 -7.747098e+01  0.000000e+00
     vertex  1.582095e+02 -7.734846e+01  1.510000e+00
     vertex  1.581588e+02 -7.747098e+01  1.510000e+00
   endloop
 endfacet
 facet normal  9.914449e-01 -1.305262e-01 -7.706931e-19
   outer loop
     vertex  1.581415e+02 -7.760246e+01  0.000000e+00
     vertex  1.581588e+02 -7.747098e+01  0.000000e+00
     vertex  1.581588e+02 -7.747098e+01  1.510000e+00
   endloop
 endfacet
 facet normal  9.914449e-01 -1.305262e-01  0.000000e+00
   outer loop
     vertex  1.581415e+02 -7.760246e+01  0.000000e+00
     vertex  1.581588e+02 -7.747098e+01  1.510000e+00
     vertex  1.581415e+02 -7.760246e+01  1.510000e+00
   endloop
 endfacet
 facet normal  9.914449e-01  1.305262e-01 -0.000000e+00
   outer loop
     vertex  1.581588e+02 -7.773394e+01  0.000000e+00
     vertex  1.581415e+02 -7.760246e+01  1.510000e+00
     vertex  1.581588e+02 -7.773394e+01  1.510000e+00
   endloop
 endfacet
 facet normal  9.914449e-01  1.305262e-01 -6.980741e-19
   outer loop
     vertex  1.581588e+02 -7.773394e+01  0.000000e+00
     vertex  1.581415e+02 -7.760246e+01  0.000000e+00
     vertex  1.581415e+02 -7.760246e+01  1.510000e+00
   endloop
 endfacet
 facet normal  9.238795e-01  3.826834e-01 -0.000000e+00
   outer loop
     vertex  1.582095e+02 -7.785646e+01  0.000000e+00
     vertex  1.581588e+02 -7.773394e+01  1.510000e+00
     vertex  1.582095e+02 -7.785646e+01  1.510000e+00
   endloop
 endfacet
 facet normal  9.238795e-01  3.826834e-01 -4.866508e-19
   outer loop
     vertex  1.582095e+02 -7.785646e+01  0.000000e+00
     vertex  1.581588e+02 -7.773394e+01  0.000000e+00
     vertex  1.581588e+02 -7.773394e+01  1.510000e+00
   endloop
 endfacet
 facet normal  7.933533e-01  6.087614e-01  2.568957e-18
   outer loop
     vertex  1.582902e+02 -7.796167e+01  0.000000e+00
     vertex  1.582095e+02 -7.785646e+01  0.000000e+00
     vertex  1.582095e+02 -7.785646e+01  1.510000e+00
   endloop
 endfacet
 facet normal  6.087614e-01  7.933533e-01 -0.000000e+00
   outer loop
     vertex  1.582902e+02 -7.796167e+01  0.000000e+00
     vertex  1.582902e+02 -7.796167e+01  1.510000e+00
     vertex  1.583955e+02 -7.804240e+01  1.510000e+00
   endloop
 endfacet
 facet normal  7.933533e-01  6.087614e-01 -0.000000e+00
   outer loop
     vertex  1.582902e+02 -7.796167e+01  0.000000e+00
     vertex  1.582095e+02 -7.785646e+01  1.510000e+00
     vertex  1.582902e+02 -7.796167e+01  1.510000e+00
   endloop
 endfacet
 facet normal  6.087614e-01  7.933533e-01 -0.000000e+00
   outer loop
     vertex  1.583955e+02 -7.804240e+01  0.000000e+00
     vertex  1.582902e+02 -7.796167e+01  0.000000e+00
     vertex  1.583955e+02 -7.804240e+01  1.510000e+00
   endloop
 endfacet
 facet normal  1.305262e-01  9.914449e-01 -0.000000e+00
   outer loop
     vertex  1.585180e+02 -7.809315e+01  0.000000e+00
     vertex  1.585180e+02 -7.809315e+01  1.510000e+00
     vertex  1.586495e+02 -7.811046e+01  1.510000e+00
   endloop
 endfacet
 facet normal  3.826834e-01  9.238795e-01 -0.000000e+00
   outer loop
     vertex  1.585180e+02 -7.809315e+01  0.000000e+00
     vertex  1.583955e+02 -7.804240e+01  1.510000e+00
     vertex  1.585180e+02 -7.809315e+01  1.510000e+00
   endloop
 endfacet
 facet normal  3.826834e-01  9.238795e-01  1.100615e-18
   outer loop
     vertex  1.585180e+02 -7.809315e+01  0.000000e+00
     vertex  1.583955e+02 -7.804240e+01  0.000000e+00
     vertex  1.583955e+02 -7.804240e+01  1.510000e+00
   endloop
 endfacet
 facet normal  1.305262e-01  9.914449e-01 -0.000000e+00
   outer loop
     vertex  1.586495e+02 -7.811046e+01  0.000000e+00
     vertex  1.585180e+02 -7.809315e+01  0.000000e+00
     vertex  1.586495e+02 -7.811046e+01  1.510000e+00
   endloop
 endfacet
endsolid
